id,question,growth_percent,relative_volume,axis,axis_label,cluster,is_question,updated_at,keyword_id,source,last_seen_at
0000cbc0-7926-438a-b529-e5c4c406c271,"como tratar tdah depois de adulto",0,35,saude-mental,"Saúde Mental","TDAH adulto",t,"2026-04-13 08:39:53.572317+00",,autocomplete,"2026-04-13 08:39:53.572317+00"
004514f5-5dfd-4dd7-863c-92b802b72e6d,"tratamento para demência em idosos",0,10,saude-mental,"Saúde Mental",demência,t,"2026-04-13 08:40:27.20613+00",,autocomplete,"2026-04-13 08:40:27.20613+00"
005aa8f4-220d-4468-a4b9-08cb761687c9,"é normal ter depressão pós parto",0,10,saude-mental,"Saúde Mental",depressão,t,"2026-04-13 08:38:46.093196+00",,autocomplete,"2026-04-13 08:38:46.093196+00"
005f9490-0d65-4e82-b211-d744985ee4f4,"primeiros sintomas de cancro da mama",0,65,menopausa,Menopausa,"cancro da mama",t,"2026-04-13 08:40:55.173287+00",,autocomplete,"2026-04-13 08:40:55.173287+00"
0060547f-f121-45d6-af58-35f10398d0ef,"sintomas de tdah em adultos teste gratuito",0,75,saude-mental,"Saúde Mental","TDAH adulto",t,"2026-04-13 08:39:53.572317+00",,autocomplete,"2026-04-13 08:39:53.572317+00"
0064cf35-0cc4-4a4a-95ef-f6c1b0c31c75,"causas de colesterol alto y triglicerídeos",0,10,alimentacao,Alimentação,"colesterol alto",t,"2026-04-13 08:40:04.811683+00",,autocomplete,"2026-04-13 08:40:04.811683+00"
00a6ec13-7505-415e-9b5b-e2282e7a5c83,"sindrome de ovario policistico como tratar",0,80,menopausa,Menopausa,"síndrome do ovário poliquístico",t,"2026-04-13 08:43:26.930582+00",,autocomplete,"2026-04-13 08:43:26.930582+00"
00bc14a5-a3ae-4d38-9081-64902ade8f6b,"fobia social sintomas",0,10,saude-mental,"Saúde Mental","fobia social",t,"2026-04-13 08:41:17.653799+00",,autocomplete,"2026-04-13 08:41:17.653799+00"
00bf5c34-1aff-4815-9671-8d52d010277d,"lupus tratamento sus",0,10,emergentes,Emergentes,lúpus,t,"2026-04-13 08:42:25.267323+00",,autocomplete,"2026-04-13 08:42:25.267323+00"
00e06ce9-2dd3-4071-a3a6-103471eafbf2,"intolerância a lactose tratamento caseiro",0,10,alimentacao,Alimentação,"intolerância à lactose",t,"2026-04-13 08:43:43.801483+00",,autocomplete,"2026-04-13 08:43:43.801483+00"
00ef6d2b-1efe-4b76-a36a-f08be553eb0e,"incontinência urinária sintomas",0,10,menopausa,Menopausa,"incontinência urinária",t,"2026-04-13 08:42:42.043868+00",,autocomplete,"2026-04-13 08:42:42.043868+00"
01244a88-1eba-43e7-83b0-d1d4b6b0ec19,"avc sintomas iniciais",0,10,emergentes,Emergentes,avc,t,"2026-04-13 08:41:12.052215+00",,autocomplete,"2026-04-13 08:41:12.052215+00"
0145f234-9d0a-4e78-a35d-9a889dbeb51e,"tratamento para doenças cardiovasculares",0,20,emergentes,Emergentes,"doenças cardiovasculares",t,"2026-04-13 08:43:21.329264+00",,autocomplete,"2026-04-13 08:43:21.329264+00"
014c7c5f-ab5c-4997-87b8-6b5bd1596add,"doença celíaca sintomas em bebe",0,10,alimentacao,Alimentação,"doença celíaca",t,"2026-04-13 08:43:38.203977+00",,autocomplete,"2026-04-13 08:43:38.203977+00"
015beb2c-56d5-4013-bb77-fbcae72e8916,"causas de doença do refluxo gastroesofágico",0,10,alimentacao,Alimentação,"refluxo gastroesofágico",t,"2026-04-13 08:40:32.807623+00",,autocomplete,"2026-04-13 08:40:32.807623+00"
01612d5b-194c-4c9d-851d-d60b1c9c3da3,"estresse causas e sintomas",0,10,saude-mental,"Saúde Mental",stress,t,"2026-04-13 08:40:21.587655+00",,autocomplete,"2026-04-13 08:40:21.587655+00"
0165223f-d74f-4772-9654-019d49ded16a,"como prevenir avc",0,10,emergentes,Emergentes,avc,t,"2026-04-13 08:41:12.052215+00",,autocomplete,"2026-04-13 08:41:12.052215+00"
01985e78-08b6-43d4-9804-2ce203443379,"vírus nipah tratamento",0,10,emergentes,Emergentes,"vírus nipah",t,"2026-04-13 08:38:12.456348+00",,autocomplete,"2026-04-13 08:38:12.456348+00"
01a74d40-1a28-4dfd-9d0d-ef09c480ce0d,"sindrome de burnout causas sintomas e tratamento",0,10,saude-mental,"Saúde Mental",burnout,t,"2026-04-13 08:38:34.941684+00",,autocomplete,"2026-04-13 08:38:34.941684+00"
01e24223-538b-486f-a6a2-3606aa9f0f18,"burnout game",200,44,saude-mental,"Saúde Mental",burnout,f,"2026-03-23 07:31:17.719322+00",,pytrends,"2026-03-27 18:34:47.925931+00"
01f448bf-28d6-42f6-89b9-722ececf7b6b,"tipos de anemia",160,10,alimentacao,Alimentação,anemia,f,"2026-04-06 08:09:28.02802+00",,pytrends,"2026-04-06 08:09:28.02802+00"
01ff7223-d1e3-476c-8bcb-f9a7d19c808a,"tratamento para colesterol total alto",0,10,alimentacao,Alimentação,"colesterol alto",t,"2026-04-13 08:40:04.811683+00",,autocomplete,"2026-04-13 08:40:04.811683+00"
02079afd-91df-427c-b129-b46c96ad484c,"osteoporose sintomas iniciais",0,10,menopausa,Menopausa,osteoporose,t,"2026-04-13 08:36:53.898281+00",,autocomplete,"2026-04-13 08:36:53.898281+00"
0210072d-e15b-42d9-b358-0183dbbeb412,"sindrome do intestino irritavel sintomas tratamento",0,10,alimentacao,Alimentação,"síndrome de intestino irritável",t,"2026-04-13 08:40:49.538553+00",,autocomplete,"2026-04-13 08:40:49.538553+00"
02223078-8406-435b-bd4e-4afab01a18ca,"tratamento para alzheimer canino",0,10,saude-mental,"Saúde Mental",alzheimer,t,"2026-04-13 08:43:15.769569+00",,autocomplete,"2026-04-13 08:43:15.769569+00"
0234f9c8-f1c5-4f28-b5ad-4386c363f3dd,"causas de burnout",0,10,saude-mental,"Saúde Mental",burnout,t,"2026-04-13 08:38:34.941684+00",,autocomplete,"2026-04-13 08:38:34.941684+00"
023b0dfe-4fe0-470a-9c2f-bb7c73fe3ccb,"novo virus nipah tratamento",0,10,emergentes,Emergentes,"vírus nipah",t,"2026-04-13 08:38:12.456348+00",,autocomplete,"2026-04-13 08:38:12.456348+00"
023b2c49-2804-416c-aa7e-e7fd6ce0ab42,"sepsis bacteriana causas",0,10,emergentes,Emergentes,sepsis,t,"2026-04-13 08:41:00.80186+00",,autocomplete,"2026-04-13 08:41:00.80186+00"
0243f54e-86f3-4e3f-b8b3-0b264cc14aac,"sintomas de endometriose na menopausa",0,75,menopausa,Menopausa,endometriose,t,"2026-04-13 08:40:10.397854+00",,autocomplete,"2026-04-13 08:40:10.397854+00"
024da9f7-f319-434a-8255-698c7027027e,"doenças cardiovasculares causas sintomas e tratamento",0,10,emergentes,Emergentes,"doenças cardiovasculares",t,"2026-04-13 08:43:21.329264+00",,autocomplete,"2026-04-13 08:43:21.329264+00"
026cd8ed-028d-4f56-bc1b-d667321e4e7b,"como tratar incontinência urinária em cadelas",0,30,menopausa,Menopausa,"incontinência urinária",t,"2026-04-13 08:42:42.043868+00",,autocomplete,"2026-04-13 08:42:42.043868+00"
028289ac-78ed-4e2e-8b99-79f95a989d05,"o que é alergias alimentares",0,80,alimentacao,Alimentação,"alergias alimentares",t,"2026-04-13 08:37:10.663708+00",,autocomplete,"2026-04-13 08:37:10.663708+00"
0289e490-03ab-459f-909f-39be0d4dfd8a,"como tratar colesterol alto em criança",0,45,alimentacao,Alimentação,"colesterol alto",t,"2026-04-13 08:40:04.811683+00",,autocomplete,"2026-04-13 08:40:04.811683+00"
028f8f20-72c3-4b22-b4c8-620128828165,"como prevenir ansiedade",0,10,saude-mental,"Saúde Mental",ansiedade,t,"2026-04-13 08:38:40.522707+00",,autocomplete,"2026-04-13 08:38:40.522707+00"
02934f8f-ca31-436a-bf4a-dc4ccbe22191,"é normal ter suores noturnos",0,25,menopausa,Menopausa,"suores noturnos",t,"2026-04-13 08:37:44.379314+00",,autocomplete,"2026-04-13 08:37:44.379314+00"
02943f8d-3c1b-4eed-b486-7e060c1c2ad6,"tratamento alcoolismo naltrexona",0,10,saude-mental,"Saúde Mental",alcoolismo,t,"2026-04-13 08:43:49.404375+00",,autocomplete,"2026-04-13 08:43:49.404375+00"
029c6268-0c8a-4ceb-adc4-d401fa99fa4f,"candidíase intestinal",190,12,menopausa,Menopausa,candidíase,f,"2026-03-28 00:21:27.712069+00",,pytrends,"2026-03-28 00:21:27.712069+00"
029efa4f-cc63-4dbf-afa0-aaf2f6a93540,"tratamento para engravidar na menopausa precoce",0,10,menopausa,Menopausa,"menopausa precoce",t,"2026-04-13 08:37:50.002306+00",,autocomplete,"2026-04-13 08:37:50.002306+00"
02a74472-61b9-4634-9daf-6f71d8a18ee1,"o que é lúpus eritematoso sistêmico",0,10,emergentes,Emergentes,lúpus,t,"2026-04-13 08:42:25.267323+00",,autocomplete,"2026-04-13 08:42:25.267323+00"
02aacbfc-c1d7-4f03-aa1d-f1bc121b53cf,"causas endometriose intestinal",0,10,menopausa,Menopausa,endometriose,t,"2026-04-13 08:40:10.397854+00",,autocomplete,"2026-04-13 08:40:10.397854+00"
02c8c383-b7ca-4d41-9556-4e550d8e392b,"alcoolismo causas e consequencias",0,10,saude-mental,"Saúde Mental",alcoolismo,t,"2026-04-13 08:43:49.404375+00",,autocomplete,"2026-04-13 08:43:49.404375+00"
02e82a5c-4986-4f0b-823e-76dc993f055b,"sintomas de diabetes tipo 2 em adultos",0,90,alimentacao,Alimentação,"diabetes tipo 2",t,"2026-04-13 08:42:47.656406+00",,autocomplete,"2026-04-13 08:42:47.656406+00"
030cf72b-d16a-4551-bc23-2c9eb68a6803,"tratamento para candidíase recorrente",0,10,menopausa,Menopausa,candidíase,t,"2026-04-13 08:40:43.957484+00",,autocomplete,"2026-04-13 08:40:43.957484+00"
0315441f-9cf4-422e-8846-8f5a5bbd7694,"stress tratamento",0,10,saude-mental,"Saúde Mental",stress,t,"2026-04-13 08:40:21.587655+00",,autocomplete,"2026-04-13 08:40:21.587655+00"
0324bc82-53a2-49ff-83de-5f5452e92c8e,"sintomas de incontinência urinária feminina",0,95,menopausa,Menopausa,"incontinência urinária",t,"2026-04-13 08:42:42.043868+00",,autocomplete,"2026-04-13 08:42:42.043868+00"
034cc0ef-f0bd-4c43-b295-74d16c504e79,"tratamento para avc em caes",0,10,emergentes,Emergentes,avc,t,"2026-04-13 08:41:12.052215+00",,autocomplete,"2026-04-13 08:41:12.052215+00"
036c443c-1772-48a2-b9e9-adb5eaeeca54,"o que é ptsd em português",0,60,saude-mental,"Saúde Mental",PTSD,t,"2026-04-13 08:39:36.686137+00",,autocomplete,"2026-04-13 08:39:36.686137+00"
037fd57f-8b90-40bc-84a0-85104f2533cd,"demência causas e sintomas",0,10,saude-mental,"Saúde Mental",demência,t,"2026-04-13 08:40:27.20613+00",,autocomplete,"2026-04-13 08:40:27.20613+00"
039061a2-1689-4f39-8758-00ddcf1c0db9,"burnout sintomas físicos",2750,60,saude-mental,"Saúde Mental",burnout,f,"2026-03-23 07:31:17.719255+00",,pytrends,"2026-03-27 18:34:47.925931+00"
03bef13d-80c0-40d4-8eb6-c07cb226bd8c,"sintomas de incontinência urinária em gatos",0,55,menopausa,Menopausa,"incontinência urinária",t,"2026-04-13 08:42:42.043868+00",,autocomplete,"2026-04-13 08:42:42.043868+00"
03e82749-c404-460c-af56-7fd8ef0e93cc,"tratamento medicamentoso para colesterol alto",0,10,alimentacao,Alimentação,"colesterol alto",t,"2026-04-13 08:40:04.811683+00",,autocomplete,"2026-04-13 08:40:04.811683+00"
03fd3d53-1845-4437-b66a-1a8556fd4841,"sintomas de solidão profunda",0,95,saude-mental,"Saúde Mental",solidão,t,"2026-04-13 08:38:51.66098+00",,autocomplete,"2026-04-13 08:38:51.66098+00"
041d3b6b-4679-4ca3-bcfb-37d3c511774d,"depressão sintomas cid",0,10,saude-mental,"Saúde Mental",depressão,t,"2026-04-13 08:38:46.093196+00",,autocomplete,"2026-04-13 08:38:46.093196+00"
042ba1f1-434c-4879-b136-44b35d936c77,"o que é demência vascular",0,10,saude-mental,"Saúde Mental",demência,t,"2026-04-13 08:40:27.20613+00",,autocomplete,"2026-04-13 08:40:27.20613+00"
04b249c2-68b6-4e87-bbca-a2c7b9de1baf,"como tratar incontinência urinária na menopausa",0,45,menopausa,Menopausa,"incontinência urinária",t,"2026-04-13 08:42:42.043868+00",,autocomplete,"2026-04-13 08:42:42.043868+00"
04bf989c-cb0f-483c-a41f-bf638b38c6fa,"sintomas de burnout grave",0,70,saude-mental,"Saúde Mental",burnout,t,"2026-04-13 08:38:34.941684+00",,autocomplete,"2026-04-13 08:38:34.941684+00"
04f8b000-358d-4bf5-b19b-cc7ac658d589,"incontinencia urinaria causas mujeres",0,10,menopausa,Menopausa,"incontinência urinária",t,"2026-03-30 08:17:35.146647+00",,autocomplete,"2026-03-30 08:17:35.146647+00"
050fccad-3d65-4937-bcf4-3e560235a7b9,"sintomas panico social",0,10,saude-mental,"Saúde Mental",pânico,t,"2026-04-13 08:39:31.045213+00",,autocomplete,"2026-04-13 08:39:31.045213+00"
0518f009-d638-4bce-822a-c1fec0f628b7,"sintomas de doença celíaca na pele",0,70,alimentacao,Alimentação,"doença celíaca",t,"2026-04-13 08:43:38.203977+00",,autocomplete,"2026-04-13 08:43:38.203977+00"
052ad037-8dc4-4863-86cb-38d101259655,"sintomas de cancro da mama imagem",0,70,menopausa,Menopausa,"cancro da mama",t,"2026-04-13 08:40:55.173287+00",,autocomplete,"2026-04-13 08:40:55.173287+00"
0576ee53-50b3-48b0-9b99-c270abf76f93,"causas e fatores primários de estresse no trabalho",0,10,saude-mental,"Saúde Mental",stress,t,"2026-03-30 08:19:17.022631+00",,autocomplete,"2026-03-30 08:19:17.022631+00"
0584a5fb-d6de-49ff-80d6-2d8f7610015e,"demencia sintomas motores",0,10,saude-mental,"Saúde Mental",demência,t,"2026-03-30 08:19:22.975025+00",,autocomplete,"2026-03-30 08:19:22.975025+00"
058b3ee6-f8d6-42b4-b397-5586d0c2ef2b,"sepsis meaning",9999,92,emergentes,Emergentes,sepsis,f,"2026-03-28 00:14:29.171415+00",,pytrends,"2026-03-28 00:14:29.171415+00"
05a4863b-40bc-4539-b3c2-16fd538c2750,"como tratar alcoolismo em idosos",0,35,saude-mental,"Saúde Mental",alcoolismo,t,"2026-04-13 08:43:49.404375+00",,autocomplete,"2026-04-13 08:43:49.404375+00"
05bc1814-51ba-4b4b-b466-46d758a80a56,"menopausa precoce sintomas",0,10,menopausa,Menopausa,"menopausa precoce",t,"2026-04-13 08:37:50.002306+00",,autocomplete,"2026-04-13 08:37:50.002306+00"
05c4f2b0-ca15-4644-ae0f-623053935739,"tratamento medicamentoso para diabetes tipo 2",0,10,alimentacao,Alimentação,"diabetes tipo 2",t,"2026-04-13 08:42:47.656406+00",,autocomplete,"2026-04-13 08:42:47.656406+00"
05c5c71d-92b3-4a33-9ef8-85f983e31ffe,"menopausa masculina quais são os sintomas",0,70,menopausa,Menopausa,"menopausa masculina",t,"2026-04-13 08:39:08.490186+00",,autocomplete,"2026-04-13 08:39:08.490186+00"
05d1083c-ff2a-4325-93f6-9cdf6ea60487,"o que é considerado obesidade infantil",0,60,alimentacao,Alimentação,"obesidade infantil",t,"2026-04-13 08:36:59.449865+00",,autocomplete,"2026-04-13 08:36:59.449865+00"
05e72099-d3cf-4ca8-bd22-b3e5fabf0353,"causas de colesterol alto",0,10,alimentacao,Alimentação,"colesterol alto",t,"2026-04-13 08:40:04.811683+00",,autocomplete,"2026-04-13 08:40:04.811683+00"
05e9bdcd-e1f6-452d-8a53-1e7a9ce492fc,"sinais e sintomas de doenças cardiovasculares",0,85,emergentes,Emergentes,"doenças cardiovasculares",t,"2026-04-13 08:43:21.329264+00",,autocomplete,"2026-04-13 08:43:21.329264+00"
060b3fd4-6bd5-4ca4-8261-09e804542bd6,"anorexia nervosa sintomas e impactos",0,10,saude-mental,"Saúde Mental","anorexia nervosa",t,"2026-04-13 08:43:04.555328+00",,autocomplete,"2026-04-13 08:43:04.555328+00"
062a875f-3ef6-4ee1-9dbf-012891e683cc,"o que causa alergias alimentares",0,75,alimentacao,Alimentação,"alergias alimentares",t,"2026-04-13 08:37:10.663708+00",,autocomplete,"2026-04-13 08:37:10.663708+00"
062ccb70-9f02-454a-af57-1680fea1f126,"o que é alcoolismo grave",0,10,saude-mental,"Saúde Mental",alcoolismo,t,"2026-04-13 08:43:49.404375+00",,autocomplete,"2026-04-13 08:43:49.404375+00"
062dcd39-5714-44fa-affa-8f478838907e,"o que é dieta cetogênica e como funciona",0,75,alimentacao,Alimentação,"dieta cetogénica",t,"2026-04-13 08:37:55.594739+00",,autocomplete,"2026-04-13 08:37:55.594739+00"
063de441-b09a-4dd4-a6bb-6e21d68d44f3,"anemia por deficiência de ferro",2000,12,alimentacao,Alimentação,anemia,f,"2026-03-23 07:34:29.013938+00",,pytrends,"2026-03-27 18:34:47.925931+00"
064679d5-8e57-449d-bb0d-479c7fb433c7,"sintomas de síndrome do intestino irritável causas",0,70,alimentacao,Alimentação,"síndrome de intestino irritável",t,"2026-04-13 08:40:49.538553+00",,autocomplete,"2026-04-13 08:40:49.538553+00"
06503747-63fc-4fe6-b7d2-a1e9579e214f,"sindrome de ovario policistico tratamento",0,10,menopausa,Menopausa,"síndrome do ovário poliquístico",t,"2026-04-13 08:43:26.930582+00",,autocomplete,"2026-04-13 08:43:26.930582+00"
0659e3ad-c91b-493d-a5e5-2cc19bbf24e7,"o que é long covid",0,90,emergentes,Emergentes,"long covid",t,"2026-04-13 08:38:06.844002+00",,autocomplete,"2026-04-13 08:38:06.844002+00"
065b5723-8eaa-4821-b18e-b8b1c5614891,"causas de candidiase feminina",0,10,menopausa,Menopausa,candidíase,t,"2026-04-13 08:40:43.957484+00",,autocomplete,"2026-04-13 08:40:43.957484+00"
0665e615-840d-4601-8bb6-86fb1a8f4298,"sintomas de estresse excessivo",0,60,saude-mental,"Saúde Mental",stress,t,"2026-04-13 08:40:21.587655+00",,autocomplete,"2026-04-13 08:40:21.587655+00"
0679b457-69f7-4b36-8d9c-366803823d21,"endometriose e adenomiose",400,20,menopausa,Menopausa,endometriose,f,"2026-03-28 00:20:14.303314+00",,pytrends,"2026-03-28 00:20:14.303314+00"
06bf44da-b8ea-4997-9346-049d275e3582,"como tratar panico e ansiedade",0,45,saude-mental,"Saúde Mental",pânico,t,"2026-04-13 08:39:31.045213+00",,autocomplete,"2026-04-13 08:39:31.045213+00"
06e3c725-293e-4a05-bc90-3cf8ae098b9d,"tratamento para endometriose para engravidar",0,10,menopausa,Menopausa,endometriose,t,"2026-04-13 08:40:10.397854+00",,autocomplete,"2026-04-13 08:40:10.397854+00"
06e75cb1-a5fb-440b-82bf-e7a65babc01a,"tratamento para insônia com homeopatia",0,10,saude-mental,"Saúde Mental",insónia,t,"2026-04-13 08:39:19.763922+00",,autocomplete,"2026-04-13 08:39:19.763922+00"
070750bb-bba0-4d43-a306-770264663834,"o que é doença celíaca no intestino",0,35,alimentacao,Alimentação,"doença celíaca",t,"2026-04-13 08:43:38.203977+00",,autocomplete,"2026-04-13 08:43:38.203977+00"
0715a8e7-5317-4bcf-b195-28a62ae89f87,"o que é terapia hormonal trans",0,90,menopausa,Menopausa,"terapia hormonal",t,"2026-04-13 08:37:21.896373+00",,autocomplete,"2026-04-13 08:37:21.896373+00"
074dfcf2-df6a-4734-a640-c96e36e785ba,"ansiedade tratamento psicologico",0,10,saude-mental,"Saúde Mental",ansiedade,t,"2026-04-13 08:38:40.522707+00",,autocomplete,"2026-04-13 08:38:40.522707+00"
07630faa-ef6c-4a0a-a4e6-99153aa9db7e,"virus nipah 2026 tratamento",0,10,emergentes,Emergentes,"vírus nipah",t,"2026-04-13 08:38:12.456348+00",,autocomplete,"2026-04-13 08:38:12.456348+00"
077b3bd6-03af-421c-8303-f0734eca4d87,"insônia tratamento medicamentoso",0,10,saude-mental,"Saúde Mental",insónia,t,"2026-04-13 08:39:19.763922+00",,autocomplete,"2026-04-13 08:39:19.763922+00"
0787d609-e323-429f-a405-b480a8c65cab,"o que diz a lei sobre saude mental no trabalho",0,75,saude-mental,"Saúde Mental","saúde mental no trabalho",t,"2026-04-13 08:41:34.56973+00",,autocomplete,"2026-04-13 08:41:34.56973+00"
078c2976-ee6d-40c7-9b35-7a4fcb057e2d,"what is sepsis",50,76,emergentes,Emergentes,sepsis,f,"2026-03-28 00:14:29.171415+00",,pytrends,"2026-03-28 00:14:29.171415+00"
0798573f-37d7-4fe8-be5c-ca5b94ce9ea9,"refluxo gastroesofágico sintomas na garganta como tratar",0,10,alimentacao,Alimentação,"refluxo gastroesofágico",t,"2026-04-13 08:40:32.807623+00",,autocomplete,"2026-04-13 08:40:32.807623+00"
07ad9027-3a29-4683-aa3a-12b1cd5c1d12,"avc tratamentos",0,10,emergentes,Emergentes,avc,t,"2026-04-06 08:20:54.675087+00",,autocomplete,"2026-04-06 08:20:54.675087+00"
07b528ad-cfdc-4a1a-abaf-98036090f0d7,"estresse sintomas fisicos",0,10,saude-mental,"Saúde Mental",stress,t,"2026-04-13 08:40:21.587655+00",,autocomplete,"2026-04-13 08:40:21.587655+00"
07dfbeb6-fbc1-426c-b8c9-170eba7c019e,"incontinência urinária tratamento",0,10,menopausa,Menopausa,"incontinência urinária",t,"2026-04-13 08:42:42.043868+00",,autocomplete,"2026-04-13 08:42:42.043868+00"
07f521d8-ab83-4ce8-b5d7-f72088cda670,"panico noturno tratamento",0,10,saude-mental,"Saúde Mental",pânico,t,"2026-04-13 08:39:31.045213+00",,autocomplete,"2026-04-13 08:39:31.045213+00"
081cb242-ee83-4c0d-a345-350c5b484142,"o que é tdah adulto como tratar",0,10,saude-mental,"Saúde Mental","TDAH adulto",t,"2026-04-13 08:39:53.572317+00",,autocomplete,"2026-04-13 08:39:53.572317+00"
082f366a-d0d3-4fe1-b687-1baaced48e7b,"significado de burnout",50,36,saude-mental,"Saúde Mental",burnout,f,"2026-03-28 00:10:39.19463+00",,pytrends,"2026-03-28 00:10:39.19463+00"
08308508-ab4d-423b-a888-0d4989eb7875,"o que é tdah adulto",0,15,saude-mental,"Saúde Mental","TDAH adulto",t,"2026-04-13 08:39:53.572317+00",,autocomplete,"2026-04-13 08:39:53.572317+00"
0836ace7-8aed-4357-a740-4af77f2edaba,"depressao tratamento e cura",0,10,saude-mental,"Saúde Mental",depressão,t,"2026-04-13 08:38:46.093196+00",,autocomplete,"2026-04-13 08:38:46.093196+00"
083b7550-2ca3-4661-aaca-160c8e037099,"o que é incontinência urinária ou fecal",0,10,menopausa,Menopausa,"incontinência urinária",t,"2026-04-13 08:42:42.043868+00",,autocomplete,"2026-04-13 08:42:42.043868+00"
085680d3-2fc2-4072-918c-d59915aa39fb,"causas de diabetes tipo 2 en niños",0,10,alimentacao,Alimentação,"diabetes tipo 2",t,"2026-04-13 08:42:47.656406+00",,autocomplete,"2026-04-13 08:42:47.656406+00"
0866212a-7bf0-4ff0-9704-ebfd76b2d98c,"o que é avc",0,10,emergentes,Emergentes,avc,t,"2026-04-13 08:41:12.052215+00",,autocomplete,"2026-04-13 08:41:12.052215+00"
08666824-5352-4dd1-86bb-18647fa7c3c1,"o que é diabetes tipo 2 mellitus",0,10,alimentacao,Alimentação,"diabetes tipo 2",t,"2026-04-13 08:42:47.656406+00",,autocomplete,"2026-04-13 08:42:47.656406+00"
0886dc7e-98a9-49a1-b0f2-36ae5f3d269e,"candidíase sintomas como pega",0,10,menopausa,Menopausa,candidíase,t,"2026-04-13 08:40:43.957484+00",,autocomplete,"2026-04-13 08:40:43.957484+00"
0887363a-b470-4d08-ab22-14af9a57c384,"o que é pré-diabetes como tratar",0,10,alimentacao,Alimentação,pré-diabetes,t,"2026-04-13 08:42:08.372884+00",,autocomplete,"2026-04-13 08:42:08.372884+00"
08a2b02c-8218-4377-9b71-9b860f5b3637,"sintomas de estresse emocional",0,65,saude-mental,"Saúde Mental",stress,t,"2026-04-13 08:40:21.587655+00",,autocomplete,"2026-04-13 08:40:21.587655+00"
08eb26a1-3716-4182-b312-ef61d233eea4,"causas emocionais cancro da mama",0,10,menopausa,Menopausa,"cancro da mama",t,"2026-04-13 08:40:55.173287+00",,autocomplete,"2026-04-13 08:40:55.173287+00"
08fa5fe1-2c45-497d-8acb-8a977c3695a2,"como prevenir incontinencia urinária",0,10,menopausa,Menopausa,"incontinência urinária",t,"2026-04-13 08:42:42.043868+00",,autocomplete,"2026-04-13 08:42:42.043868+00"
091277f5-a701-47f8-a2d2-2bf8f691e70d,"o que é c ptsd",0,25,saude-mental,"Saúde Mental",PTSD,t,"2026-04-13 08:39:36.686137+00",,autocomplete,"2026-04-13 08:39:36.686137+00"
093b2411-5e13-4b29-8beb-42055ffe6203,"causas de intolerancia ao gluten",0,15,alimentacao,Alimentação,"intolerância ao glúten",t,"2026-04-13 08:37:05.051837+00",,autocomplete,"2026-04-13 08:37:05.051837+00"
093c778a-ef1f-4e7d-ad9d-c65195dcd227,"tratamento para incontinência urinária de esforço",0,10,menopausa,Menopausa,"incontinência urinária",t,"2026-04-13 08:42:42.043868+00",,autocomplete,"2026-04-13 08:42:42.043868+00"
0943828c-dcd4-48d1-99f0-3bf42b0126f5,"chris hemsworth alzheimer",9999,84,saude-mental,"Saúde Mental",alzheimer,f,"2026-03-30 08:07:05.928237+00",,pytrends,"2026-03-30 08:07:05.928237+00"
094fb1ab-b5ed-42a5-8228-f9bb873bb0f6,"como tratar sepsis",0,50,emergentes,Emergentes,sepsis,t,"2026-04-13 08:41:00.80186+00",,autocomplete,"2026-04-13 08:41:00.80186+00"
0962a8be-5ba3-4066-b9bb-24c9730e5fad,"terapia hormonal de substituição",140,100,menopausa,Menopausa,"terapia hormonal",f,"2026-03-23 07:27:29.101351+00",,pytrends,"2026-03-27 18:34:47.925931+00"
096627e0-717b-43cd-a049-564a6a506d34,"como tratar avc hemorragico",0,35,emergentes,Emergentes,avc,t,"2026-04-13 08:41:12.052215+00",,autocomplete,"2026-04-13 08:41:12.052215+00"
0992b004-37df-4c19-bdb1-82256cec871e,"cancro da mama triplo negativo tratamento",0,10,menopausa,Menopausa,"cancro da mama",t,"2026-04-13 08:40:55.173287+00",,autocomplete,"2026-04-13 08:40:55.173287+00"
099c27cd-a3d6-408f-a3ac-d828640b6099,"sintomas de síndrome do intestino irritável remedio",0,90,alimentacao,Alimentação,"síndrome de intestino irritável",t,"2026-04-13 08:40:49.538553+00",,autocomplete,"2026-04-13 08:40:49.538553+00"
09a0addc-b628-4fb7-b010-68c410389dfa,"alzheimer tratamento",0,10,saude-mental,"Saúde Mental",alzheimer,t,"2026-04-13 08:43:15.769569+00",,autocomplete,"2026-04-13 08:43:15.769569+00"
09a64a82-7ede-465d-a350-95ef39ddf0e2,"demência por corpos de lewy",6800,92,saude-mental,"Saúde Mental",demência,f,"2026-04-06 08:09:06.750055+00",,pytrends,"2026-04-06 08:09:06.750055+00"
09a71d5d-890e-48c7-99a9-cc9ce837530a,"incontinência urinária causas e tratamento",0,10,menopausa,Menopausa,"incontinência urinária",t,"2026-04-13 08:42:42.043868+00",,autocomplete,"2026-04-13 08:42:42.043868+00"
09ae533b-50e9-488a-b90b-00154c9fca47,"tratamento para anemia falciforme",0,10,alimentacao,Alimentação,anemia,t,"2026-04-13 08:40:38.397737+00",,autocomplete,"2026-04-13 08:40:38.397737+00"
09b408e6-7b13-4042-96dd-5fc25e4c4ab2,"o que é gripe aviária h5n1",0,100,emergentes,Emergentes,"gripe aviária H5N1",t,"2026-04-13 08:39:14.147203+00",,autocomplete,"2026-04-13 08:39:14.147203+00"
09c54afe-680c-413c-b2d2-1ceebc1d2a42,"como tratar demência frontotemporal",0,20,saude-mental,"Saúde Mental",demência,t,"2026-04-13 08:40:27.20613+00",,autocomplete,"2026-04-13 08:40:27.20613+00"
09ce65dd-615d-4e02-aa5e-686cff95f104,"remédio para enxaqueca forte",200,36,saude-mental,"Saúde Mental",enxaqueca,f,"2026-04-06 08:08:13.385846+00",,pytrends,"2026-04-06 08:08:13.385846+00"
09d90a45-9b25-4f33-ad3d-15d9a4a2c339,"síndrome pânico sintomas",0,10,saude-mental,"Saúde Mental",pânico,t,"2026-04-13 08:39:31.045213+00",,autocomplete,"2026-04-13 08:39:31.045213+00"
09ff97cc-1b22-4f96-825f-1078f57607ae,"osteoporose sintomas diagnóstico e tratamento",0,10,menopausa,Menopausa,osteoporose,t,"2026-04-13 08:36:53.898281+00",,autocomplete,"2026-04-13 08:36:53.898281+00"
0a05bef2-33c4-4377-944e-355d9b906b84,"sintomas de depressão em homens",0,60,saude-mental,"Saúde Mental",depressão,t,"2026-04-13 08:38:46.093196+00",,autocomplete,"2026-04-13 08:38:46.093196+00"
0a14174b-5186-4da6-aeca-0c1aeb37ee2c,"depressão causas e tratamento aaron beck pdf",0,10,saude-mental,"Saúde Mental",depressão,t,"2026-04-13 08:38:46.093196+00",,autocomplete,"2026-04-13 08:38:46.093196+00"
0a18df97-905f-4116-9163-30bc25c4e272,"como tratar tdah em adulto sem medicação",0,40,saude-mental,"Saúde Mental","TDAH adulto",t,"2026-04-13 08:39:53.572317+00",,autocomplete,"2026-04-13 08:39:53.572317+00"
0a29cee2-289f-46e5-a016-ca89b6b41064,"menopausa masculina tratamento",0,65,menopausa,Menopausa,"menopausa masculina",t,"2026-04-13 08:39:08.490186+00",,autocomplete,"2026-04-13 08:39:08.490186+00"
0a2bba23-284c-4c29-957f-6a6625de153e,"como tratar insônia naturalmente",0,20,saude-mental,"Saúde Mental",insónia,t,"2026-03-30 08:14:18.110583+00",,autocomplete,"2026-03-30 08:14:18.110583+00"
0a4ad152-40a8-4c34-a757-92f1d63f48a3,"como tratar insônia na menopausa",0,30,saude-mental,"Saúde Mental",insónia,t,"2026-04-13 08:39:19.763922+00",,autocomplete,"2026-04-13 08:39:19.763922+00"
0a7359f4-b010-4d3b-b5be-af4091ab9750,"como tratar insonia na gravidez",0,10,saude-mental,"Saúde Mental",insónia,t,"2026-04-13 08:39:19.763922+00",,autocomplete,"2026-04-13 08:39:19.763922+00"
0a759495-e6d9-460a-b525-4c2595a50ce9,"o que é estresse cronico",0,15,saude-mental,"Saúde Mental",stress,t,"2026-03-30 08:19:17.022631+00",,autocomplete,"2026-03-30 08:19:17.022631+00"
0a7a57a1-7c78-4467-b443-60b98391bb21,"ginecologista especialista em endometriose",4750,84,menopausa,Menopausa,endometriose,f,"2026-04-06 08:08:45.246752+00",,pytrends,"2026-04-06 08:08:45.246752+00"
0aa1afd1-3211-4658-850c-f51b51e4ea81,"panico noturno causas",0,10,saude-mental,"Saúde Mental",pânico,t,"2026-04-13 08:39:31.045213+00",,autocomplete,"2026-04-13 08:39:31.045213+00"
0aca6d7d-fc1a-4f96-a5e9-e4f15f83ebfc,"sintomas de osteoporose na mão",0,55,menopausa,Menopausa,osteoporose,t,"2026-04-13 08:36:53.898281+00",,autocomplete,"2026-04-13 08:36:53.898281+00"
0aeefd65-2ef1-4bd9-8081-dba43a8ffd80,"o que é alzheimer sintomas",0,10,saude-mental,"Saúde Mental",alzheimer,t,"2026-04-13 08:43:15.769569+00",,autocomplete,"2026-04-13 08:43:15.769569+00"
0af42d64-ad96-4865-87b2-eb4a428824a9,"lupus causas y sintomas",0,10,emergentes,Emergentes,lúpus,t,"2026-04-13 08:42:25.267323+00",,autocomplete,"2026-04-13 08:42:25.267323+00"
0af964da-2b94-4c83-b823-5f2ab466bada,"o que é a demência",70,76,saude-mental,"Saúde Mental",demência,t,"2026-04-06 08:09:06.750055+00",,pytrends,"2026-04-06 08:09:06.750055+00"
0afed1e6-dc47-4bf7-9adc-c1408aa6c3aa,"tratamento tdah adulto medicamento",0,10,saude-mental,"Saúde Mental","TDAH adulto",t,"2026-04-13 08:39:53.572317+00",,autocomplete,"2026-04-13 08:39:53.572317+00"
0b45e1ee-841b-494c-a3ec-4fef848bb4a4,"tratamento para enxaqueca com botox",0,10,saude-mental,"Saúde Mental",enxaqueca,t,"2026-04-13 08:43:55.008487+00",,autocomplete,"2026-04-13 08:43:55.008487+00"
0b4aa08b-673c-406b-bff9-8b7cc7bcc6af,"principais causas de alzheimer",0,10,saude-mental,"Saúde Mental",alzheimer,t,"2026-04-13 08:43:15.769569+00",,autocomplete,"2026-04-13 08:43:15.769569+00"
0b6aed6f-b9f1-4cbd-8492-13681422c5a2,"o que diabetes tipo 2 pode causar",0,10,alimentacao,Alimentação,"diabetes tipo 2",t,"2026-04-13 08:42:47.656406+00",,autocomplete,"2026-04-13 08:42:47.656406+00"
0b6b7b42-cfc5-4288-b7ac-1e4c8b18e27a,"o que é demência",0,10,saude-mental,"Saúde Mental",demência,t,"2026-04-13 08:40:27.20613+00",,autocomplete,"2026-04-13 08:40:27.20613+00"
0b975468-4d7e-4576-a119-8e7bc0ac7519,adenomiose,40,10,menopausa,Menopausa,endometriose,f,"2026-03-28 00:20:14.303314+00",,pytrends,"2026-03-28 00:20:14.303314+00"
0ba9b005-3b74-4271-9d66-e4b42c796f06,"como prevenir o burnout nas empresas",0,10,saude-mental,"Saúde Mental",burnout,t,"2026-04-13 08:38:34.941684+00",,autocomplete,"2026-04-13 08:38:34.941684+00"
0bdc3d33-4a1b-44ea-9c0f-7b94f89a5f8e,"o que é burnout materno",0,10,saude-mental,"Saúde Mental",burnout,t,"2026-04-13 08:38:34.941684+00",,autocomplete,"2026-04-13 08:38:34.941684+00"
0be5e9ba-a7af-4701-b035-0f8b8ff40aae,"osteoporose sintomas e causas",0,10,menopausa,Menopausa,osteoporose,t,"2026-04-13 08:36:53.898281+00",,autocomplete,"2026-04-13 08:36:53.898281+00"
0bf170f7-42ae-4b3f-b55e-e241b34a4596,"causas de demência vascular",0,10,saude-mental,"Saúde Mental",demência,t,"2026-04-13 08:40:27.20613+00",,autocomplete,"2026-04-13 08:40:27.20613+00"
0bf91829-6a54-499d-ab99-b7a3ad18fc50,"anorexia nervosa tem tratamento",0,10,saude-mental,"Saúde Mental","anorexia nervosa",t,"2026-04-13 08:43:04.555328+00",,autocomplete,"2026-04-13 08:43:04.555328+00"
0c01776f-fd7d-4e5b-a20a-703256afe68c,"o que é suicídio de sicário",0,55,saude-mental,"Saúde Mental",suicídio,t,"2026-04-13 08:42:36.442374+00",,autocomplete,"2026-04-13 08:42:36.442374+00"
0c40ceea-b1e3-4462-92a6-f64bf453dc62,"causas de anemia microcitica hipocromica",0,10,alimentacao,Alimentação,anemia,t,"2026-04-13 08:40:38.397737+00",,autocomplete,"2026-04-13 08:40:38.397737+00"
0c465abe-5c8d-4252-8a76-225666b94672,"o que é terapia hormonal trh",0,80,menopausa,Menopausa,"terapia hormonal",t,"2026-04-13 08:37:21.896373+00",,autocomplete,"2026-04-13 08:37:21.896373+00"
0c4bfa08-ed6b-4dff-a438-c733a5dfe4a5,"sintomas de depressão",0,100,saude-mental,"Saúde Mental",depressão,t,"2026-04-13 08:38:46.093196+00",,autocomplete,"2026-04-13 08:38:46.093196+00"
0c76bce5-f66f-4dd3-8983-564327fc931b,"depressão causas sintomas e tratamento",0,10,saude-mental,"Saúde Mental",depressão,t,"2026-04-13 08:38:46.093196+00",,autocomplete,"2026-04-13 08:38:46.093196+00"
0ca129ff-23c6-456b-a1f7-39fe78f07602,"alergias alimentares causas",0,45,alimentacao,Alimentação,"alergias alimentares",t,"2026-03-30 08:15:47.714715+00",,autocomplete,"2026-03-30 08:15:47.714715+00"
0caafa77-3f4a-40c8-8664-388da5662749,"sintomas de doença celíaca em adultos",0,85,alimentacao,Alimentação,"doença celíaca",t,"2026-04-13 08:43:38.203977+00",,autocomplete,"2026-04-13 08:43:38.203977+00"
0cbd1354-b616-45ca-8ca5-4021ed4dcf31,"sintomas de panico em crianças",0,60,saude-mental,"Saúde Mental",pânico,t,"2026-04-13 08:39:31.045213+00",,autocomplete,"2026-04-13 08:39:31.045213+00"
0cbd20d9-f7a0-4928-93d5-8f313a6bd2ff,"sintomas de alzheimer idade",0,65,saude-mental,"Saúde Mental",alzheimer,t,"2026-04-13 08:43:15.769569+00",,autocomplete,"2026-04-13 08:43:15.769569+00"
0cc3ef4b-4141-458d-9d02-effb8d9759a0,"tratamento para alcoolismo gratuito",0,10,saude-mental,"Saúde Mental",alcoolismo,t,"2026-04-13 08:43:49.404375+00",,autocomplete,"2026-04-13 08:43:49.404375+00"
0ccdab97-2fb0-4f72-b3d2-2c6edb94c540,"alzheimer causas",0,10,saude-mental,"Saúde Mental",alzheimer,t,"2026-04-13 08:43:15.769569+00",,autocomplete,"2026-04-13 08:43:15.769569+00"
0cd933fc-2889-4a2a-8fe9-1f66cfa0bddf,"principais causas de doenças cardiovasculares",0,25,emergentes,Emergentes,"doenças cardiovasculares",t,"2026-04-13 08:43:21.329264+00",,autocomplete,"2026-04-13 08:43:21.329264+00"
0cdd176f-6afe-459e-9038-7e02434b58e0,"novo tratamento para diabetes tipo 2",0,10,alimentacao,Alimentação,"diabetes tipo 2",t,"2026-04-13 08:42:47.656406+00",,autocomplete,"2026-04-13 08:42:47.656406+00"
0cdf2c72-df1b-4485-a4ae-58d1d0487b96,"ataques de pânico",50,20,saude-mental,"Saúde Mental",pânico,f,"2026-03-28 00:10:49.855777+00",,pytrends,"2026-03-28 00:10:49.855777+00"
0ce7c509-cae3-459d-b467-caf7e07ed2d9,"o que são doenças cardiovasculares cite exemplos",0,65,emergentes,Emergentes,"doenças cardiovasculares",t,"2026-04-13 08:43:21.329264+00",,autocomplete,"2026-04-13 08:43:21.329264+00"
0cf036a2-1750-4b94-a44b-4af93ff69c5f,"sintomas de doença celíaca em crianças",0,90,alimentacao,Alimentação,"doença celíaca",t,"2026-04-13 08:43:38.203977+00",,autocomplete,"2026-04-13 08:43:38.203977+00"
0d04b071-ed3a-4ee3-bfd3-b779f7ab2a1c,"o que é pânico",0,10,saude-mental,"Saúde Mental",pânico,t,"2026-04-13 08:39:31.045213+00",,autocomplete,"2026-04-13 08:39:31.045213+00"
0d0edab9-022b-498e-b474-b3e766935d18,"refluxo gastroesofágico sintomas tosse",0,10,alimentacao,Alimentação,"refluxo gastroesofágico",t,"2026-04-13 08:40:32.807623+00",,autocomplete,"2026-04-13 08:40:32.807623+00"
0d260849-fd95-4c6b-b198-3b9f21976203,"principais causas de diabetes tipo 2",0,10,alimentacao,Alimentação,"diabetes tipo 2",t,"2026-04-13 08:42:47.656406+00",,autocomplete,"2026-04-13 08:42:47.656406+00"
0d351298-2da8-4aea-ab27-e30a800a007a,"qual a diferença entre demencia e alzheimer",9999,60,saude-mental,"Saúde Mental",alzheimer,t,"2026-03-30 08:07:05.928237+00",,pytrends,"2026-03-30 08:07:05.928237+00"
0d36c064-80a5-4e88-9ccb-51f4603af5fd,"alimentos ricos em ferro para anemia",140,10,alimentacao,Alimentação,anemia,f,"2026-03-23 07:34:29.014118+00",,pytrends,"2026-03-27 18:34:47.925931+00"
0d46ed3c-ebfe-4297-9fb6-4705b09b8316,"o que é avcb bombeiros",0,10,emergentes,Emergentes,avc,t,"2026-04-13 08:41:12.052215+00",,autocomplete,"2026-04-13 08:41:12.052215+00"
0d970300-c440-4187-90ef-8c3b4be50acd,"avc causas e prevenção",0,10,emergentes,Emergentes,avc,t,"2026-04-13 08:41:12.052215+00",,autocomplete,"2026-04-13 08:41:12.052215+00"
0da06869-f964-4d93-a599-7e347532c891,"sindrome burnout",50,60,saude-mental,"Saúde Mental",burnout,f,"2026-03-30 08:00:22.557375+00",,pytrends,"2026-03-30 08:00:22.557375+00"
0dddbd67-6c07-42b6-869a-6163c957aa8a,"o que é ultraprocessados",0,100,alimentacao,Alimentação,ultraprocessados,t,"2026-04-13 08:37:33.154402+00",,autocomplete,"2026-04-13 08:37:33.154402+00"
0dee68d4-bb54-4326-9b1f-bc41c6455074,"anemia megaloblástica",60,10,alimentacao,Alimentação,anemia,f,"2026-03-28 00:21:06.900923+00",,pytrends,"2026-03-28 00:21:06.900923+00"
0df2516f-55ec-4be3-bd04-00780c2daace,"causas de incontinência urinária feminina",0,10,menopausa,Menopausa,"incontinência urinária",t,"2026-04-13 08:42:42.043868+00",,autocomplete,"2026-04-13 08:42:42.043868+00"
0dfbcac5-998e-46eb-9768-cb02f77c2d74,"como tratar ptsd",0,70,saude-mental,"Saúde Mental",PTSD,t,"2026-04-13 08:39:36.686137+00",,autocomplete,"2026-04-13 08:39:36.686137+00"
0dfc77bc-13a4-4325-97ad-6b24856a5d44,"tipos de enxaqueca",9999,84,saude-mental,"Saúde Mental",enxaqueca,f,"2026-04-13 08:36:05.931314+00",,pytrends,"2026-04-13 08:36:05.931314+00"
0e0aac85-f38f-4e73-8fb2-31e00f4a7ca6,"refluxo gastroesofágico sintomas",0,10,alimentacao,Alimentação,"refluxo gastroesofágico",t,"2026-04-13 08:40:32.807623+00",,autocomplete,"2026-04-13 08:40:32.807623+00"
0e241406-62a5-462f-ad3c-e412ae576f51,"o que é suicídio egoísta",0,70,saude-mental,"Saúde Mental",suicídio,t,"2026-04-13 08:42:36.442374+00",,autocomplete,"2026-04-13 08:42:36.442374+00"
0e2e0e50-985b-4036-a7ed-12b209d9bd36,"como tratar colesterol alto na gravidez",0,10,alimentacao,Alimentação,"colesterol alto",t,"2026-04-13 08:40:04.811683+00",,autocomplete,"2026-04-13 08:40:04.811683+00"
0e30dfcb-214d-4456-9e8c-21bfa3bd9e89,"o que é doença celíaca e como ocorre",0,10,alimentacao,Alimentação,"doença celíaca",t,"2026-04-13 08:43:38.203977+00",,autocomplete,"2026-04-13 08:43:38.203977+00"
0e3fc064-4b5c-4f2d-9630-a98b7d85f6ea,"sinais de cancro da mama",180,92,menopausa,Menopausa,"cancro da mama",f,"2026-03-30 08:10:25.831334+00",,pytrends,"2026-03-30 08:10:25.831334+00"
0e4209d1-648d-4b95-99f2-2ecdc8210e22,"como tratar diabetes tipo 2 em casa",0,45,alimentacao,Alimentação,"diabetes tipo 2",t,"2026-04-13 08:42:47.656406+00",,autocomplete,"2026-04-13 08:42:47.656406+00"
0e43a5fc-2ec6-4887-8c42-223e07cf9625,"o que e burnout síndrome",2850,92,saude-mental,"Saúde Mental",burnout,t,"2026-03-28 00:10:39.19463+00",,pytrends,"2026-03-28 00:10:39.19463+00"
0e51bcf3-244d-4f92-a594-2bcd56aed81a,"sintomas de avc em homem",1250,36,emergentes,Emergentes,avc,t,"2026-03-30 08:05:39.827249+00",,pytrends,"2026-03-30 08:05:39.827249+00"
0e5e2141-0a48-476c-b8db-671d8da264e8,"incontinência urinária infantil sintomas",0,10,menopausa,Menopausa,"incontinência urinária",t,"2026-04-13 08:42:42.043868+00",,autocomplete,"2026-04-13 08:42:42.043868+00"
0e7dc30a-a3ab-4493-bb35-c70ace3e62ea,"sintomas de demência vascular",0,70,saude-mental,"Saúde Mental",demência,t,"2026-04-13 08:40:27.20613+00",,autocomplete,"2026-04-13 08:40:27.20613+00"
0e9958c2-aeb7-4fc5-be32-2bef82fd197f,"sintomas de endometriose no intestino",0,95,menopausa,Menopausa,endometriose,t,"2026-04-13 08:40:10.397854+00",,autocomplete,"2026-04-13 08:40:10.397854+00"
0eaad054-bd0a-498a-96c4-c55ead206043,"causas de enxaqueca",80,12,saude-mental,"Saúde Mental",enxaqueca,t,"2026-03-28 00:18:52.271444+00",,pytrends,"2026-03-28 00:18:52.271444+00"
0ead7f15-ceb8-4227-9c06-b8d141101ff2,"menopausa sintomas e tratamentos naturais",0,30,menopausa,Menopausa,"menopausa sintomas",t,"2026-04-13 08:37:16.281981+00",,autocomplete,"2026-04-13 08:37:16.281981+00"
0eadbdab-118a-41b4-9177-11ef620d9a95,"o que é doença celíaca tem cura",0,30,alimentacao,Alimentação,"doença celíaca",t,"2026-04-13 08:43:38.203977+00",,autocomplete,"2026-04-13 08:43:38.203977+00"
0ec2f5b2-bcdc-4412-87c5-f4e9a6edc426,"como podemos prevenir la diabetes tipo 2",0,10,alimentacao,Alimentação,"diabetes tipo 2",t,"2026-04-13 08:42:47.656406+00",,autocomplete,"2026-04-13 08:42:47.656406+00"
0ec5a076-bf69-4fe6-903c-dd8170c17951,"anemia causas e tipos",0,10,alimentacao,Alimentação,anemia,t,"2026-04-13 08:40:38.397737+00",,autocomplete,"2026-04-13 08:40:38.397737+00"
0ed4e439-6d2b-40fc-9a11-87bd3399b2d5,"tratamento para tentativa de suicídio",0,10,saude-mental,"Saúde Mental",suicídio,t,"2026-04-13 08:42:36.442374+00",,autocomplete,"2026-04-13 08:42:36.442374+00"
0ed86b84-9f0a-4178-ab4e-0d0c61f56e33,"candidíase recorrente",6500,60,menopausa,Menopausa,candidíase,f,"2026-04-06 08:09:49.492291+00",,pytrends,"2026-04-06 08:09:49.492291+00"
0efbb3cc-69e4-45dc-a057-a668063cfaba,"sintomas de fobia social em adolescentes",0,90,saude-mental,"Saúde Mental","fobia social",t,"2026-04-13 08:41:17.653799+00",,autocomplete,"2026-04-13 08:41:17.653799+00"
0efca0a1-52e0-4f52-a7a1-cd4a9d49083a,"anemia alimentos recomendados",1850,12,alimentacao,Alimentação,anemia,f,"2026-04-06 08:09:28.02802+00",,pytrends,"2026-04-06 08:09:28.02802+00"
0f0cd292-773a-47ae-9053-3d5ccd69e805,"sintomas de incontinência urinária como tratar",0,60,menopausa,Menopausa,"incontinência urinária",t,"2026-04-13 08:42:42.043868+00",,autocomplete,"2026-04-13 08:42:42.043868+00"
0f2cdb80-755b-41e0-ab75-df9cac8f9497,"depressão marta",4800,10,saude-mental,"Saúde Mental",depressão,f,"2026-03-23 07:30:10.111538+00",,pytrends,"2026-03-27 18:34:47.925931+00"
0f413eb9-0ab3-4e38-be89-fc4e0248577e,"o que é transtorno de fobia social",0,10,saude-mental,"Saúde Mental","fobia social",t,"2026-04-13 08:41:17.653799+00",,autocomplete,"2026-04-13 08:41:17.653799+00"
0f4be849-a45b-49da-9e71-c195a4c7a7a1,"avc significado",60,10,emergentes,Emergentes,avc,f,"2026-03-23 07:36:16.114103+00",,pytrends,"2026-03-27 18:34:47.925931+00"
0f560778-af00-4399-a17a-a31780f23732,"como tratar insonia e ansiedade",0,15,saude-mental,"Saúde Mental",insónia,t,"2026-04-13 08:39:19.763922+00",,autocomplete,"2026-04-13 08:39:19.763922+00"
0f5fbb4e-6f6d-4149-b2f8-9e575963437e,"causas sindrome ovario policístico",0,10,menopausa,Menopausa,"síndrome do ovário poliquístico",t,"2026-04-13 08:43:26.930582+00",,autocomplete,"2026-04-13 08:43:26.930582+00"
0f6f44a6-c64e-4f8d-b3b5-5a59def40967,"enxaqueca causas hormonais",0,10,saude-mental,"Saúde Mental",enxaqueca,t,"2026-04-13 08:43:55.008487+00",,autocomplete,"2026-04-13 08:43:55.008487+00"
0f850cd8-6276-4b0b-bea5-7c9ff7403cdf,"chá para enxaqueca",6000,52,saude-mental,"Saúde Mental",enxaqueca,f,"2026-04-06 08:08:13.385846+00",,pytrends,"2026-04-06 08:08:13.385846+00"
0f85db5b-7c21-4183-9a38-06d72fe1dfd7,"c-ptsd sintomas",0,10,saude-mental,"Saúde Mental",PTSD,t,"2026-03-30 08:14:53.981406+00",,autocomplete,"2026-03-30 08:14:53.981406+00"
0f87f391-e69d-40f5-8217-90f81eaaa65f,"como tratar insonia sem remedio",0,40,saude-mental,"Saúde Mental",insónia,t,"2026-04-13 08:39:19.763922+00",,autocomplete,"2026-04-13 08:39:19.763922+00"
0f887580-a854-43f1-9ba6-dbe4c8da0d67,"tratamento para panico e ansiedade",0,10,saude-mental,"Saúde Mental",pânico,t,"2026-04-13 08:39:31.045213+00",,autocomplete,"2026-04-13 08:39:31.045213+00"
0f94953c-7e52-4d3c-8990-35689ed5f21b,"como prevenir avc e infarto",0,10,emergentes,Emergentes,avc,t,"2026-04-13 08:41:12.052215+00",,autocomplete,"2026-04-13 08:41:12.052215+00"
0f949aa4-7760-4ab9-8679-45401269b5d3,"tratamento alcoolismo ministério da saúde",0,10,saude-mental,"Saúde Mental",alcoolismo,t,"2026-04-13 08:43:49.404375+00",,autocomplete,"2026-04-13 08:43:49.404375+00"
0f9da45d-cc83-415d-9491-59ec5d4f1903,"sintomas de burnout que medico procurar",0,55,saude-mental,"Saúde Mental",burnout,t,"2026-04-13 08:38:34.941684+00",,autocomplete,"2026-04-13 08:38:34.941684+00"
0fc64c68-30ed-4f9a-a534-fe686f8b7b06,"o que a menopausa precoce causa no corpo",0,10,menopausa,Menopausa,"menopausa precoce",t,"2026-04-13 08:37:50.002306+00",,autocomplete,"2026-04-13 08:37:50.002306+00"
0fe68efb-f218-46b5-9bb9-419db060183e,"como prevenir depressão na gravidez",0,10,saude-mental,"Saúde Mental",depressão,t,"2026-04-13 08:38:46.093196+00",,autocomplete,"2026-04-13 08:38:46.093196+00"
0fe82e70-9a82-4070-aa27-c521d7035e6e,"como tratar cancro da mama",0,50,menopausa,Menopausa,"cancro da mama",t,"2026-04-13 08:40:55.173287+00",,autocomplete,"2026-04-13 08:40:55.173287+00"
0feb2de7-b919-40be-9fa5-e54e4823b5c4,"stress e suas causas",0,10,saude-mental,"Saúde Mental",stress,t,"2026-04-13 08:40:21.587655+00",,autocomplete,"2026-04-13 08:40:21.587655+00"
0feb44d0-a208-4eee-8611-4e8f9008535e,"sintomas de estresse e ansiedade no corpo",0,70,saude-mental,"Saúde Mental",stress,t,"2026-04-13 08:40:21.587655+00",,autocomplete,"2026-04-13 08:40:21.587655+00"
0fedc93f-9399-4b75-9843-d9160c5d040e,"o'que é ptsd giria",0,35,saude-mental,"Saúde Mental",PTSD,t,"2026-04-13 08:39:36.686137+00",,autocomplete,"2026-04-13 08:39:36.686137+00"
0ffc66b0-6bb7-4031-8361-8a2ebdd088fe,"enxaqueca com aura sintomas",9999,76,saude-mental,"Saúde Mental",enxaqueca,f,"2026-04-13 08:36:05.931314+00",,pytrends,"2026-04-13 08:36:05.931314+00"
1004007e-83d7-4405-95d9-0e026ab1ffcb,"sintomas de enxaqueca crônica",0,80,saude-mental,"Saúde Mental",enxaqueca,t,"2026-04-13 08:43:55.008487+00",,autocomplete,"2026-04-13 08:43:55.008487+00"
101474ca-566b-410b-a3f1-84d2b55d2127,"tratamento para intolerância ao glúten",0,10,alimentacao,Alimentação,"intolerância ao glúten",t,"2026-04-13 08:37:05.051837+00",,autocomplete,"2026-04-13 08:37:05.051837+00"
10155bcb-1bb3-403e-a409-768910635a96,"quais as causas de burnout",0,10,saude-mental,"Saúde Mental",burnout,t,"2026-04-13 08:38:34.941684+00",,autocomplete,"2026-04-13 08:38:34.941684+00"
101da0c3-1b3a-49f6-9c40-ebf3d4c36178,"quais as principais causas de refluxo gastroesofágico",0,10,alimentacao,Alimentação,"refluxo gastroesofágico",t,"2026-04-13 08:40:32.807623+00",,autocomplete,"2026-04-13 08:40:32.807623+00"
10236cfa-28c9-4e4e-ac34-b5e4e0419a68,"sintomas de pre diabetes em adultos",0,70,alimentacao,Alimentação,pré-diabetes,t,"2026-03-28 00:28:35.679237+00",,autocomplete,"2026-03-28 00:28:35.679237+00"
1027582e-6742-46e9-96cd-58e00d462b44,"como tratar candidíase na língua",0,10,menopausa,Menopausa,candidíase,t,"2026-04-13 08:40:43.957484+00",,autocomplete,"2026-04-13 08:40:43.957484+00"
1031755e-0a27-46af-92a9-715be5b53b26,"sindrome do intestino irritavel sintomas tem cura",0,10,alimentacao,Alimentação,"síndrome de intestino irritável",t,"2026-04-13 08:40:49.538553+00",,autocomplete,"2026-04-13 08:40:49.538553+00"
103e3246-5809-4f77-b9d0-f796e4d7c04c,"é normal ter depressão com 11 anos",0,10,saude-mental,"Saúde Mental",depressão,t,"2026-04-13 08:38:46.093196+00",,autocomplete,"2026-04-13 08:38:46.093196+00"
106fd5f8-7a45-4bb6-be85-846b5043b5ba,"o que é prevenção ao suicídio",0,100,saude-mental,"Saúde Mental","prevenção suicídio",t,"2026-04-13 08:42:02.760561+00",,autocomplete,"2026-04-13 08:42:02.760561+00"
10744507-5673-4543-b36a-251c2c8af08a,"causas de sepsis en obstetricia",0,10,emergentes,Emergentes,sepsis,t,"2026-03-30 08:19:58.64322+00",,autocomplete,"2026-03-30 08:19:58.64322+00"
107c50e6-48d2-457f-8086-55a90dc000c9,"como prevenir a síndrome do intestino irritável",0,10,alimentacao,Alimentação,"síndrome de intestino irritável",t,"2026-04-13 08:40:49.538553+00",,autocomplete,"2026-04-13 08:40:49.538553+00"
10bba395-5ef0-4c02-91e8-a123497f2216,"sintomas de doenças cardiovasculares",0,100,emergentes,Emergentes,"doenças cardiovasculares",t,"2026-04-13 08:43:21.329264+00",,autocomplete,"2026-04-13 08:43:21.329264+00"
10c04bcd-b4d5-4e18-b3b5-4881bfbac333,"lupus causas sintomas e tratamento",0,10,emergentes,Emergentes,lúpus,t,"2026-04-13 08:42:25.267323+00",,autocomplete,"2026-04-13 08:42:25.267323+00"
10c2fcb5-52c4-432f-ba1a-1bcf8e50cc82,"sintomas de tdah adulto teste",0,90,saude-mental,"Saúde Mental","TDAH adulto",t,"2026-03-30 08:14:59.998432+00",,autocomplete,"2026-03-30 08:14:59.998432+00"
10d2ac4e-47bd-4fe6-8224-9cd8fb5b78f6,"tratamento para incontinência urinária feminina",0,10,menopausa,Menopausa,"incontinência urinária",t,"2026-04-13 08:42:42.043868+00",,autocomplete,"2026-04-13 08:42:42.043868+00"
10d2d6d0-2fe2-4d85-b613-bab916e239c1,"doença do refluxo gastroesofágico",120,84,alimentacao,Alimentação,"refluxo gastroesofágico",f,"2026-04-06 08:09:17.317989+00",,pytrends,"2026-04-06 08:09:17.317989+00"
10d49e9d-2760-4d4f-bc9b-08f04b9ed816,cinebench,1600,60,saude-mental,"Saúde Mental",stress,f,"2026-03-30 08:09:19.495077+00",,pytrends,"2026-03-30 08:09:19.495077+00"
10d731b6-e0a5-48de-80c4-09cede7ed673,"tratamento para avc",0,10,emergentes,Emergentes,avc,t,"2026-04-13 08:41:12.052215+00",,autocomplete,"2026-04-13 08:41:12.052215+00"
11001d12-33eb-45c3-a14f-335414813185,"como prevenir síndrome de burnout",0,10,saude-mental,"Saúde Mental",burnout,t,"2026-04-13 08:38:34.941684+00",,autocomplete,"2026-04-13 08:38:34.941684+00"
11021573-3213-463e-8a7a-e4faaec8d84d,"sintomas de anemia leve",0,75,alimentacao,Alimentação,anemia,t,"2026-04-13 08:40:38.397737+00",,autocomplete,"2026-04-13 08:40:38.397737+00"
111e0148-1f31-42f5-ac1e-30b790ad4969,"avc sintomas antes de ter",0,10,emergentes,Emergentes,avc,t,"2026-03-30 08:17:17.253196+00",,autocomplete,"2026-03-30 08:17:17.253196+00"
112a644e-10b9-4708-93a3-8b46e86c8fd9,"depressão tratamento gratuito",0,10,saude-mental,"Saúde Mental",depressão,t,"2026-04-13 08:38:46.093196+00",,autocomplete,"2026-04-13 08:38:46.093196+00"
117e799c-7c2f-45f3-8c64-584ef9bb7ffe,"dia nacional do doente com avc",9999,100,emergentes,Emergentes,avc,f,"2026-04-13 08:30:45.927315+00",,pytrends,"2026-04-13 08:30:45.927315+00"
11a81f2e-2a77-4c00-b7b1-3b58d08308ed,"superfungo candida auris tratamento",0,10,emergentes,Emergentes,"candida auris",t,"2026-04-13 08:42:30.835875+00",,autocomplete,"2026-04-13 08:42:30.835875+00"
11f0b345-4533-457a-9e98-8ef2b04bb3a0,"o que é lúpus no sangue",0,10,emergentes,Emergentes,lúpus,t,"2026-04-13 08:42:25.267323+00",,autocomplete,"2026-04-13 08:42:25.267323+00"
11f19986-1c75-4795-a371-cb3ebfa30378,"o que a oms fala sobre saúde mental no trabalho",0,70,saude-mental,"Saúde Mental","saúde mental no trabalho",t,"2026-04-13 08:41:34.56973+00",,autocomplete,"2026-04-13 08:41:34.56973+00"
11fb3bfa-c6db-4fb5-b216-98465cf6dd1e,"burnout tratamento pdf",0,10,saude-mental,"Saúde Mental",burnout,t,"2026-04-13 08:38:34.941684+00",,autocomplete,"2026-04-13 08:38:34.941684+00"
1200aee3-f53e-4671-a451-59db7cb39692,"como tratar crise de intolerância à lactose",0,45,alimentacao,Alimentação,"intolerância à lactose",t,"2026-04-13 08:43:43.801483+00",,autocomplete,"2026-04-13 08:43:43.801483+00"
120593eb-db6c-4f9a-abe8-5733854c4a34,"o que é terapia hormonal cruzada",0,65,menopausa,Menopausa,"terapia hormonal",t,"2026-03-30 08:15:59.669351+00",,autocomplete,"2026-03-30 08:15:59.669351+00"
122e1658-e2fc-4f40-b09e-d9f15fdacc97,"causas de anemia",0,10,alimentacao,Alimentação,anemia,t,"2026-04-13 08:40:38.397737+00",,autocomplete,"2026-04-13 08:40:38.397737+00"
12318018-afc0-4759-9386-2919fd772a10,"enxaqueca tratamento medicamentoso",0,10,saude-mental,"Saúde Mental",enxaqueca,t,"2026-04-13 08:43:55.008487+00",,autocomplete,"2026-04-13 08:43:55.008487+00"
123654f8-aca6-4676-a967-9c10c816dd44,"sintomas de síndrome de ovario policístico sop",0,95,menopausa,Menopausa,"síndrome do ovário poliquístico",t,"2026-04-13 08:43:26.930582+00",,autocomplete,"2026-04-13 08:43:26.930582+00"
1236f7a0-018e-4845-8e52-8c0df2b4f51e,"o que é avc cerebral",0,10,emergentes,Emergentes,avc,t,"2026-04-13 08:41:12.052215+00",,autocomplete,"2026-04-13 08:41:12.052215+00"
125527d4-2557-4639-ae17-4bdc7452fc3f,"sintomas de intolerância à lactose em bebê de 1 ano",0,55,alimentacao,Alimentação,"intolerância à lactose",t,"2026-03-30 08:18:34.934772+00",,autocomplete,"2026-03-30 08:18:34.934772+00"
126d7bf7-86bd-4da2-8000-71ee861850ca,"endometriose tratamento nutricional",0,10,menopausa,Menopausa,endometriose,t,"2026-04-13 08:40:10.397854+00",,autocomplete,"2026-04-13 08:40:10.397854+00"
128d5b35-bce0-43eb-a77e-4ddde4828b29,"tratamento para avc fisioterapia",0,10,emergentes,Emergentes,avc,t,"2026-04-13 08:41:12.052215+00",,autocomplete,"2026-04-13 08:41:12.052215+00"
12aea98d-8564-4daf-a91a-8214080d5ef4,"o'que é um avc",1250,28,emergentes,Emergentes,avc,f,"2026-03-28 00:15:24.259585+00",,pytrends,"2026-03-28 00:15:24.259585+00"
12afb2ce-187b-4e1b-b2a6-7b5735a43c12,"causas de colesterol alto em crianças",0,10,alimentacao,Alimentação,"colesterol alto",t,"2026-04-13 08:40:04.811683+00",,autocomplete,"2026-04-13 08:40:04.811683+00"
12b6aab7-4fed-44ca-808f-a406952ba1d1,"nike anti stress",300,60,saude-mental,"Saúde Mental",stress,f,"2026-04-06 08:08:56.141499+00",,pytrends,"2026-04-06 08:08:56.141499+00"
12b73351-c4eb-4576-bb8e-df1008676b4d,"sintomas de pré diabetes em adolescentes",0,55,alimentacao,Alimentação,pré-diabetes,t,"2026-03-30 08:21:04.408072+00",,autocomplete,"2026-03-30 08:21:04.408072+00"
12ccb7b6-3a76-4f86-bb39-193f7a6b2070,"o que é bom para diabetes tipo 2",0,10,alimentacao,Alimentação,"diabetes tipo 2",t,"2026-04-13 08:42:47.656406+00",,autocomplete,"2026-04-13 08:42:47.656406+00"
12e9c5ea-ec1e-4e7b-aa94-d3e4a89f8b7f,"o que é terapia de reposição hormonal",0,65,menopausa,Menopausa,"terapia hormonal",t,"2026-04-13 08:37:21.896373+00",,autocomplete,"2026-04-13 08:37:21.896373+00"
13102835-2555-49c9-8600-03ec30ffd995,"jejum intermitente de 7 dias emagrece quantos quilos",3800,52,alimentacao,Alimentação,"jejum intermitente",f,"2026-03-28 00:11:52.776734+00",,pytrends,"2026-03-28 00:11:52.776734+00"
1310307e-ce11-4a89-85f1-71fbc87c7500,"o que é insônia familiar fatal",0,10,saude-mental,"Saúde Mental",insónia,t,"2026-04-13 08:39:19.763922+00",,autocomplete,"2026-04-13 08:39:19.763922+00"
132495ad-7a3a-4a81-9eb0-0fdfd035fb2b,"causas de lupus eritematoso sistémico",0,10,emergentes,Emergentes,lúpus,t,"2026-04-13 08:42:25.267323+00",,autocomplete,"2026-04-13 08:42:25.267323+00"
13797108-968f-4ac3-9b66-dfa4ff8804a1,"sintomas de colesterol alto",0,100,alimentacao,Alimentação,"colesterol alto",t,"2026-04-13 08:40:04.811683+00",,autocomplete,"2026-04-13 08:40:04.811683+00"
138979ff-56d2-4774-8089-157ef84407bd,"pré-diabetes sintomas tontura",0,10,alimentacao,Alimentação,pré-diabetes,t,"2026-04-13 08:42:08.372884+00",,autocomplete,"2026-04-13 08:42:08.372884+00"
138c9ae6-b115-4277-863e-4e0377aae35d,"sintomas de intolerância ao glúten em crianças",0,90,alimentacao,Alimentação,"intolerância ao glúten",t,"2026-04-13 08:37:05.051837+00",,autocomplete,"2026-04-13 08:37:05.051837+00"
13e59367-6908-4e03-b889-446f33cb8941,"sintomas alcoolismo em homens",0,60,saude-mental,"Saúde Mental",alcoolismo,t,"2026-04-13 08:43:49.404375+00",,autocomplete,"2026-04-13 08:43:49.404375+00"
13f9541e-b53c-4308-9418-b5df6917bee5,"doença celíaca sintomas tem cura",0,10,alimentacao,Alimentação,"doença celíaca",t,"2026-04-13 08:43:38.203977+00",,autocomplete,"2026-04-13 08:43:38.203977+00"
13fbe773-f2c3-47cc-aa09-1f37340653bf,"doença celíaca sintomas diagnóstico e tratamento nutricional",0,10,alimentacao,Alimentação,"doença celíaca",t,"2026-04-13 08:43:38.203977+00",,autocomplete,"2026-04-13 08:43:38.203977+00"
1407ec60-14d3-4b87-95ed-272ff28d7aa7,"o que é refluxo gastroesofágico (drge)",0,10,alimentacao,Alimentação,"refluxo gastroesofágico",t,"2026-04-13 08:40:32.807623+00",,autocomplete,"2026-04-13 08:40:32.807623+00"
14081a62-e48c-45fe-b65a-378428346f7b,"medicamentos para ansiedade",110,28,saude-mental,"Saúde Mental",ansiedade,f,"2026-04-06 08:05:35.66783+00",,pytrends,"2026-04-06 08:05:35.66783+00"
1408e9be-994a-4f09-a24e-548ad58dcefe,"tratamento medicamentoso para doença celíaca",0,10,alimentacao,Alimentação,"doença celíaca",t,"2026-04-13 08:43:38.203977+00",,autocomplete,"2026-04-13 08:43:38.203977+00"
14116f12-4821-460d-98d9-8faaf6db692e,"como tratar enxaqueca infantil",0,15,saude-mental,"Saúde Mental",enxaqueca,t,"2026-04-13 08:43:55.008487+00",,autocomplete,"2026-04-13 08:43:55.008487+00"
14222c20-490f-42ae-ba31-0c1141c9124d,"causas de intolerância ao glúten",0,25,alimentacao,Alimentação,"intolerância ao glúten",t,"2026-03-30 08:15:41.751366+00",,autocomplete,"2026-03-30 08:15:41.751366+00"
1437df39-930e-4369-8800-ee870d902663,"estresse pos traumatico tratamento",0,10,saude-mental,"Saúde Mental",stress,t,"2026-04-13 08:40:21.587655+00",,autocomplete,"2026-04-13 08:40:21.587655+00"
1448b4da-67ea-482b-bf04-71ef113a4291,"causas estresse",0,10,saude-mental,"Saúde Mental",stress,t,"2026-03-30 08:19:17.022631+00",,autocomplete,"2026-03-30 08:19:17.022631+00"
144ec59c-4057-48f4-9785-02a65df1c201,"sintomas fisicos de ptsd",0,85,saude-mental,"Saúde Mental",PTSD,t,"2026-04-13 08:39:36.686137+00",,autocomplete,"2026-04-13 08:39:36.686137+00"
14513cf2-17b8-4c97-9e8a-d3297476c5ee,"causas de lupus eritematoso",0,10,emergentes,Emergentes,lúpus,t,"2026-04-13 08:42:25.267323+00",,autocomplete,"2026-04-13 08:42:25.267323+00"
1467cd47-2336-4cad-9589-fa1445496f09,"anorexia nervosa sintomas causas",0,10,saude-mental,"Saúde Mental","anorexia nervosa",t,"2026-04-13 08:43:04.555328+00",,autocomplete,"2026-04-13 08:43:04.555328+00"
146c754d-cfa3-4bb0-9f6f-7bdf33067c99,"o que é refluxo gastroesofágico sintomas",0,10,alimentacao,Alimentação,"refluxo gastroesofágico",t,"2026-04-13 08:40:32.807623+00",,autocomplete,"2026-04-13 08:40:32.807623+00"
149cc934-97fb-43d8-adaa-c2f355f89744,"causas de sepsis",0,10,emergentes,Emergentes,sepsis,t,"2026-04-13 08:41:00.80186+00",,autocomplete,"2026-04-13 08:41:00.80186+00"
14a39d10-6e40-4b66-b813-cc2fa30eac58,"pre diabetes sintomas",0,10,alimentacao,Alimentação,pré-diabetes,t,"2026-04-13 08:42:08.372884+00",,autocomplete,"2026-04-13 08:42:08.372884+00"
14bc031e-07fe-4b3a-9115-2d112ed0e2dc,"como tratar enxaqueca menstrual",0,25,saude-mental,"Saúde Mental",enxaqueca,t,"2026-04-13 08:43:55.008487+00",,autocomplete,"2026-04-13 08:43:55.008487+00"
14cc971a-d559-4dbf-946a-bd300eea19c6,"diferença entre solidão e solitude",7300,92,saude-mental,"Saúde Mental",solidão,t,"2026-03-30 07:59:29.447904+00",,pytrends,"2026-03-30 07:59:29.447904+00"
14d0f504-131a-45ad-91b2-343258b24b83,"sepsis neonatal tratamento",0,10,emergentes,Emergentes,sepsis,t,"2026-04-13 08:41:00.80186+00",,autocomplete,"2026-04-13 08:41:00.80186+00"
14e18e73-8241-48b4-8543-db41179df89d,"menopausa precoce sintomas 26 anos",0,10,menopausa,Menopausa,"menopausa precoce",t,"2026-04-13 08:37:50.002306+00",,autocomplete,"2026-04-13 08:37:50.002306+00"
15149f5f-32f5-4a75-b1b4-9386a4014429,"melhor tratamento para diabetes tipo 2",0,10,alimentacao,Alimentação,"diabetes tipo 2",t,"2026-04-13 08:42:47.656406+00",,autocomplete,"2026-04-13 08:42:47.656406+00"
1516571b-b92c-477f-82f9-26d36952d556,"o que é candidíase esofágica",0,10,menopausa,Menopausa,candidíase,t,"2026-04-13 08:40:43.957484+00",,autocomplete,"2026-04-13 08:40:43.957484+00"
15308dc1-0212-4ad5-9fdb-21d7e4a63d0e,"tem tratamento para síndrome do intestino irritável",0,10,alimentacao,Alimentação,"síndrome de intestino irritável",t,"2026-04-13 08:40:49.538553+00",,autocomplete,"2026-04-13 08:40:49.538553+00"
154a6c32-d858-47b4-b791-1b87473eddc1,"sintomas de doença celíaca no intestino",0,95,alimentacao,Alimentação,"doença celíaca",t,"2026-04-13 08:43:38.203977+00",,autocomplete,"2026-04-13 08:43:38.203977+00"
154b4a69-c526-44f6-afe6-992125f6c861,"tratamento medicamentoso para burnout",0,10,saude-mental,"Saúde Mental",burnout,t,"2026-04-13 08:38:34.941684+00",,autocomplete,"2026-04-13 08:38:34.941684+00"
155c3ab0-eda9-4dd8-b5a2-c78d82a61ac4,"como prevenir candidíase masculina",0,10,menopausa,Menopausa,candidíase,t,"2026-04-13 08:40:43.957484+00",,autocomplete,"2026-04-13 08:40:43.957484+00"
15602fac-74d3-468c-af2d-bbb7a16021cc,"surviving sepsis campaign guidelines 2026",9999,92,emergentes,Emergentes,sepsis,f,"2026-04-06 08:10:10.959529+00",,pytrends,"2026-04-06 08:10:10.959529+00"
1576f760-d4d6-4114-91af-06a3fb66c827,"sintomas de pânico social",0,75,saude-mental,"Saúde Mental",pânico,t,"2026-04-13 08:39:31.045213+00",,autocomplete,"2026-04-13 08:39:31.045213+00"
15932928-584c-4278-9c88-a24888262b5a,"o vírus nipah pode chegar ao brasil",0,30,emergentes,Emergentes,"vírus nipah",t,"2026-04-13 08:38:12.456348+00",,autocomplete,"2026-04-13 08:38:12.456348+00"
15a3e841-6b41-4ecd-8fec-513cd1129e2a,"tratamento para pré-diabetes",0,10,alimentacao,Alimentação,pré-diabetes,t,"2026-04-13 08:42:08.372884+00",,autocomplete,"2026-04-13 08:42:08.372884+00"
15bbd936-ca96-4109-a56d-393cc7fdedd2,"refluxo gastroesofágico tem cura",9999,60,alimentacao,Alimentação,"refluxo gastroesofágico",f,"2026-03-28 00:20:56.393699+00",,pytrends,"2026-03-28 00:20:56.393699+00"
15be484f-db1a-4355-b3b2-9d48740b53e0,"virus nipah sintomas iniciais",0,10,emergentes,Emergentes,"vírus nipah",t,"2026-04-13 08:38:12.456348+00",,autocomplete,"2026-04-13 08:38:12.456348+00"
15cf63ac-2afb-4388-9ed2-a2a7aa8abff3,"colesterol alto causas sintomas y tratamiento",0,10,alimentacao,Alimentação,"colesterol alto",t,"2026-03-30 08:18:58.756881+00",,autocomplete,"2026-03-30 08:18:58.756881+00"
15dccde3-60e8-49d3-a9df-5d1ae1a4424f,"causas da saude mental no trabalho",0,65,saude-mental,"Saúde Mental","saúde mental no trabalho",t,"2026-04-13 08:41:34.56973+00",,autocomplete,"2026-04-13 08:41:34.56973+00"
15f4f0cb-a500-43fb-bbb8-8f10f99f2cd6,"como tratar anemia ferropriva",0,30,alimentacao,Alimentação,anemia,t,"2026-04-13 08:40:38.397737+00",,autocomplete,"2026-04-13 08:40:38.397737+00"
162ef4bf-0567-4bea-b149-118e20306598,"candidíase genital tratamento",6650,68,menopausa,Menopausa,candidíase,f,"2026-04-06 08:09:49.492291+00",,pytrends,"2026-04-06 08:09:49.492291+00"
166a57fa-9380-4396-a303-802049b044d8,"tratamento para pânico",0,10,saude-mental,"Saúde Mental",pânico,t,"2026-04-13 08:39:31.045213+00",,autocomplete,"2026-04-13 08:39:31.045213+00"
166ea317-05a8-49fb-aebf-042ed379396d,"intolerância ao gluten sintomas adulto",0,10,alimentacao,Alimentação,"intolerância ao glúten",t,"2026-04-13 08:37:05.051837+00",,autocomplete,"2026-04-13 08:37:05.051837+00"
168bbad3-f22f-43f7-940e-d43aed65879d,"é normal ter ansiedade",0,10,saude-mental,"Saúde Mental",ansiedade,t,"2026-04-13 08:38:40.522707+00",,autocomplete,"2026-04-13 08:38:40.522707+00"
168deb81-30da-4af6-84d8-e09ab9e6012e,"o que é endometriose no utero",0,10,menopausa,Menopausa,endometriose,t,"2026-04-13 08:40:10.397854+00",,autocomplete,"2026-04-13 08:40:10.397854+00"
16c980b9-f339-4950-b0f1-dc8997fcb46d,"principais sintomas de alcoolismo",0,65,saude-mental,"Saúde Mental",alcoolismo,t,"2026-04-13 08:43:49.404375+00",,autocomplete,"2026-04-13 08:43:49.404375+00"
16d5160d-fffe-4e04-81db-e5c81ca50b58,"burnout tratamento",0,10,saude-mental,"Saúde Mental",burnout,t,"2026-04-13 08:38:34.941684+00",,autocomplete,"2026-04-13 08:38:34.941684+00"
16ed6a3d-14e4-4147-a6cf-2f9dfc6feeb5,"depressão causas e sintomas",0,10,saude-mental,"Saúde Mental",depressão,t,"2026-04-13 08:38:46.093196+00",,autocomplete,"2026-04-13 08:38:46.093196+00"
17228b53-a551-43d0-b791-b77a32964fbc,"anorexia nervosa sintomas e características",0,10,saude-mental,"Saúde Mental","anorexia nervosa",t,"2026-04-13 08:43:04.555328+00",,autocomplete,"2026-04-13 08:43:04.555328+00"
174455ec-e601-4b44-8549-93ca2975db20,"terapia hormonal tratamento",0,45,menopausa,Menopausa,"terapia hormonal",t,"2026-04-13 08:37:21.896373+00",,autocomplete,"2026-04-13 08:37:21.896373+00"
177b97f4-da0e-478c-9c2f-d6c7737c610a,"alzheimer sintomas visuais",0,10,saude-mental,"Saúde Mental",alzheimer,t,"2026-04-13 08:43:15.769569+00",,autocomplete,"2026-04-13 08:43:15.769569+00"
179ec33b-7803-4859-973f-fce36ed11747,"doenças cardiovasculares sintomas",0,10,emergentes,Emergentes,"doenças cardiovasculares",t,"2026-04-13 08:43:21.329264+00",,autocomplete,"2026-04-13 08:43:21.329264+00"
17ad3b25-9aac-4467-80ef-c3d439f953d4,"é normal ter enxaqueca no período fértil",0,10,saude-mental,"Saúde Mental",enxaqueca,t,"2026-04-13 08:43:55.008487+00",,autocomplete,"2026-04-13 08:43:55.008487+00"
17bcdf06-224e-4633-9a60-2accdf980a02,"causas del virus nipah",0,10,emergentes,Emergentes,"vírus nipah",t,"2026-04-13 08:38:12.456348+00",,autocomplete,"2026-04-13 08:38:12.456348+00"
17dbe77d-1c87-4dcf-a042-73087d513eaa,"como tratar diabetes tipo 2",0,50,alimentacao,Alimentação,"diabetes tipo 2",t,"2026-04-13 08:42:47.656406+00",,autocomplete,"2026-04-13 08:42:47.656406+00"
17dc2ad2-546c-423c-9136-9a36969ace3a,"enxaqueca causas",200,60,saude-mental,"Saúde Mental",enxaqueca,f,"2026-04-13 08:36:05.931314+00",,pytrends,"2026-04-13 08:36:05.931314+00"
17fb1c2b-5f9f-4b14-9111-1a392f235116,"tratamentos para cancro da mama",0,10,menopausa,Menopausa,"cancro da mama",t,"2026-04-13 08:40:55.173287+00",,autocomplete,"2026-04-13 08:40:55.173287+00"
17fbbf55-b434-4e92-bb5b-084f4cdde110,"como tratar alguem com alcoolismo",0,20,saude-mental,"Saúde Mental",alcoolismo,t,"2026-04-13 08:43:49.404375+00",,autocomplete,"2026-04-13 08:43:49.404375+00"
18031d51-11bd-4d37-ba8a-446b8af70c40,"dieta cetogenica sintomas",0,65,alimentacao,Alimentação,"dieta cetogénica",t,"2026-04-13 08:37:55.594739+00",,autocomplete,"2026-04-13 08:37:55.594739+00"
18100963-98ae-4d34-87a4-b2c4ad659276,"doença lúpus",250,84,emergentes,Emergentes,lúpus,f,"2026-04-06 08:12:58.949254+00",,pytrends,"2026-04-06 08:12:58.949254+00"
181ffba3-1011-40a5-ba42-cc1f17c1d861,"sintomas de osteoporose no joelho",0,70,menopausa,Menopausa,osteoporose,t,"2026-04-13 08:36:53.898281+00",,autocomplete,"2026-04-13 08:36:53.898281+00"
18361140-180c-4954-a3ab-5e9c36288f40,"como tratar o sentimento de solidão",0,75,saude-mental,"Saúde Mental",solidão,t,"2026-04-13 08:38:51.66098+00",,autocomplete,"2026-04-13 08:38:51.66098+00"
1850161f-d89a-4a8d-b536-73c6dcef2a07,"é normal ter insônia antes de menstruar",0,10,saude-mental,"Saúde Mental",insónia,t,"2026-04-13 08:39:19.763922+00",,autocomplete,"2026-04-13 08:39:19.763922+00"
1850ade0-299b-4e65-9cf0-36423589f885,"endometriose o'que é",5200,28,menopausa,Menopausa,endometriose,f,"2026-03-23 07:41:17.864203+00",,pytrends,"2026-03-27 18:34:47.925931+00"
1897be69-c08c-49d6-add6-1ab58100b902,"ansiedade tratamento frequencia 432hz",0,10,saude-mental,"Saúde Mental",ansiedade,t,"2026-04-13 08:38:40.522707+00",,autocomplete,"2026-04-13 08:38:40.522707+00"
18a2dd28-72cb-4001-bbb7-2c211d8097a8,"anemia symptoms",140,10,alimentacao,Alimentação,anemia,f,"2026-04-13 08:29:36.237329+00",,pytrends,"2026-04-13 08:29:36.237329+00"
18ace634-f81a-42ff-adca-356ab526ce26,"demencia causas reversiveis",0,10,saude-mental,"Saúde Mental",demência,t,"2026-04-13 08:40:27.20613+00",,autocomplete,"2026-04-13 08:40:27.20613+00"
18b47a04-8e5c-4db7-afa2-e21f204ab3c1,"insonia tratamento natural",0,10,saude-mental,"Saúde Mental",insónia,t,"2026-04-13 08:39:19.763922+00",,autocomplete,"2026-04-13 08:39:19.763922+00"
18b64f4e-9500-4428-b54d-740af0408468,"ansiedade sintomas tratamento",0,10,saude-mental,"Saúde Mental",ansiedade,t,"2026-04-13 08:38:40.522707+00",,autocomplete,"2026-04-13 08:38:40.522707+00"
190f15fd-7e41-42fc-90cf-d583a06a856e,"sintomas de vírus nipah",0,100,emergentes,Emergentes,"vírus nipah",t,"2026-04-13 08:38:12.456348+00",,autocomplete,"2026-04-13 08:38:12.456348+00"
191ed6e8-831c-4f9d-9c68-024a78f481ed,"menopausa precoce causas e sintomas",0,10,menopausa,Menopausa,"menopausa precoce",t,"2026-04-13 08:37:50.002306+00",,autocomplete,"2026-04-13 08:37:50.002306+00"
193c6908-c93a-4832-8588-490d66aa3cef,"anemia tem cura",9999,100,alimentacao,Alimentação,anemia,f,"2026-03-23 07:34:29.013551+00",,pytrends,"2026-03-27 18:34:47.925931+00"
1952caa5-e9ec-4001-a8b9-4c5068e48f1a,"enxaqueca o que tomar",160,36,saude-mental,"Saúde Mental",enxaqueca,f,"2026-04-13 08:36:05.931314+00",,pytrends,"2026-04-13 08:36:05.931314+00"
1960e77d-eb4c-423c-a023-c3cc45943c5c,"sintomas de fobia social leve",0,60,saude-mental,"Saúde Mental","fobia social",t,"2026-04-13 08:41:17.653799+00",,autocomplete,"2026-04-13 08:41:17.653799+00"
197cd1ed-14c9-46fd-8543-f27766c88c35,"sao consideradas causas mais frequentes de obesidade infantil",0,20,alimentacao,Alimentação,"obesidade infantil",t,"2026-03-30 08:15:35.780263+00",,autocomplete,"2026-03-30 08:15:35.780263+00"
197f0895-c456-4f4a-834a-8abb69793b37,"sintomas de osteoporose no ombro",0,60,menopausa,Menopausa,osteoporose,t,"2026-04-13 08:36:53.898281+00",,autocomplete,"2026-04-13 08:36:53.898281+00"
19b66510-bc07-4a6e-b38b-926c58aa6522,"como tratar colesterol alto de forma natural",0,30,alimentacao,Alimentação,"colesterol alto",t,"2026-04-13 08:40:04.811683+00",,autocomplete,"2026-04-13 08:40:04.811683+00"
19b7991e-6ca5-4af2-80da-0d2312177640,"como prevenir pré diabetes",0,10,alimentacao,Alimentação,pré-diabetes,t,"2026-04-13 08:42:08.372884+00",,autocomplete,"2026-04-13 08:42:08.372884+00"
1a550118-f69e-4432-bc37-6615596df3aa,"o que é enxaqueca sintomas",0,10,saude-mental,"Saúde Mental",enxaqueca,t,"2026-04-13 08:43:55.008487+00",,autocomplete,"2026-04-13 08:43:55.008487+00"
1a5e2c4c-3337-47e7-8afa-9b6d3593015b,"tem como prevenir a ansiedade",0,10,saude-mental,"Saúde Mental",ansiedade,t,"2026-04-13 08:38:40.522707+00",,autocomplete,"2026-04-13 08:38:40.522707+00"
1a73da94-8a66-432a-8296-f280bb45cc6f,"sintomas de incontinência urinária tem cura",0,70,menopausa,Menopausa,"incontinência urinária",t,"2026-04-13 08:42:42.043868+00",,autocomplete,"2026-04-13 08:42:42.043868+00"
1a894628-bd79-4f66-b371-e946262616ed,"é normal ter anemia pos parto",0,10,alimentacao,Alimentação,anemia,t,"2026-04-13 08:40:38.397737+00",,autocomplete,"2026-04-13 08:40:38.397737+00"
1a904499-ecdc-4433-b611-a9ba1e11204c,"enxaqueca causas alimentos",0,10,saude-mental,"Saúde Mental",enxaqueca,t,"2026-04-13 08:43:55.008487+00",,autocomplete,"2026-04-13 08:43:55.008487+00"
1a96c424-f0a1-4af3-992a-0d72e26b661f,"o que significa diabetes tipo 2",0,10,alimentacao,Alimentação,"diabetes tipo 2",t,"2026-04-13 08:42:47.656406+00",,autocomplete,"2026-04-13 08:42:47.656406+00"
1aa4d2fb-769a-4cc1-8120-df4a0334b1f2,"sepse sintomas em crianças",0,10,emergentes,Emergentes,sepsis,t,"2026-04-13 08:41:00.80186+00",,autocomplete,"2026-04-13 08:41:00.80186+00"
1ada92b7-d9fc-498e-8af1-2344411d5bbc,"osteoporose principais causas",0,10,menopausa,Menopausa,osteoporose,t,"2026-04-13 08:36:53.898281+00",,autocomplete,"2026-04-13 08:36:53.898281+00"
1af9f9a8-e98c-4e11-8b06-7902ddd5f0e6,"causas de candida auris",0,25,emergentes,Emergentes,"candida auris",t,"2026-04-13 08:42:30.835875+00",,autocomplete,"2026-04-13 08:42:30.835875+00"
1afdc41d-677e-42ae-bc2f-4a6c8df7cd51,"osteoporose tratamento nutricional",0,10,menopausa,Menopausa,osteoporose,t,"2026-04-13 08:36:53.898281+00",,autocomplete,"2026-04-13 08:36:53.898281+00"
1b0f5cbc-97ef-48eb-9ebf-f35441117192,"tratamento para demência precoce",0,10,saude-mental,"Saúde Mental",demência,t,"2026-04-13 08:40:27.20613+00",,autocomplete,"2026-04-13 08:40:27.20613+00"
1b10d165-4bc6-4b70-9ec9-0b92faa6427b,"o'que é ptsd sintomas",0,30,saude-mental,"Saúde Mental",PTSD,t,"2026-04-13 08:39:36.686137+00",,autocomplete,"2026-04-13 08:39:36.686137+00"
1b281ae0-87b7-4f51-9a06-c62652afdb3d,"causas de lupus en hombres",0,10,emergentes,Emergentes,lúpus,t,"2026-04-13 08:42:25.267323+00",,autocomplete,"2026-04-13 08:42:25.267323+00"
1b39d1eb-5df2-4ec1-a0e7-316d186e1fd4,"é normal ter convulsão após avc",0,10,emergentes,Emergentes,avc,t,"2026-04-13 08:41:12.052215+00",,autocomplete,"2026-04-13 08:41:12.052215+00"
1b50223c-f691-4468-b1fb-2c140799dd69,"jejum intermitente quantas horas",9999,100,alimentacao,Alimentação,"jejum intermitente",f,"2026-04-06 08:01:54.254993+00",,pytrends,"2026-04-06 08:01:54.254993+00"
1b5acda7-dfc3-4aee-a2b8-230ae74dd5b8,"tratamento para diabetes tipo 2",0,10,alimentacao,Alimentação,"diabetes tipo 2",t,"2026-04-13 08:42:47.656406+00",,autocomplete,"2026-04-13 08:42:47.656406+00"
1b6787e5-b769-4761-bcb7-1bf99ec7226f,"causas de avc em crianças",0,10,emergentes,Emergentes,avc,t,"2026-04-13 08:41:12.052215+00",,autocomplete,"2026-04-13 08:41:12.052215+00"
1b843956-02bf-479c-927e-0f4a41354216,"como tratar colesterol alto",0,50,alimentacao,Alimentação,"colesterol alto",t,"2026-04-13 08:40:04.811683+00",,autocomplete,"2026-04-13 08:40:04.811683+00"
1b97d273-757b-41a4-8b73-f6cac51cb9f0,"fobia social sintomas teste",0,10,saude-mental,"Saúde Mental","fobia social",t,"2026-04-13 08:41:17.653799+00",,autocomplete,"2026-04-13 08:41:17.653799+00"
1bb17927-ed43-4da8-8449-7a67bf9a26cd,"tratamento alcoolismo medicamento",0,10,saude-mental,"Saúde Mental",alcoolismo,t,"2026-04-13 08:43:49.404375+00",,autocomplete,"2026-04-13 08:43:49.404375+00"
1bd2b248-d5a6-41e0-83f1-7febf584ded6,"rastreio cancro da mama",50,84,menopausa,Menopausa,"cancro da mama",f,"2026-04-06 08:10:00.347905+00",,pytrends,"2026-04-06 08:10:00.347905+00"
1be30799-3e61-4de2-a9f8-3f86fd80512b,"como prevenir cancro da mama",0,10,menopausa,Menopausa,"cancro da mama",t,"2026-04-13 08:40:55.173287+00",,autocomplete,"2026-04-13 08:40:55.173287+00"
1be8e403-9ea4-42c6-9b88-3676b42e69e9,"o que é ansiedade de separação",0,10,saude-mental,"Saúde Mental",ansiedade,t,"2026-04-13 08:38:40.522707+00",,autocomplete,"2026-04-13 08:38:40.522707+00"
1c11fdb4-9f99-4c33-b5cb-a7abb4d73685,"fobia social sintomas tem cura",0,10,saude-mental,"Saúde Mental","fobia social",t,"2026-04-13 08:41:17.653799+00",,autocomplete,"2026-04-13 08:41:17.653799+00"
1c1d2522-06f9-44a5-98fa-f12124b31398,"o que é dieta cetogenica cardapio",0,90,alimentacao,Alimentação,"dieta cetogénica",t,"2026-04-13 08:37:55.594739+00",,autocomplete,"2026-04-13 08:37:55.594739+00"
1c3373a5-9c21-4427-b26c-b435be454d6d,"tdah leve sintomas adulto",0,10,saude-mental,"Saúde Mental","TDAH adulto",t,"2026-04-13 08:39:53.572317+00",,autocomplete,"2026-04-13 08:39:53.572317+00"
1c4a1a9c-3ca5-4ec5-86d6-be4eeb3cbfce,"fobia social sintomas cid",0,10,saude-mental,"Saúde Mental","fobia social",t,"2026-04-13 08:41:17.653799+00",,autocomplete,"2026-04-13 08:41:17.653799+00"
1c54da5f-41ef-4d72-9771-3b0b80f001a0,"sintomas refluxo gastroesofágico",60,52,alimentacao,Alimentação,"refluxo gastroesofágico",t,"2026-03-28 00:20:56.393699+00",,pytrends,"2026-03-28 00:20:56.393699+00"
1c777b14-0364-43e3-9dd2-bdde45b36189,"tratamento para anemia em criança",0,10,alimentacao,Alimentação,anemia,t,"2026-04-13 08:40:38.397737+00",,autocomplete,"2026-04-13 08:40:38.397737+00"
1c7e4275-1dbd-4ded-bc62-379cb09cca02,"é normal perder peso na menopausa",0,55,menopausa,Menopausa,"peso na menopausa",t,"2026-04-13 08:38:29.321032+00",,autocomplete,"2026-04-13 08:38:29.321032+00"
1c92f8a6-a6a5-4659-82a2-c190de0c0f38,"como tratar demência alcoólica",0,35,saude-mental,"Saúde Mental",demência,t,"2026-04-13 08:40:27.20613+00",,autocomplete,"2026-04-13 08:40:27.20613+00"
1cbfcd0f-4796-4c0d-b5e7-e5debc1faaf3,"como tratar lúpus cutâneo",0,35,emergentes,Emergentes,lúpus,t,"2026-04-13 08:42:25.267323+00",,autocomplete,"2026-04-13 08:42:25.267323+00"
1cd198fa-1a4e-4d30-95bf-d303e8da087c,"como tratar burnout em casa",0,45,saude-mental,"Saúde Mental",burnout,t,"2026-04-13 08:38:34.941684+00",,autocomplete,"2026-04-13 08:38:34.941684+00"
1cd4346a-707b-415d-9863-c971bba3e252,"demência tratamento medicamentoso",0,10,saude-mental,"Saúde Mental",demência,t,"2026-04-13 08:40:27.20613+00",,autocomplete,"2026-04-13 08:40:27.20613+00"
1d13b2a0-9976-4c5d-bd79-50063dc040c9,"lúpus sintomas exames",0,10,emergentes,Emergentes,lúpus,t,"2026-04-13 08:42:25.267323+00",,autocomplete,"2026-04-13 08:42:25.267323+00"
1d1a62f4-f463-4679-8a3f-b15b169832bc,"causas de depressão pos parto",0,10,saude-mental,"Saúde Mental",depressão,t,"2026-04-13 08:38:46.093196+00",,autocomplete,"2026-04-13 08:38:46.093196+00"
1d3a03aa-13a1-40a6-9b1b-8a0dbd9fbf7f,"é normal ter ansiedade todos os dias",0,10,saude-mental,"Saúde Mental",ansiedade,t,"2026-04-13 08:38:40.522707+00",,autocomplete,"2026-04-13 08:38:40.522707+00"
1d6beb62-f226-4f03-b34b-1329c5330693,"o que é demência vascular cerebral",0,10,saude-mental,"Saúde Mental",demência,t,"2026-04-13 08:40:27.20613+00",,autocomplete,"2026-04-13 08:40:27.20613+00"
1d70cc40-ab91-46e8-9b4a-652a9db315c8,"como prevenir avc em idosos",0,10,emergentes,Emergentes,avc,t,"2026-04-13 08:41:12.052215+00",,autocomplete,"2026-04-13 08:41:12.052215+00"
1d809fbd-5302-4f11-bec9-0ef88c15c43d,"como aliviar enxaqueca em minutos",3550,20,saude-mental,"Saúde Mental",enxaqueca,t,"2026-03-30 08:08:36.559366+00",,pytrends,"2026-03-30 08:08:36.559366+00"
1d8593fc-bea0-43a2-a996-e70140111932,"síndrome intestino irritável tratamento medicamentoso",0,10,alimentacao,Alimentação,"síndrome de intestino irritável",t,"2026-04-13 08:40:49.538553+00",,autocomplete,"2026-04-13 08:40:49.538553+00"
1d87d8aa-c875-482e-873a-e6e7e161b9db,"síndrome de intestino irritável causas",0,10,alimentacao,Alimentação,"síndrome de intestino irritável",t,"2026-04-13 08:40:49.538553+00",,autocomplete,"2026-04-13 08:40:49.538553+00"
1db70dbe-4cc4-4904-b052-46526eb84b42,"como tratar depressão infantil",0,10,saude-mental,"Saúde Mental",depressão,t,"2026-04-13 08:38:46.093196+00",,autocomplete,"2026-04-13 08:38:46.093196+00"
1db8106d-b56a-4122-9e72-04001bab94f5,"o que pré diabetes pode comer",0,10,alimentacao,Alimentação,pré-diabetes,t,"2026-04-13 08:42:08.372884+00",,autocomplete,"2026-04-13 08:42:08.372884+00"
1de1ba33-fec5-48f9-b403-3d7c9bfecb8a,"o que é enxaqueca com aura",50,10,saude-mental,"Saúde Mental",enxaqueca,t,"2026-03-30 08:08:36.559366+00",,pytrends,"2026-03-30 08:08:36.559366+00"
1e1bd351-4294-40d1-b087-0d085b0a45af,"sintomas de osteoporose nos ossos",0,80,menopausa,Menopausa,osteoporose,t,"2026-04-13 08:36:53.898281+00",,autocomplete,"2026-04-13 08:36:53.898281+00"
1e2ec8b7-ae2e-44e9-882a-8f30e63402f6,"mpox portugal sintomas",0,100,emergentes,Emergentes,"mpox portugal",t,"2026-04-13 08:39:02.87764+00",,autocomplete,"2026-04-13 08:39:02.87764+00"
1e35d467-8444-4fb0-af72-d939c4a39353,"o que é sepse urinaria",0,10,emergentes,Emergentes,sepsis,t,"2026-04-13 08:41:00.80186+00",,autocomplete,"2026-04-13 08:41:00.80186+00"
1e3d9f11-1598-48aa-84b0-ac2c4b0ae008,mioma,5850,36,menopausa,Menopausa,endometriose,f,"2026-03-23 07:41:17.864169+00",,pytrends,"2026-03-27 18:34:47.925931+00"
1e53321c-c3e4-41c0-a525-953a7032a7b8,"o que é enxaqueca com aura e sem aura",0,10,saude-mental,"Saúde Mental",enxaqueca,t,"2026-04-13 08:43:55.008487+00",,autocomplete,"2026-04-13 08:43:55.008487+00"
1e84908a-1402-4c3d-a514-50928aff694f,"tratamento para lúpus eritematoso sistêmico",0,10,emergentes,Emergentes,lúpus,t,"2026-04-13 08:42:25.267323+00",,autocomplete,"2026-04-13 08:42:25.267323+00"
1e84c870-6f0e-4f57-a304-fa0d35352c3a,"incontinencia urinaria tratamento cirurgico",0,10,menopausa,Menopausa,"incontinência urinária",t,"2026-04-13 08:42:42.043868+00",,autocomplete,"2026-04-13 08:42:42.043868+00"
1e8df4f6-6ec8-4a7d-b01c-7ad97cb25361,"tratamento moderno para diabetes tipo 2",0,10,alimentacao,Alimentação,"diabetes tipo 2",t,"2026-04-13 08:42:47.656406+00",,autocomplete,"2026-04-13 08:42:47.656406+00"
1e955137-4e9d-427e-ab57-ca74f845cd0b,"insônia tratamento",0,10,saude-mental,"Saúde Mental",insónia,t,"2026-04-13 08:39:19.763922+00",,autocomplete,"2026-04-13 08:39:19.763922+00"
1ec9d79d-3640-4233-a091-6e02e6490d9e,"sintomas de anemia",0,100,alimentacao,Alimentação,anemia,t,"2026-04-13 08:40:38.397737+00",,autocomplete,"2026-04-13 08:40:38.397737+00"
1ece7ae0-2c70-4b49-8b64-e0a5b3d74c0f,"tratamento insonia de manutenção",0,10,saude-mental,"Saúde Mental",insónia,t,"2026-04-13 08:39:19.763922+00",,autocomplete,"2026-04-13 08:39:19.763922+00"
1eddd4a8-1da4-4d40-a9c8-dd2e1e661af5,"alzheimer causas e sintomas",0,10,saude-mental,"Saúde Mental",alzheimer,t,"2026-04-13 08:43:15.769569+00",,autocomplete,"2026-04-13 08:43:15.769569+00"
1ee35bb9-36c4-4890-9e2b-a2e546c7bed6,"o que é terapia online",0,100,saude-mental,"Saúde Mental","terapia online",t,"2026-04-13 08:39:59.193516+00",,autocomplete,"2026-04-13 08:39:59.193516+00"
1ef1b5d3-91d9-41e9-b66d-bf17541c8358,"avc causas",0,10,emergentes,Emergentes,avc,t,"2026-04-13 08:41:12.052215+00",,autocomplete,"2026-04-13 08:41:12.052215+00"
1f20e37d-3b0f-4ee0-8e3b-1576c24747ff,"sindrome del ovario poliquistico sintomas",0,45,menopausa,Menopausa,"síndrome do ovário poliquístico",t,"2026-04-13 08:43:26.930582+00",,autocomplete,"2026-04-13 08:43:26.930582+00"
1f2ea90f-f4ed-4f64-bd0d-82463b3ee505,"tratamento para demencia com corpos de lewy",0,10,saude-mental,"Saúde Mental",demência,t,"2026-04-13 08:40:27.20613+00",,autocomplete,"2026-04-13 08:40:27.20613+00"
1f33999a-4179-4aaa-bfe8-82d1ae812dc1,"primeiros sintomas alcoolismo",0,10,saude-mental,"Saúde Mental",alcoolismo,t,"2026-04-13 08:43:49.404375+00",,autocomplete,"2026-04-13 08:43:49.404375+00"
1f3e75be-7433-4f62-8217-a898e6adbe37,"tratamento para burnout autista",0,10,saude-mental,"Saúde Mental",burnout,t,"2026-04-13 08:38:34.941684+00",,autocomplete,"2026-04-13 08:38:34.941684+00"
1f850bd6-e125-4f3e-b366-bf359d671b17,"o que é refluxo gastroesofágico em bebe",0,10,alimentacao,Alimentação,"refluxo gastroesofágico",t,"2026-04-13 08:40:32.807623+00",,autocomplete,"2026-04-13 08:40:32.807623+00"
1f8a6196-9d12-4a08-91d1-903ec911a5d1,"sintomas de ataque de pânico",9999,76,saude-mental,"Saúde Mental",pânico,t,"2026-04-06 08:00:27.853633+00",,pytrends,"2026-04-06 08:00:27.853633+00"
1fab4d83-b9ef-4663-b83a-df2066b8826a,"lúpus sintomas iniciais no rosto",0,10,emergentes,Emergentes,lúpus,t,"2026-03-30 08:17:29.204312+00",,autocomplete,"2026-03-30 08:17:29.204312+00"
1fb04440-3077-43e7-8ddd-2a1362894e18,"tratamento natural para estresse",0,10,saude-mental,"Saúde Mental",stress,t,"2026-04-13 08:40:21.587655+00",,autocomplete,"2026-04-13 08:40:21.587655+00"
1fcf71c0-813a-449c-acab-f3602622d73b,"lúpus tratamento medicamentoso",0,10,emergentes,Emergentes,lúpus,t,"2026-04-13 08:42:25.267323+00",,autocomplete,"2026-04-13 08:42:25.267323+00"
1fd99bf7-dfdd-414c-a037-3e9a029f0eda,"sintomas de lúpus eritematoso",0,65,emergentes,Emergentes,lúpus,t,"2026-04-13 08:42:25.267323+00",,autocomplete,"2026-04-13 08:42:25.267323+00"
1fe04f3d-1bc0-4443-96ba-f9e621fdb88c,"tratamento para sindrome do intestino irritavel sintomas",0,10,alimentacao,Alimentação,"síndrome de intestino irritável",t,"2026-04-13 08:40:49.538553+00",,autocomplete,"2026-04-13 08:40:49.538553+00"
1fe08a09-442e-49a0-8ea1-e0273a985390,"avc tratamento fisioterapêutico exercícios",0,10,emergentes,Emergentes,avc,t,"2026-04-13 08:41:12.052215+00",,autocomplete,"2026-04-13 08:41:12.052215+00"
1fe12a6c-bde7-46ce-9357-6c10db733781,"o que significa ter suores noturnos",0,50,menopausa,Menopausa,"suores noturnos",t,"2026-04-13 08:37:44.379314+00",,autocomplete,"2026-04-13 08:37:44.379314+00"
1fe41321-da55-42f1-9be5-1d6631c33275,"intolerância à lactose sintomas graves",0,10,alimentacao,Alimentação,"intolerância à lactose",t,"2026-04-13 08:43:43.801483+00",,autocomplete,"2026-04-13 08:43:43.801483+00"
1feecfa9-01b4-44d5-8500-e15f4b172097,"suores noturnos sintomas",0,20,menopausa,Menopausa,"suores noturnos",t,"2026-04-13 08:37:44.379314+00",,autocomplete,"2026-04-13 08:37:44.379314+00"
1ff10be4-080b-49c1-9f92-853eeaf55b02,"sepsis causas mas comunes",0,10,emergentes,Emergentes,sepsis,t,"2026-04-13 08:41:00.80186+00",,autocomplete,"2026-04-13 08:41:00.80186+00"
1ffff84e-b646-4a0f-8016-83e6cb6ff705,"intolerância a lactose tratamento",0,10,alimentacao,Alimentação,"intolerância à lactose",t,"2026-04-13 08:43:43.801483+00",,autocomplete,"2026-04-13 08:43:43.801483+00"
202a0f9b-b648-4d1e-86c7-95ebddccf15b,"o que piora síndrome do intestino irritável",0,10,alimentacao,Alimentação,"síndrome de intestino irritável",t,"2026-04-13 08:40:49.538553+00",,autocomplete,"2026-04-13 08:40:49.538553+00"
202d35c2-ba27-4ad4-bac7-ee4e4ebd4269,"doença celíaca refratária tratamento",0,10,alimentacao,Alimentação,"doença celíaca",t,"2026-04-13 08:43:38.203977+00",,autocomplete,"2026-04-13 08:43:38.203977+00"
2033efdb-22cf-4882-b5b8-9caf7b6a9622,"enxaqueca causas e sintomas",0,10,saude-mental,"Saúde Mental",enxaqueca,t,"2026-04-13 08:43:55.008487+00",,autocomplete,"2026-04-13 08:43:55.008487+00"
2066afb3-ac1e-4c4a-a69c-54f79b3ed340,"sepse sintomas em bebe",0,10,emergentes,Emergentes,sepsis,t,"2026-04-13 08:41:00.80186+00",,autocomplete,"2026-04-13 08:41:00.80186+00"
207bc14a-c842-49fa-b841-c06ee3a85795,"incontinência urinária tratamento medicamentoso",0,10,menopausa,Menopausa,"incontinência urinária",t,"2026-04-13 08:42:42.043868+00",,autocomplete,"2026-04-13 08:42:42.043868+00"
207c2c7f-5cc9-4869-8f7d-1b122d851e5c,"insónia familiar fatal",9999,100,saude-mental,"Saúde Mental",insónia,f,"2026-03-23 07:31:06.203634+00",,pytrends,"2026-03-27 18:34:47.925931+00"
20a342df-8b80-414c-8b03-ac69118bdc5a,"sepse sintomas cachorro",0,10,emergentes,Emergentes,sepsis,t,"2026-04-13 08:41:00.80186+00",,autocomplete,"2026-04-13 08:41:00.80186+00"
20e2a276-1966-4144-9a6f-b707ba261222,"o que são doenças cardiovasculares artigos",0,45,emergentes,Emergentes,"doenças cardiovasculares",t,"2026-04-13 08:43:21.329264+00",,autocomplete,"2026-04-13 08:43:21.329264+00"
20ea2f0a-7d59-472a-91ee-20836c8667d9,"o que é ansiedade patológica",0,10,saude-mental,"Saúde Mental",ansiedade,t,"2026-04-13 08:38:40.522707+00",,autocomplete,"2026-04-13 08:38:40.522707+00"
2105b942-2f6c-4f2c-a19b-d608e34166de,"como tratar o pânico do medo",0,30,saude-mental,"Saúde Mental",pânico,t,"2026-04-13 08:39:31.045213+00",,autocomplete,"2026-04-13 08:39:31.045213+00"
2124c5e0-df37-4165-8e4b-84e238685560,"o que é depressão respiratória",0,10,saude-mental,"Saúde Mental",depressão,t,"2026-04-13 08:38:46.093196+00",,autocomplete,"2026-04-13 08:38:46.093196+00"
213230a4-06d8-48bf-93dc-30dce7423f65,"como tratar avc",0,50,emergentes,Emergentes,avc,t,"2026-04-13 08:41:12.052215+00",,autocomplete,"2026-04-13 08:41:12.052215+00"
213c83bd-dc67-489e-9f71-5ce67e726a36,"enxaqueca sintomas iniciais",0,10,saude-mental,"Saúde Mental",enxaqueca,t,"2026-04-13 08:43:55.008487+00",,autocomplete,"2026-04-13 08:43:55.008487+00"
21421b77-d050-4dc2-a1e1-53fd442a1e4b,"tdah sintomas adulto teste",0,10,saude-mental,"Saúde Mental","TDAH adulto",t,"2026-04-13 08:39:53.572317+00",,autocomplete,"2026-04-13 08:39:53.572317+00"
2151dc0f-a0fc-48a3-83aa-4d11116e54da,"remedio para ansiedade",60,10,saude-mental,"Saúde Mental",ansiedade,f,"2026-03-28 00:08:45.453336+00",,pytrends,"2026-03-28 00:08:45.453336+00"
218515b3-44f8-4d7c-b3fc-d6896d50abba,"sintomas de burnout",0,100,saude-mental,"Saúde Mental",burnout,t,"2026-04-13 08:38:34.941684+00",,autocomplete,"2026-04-13 08:38:34.941684+00"
218de098-39a7-442f-9ea4-03aca221b4e7,"é normal ter depressão na gravidez",0,10,saude-mental,"Saúde Mental",depressão,t,"2026-04-13 08:38:46.093196+00",,autocomplete,"2026-04-13 08:38:46.093196+00"
21ba1c24-46a7-4812-a688-f72d75c92e41,"sintomas alzheimer precoce",9999,92,saude-mental,"Saúde Mental",alzheimer,t,"2026-03-23 07:37:51.054928+00",,pytrends,"2026-03-27 18:34:47.925931+00"
21e251ae-fd87-4870-b392-d8efed9eefaf,"sintomas de intolerância ao glúten e a lactose",0,70,alimentacao,Alimentação,"intolerância ao glúten",t,"2026-04-13 08:37:05.051837+00",,autocomplete,"2026-04-13 08:37:05.051837+00"
2205ff96-7a4e-41c3-83d2-85dee52008f4,"sintomas de depressão silenciosa",0,90,saude-mental,"Saúde Mental",depressão,t,"2026-04-13 08:38:46.093196+00",,autocomplete,"2026-04-13 08:38:46.093196+00"
223a545e-193a-4a56-a680-5afdcb0c92ec,"anemia causas e consequências",0,10,alimentacao,Alimentação,anemia,t,"2026-04-13 08:40:38.397737+00",,autocomplete,"2026-04-13 08:40:38.397737+00"
225651e6-c86d-4e14-86d7-20b86718ba80,"alcoolismo tratamento",0,10,saude-mental,"Saúde Mental",alcoolismo,t,"2026-04-13 08:43:49.404375+00",,autocomplete,"2026-04-13 08:43:49.404375+00"
225a7ceb-88a5-4708-b2f8-492aa894e428,"o que a menopausa precoce pode causar",0,10,menopausa,Menopausa,"menopausa precoce",t,"2026-04-13 08:37:50.002306+00",,autocomplete,"2026-04-13 08:37:50.002306+00"
226140c0-2fa0-4b57-a4f0-fbe847072955,"causas de alzheimer precoz",0,10,saude-mental,"Saúde Mental",alzheimer,t,"2026-04-13 08:43:15.769569+00",,autocomplete,"2026-04-13 08:43:15.769569+00"
22639251-44d2-4063-a084-15aa5ac2bfe5,"o que a fobia social pode causar",0,10,saude-mental,"Saúde Mental","fobia social",t,"2026-03-30 08:20:10.5658+00",,autocomplete,"2026-03-30 08:20:10.5658+00"
2266573c-5fa7-475a-8638-a75133bdc123,"depressão sintomas teste",0,10,saude-mental,"Saúde Mental",depressão,t,"2026-04-13 08:38:46.093196+00",,autocomplete,"2026-04-13 08:38:46.093196+00"
228bfbf9-4bb4-40a3-a3f6-c3a1d0b9adab,"sintomas de diabetes tipo 2 em adolescentes",0,55,alimentacao,Alimentação,"diabetes tipo 2",t,"2026-04-13 08:42:47.656406+00",,autocomplete,"2026-04-13 08:42:47.656406+00"
228e1784-db6e-4e73-b299-0f6f7b3bb9b1,"sintomas de menopausa masculina",0,100,menopausa,Menopausa,"menopausa masculina",t,"2026-04-13 08:39:08.490186+00",,autocomplete,"2026-04-13 08:39:08.490186+00"
22b18089-e141-40f0-b41b-abc262a6432d,"tratamento para alzheimer pelo sus",0,10,saude-mental,"Saúde Mental",alzheimer,t,"2026-04-13 08:43:15.769569+00",,autocomplete,"2026-04-13 08:43:15.769569+00"
22bfa8ba-bcc2-4d78-868b-cdd7472ff029,"sintomas panico do medo",0,10,saude-mental,"Saúde Mental",pânico,t,"2026-04-13 08:39:31.045213+00",,autocomplete,"2026-04-13 08:39:31.045213+00"
22c9c342-6b69-4385-ba99-be9047e0150c,"melhor tratamento para burnout",0,10,saude-mental,"Saúde Mental",burnout,t,"2026-04-13 08:38:34.941684+00",,autocomplete,"2026-04-13 08:38:34.941684+00"
22d3713d-241b-4562-b8f7-b0f17a6654c1,"tratamento para alzheimer inicial",0,10,saude-mental,"Saúde Mental",alzheimer,t,"2026-04-13 08:43:15.769569+00",,autocomplete,"2026-04-13 08:43:15.769569+00"
22d9055d-0302-4bc2-8e68-019d30a0472b,"doença de refluxo gastroesofágico",9999,100,alimentacao,Alimentação,"refluxo gastroesofágico",f,"2026-04-06 08:09:17.317989+00",,pytrends,"2026-04-06 08:09:17.317989+00"
22ff62e6-dd69-4328-ac0c-9b7b73a706a0,"tratamento para alcoolismo em sao jose do rio preto",0,10,saude-mental,"Saúde Mental",alcoolismo,t,"2026-04-13 08:43:49.404375+00",,autocomplete,"2026-04-13 08:43:49.404375+00"
23489070-0fb2-43c1-94f3-6253aa8f5af1,"é normal ter osteoporose aos 50 anos",0,10,menopausa,Menopausa,osteoporose,t,"2026-04-13 08:36:53.898281+00",,autocomplete,"2026-04-13 08:36:53.898281+00"
234d1e6c-0f4c-42c1-bd5e-13e4ae7d452c,"cancro da mama sintomas iniciais",0,10,menopausa,Menopausa,"cancro da mama",t,"2026-04-13 08:40:55.173287+00",,autocomplete,"2026-04-13 08:40:55.173287+00"
235258be-a2fd-40d9-9dba-84124c42248d,"como tratar incontinência urinária em gatos",0,10,menopausa,Menopausa,"incontinência urinária",t,"2026-04-13 08:42:42.043868+00",,autocomplete,"2026-04-13 08:42:42.043868+00"
2361ba78-e68c-48f7-9393-67474a40d523,"tratamento para anorexia nervosa",0,45,saude-mental,"Saúde Mental","anorexia nervosa",t,"2026-04-13 08:43:04.555328+00",,autocomplete,"2026-04-13 08:43:04.555328+00"
2378e65d-31ba-4f8b-8fcf-03ce853e1387,"aliviar enxaqueca",50,20,saude-mental,"Saúde Mental",enxaqueca,f,"2026-04-13 08:36:05.931314+00",,pytrends,"2026-04-13 08:36:05.931314+00"
23911197-5df6-416f-abb6-86b08c0a8a96,"sintomas novo virus nipah",0,85,emergentes,Emergentes,"vírus nipah",t,"2026-04-13 08:38:12.456348+00",,autocomplete,"2026-04-13 08:38:12.456348+00"
23b87b3e-551a-4619-aef0-d6dc8ab9a4d5,"o que é incontinência urinária e fecal",0,10,menopausa,Menopausa,"incontinência urinária",t,"2026-04-13 08:42:42.043868+00",,autocomplete,"2026-04-13 08:42:42.043868+00"
23b9f93e-ae62-4613-a41e-52c83698f76c,"depressão tratamento sus",0,10,saude-mental,"Saúde Mental",depressão,t,"2026-04-13 08:38:46.093196+00",,autocomplete,"2026-04-13 08:38:46.093196+00"
23d2c7b8-b287-4e8c-bf09-e9143fec9104,"tratamento fobia social pdf",0,10,saude-mental,"Saúde Mental","fobia social",t,"2026-04-13 08:41:17.653799+00",,autocomplete,"2026-04-13 08:41:17.653799+00"
23d8071d-0f5c-468c-94ee-6d9a37d3c233,"sintomas de endometriose na bexiga",0,85,menopausa,Menopausa,endometriose,t,"2026-04-13 08:40:10.397854+00",,autocomplete,"2026-04-13 08:40:10.397854+00"
23fabf7c-3032-47e5-93b4-bba8fb2ac390,"vírus nipah sintomas",0,10,emergentes,Emergentes,"vírus nipah",t,"2026-04-13 08:38:12.456348+00",,autocomplete,"2026-04-13 08:38:12.456348+00"
24121eef-c24e-4894-a8f8-e950fbfcaf2d,"crise de panico causas",0,10,saude-mental,"Saúde Mental",pânico,t,"2026-04-13 08:39:31.045213+00",,autocomplete,"2026-04-13 08:39:31.045213+00"
24147073-15d3-4605-ab00-c079bcdd742a,"sintomas de alcoolismo",0,100,saude-mental,"Saúde Mental",alcoolismo,t,"2026-04-13 08:43:49.404375+00",,autocomplete,"2026-04-13 08:43:49.404375+00"
2422db60-08af-4226-a983-246c055ed092,"tratamento inovador cancro da mama",0,10,menopausa,Menopausa,"cancro da mama",t,"2026-04-13 08:40:55.173287+00",,autocomplete,"2026-04-13 08:40:55.173287+00"
2433b8f2-8842-49bc-83af-0d7da03e83b3,"causas de candidiase em criança",0,10,menopausa,Menopausa,candidíase,t,"2026-04-13 08:40:43.957484+00",,autocomplete,"2026-04-13 08:40:43.957484+00"
24351cff-7efc-44fc-84d6-36112bdc9ff7,"demência tratamento",0,10,saude-mental,"Saúde Mental",demência,t,"2026-04-13 08:40:27.20613+00",,autocomplete,"2026-04-13 08:40:27.20613+00"
2450fbc8-17a6-49d1-8353-8ed1d9342ff7,"candidíase sintomas remedio",0,10,menopausa,Menopausa,candidíase,t,"2026-04-13 08:40:43.957484+00",,autocomplete,"2026-04-13 08:40:43.957484+00"
245a3170-a51e-4d5b-9a37-43c2fa77e5a1,"ansiedade sintomas como controlar",0,10,saude-mental,"Saúde Mental",ansiedade,t,"2026-04-13 08:38:40.522707+00",,autocomplete,"2026-04-13 08:38:40.522707+00"
247cab7e-21c5-4e64-924a-2dfbc7370dcb,"candidíase no homem",150,36,menopausa,Menopausa,candidíase,f,"2026-04-06 08:09:49.492291+00",,pytrends,"2026-04-06 08:09:49.492291+00"
248c8076-cc6f-47a3-839f-83b36a7b340e,"causas para síndrome de ovario poliquístico",0,65,menopausa,Menopausa,"síndrome do ovário poliquístico",t,"2026-04-13 08:43:26.930582+00",,autocomplete,"2026-04-13 08:43:26.930582+00"
249f9862-765a-458f-9548-d5cf78ea8d78,"como tratar fratura por estresse",0,30,saude-mental,"Saúde Mental",stress,t,"2026-04-13 08:40:21.587655+00",,autocomplete,"2026-04-13 08:40:21.587655+00"
24a0a246-ec04-4a52-9aab-bb16bd65b41a,"o que é alcoolismo crônico",0,10,saude-mental,"Saúde Mental",alcoolismo,t,"2026-04-13 08:43:49.404375+00",,autocomplete,"2026-04-13 08:43:49.404375+00"
24b37caa-4c6e-4766-b356-4e5f2f0c0fb1,"causas de menopausa precoce",0,10,menopausa,Menopausa,"menopausa precoce",t,"2026-04-13 08:37:50.002306+00",,autocomplete,"2026-04-13 08:37:50.002306+00"
24d160e5-c7b6-4581-a4e2-9a1d687ab582,"cuales son los sintomas de ptsd",0,75,saude-mental,"Saúde Mental",PTSD,t,"2026-04-13 08:39:36.686137+00",,autocomplete,"2026-04-13 08:39:36.686137+00"
24d6015a-03c7-49cd-872e-7e35b3a9516c,"enxaqueca ocular",50,10,saude-mental,"Saúde Mental",enxaqueca,f,"2026-03-30 08:08:36.559366+00",,pytrends,"2026-03-30 08:08:36.559366+00"
24dea484-6278-4741-a2da-45acd3f05d38,"o que tomar para alergias alimentares",0,70,alimentacao,Alimentação,"alergias alimentares",t,"2026-04-13 08:37:10.663708+00",,autocomplete,"2026-04-13 08:37:10.663708+00"
24fe093b-f6c1-4b9d-b3bc-7266c47f4244,"sintomas de lúpus na pele fotos",0,80,emergentes,Emergentes,lúpus,t,"2026-04-13 08:42:25.267323+00",,autocomplete,"2026-04-13 08:42:25.267323+00"
250aa855-ac9d-46ec-afc9-1a5bd2049cdb,"o que é dieta cetogênica e como fazer",0,80,alimentacao,Alimentação,"dieta cetogénica",t,"2026-04-13 08:37:55.594739+00",,autocomplete,"2026-04-13 08:37:55.594739+00"
250f60dc-edfb-41e0-9076-0a0050b0b0fa,"é normal ter anemia após cirurgia",0,10,alimentacao,Alimentação,anemia,t,"2026-04-13 08:40:38.397737+00",,autocomplete,"2026-04-13 08:40:38.397737+00"
25268e36-cb4a-445a-bec0-0905eadf286d,"zero stress king",1450,92,saude-mental,"Saúde Mental",stress,f,"2026-04-06 08:08:56.141499+00",,pytrends,"2026-04-06 08:08:56.141499+00"
255ade97-c3fd-4de3-92a4-47de91a13ac1,"o que é estresse",0,20,saude-mental,"Saúde Mental",stress,t,"2026-04-13 08:40:21.587655+00",,autocomplete,"2026-04-13 08:40:21.587655+00"
2560692c-2abf-40f5-92d3-05f864665bec,"o que é sepsis no pé",0,10,emergentes,Emergentes,sepsis,t,"2026-04-13 08:41:00.80186+00",,autocomplete,"2026-04-13 08:41:00.80186+00"
2560ffd3-8d26-44f3-8e8b-9c617be17825,"o que é ansiedade cronica",0,10,saude-mental,"Saúde Mental",ansiedade,t,"2026-04-13 08:38:40.522707+00",,autocomplete,"2026-04-13 08:38:40.522707+00"
2564e11b-5235-414d-9e5b-dbbf2ae47de3,"menopausa precoce sintomas tratamento",0,25,menopausa,Menopausa,"menopausa sintomas",t,"2026-04-13 08:37:16.281981+00",,autocomplete,"2026-04-13 08:37:16.281981+00"
258fc979-e816-4f27-9a9d-214f5ac0c745,"causas de enxaqueca em homens",0,10,saude-mental,"Saúde Mental",enxaqueca,t,"2026-04-13 08:43:55.008487+00",,autocomplete,"2026-04-13 08:43:55.008487+00"
25b1eebb-d9d5-4d84-afbd-61299738ea52,"o que afeta a saúde mental no trabalho",0,85,saude-mental,"Saúde Mental","saúde mental no trabalho",t,"2026-04-13 08:41:34.56973+00",,autocomplete,"2026-04-13 08:41:34.56973+00"
25b50fd8-2ddf-443a-957e-76ef6ca20df5,"anemia causas",0,10,alimentacao,Alimentação,anemia,t,"2026-04-13 08:40:38.397737+00",,autocomplete,"2026-04-13 08:40:38.397737+00"
25bac0a6-b73f-4f82-b5ba-b31eb4dee7fe,"como tratar anemia na gravidez",0,15,alimentacao,Alimentação,anemia,t,"2026-04-13 08:40:38.397737+00",,autocomplete,"2026-04-13 08:40:38.397737+00"
25c2aaaf-8d9f-466a-92cd-7005e188b8c6,"o que é automutilação na psicologia",0,80,saude-mental,"Saúde Mental",automutilação,t,"2026-04-13 08:36:42.692925+00",,autocomplete,"2026-04-13 08:36:42.692925+00"
25c55223-43cd-4d3a-b7eb-f2cf09584569,"como tratar demência de lewy",0,10,saude-mental,"Saúde Mental",demência,t,"2026-04-13 08:40:27.20613+00",,autocomplete,"2026-04-13 08:40:27.20613+00"
25d0c497-829c-4d3f-99f4-dc8b2fcd5041,"tem como prevenir alzheimer",0,10,saude-mental,"Saúde Mental",alzheimer,t,"2026-04-13 08:43:15.769569+00",,autocomplete,"2026-04-13 08:43:15.769569+00"
25d97699-9811-4ef8-8d52-ba1288ff8942,"o que é alzheimer resumo",0,10,saude-mental,"Saúde Mental",alzheimer,t,"2026-04-13 08:43:15.769569+00",,autocomplete,"2026-04-13 08:43:15.769569+00"
25de3cda-d749-4d97-a16a-66d10b374b9f,"tdah adulto tem tratamento",0,10,saude-mental,"Saúde Mental","TDAH adulto",t,"2026-03-30 08:14:59.998432+00",,autocomplete,"2026-03-30 08:14:59.998432+00"
26132d26-118f-4267-91c1-1f1344aeeba5,"tratamento psicológico para burnout",0,10,saude-mental,"Saúde Mental",burnout,t,"2026-04-13 08:38:34.941684+00",,autocomplete,"2026-04-13 08:38:34.941684+00"
261c8437-02ac-4b0f-9b45-94eaf231119f,"causas de avc em idosos",0,10,emergentes,Emergentes,avc,t,"2026-04-13 08:41:12.052215+00",,autocomplete,"2026-04-13 08:41:12.052215+00"
262f5e4f-8ae4-4fbe-926c-458b551b28a2,"ansiedade é uma doença",3800,52,saude-mental,"Saúde Mental",ansiedade,f,"2026-04-06 08:05:35.66783+00",,pytrends,"2026-04-06 08:05:35.66783+00"
2654ffa2-25f8-4984-acf4-4c4bc7e061e0,"é normal ter anemia no inicio da gravidez",0,10,alimentacao,Alimentação,anemia,t,"2026-04-13 08:40:38.397737+00",,autocomplete,"2026-04-13 08:40:38.397737+00"
26672e07-5765-4da0-a2a8-2978b517d427,"causas da menopausa sintomas",0,60,menopausa,Menopausa,"menopausa sintomas",t,"2026-04-13 08:37:16.281981+00",,autocomplete,"2026-04-13 08:37:16.281981+00"
26a23456-3c26-4546-a85e-89147d4a82d1,"como diagnosticar endometriose",5850,52,menopausa,Menopausa,endometriose,t,"2026-03-30 08:09:08.445079+00",,pytrends,"2026-03-30 08:09:08.445079+00"
26a5d16c-3c81-45e8-810a-7addc42ec019,"sintomas de intolerância à lactose dura quanto tempo",0,65,alimentacao,Alimentação,"intolerância à lactose",t,"2026-04-13 08:43:43.801483+00",,autocomplete,"2026-04-13 08:43:43.801483+00"
26bd0fb5-591c-41f7-a31b-5ec8703efb4a,"o que é ansiedade",0,10,saude-mental,"Saúde Mental",ansiedade,t,"2026-04-13 08:38:40.522707+00",,autocomplete,"2026-04-13 08:38:40.522707+00"
26cc3ce9-1cac-431f-a876-25bb5d3541b4,"ansiedade sintomas graves",0,10,saude-mental,"Saúde Mental",ansiedade,t,"2026-03-28 00:22:31.806435+00",,autocomplete,"2026-03-28 00:22:31.806435+00"
26d1f343-35d2-44d3-beee-3449dcce6ec3,"anemia normocitica e normocromica",9999,92,alimentacao,Alimentação,anemia,f,"2026-04-13 08:29:36.237329+00",,pytrends,"2026-04-13 08:29:36.237329+00"
26d984bb-3a2b-4afb-bb2b-f236b5a66ca4,"sintomas de osteoporose na perna",0,90,menopausa,Menopausa,osteoporose,t,"2026-04-13 08:36:53.898281+00",,autocomplete,"2026-04-13 08:36:53.898281+00"
26df4145-a541-4046-a30e-ee736de8739b,"o virus nipah ja chegou no brasil",0,35,emergentes,Emergentes,"vírus nipah",t,"2026-04-13 08:38:12.456348+00",,autocomplete,"2026-04-13 08:38:12.456348+00"
26ecd892-b4ef-4b69-8832-59af7b3e85ab,"sintomas de diabetes tipo 2",0,100,alimentacao,Alimentação,"diabetes tipo 2",t,"2026-04-13 08:42:47.656406+00",,autocomplete,"2026-04-13 08:42:47.656406+00"
27040e6c-ba61-4a91-bfaf-05dd8831979b,"menopausa precoce tratamento natural",0,10,menopausa,Menopausa,"menopausa precoce",t,"2026-04-13 08:37:50.002306+00",,autocomplete,"2026-04-13 08:37:50.002306+00"
270d1316-97a8-455c-85f6-73f4e1799b06,"diabetes tipo 2 sintomas em crianças",0,10,alimentacao,Alimentação,"diabetes tipo 2",t,"2026-04-13 08:42:47.656406+00",,autocomplete,"2026-04-13 08:42:47.656406+00"
27562989-7a48-4b97-89bb-4793db0913f6,"ptsd complexo sintomas",0,10,saude-mental,"Saúde Mental",PTSD,t,"2026-03-30 08:14:53.981406+00",,autocomplete,"2026-03-30 08:14:53.981406+00"
278c519f-be8a-46f7-a4f2-e60ddecf5887,"o que é menopausa precoce",0,35,menopausa,Menopausa,"menopausa precoce",t,"2026-04-13 08:37:50.002306+00",,autocomplete,"2026-04-13 08:37:50.002306+00"
27a6b05a-29c7-49c6-b048-33837a42b0f3,"sintomas stress cronico",0,10,saude-mental,"Saúde Mental",stress,t,"2026-04-13 08:40:21.587655+00",,autocomplete,"2026-04-13 08:40:21.587655+00"
27acc572-2b4e-4cfc-acff-887538e6a5c2,"tratamento para osteoporose no joelho",0,10,menopausa,Menopausa,osteoporose,t,"2026-04-13 08:36:53.898281+00",,autocomplete,"2026-04-13 08:36:53.898281+00"
27b2d14e-5ec5-4c69-8535-71f3b777f657,"causas de ansiedade no corpo",0,10,saude-mental,"Saúde Mental",ansiedade,t,"2026-04-13 08:38:40.522707+00",,autocomplete,"2026-04-13 08:38:40.522707+00"
27bc8386-e518-43ca-9f6e-6dcbb5617692,"como se prevenir desse vírus nipah",0,10,emergentes,Emergentes,"vírus nipah",t,"2026-04-13 08:38:12.456348+00",,autocomplete,"2026-04-13 08:38:12.456348+00"
27d73614-bf10-4913-af4e-202ce141f1b0,"o virus nipah pode virar pandemia",0,30,emergentes,Emergentes,"vírus nipah",t,"2026-03-30 08:13:30.408057+00",,autocomplete,"2026-03-30 08:13:30.408057+00"
27faff4c-7c0c-4043-a535-dfbb76f9baff,"o que é solidão afetiva",0,35,saude-mental,"Saúde Mental",solidão,t,"2026-04-13 08:38:51.66098+00",,autocomplete,"2026-04-13 08:38:51.66098+00"
280b4ab2-dfd1-43ef-b0f7-f59871c908f1,"sintomas de intolerância ao glúten",120,92,alimentacao,Alimentação,"intolerância ao glúten",t,"2026-04-06 08:02:36.144763+00",,pytrends,"2026-04-06 08:02:36.144763+00"
2813dae2-8206-4fc9-a0f4-de2abbb5825c,"sintomas anorexia nervosa psicologia",0,85,saude-mental,"Saúde Mental","anorexia nervosa",t,"2026-04-13 08:43:04.555328+00",,autocomplete,"2026-04-13 08:43:04.555328+00"
282066da-56dc-4050-a707-0e8b87d05cec,"o que é obesidade infantil o que pode causar esse distúrbio alimentar",0,85,alimentacao,Alimentação,"obesidade infantil",t,"2026-04-13 08:36:59.449865+00",,autocomplete,"2026-04-13 08:36:59.449865+00"
28211de4-fcaf-4987-9626-ffea8094daa8,"sintomas de osteoporose no quadril",0,75,menopausa,Menopausa,osteoporose,t,"2026-04-13 08:36:53.898281+00",,autocomplete,"2026-04-13 08:36:53.898281+00"
282c498f-a04e-4df4-b929-96638e2ad29a,"sintomas de candidíase na lingua",0,55,menopausa,Menopausa,candidíase,t,"2026-04-13 08:40:43.957484+00",,autocomplete,"2026-04-13 08:40:43.957484+00"
28328955-5df0-47ad-982c-5fe731592f42,"tratamento para enxaqueca tensional",0,10,saude-mental,"Saúde Mental",enxaqueca,t,"2026-03-30 08:18:52.839397+00",,autocomplete,"2026-03-30 08:18:52.839397+00"
283f9b1a-67ac-4c84-9593-cb598c4ef4db,"panico social causas",0,10,saude-mental,"Saúde Mental",pânico,t,"2026-04-13 08:39:31.045213+00",,autocomplete,"2026-04-13 08:39:31.045213+00"
28434783-fabf-4a3a-ad68-d11c885086df,"causas de suicídio na adolescência",0,40,saude-mental,"Saúde Mental",suicídio,t,"2026-04-13 08:42:36.442374+00",,autocomplete,"2026-04-13 08:42:36.442374+00"
28527982-47a9-48eb-aaf4-5bf530c5f09b,"tratamento para fobia social",0,10,saude-mental,"Saúde Mental","fobia social",t,"2026-04-13 08:41:17.653799+00",,autocomplete,"2026-04-13 08:41:17.653799+00"
28713c87-b783-449c-9060-995b29a4a9a9,"sinais de burnout",140,60,saude-mental,"Saúde Mental",burnout,f,"2026-03-28 00:10:39.19463+00",,pytrends,"2026-03-28 00:10:39.19463+00"
288ac880-3ac2-4027-bf57-6edde54a98e4,"como tratar lupus discoide",0,20,emergentes,Emergentes,lúpus,t,"2026-04-13 08:42:25.267323+00",,autocomplete,"2026-04-13 08:42:25.267323+00"
28929202-2319-421d-8637-b0e96cc4166a,"possiveis causas de alzheimer",0,10,saude-mental,"Saúde Mental",alzheimer,t,"2026-04-13 08:43:15.769569+00",,autocomplete,"2026-04-13 08:43:15.769569+00"
28baf396-241e-4dee-a3b7-20b22cfb47eb,"o que é enxaqueca em salvas",0,10,saude-mental,"Saúde Mental",enxaqueca,t,"2026-03-30 08:18:52.839397+00",,autocomplete,"2026-03-30 08:18:52.839397+00"
28c4b9e6-e2ef-42be-8406-bdcdad0035a3,"como prevenir menopausa precoce",0,10,menopausa,Menopausa,"menopausa precoce",t,"2026-04-13 08:37:50.002306+00",,autocomplete,"2026-04-13 08:37:50.002306+00"
28d3ce5b-3ffb-4a89-8680-4b7ca4c06f69,"vírus nipah índia",9999,100,emergentes,Emergentes,"vírus nipah",f,"2026-04-06 08:04:53.258203+00",,pytrends,"2026-04-06 08:04:53.258203+00"
28dbfed5-d06a-4bf1-8d75-a9aa09512491,"tipos de avc",60,10,emergentes,Emergentes,avc,f,"2026-04-13 08:30:45.927315+00",,pytrends,"2026-04-13 08:30:45.927315+00"
28dc14ad-2c0f-4450-9fbe-d2426df0a863,"é normal ter insonia no inicio da gravidez",0,10,saude-mental,"Saúde Mental",insónia,t,"2026-04-13 08:39:19.763922+00",,autocomplete,"2026-04-13 08:39:19.763922+00"
28dd337f-0c07-40a5-9ab5-a08e57cdd531,"sintomas de insônia fatal",0,85,saude-mental,"Saúde Mental",insónia,t,"2026-04-13 08:39:19.763922+00",,autocomplete,"2026-04-13 08:39:19.763922+00"
28ebca5c-2806-48cb-bcdb-fc27557dfd9e,"terapia online gratuita",9999,100,saude-mental,"Saúde Mental","terapia online",f,"2026-04-06 08:01:33.314997+00",,pytrends,"2026-04-06 08:01:33.314997+00"
28eda07d-14f3-45ee-bbb8-ca00353cb2cc,"avc tratamento inicial",0,10,emergentes,Emergentes,avc,t,"2026-04-13 08:41:12.052215+00",,autocomplete,"2026-04-13 08:41:12.052215+00"
28f3a6a6-c3e3-4509-8f04-705d34c16d44,"como tratar burnout parental",0,10,saude-mental,"Saúde Mental",burnout,t,"2026-04-13 08:38:34.941684+00",,autocomplete,"2026-04-13 08:38:34.941684+00"
28fe7254-0406-477d-b6a7-5d2217e907e2,"alzheimer tratamento precoce",0,10,saude-mental,"Saúde Mental",alzheimer,t,"2026-04-13 08:43:15.769569+00",,autocomplete,"2026-04-13 08:43:15.769569+00"
2901b83a-4991-4e82-9020-479fd8bf77bb,"sintomas de demência frontotemporal",0,75,saude-mental,"Saúde Mental",demência,t,"2026-04-13 08:40:27.20613+00",,autocomplete,"2026-04-13 08:40:27.20613+00"
290e746d-e32f-48af-892b-a762c4ce2838,"sintomas de colesterol alto e triglicérides",0,70,alimentacao,Alimentação,"colesterol alto",t,"2026-04-13 08:40:04.811683+00",,autocomplete,"2026-04-13 08:40:04.811683+00"
29302fe7-fa2d-45c6-a5f0-d86bd6150dd6,"causas de suicídio no brasil",0,45,saude-mental,"Saúde Mental",suicídio,t,"2026-04-13 08:42:36.442374+00",,autocomplete,"2026-04-13 08:42:36.442374+00"
293a9d2f-fc93-42ea-8397-d5a4dbc1ed76,"como prevenir avc em jovens",0,10,emergentes,Emergentes,avc,t,"2026-04-13 08:41:12.052215+00",,autocomplete,"2026-04-13 08:41:12.052215+00"
29486a75-e4f1-43c5-a5d7-b557da8656c1,"alzheimer test",60,52,saude-mental,"Saúde Mental",alzheimer,f,"2026-03-28 00:17:08.70989+00",,pytrends,"2026-03-28 00:17:08.70989+00"
298aa338-664f-41a5-9bd4-dcb04fc0c77f,"depressão joseph",2850,10,saude-mental,"Saúde Mental",depressão,f,"2026-03-23 07:30:10.111571+00",,pytrends,"2026-03-27 18:34:47.925931+00"
2996e263-f0b8-4b5a-bcdf-37fd88adf0cd,"ansiedade tratamento meditação super relaxante - purificação espiritual bem estar e regeneração",0,10,saude-mental,"Saúde Mental",ansiedade,t,"2026-04-13 08:38:40.522707+00",,autocomplete,"2026-04-13 08:38:40.522707+00"
29b43623-49d9-40c1-8b9d-1dfc67b9f25f,"tratamento alcoolismo unimed",0,10,saude-mental,"Saúde Mental",alcoolismo,t,"2026-03-30 08:18:40.935919+00",,autocomplete,"2026-03-30 08:18:40.935919+00"
29c3d23d-45d2-460d-af99-32702fb50c2c,"causas enxaqueca com aura",0,10,saude-mental,"Saúde Mental",enxaqueca,t,"2026-04-13 08:43:55.008487+00",,autocomplete,"2026-04-13 08:43:55.008487+00"
29c3f988-6373-4c9d-9d37-2894571ef115,alprazolam,9999,100,saude-mental,"Saúde Mental",ansiedade,f,"2026-03-28 00:08:45.453336+00",,pytrends,"2026-03-28 00:08:45.453336+00"
29d44b9e-769b-4198-884c-b4ba2d313ab2,"tratamento para alcoolismo pelo sus",0,10,saude-mental,"Saúde Mental",alcoolismo,t,"2026-04-13 08:43:49.404375+00",,autocomplete,"2026-04-13 08:43:49.404375+00"
29d7ddb8-f1d0-4a92-8254-bbb792e06c44,"tratamento hormonal menopausa precoce",0,10,menopausa,Menopausa,"menopausa precoce",t,"2026-04-13 08:37:50.002306+00",,autocomplete,"2026-04-13 08:37:50.002306+00"
29e55ce0-18e5-4a4a-be9b-0c6082a4ef10,"colesterol alto caes tratamento",0,10,alimentacao,Alimentação,"colesterol alto",t,"2026-04-13 08:40:04.811683+00",,autocomplete,"2026-04-13 08:40:04.811683+00"
29fdedab-b556-402e-a83c-b114b198e7e3,"sepsis causas sintomas y tratamiento",0,10,emergentes,Emergentes,sepsis,t,"2026-04-13 08:41:00.80186+00",,autocomplete,"2026-04-13 08:41:00.80186+00"
2a38b7d6-b595-42da-8b05-d03a8e3b51ba,"como prevenir o alcoolismo na adolescência",0,10,saude-mental,"Saúde Mental",alcoolismo,t,"2026-03-30 08:18:40.935919+00",,autocomplete,"2026-03-30 08:18:40.935919+00"
2a3b6ace-a80e-4046-b59d-da4357890cd5,"o que é candidíase cutânea",0,10,menopausa,Menopausa,candidíase,t,"2026-04-13 08:40:43.957484+00",,autocomplete,"2026-04-13 08:40:43.957484+00"
2a543674-29bd-423a-89ce-100eb97896e3,"causas de resistencia a antibioticos",0,80,emergentes,Emergentes,"resistência antibióticos",t,"2026-04-13 08:42:19.657825+00",,autocomplete,"2026-04-13 08:42:19.657825+00"
2a6ad962-c89d-4b09-8865-1cfd57c4a07c,"sintomas de avc hemorrágico",0,60,emergentes,Emergentes,avc,t,"2026-04-13 08:41:12.052215+00",,autocomplete,"2026-04-13 08:41:12.052215+00"
2a6e7abc-d97a-4423-8a10-2fa65f861c78,"ptsd symptoms",70,92,saude-mental,"Saúde Mental",PTSD,f,"2026-03-30 08:01:17.11791+00",,pytrends,"2026-03-30 08:01:17.11791+00"
2a874754-dfdc-4b70-9f5e-eddf43ae1b45,"o que é anemia perniciosa",0,10,alimentacao,Alimentação,anemia,t,"2026-04-13 08:40:38.397737+00",,autocomplete,"2026-04-13 08:40:38.397737+00"
2a90189f-97ac-4597-b043-9b5b11372543,"enxaqueca como aliviar naturalmente",9999,60,saude-mental,"Saúde Mental",enxaqueca,f,"2026-03-30 08:08:36.559366+00",,pytrends,"2026-03-30 08:08:36.559366+00"
2a911733-200e-4f5a-9c11-eb3c42a757f3,"sintomas de osteoporose na lombar",0,65,menopausa,Menopausa,osteoporose,t,"2026-04-13 08:36:53.898281+00",,autocomplete,"2026-04-13 08:36:53.898281+00"
2a9eb6a9-a4d8-48bd-b6b7-7c86fe040250,"como tratar depressão pos parto",0,35,saude-mental,"Saúde Mental",depressão,t,"2026-04-13 08:38:46.093196+00",,autocomplete,"2026-04-13 08:38:46.093196+00"
2aa0ddd4-75b7-44d7-835c-7971bb03d06a,"o que é jejum intermitente benefícios",0,45,alimentacao,Alimentação,"jejum intermitente",t,"2026-04-13 08:36:37.089218+00",,autocomplete,"2026-04-13 08:36:37.089218+00"
2aae2dfb-3544-4c06-a1b3-cc6bd3311d4b,"sintomas de insonia em crianças",0,75,saude-mental,"Saúde Mental",insónia,t,"2026-04-13 08:39:19.763922+00",,autocomplete,"2026-04-13 08:39:19.763922+00"
2ad42a4e-10b5-482e-aa5f-d3d1cb442b5d,"anemia na gravidez",300,20,alimentacao,Alimentação,anemia,f,"2026-04-13 08:29:36.237329+00",,pytrends,"2026-04-13 08:29:36.237329+00"
2af4dc70-e289-44e1-a5d6-16c67549ded1,"como puedo prevenir el colesterol alto",0,10,alimentacao,Alimentação,"colesterol alto",t,"2026-04-13 08:40:04.811683+00",,autocomplete,"2026-04-13 08:40:04.811683+00"
2b11112c-6545-4342-822d-23122bd4d54e,"principais causas de demência",0,10,saude-mental,"Saúde Mental",demência,t,"2026-04-13 08:40:27.20613+00",,autocomplete,"2026-04-13 08:40:27.20613+00"
2b5bb080-881e-4e6a-b72b-86d2bb718283,"doença celíaca sintomas intestino",0,10,alimentacao,Alimentação,"doença celíaca",t,"2026-04-13 08:43:38.203977+00",,autocomplete,"2026-04-13 08:43:38.203977+00"
2b779bd6-fced-4ea1-84f9-a9db24161873,"o que é jejum intermitente",0,90,alimentacao,Alimentação,"jejum intermitente",t,"2026-04-13 08:36:37.089218+00",,autocomplete,"2026-04-13 08:36:37.089218+00"
2b8f2529-e449-41e1-ab49-ecc8b3dbf954,"sintomas de síndrome do intestino irritável sangue nas fezes",0,75,alimentacao,Alimentação,"síndrome de intestino irritável",t,"2026-04-13 08:40:49.538553+00",,autocomplete,"2026-04-13 08:40:49.538553+00"
2b916c0f-b27c-440a-96b6-0f728021f31c,"tratamento para osteoporose na coluna",0,10,menopausa,Menopausa,osteoporose,t,"2026-04-13 08:36:53.898281+00",,autocomplete,"2026-04-13 08:36:53.898281+00"
2ba82b30-35dc-4971-9ff6-73cd3c643b74,"como tratar tdah adulto sozinho",0,45,saude-mental,"Saúde Mental","TDAH adulto",t,"2026-04-13 08:39:53.572317+00",,autocomplete,"2026-04-13 08:39:53.572317+00"
2bc65262-3066-45d1-a15f-6559ee14a695,"como tratar depressão em gatos",0,30,saude-mental,"Saúde Mental",depressão,t,"2026-04-13 08:38:46.093196+00",,autocomplete,"2026-04-13 08:38:46.093196+00"
2bda8db0-eb31-4991-b21d-6bdb95648d4b,"o que é lúpus e quais são os sintomas",0,10,emergentes,Emergentes,lúpus,t,"2026-04-13 08:42:25.267323+00",,autocomplete,"2026-04-13 08:42:25.267323+00"
2bf2ced6-29db-4406-87d0-f4bc41c2f4d1,"fobia social causas sintomas e tratamento",0,10,saude-mental,"Saúde Mental","fobia social",t,"2026-04-13 08:41:17.653799+00",,autocomplete,"2026-04-13 08:41:17.653799+00"
2c1f4fef-878e-407e-ae61-e8331dc2fd8d,"o que é alzheimer",0,10,saude-mental,"Saúde Mental",alzheimer,t,"2026-04-13 08:43:15.769569+00",,autocomplete,"2026-04-13 08:43:15.769569+00"
2c2b63c5-a9e0-4bee-b738-f229ad24f40a,"cancro da mama sintomas homem",0,10,menopausa,Menopausa,"cancro da mama",t,"2026-04-13 08:40:55.173287+00",,autocomplete,"2026-04-13 08:40:55.173287+00"
2c34b033-0a09-467f-9e2f-2bbb5fa86c72,"o que é enxaqueca vestibular",0,10,saude-mental,"Saúde Mental",enxaqueca,t,"2026-04-13 08:43:55.008487+00",,autocomplete,"2026-04-13 08:43:55.008487+00"
2c3bce23-8cdc-43d1-b1ce-9e4c126bc949,"sindrome de ovario poliquistico sintomas dolor",0,15,menopausa,Menopausa,"síndrome do ovário poliquístico",t,"2026-04-13 08:43:26.930582+00",,autocomplete,"2026-04-13 08:43:26.930582+00"
2c54da14-c636-4833-be40-b6fd33e8e45c,"sintomas de avc e infarto",0,95,emergentes,Emergentes,avc,t,"2026-04-13 08:41:12.052215+00",,autocomplete,"2026-04-13 08:41:12.052215+00"
2c65b0fb-4cd7-4533-8fc3-971b663e3e34,"o que causa enxaqueca",9999,100,saude-mental,"Saúde Mental",enxaqueca,t,"2026-03-28 00:18:52.271444+00",,pytrends,"2026-03-28 00:18:52.271444+00"
2c6c8453-6f66-40d6-af75-c2415c00df66,"o que causa doenças cardiovasculares",0,70,emergentes,Emergentes,"doenças cardiovasculares",t,"2026-04-13 08:43:21.329264+00",,autocomplete,"2026-04-13 08:43:21.329264+00"
2c8542c3-48f6-44aa-8d60-2741760c1f18,"sintomas de refluxo gastroesofágico grave",0,65,alimentacao,Alimentação,"refluxo gastroesofágico",t,"2026-04-13 08:40:32.807623+00",,autocomplete,"2026-04-13 08:40:32.807623+00"
2c85771e-7f56-4bbd-908b-016baf95654c,"enxaqueca tratamento toxina botulínica",0,10,saude-mental,"Saúde Mental",enxaqueca,t,"2026-04-13 08:43:55.008487+00",,autocomplete,"2026-04-13 08:43:55.008487+00"
2c98fefe-b98d-429e-b66d-f7b53d72310f,"avc sintomas sequelas",0,10,emergentes,Emergentes,avc,t,"2026-04-13 08:41:12.052215+00",,autocomplete,"2026-04-13 08:41:12.052215+00"
2cb31471-cad1-4698-b536-4077e7d8ed91,"medicamento ansiedade",50,12,saude-mental,"Saúde Mental",ansiedade,f,"2026-04-06 08:05:35.66783+00",,pytrends,"2026-04-06 08:05:35.66783+00"
2cd6fdc8-fc56-4459-9dbe-dbd25e272877,"tratamento para ansiedade e estresse",0,10,saude-mental,"Saúde Mental",ansiedade,t,"2026-04-13 08:38:40.522707+00",,autocomplete,"2026-04-13 08:38:40.522707+00"
2ce5f8cc-c8c3-4044-9a73-6b5f5773b3d8,"quais as causas de diabetes tipo 2",0,10,alimentacao,Alimentação,"diabetes tipo 2",t,"2026-04-13 08:42:47.656406+00",,autocomplete,"2026-04-13 08:42:47.656406+00"
2cec29d8-5245-4803-a921-823e4bf10b6c,"sintomas de ansiedade em crianças",0,65,saude-mental,"Saúde Mental",ansiedade,t,"2026-04-13 08:38:40.522707+00",,autocomplete,"2026-04-13 08:38:40.522707+00"
2ced843f-3491-4673-bc44-5c08270a8aad,"sintomas de intolerância a lactose em adulto",0,85,alimentacao,Alimentação,"intolerância à lactose",t,"2026-04-13 08:43:43.801483+00",,autocomplete,"2026-04-13 08:43:43.801483+00"
2cfaa0ae-4125-4836-b031-2e55d6273731,"o que é insonia cronica",0,10,saude-mental,"Saúde Mental",insónia,t,"2026-04-13 08:39:19.763922+00",,autocomplete,"2026-04-13 08:39:19.763922+00"
2d835229-5021-41b9-8e0f-fd1630e5471c,"sinais de colesterol alto",9999,100,alimentacao,Alimentação,"colesterol alto",f,"2026-04-06 08:08:23.966538+00",,pytrends,"2026-04-06 08:08:23.966538+00"
2da4dca3-a8db-4541-b9fb-b5681a8bf9cd,"diabetes tipo 2 sintomas",0,10,alimentacao,Alimentação,"diabetes tipo 2",t,"2026-04-13 08:42:47.656406+00",,autocomplete,"2026-04-13 08:42:47.656406+00"
2db01904-c1ae-45dd-9170-97a2e8236475,"candidíase sintomas tratamento",0,10,menopausa,Menopausa,candidíase,t,"2026-04-13 08:40:43.957484+00",,autocomplete,"2026-04-13 08:40:43.957484+00"
2dcdd65d-2a77-4b42-91ce-025d9dfc0e2a,"sintomas de colesterol alto em mulher",0,95,alimentacao,Alimentação,"colesterol alto",t,"2026-04-13 08:40:04.811683+00",,autocomplete,"2026-04-13 08:40:04.811683+00"
2df7d476-bb5e-48a9-b0f4-59d4c18e9240,"perturbação bipolar sintomas",0,90,saude-mental,"Saúde Mental","perturbação bipolar",t,"2026-04-13 08:42:58.898509+00",,autocomplete,"2026-04-13 08:42:58.898509+00"
2e12dc66-5550-470b-a748-25a5449bd2f0,"alcoolismo tratamento sus",0,10,saude-mental,"Saúde Mental",alcoolismo,t,"2026-04-13 08:43:49.404375+00",,autocomplete,"2026-04-13 08:43:49.404375+00"
2e37f0c4-7044-46d8-a2f5-555367885f52,"depressão sintomas como tratar",0,10,saude-mental,"Saúde Mental",depressão,t,"2026-04-13 08:38:46.093196+00",,autocomplete,"2026-04-13 08:38:46.093196+00"
2e5baa47-439f-4585-b72c-6b2796501cb3,"anemia sintomas gravidez",0,10,alimentacao,Alimentação,anemia,t,"2026-04-13 08:40:38.397737+00",,autocomplete,"2026-04-13 08:40:38.397737+00"
2e5e4ed7-0734-4772-8599-c546cd6f8190,"tratamento para insonia inicial",0,10,saude-mental,"Saúde Mental",insónia,t,"2026-04-13 08:39:19.763922+00",,autocomplete,"2026-04-13 08:39:19.763922+00"
2e82e63a-d647-49ba-a7f6-5930326834e0,"como prevenir burnout",0,10,saude-mental,"Saúde Mental",burnout,t,"2026-04-13 08:38:34.941684+00",,autocomplete,"2026-04-13 08:38:34.941684+00"
2ec5872b-d566-42e4-82aa-ce2261cc49e0,"olá solidão letra",9999,100,saude-mental,"Saúde Mental",solidão,f,"2026-04-06 08:05:57.102584+00",,pytrends,"2026-04-06 08:05:57.102584+00"
2ede9f58-0d05-47bb-a5a8-625607a1798b,"como tratar diabetes tipo 1 e 2",0,20,alimentacao,Alimentação,"diabetes tipo 2",t,"2026-04-13 08:42:47.656406+00",,autocomplete,"2026-04-13 08:42:47.656406+00"
2ef0ddc8-b662-4018-8c4d-f5f0941a8c7b,"meditação para ansiedade",140,36,saude-mental,"Saúde Mental",ansiedade,f,"2026-04-06 08:05:35.66783+00",,pytrends,"2026-04-06 08:05:35.66783+00"
2ef8379a-b227-4286-a10e-fa2d5c2e6f90,"sintomas de pré-diabetes no corpo",0,100,alimentacao,Alimentação,pré-diabetes,t,"2026-04-13 08:42:08.372884+00",,autocomplete,"2026-04-13 08:42:08.372884+00"
2f072a3a-80e4-42f2-bc67-63fa0a719dd8,"depressão tratamentos alternativos",0,10,saude-mental,"Saúde Mental",depressão,t,"2026-04-13 08:38:46.093196+00",,autocomplete,"2026-04-13 08:38:46.093196+00"
2f08421e-15b3-4201-8d2d-26a252d8f011,"candidíase sintomas na gravidez",0,10,menopausa,Menopausa,candidíase,t,"2026-04-13 08:40:43.957484+00",,autocomplete,"2026-04-13 08:40:43.957484+00"
2f0b907b-76e0-4459-9520-0dff2ba18248,"como tratar ansiedade de separação cachorro",0,15,saude-mental,"Saúde Mental",ansiedade,t,"2026-04-13 08:38:40.522707+00",,autocomplete,"2026-04-13 08:38:40.522707+00"
2f6a346c-d6d2-4640-907e-41f47e07bf7f,"sintomas de enxaqueca ocular",0,85,saude-mental,"Saúde Mental",enxaqueca,t,"2026-04-13 08:43:55.008487+00",,autocomplete,"2026-04-13 08:43:55.008487+00"
2f76b674-0604-4e7e-a360-9b01b1749f26,"o que é jejum intermitente omad",0,60,alimentacao,Alimentação,"jejum intermitente",t,"2026-04-13 08:36:37.089218+00",,autocomplete,"2026-04-13 08:36:37.089218+00"
2fa30c54-5c9f-431b-993f-e7a23d7eb77e,"colesterol alto sintomas remedio",0,10,alimentacao,Alimentação,"colesterol alto",t,"2026-04-13 08:40:04.811683+00",,autocomplete,"2026-04-13 08:40:04.811683+00"
2fa899af-7636-40c6-8b41-23b25554ff5a,"avc hemorrágico chances de sobrevivência",9999,76,emergentes,Emergentes,avc,f,"2026-04-13 08:30:45.927315+00",,pytrends,"2026-04-13 08:30:45.927315+00"
2fac3d16-798f-4765-8912-460a0e9d1a27,"sintomas de alzheimer precoce",0,95,saude-mental,"Saúde Mental",alzheimer,t,"2026-04-13 08:43:15.769569+00",,autocomplete,"2026-04-13 08:43:15.769569+00"
2fba37ff-2569-4cdf-b11e-cf8701bd3db8,"sintomas de depressão profunda",0,80,saude-mental,"Saúde Mental",depressão,t,"2026-04-13 08:38:46.093196+00",,autocomplete,"2026-04-13 08:38:46.093196+00"
2fc01bc3-923f-4f63-aaec-93c575e2834a,"candida auris symptoms",9999,12,emergentes,Emergentes,"candida auris",f,"2026-04-13 08:33:16.338095+00",,pytrends,"2026-04-13 08:33:16.338095+00"
2fdda0bb-8092-41b5-81fb-4c684205f2da,"sintomas virus nipah 2026",0,95,emergentes,Emergentes,"vírus nipah",t,"2026-04-13 08:38:12.456348+00",,autocomplete,"2026-04-13 08:38:12.456348+00"
2fdf3c41-020d-4e57-a2ae-bd90e983dd0f,"pré-diabetes sintomas iniciais",0,10,alimentacao,Alimentação,pré-diabetes,t,"2026-04-13 08:42:08.372884+00",,autocomplete,"2026-04-13 08:42:08.372884+00"
2ff26514-16c7-472c-aff1-06cdc04817be,"jejum intermitente emagrece",9999,100,alimentacao,Alimentação,"jejum intermitente",f,"2026-03-28 00:11:52.776734+00",,pytrends,"2026-03-28 00:11:52.776734+00"
2ff2978f-431e-4de1-a5f9-32ad6f17282a,"é normal ter anemia fazendo quimioterapia",0,10,alimentacao,Alimentação,anemia,t,"2026-04-13 08:40:38.397737+00",,autocomplete,"2026-04-13 08:40:38.397737+00"
300b2475-4691-4948-b3bf-816b8f63af59,"tratamento para demência frontal",0,10,saude-mental,"Saúde Mental",demência,t,"2026-04-13 08:40:27.20613+00",,autocomplete,"2026-04-13 08:40:27.20613+00"
3018f2db-b4cf-4efa-9002-dd37f4722fbe,"como prevenir suicídio",0,10,saude-mental,"Saúde Mental",suicídio,t,"2026-04-13 08:42:36.442374+00",,autocomplete,"2026-04-13 08:42:36.442374+00"
3028d58f-81a0-4c74-a177-356fcb3def07,"incontinencia urinaria causas mujeres jovenes",0,10,menopausa,Menopausa,"incontinência urinária",t,"2026-04-13 08:42:42.043868+00",,autocomplete,"2026-04-13 08:42:42.043868+00"
302ff062-b644-4dc1-bdf3-402fd169aae0,"portugal avc",50,10,emergentes,Emergentes,avc,f,"2026-04-13 08:30:45.927315+00",,pytrends,"2026-04-13 08:30:45.927315+00"
304732d2-8444-47b1-b641-88a321001af9,"nurofen enxaqueca",9999,100,saude-mental,"Saúde Mental",enxaqueca,f,"2026-04-06 08:08:13.385846+00",,pytrends,"2026-04-06 08:08:13.385846+00"
3058835d-7e6a-4d62-bd3b-913dd8bf0f30,"diabetes mellitus tipo 2 tratamento",0,10,alimentacao,Alimentação,"diabetes tipo 2",t,"2026-04-13 08:42:47.656406+00",,autocomplete,"2026-04-13 08:42:47.656406+00"
305d6c95-a10b-48c2-b162-a43f13cb9bc0,"doença celíaca sem tratamento",0,10,alimentacao,Alimentação,"doença celíaca",t,"2026-04-13 08:43:38.203977+00",,autocomplete,"2026-04-13 08:43:38.203977+00"
305e365e-62ca-45c7-8212-38b07cc37d02,"ptsd in spanish sintomas",0,10,saude-mental,"Saúde Mental",PTSD,t,"2026-04-13 08:39:36.686137+00",,autocomplete,"2026-04-13 08:39:36.686137+00"
306f01f4-c465-4e3b-9a91-08c5961a1f2b,"quais os principais sintomas de anorexia nervosa",0,80,saude-mental,"Saúde Mental","anorexia nervosa",t,"2026-04-13 08:43:04.555328+00",,autocomplete,"2026-04-13 08:43:04.555328+00"
307687e6-b2de-473b-a70a-6a1a15d0e1ea,"menopausa sintomas libido",0,55,menopausa,Menopausa,"libido menopausa",t,"2026-04-13 08:38:18.065121+00",,autocomplete,"2026-04-13 08:38:18.065121+00"
30899f7e-4ffb-457e-bd57-be49e500c380,"como tratar alzheimer precoce",0,40,saude-mental,"Saúde Mental",alzheimer,t,"2026-04-13 08:43:15.769569+00",,autocomplete,"2026-04-13 08:43:15.769569+00"
309a8a1a-02c0-4f2c-8dce-1a691c9b3ba4,"tem como prevenir depressão",0,10,saude-mental,"Saúde Mental",depressão,t,"2026-04-13 08:38:46.093196+00",,autocomplete,"2026-04-13 08:38:46.093196+00"
30aa7605-3c77-441c-a7a6-b1e0fdf6f6f9,"avc causas stress",0,10,saude-mental,"Saúde Mental",stress,t,"2026-04-13 08:40:21.587655+00",,autocomplete,"2026-04-13 08:40:21.587655+00"
30beb792-30f0-440c-a35b-50d66dfd5316,"cancro da mama testemunhos sintomas",0,10,menopausa,Menopausa,"cancro da mama",t,"2026-04-13 08:40:55.173287+00",,autocomplete,"2026-04-13 08:40:55.173287+00"
30da14fb-e05f-4cdf-ba85-281684330f50,"tratamento para depressão com canabidiol",0,10,saude-mental,"Saúde Mental",depressão,t,"2026-04-13 08:38:46.093196+00",,autocomplete,"2026-04-13 08:38:46.093196+00"
30ec5a6a-3e68-4227-8e01-cfbbc3b8d2b9,"o que é alimentos ultraprocessados exemplos",0,80,alimentacao,Alimentação,ultraprocessados,t,"2026-04-13 08:37:33.154402+00",,autocomplete,"2026-04-13 08:37:33.154402+00"
31468343-79a9-4ebd-8a4d-6ca7620dc444,"candida auris em portugal",9999,60,emergentes,Emergentes,"candida auris",f,"2026-04-13 08:33:16.338095+00",,pytrends,"2026-04-13 08:33:16.338095+00"
314ff0cb-5903-4f1a-af47-e9346c666c13,"alzheimer causas geneticas",0,10,saude-mental,"Saúde Mental",alzheimer,t,"2026-04-13 08:43:15.769569+00",,autocomplete,"2026-04-13 08:43:15.769569+00"
315d21b2-bcb9-4200-9455-4e13c3e46bef,"causas de endometriose",0,10,menopausa,Menopausa,endometriose,t,"2026-04-13 08:40:10.397854+00",,autocomplete,"2026-04-13 08:40:10.397854+00"
316c3fb7-eaa8-4c3e-a0dd-6d51c20f37f4,"o que é doença celíaca e seus sintomas",0,10,alimentacao,Alimentação,"doença celíaca",t,"2026-04-13 08:43:38.203977+00",,autocomplete,"2026-04-13 08:43:38.203977+00"
318e9d13-8d89-48c3-8f53-ed1f43a52f32,"sintomas de demência",0,100,saude-mental,"Saúde Mental",demência,t,"2026-04-13 08:40:27.20613+00",,autocomplete,"2026-04-13 08:40:27.20613+00"
319b8d1b-22cc-4e87-82e1-f58aa7d9a55c,"ataque de ansiedade o que fazer",400,20,saude-mental,"Saúde Mental",ansiedade,f,"2026-03-30 07:58:55.195023+00",,pytrends,"2026-03-30 07:58:55.195023+00"
319d1273-7778-468a-8a3a-44ee9680f9f3,"quais os sintomas de nipah virus",0,70,emergentes,Emergentes,"vírus nipah",t,"2026-04-13 08:38:12.456348+00",,autocomplete,"2026-04-13 08:38:12.456348+00"
31c07ff0-a842-4fd2-bd4b-3ee5ba7f9f8c,"tratamento para enxaqueca",0,10,saude-mental,"Saúde Mental",enxaqueca,t,"2026-04-13 08:43:55.008487+00",,autocomplete,"2026-04-13 08:43:55.008487+00"
31c6f034-8a2d-4625-b396-1770d6ed4580,"incontinência urinária tratamento homem",0,10,menopausa,Menopausa,"incontinência urinária",t,"2026-04-13 08:42:42.043868+00",,autocomplete,"2026-04-13 08:42:42.043868+00"
31fe734d-17f5-4353-8c7d-ca9832fdf933,"fruta que cura anemia em 2 dias",700,10,alimentacao,Alimentação,anemia,f,"2026-03-23 07:34:29.014045+00",,pytrends,"2026-03-27 18:34:47.925931+00"
32080b51-6755-43eb-999e-3c0834be37c3,"sintomas de enxaqueca",50,10,saude-mental,"Saúde Mental",enxaqueca,t,"2026-03-23 07:40:03.267382+00",,pytrends,"2026-03-27 18:34:47.925931+00"
320b0c63-d6e9-4869-a954-80c03cb2f033,"sobre o cancro da mama",0,10,menopausa,Menopausa,"cancro da mama",t,"2026-04-13 08:40:55.173287+00",,autocomplete,"2026-04-13 08:40:55.173287+00"
320fa5f4-5cf6-412a-91a0-fe2a0aacfb67,"sintomas de anemia em cachorro",0,65,alimentacao,Alimentação,anemia,t,"2026-04-13 08:40:38.397737+00",,autocomplete,"2026-04-13 08:40:38.397737+00"
321a2592-7c6a-438a-af8d-fadca0094e71,"estresse oxidativo causas",0,10,saude-mental,"Saúde Mental",stress,t,"2026-04-13 08:40:21.587655+00",,autocomplete,"2026-04-13 08:40:21.587655+00"
321ce75c-89c0-48fb-b1af-499721295874,"intolerância à lactose sintomas respiratórios",0,10,alimentacao,Alimentação,"intolerância à lactose",t,"2026-04-13 08:43:43.801483+00",,autocomplete,"2026-04-13 08:43:43.801483+00"
322b2ff5-43bb-4bdd-9642-7be4c518ea83,"como tratar osteoporose no joelho",0,30,menopausa,Menopausa,osteoporose,t,"2026-04-13 08:36:53.898281+00",,autocomplete,"2026-04-13 08:36:53.898281+00"
32360abb-ff30-40f0-904a-f231ad197b61,"sintomas de candidíase",0,100,menopausa,Menopausa,candidíase,t,"2026-04-13 08:40:43.957484+00",,autocomplete,"2026-04-13 08:40:43.957484+00"
324ee148-6c08-4afd-892f-bf4d52ba6365,"é normal ter tontura após avc",0,10,emergentes,Emergentes,avc,t,"2026-04-13 08:41:12.052215+00",,autocomplete,"2026-04-13 08:41:12.052215+00"
32785fcf-a4b9-427b-a16b-d0a345ca3720,"como tratar incontinência urinária em criança",0,25,menopausa,Menopausa,"incontinência urinária",t,"2026-04-13 08:42:42.043868+00",,autocomplete,"2026-04-13 08:42:42.043868+00"
327fae72-2769-4ba9-b9fe-1c7fdf4352cc,"endometriose tratamento remedio",0,10,menopausa,Menopausa,endometriose,t,"2026-04-13 08:40:10.397854+00",,autocomplete,"2026-04-13 08:40:10.397854+00"
32874e14-1fde-4ce7-906a-416a77fa6705,"é normal ter diarreia no jejum intermitente",0,35,alimentacao,Alimentação,"jejum intermitente",t,"2026-04-13 08:36:37.089218+00",,autocomplete,"2026-04-13 08:36:37.089218+00"
32b337b4-c8b4-4bb4-b384-9e0aee38559f,"osteoporose causas",0,10,menopausa,Menopausa,osteoporose,t,"2026-04-13 08:36:53.898281+00",,autocomplete,"2026-04-13 08:36:53.898281+00"
32b88bce-177e-4b87-9999-62de1bf23992,"como prevenir la incontinencia urinaria en mujeres",0,10,menopausa,Menopausa,"incontinência urinária",t,"2026-04-13 08:42:42.043868+00",,autocomplete,"2026-04-13 08:42:42.043868+00"
32f86e3d-60ae-410c-b4dc-cc6419d97f36,"crise de pânico",60,28,saude-mental,"Saúde Mental",pânico,f,"2026-03-28 00:10:49.855777+00",,pytrends,"2026-03-28 00:10:49.855777+00"
330e1479-bb9d-43dd-a217-04272bdc56c2,"medicamento para diabetes tipo 2",9999,92,alimentacao,Alimentação,"diabetes tipo 2",f,"2026-03-23 07:37:40.392035+00",,pytrends,"2026-03-27 18:34:47.925931+00"
332fe2e0-7038-453d-8251-11532aa39662,"o que é depressão crônica",0,10,saude-mental,"Saúde Mental",depressão,t,"2026-04-13 08:38:46.093196+00",,autocomplete,"2026-04-13 08:38:46.093196+00"
3350c423-9247-4897-9dca-ee10812dd3cd,"o que é sindrome do intestino irritavel sintomas",0,25,alimentacao,Alimentação,"síndrome de intestino irritável",t,"2026-04-13 08:40:49.538553+00",,autocomplete,"2026-04-13 08:40:49.538553+00"
335c1a33-fec0-45d0-a0c1-47b11bfeff26,"tratamentos para intolerância à lactose exame",0,10,alimentacao,Alimentação,"intolerância à lactose",t,"2026-04-13 08:43:43.801483+00",,autocomplete,"2026-04-13 08:43:43.801483+00"
339238d7-b1b2-4183-be41-dfc8d033381c,"o que é insônia primária",0,10,saude-mental,"Saúde Mental",insónia,t,"2026-04-13 08:39:19.763922+00",,autocomplete,"2026-04-13 08:39:19.763922+00"
339313be-b53d-4bb6-ac69-95c4e6411240,"cancro da mama causas e consequências",0,10,menopausa,Menopausa,"cancro da mama",t,"2026-04-13 08:40:55.173287+00",,autocomplete,"2026-04-13 08:40:55.173287+00"
33bb47f9-bb41-40a8-a52f-50a1b800df90,"tratamento quimioterapia cancro da mama",0,10,menopausa,Menopausa,"cancro da mama",t,"2026-04-13 08:40:55.173287+00",,autocomplete,"2026-04-13 08:40:55.173287+00"
33d8daa6-700d-4303-b2c6-dcd0a77dee1f,"demencia causas sintomas e tratamento",0,10,saude-mental,"Saúde Mental",demência,t,"2026-04-13 08:40:27.20613+00",,autocomplete,"2026-04-13 08:40:27.20613+00"
33df309d-0db6-47e5-846d-92994c4b1be4,"ataque de panico tratamento",0,10,saude-mental,"Saúde Mental",pânico,t,"2026-04-13 08:39:31.045213+00",,autocomplete,"2026-04-13 08:39:31.045213+00"
33e21cb2-3306-4c0a-9b20-b2874243d6bb,"o que é incontinência urinária no homem",0,10,menopausa,Menopausa,"incontinência urinária",t,"2026-04-13 08:42:42.043868+00",,autocomplete,"2026-04-13 08:42:42.043868+00"
33e7f4ea-7fed-43c9-a730-2fde7b8a7263,"o que é sepse de foco abdominal",0,10,emergentes,Emergentes,sepsis,t,"2026-04-13 08:41:00.80186+00",,autocomplete,"2026-04-13 08:41:00.80186+00"
34017f3f-f04d-474f-8e84-6e1ec6a3a946,"refluxo gastroesofágico causas e sintomas",0,10,alimentacao,Alimentação,"refluxo gastroesofágico",t,"2026-04-13 08:40:32.807623+00",,autocomplete,"2026-04-13 08:40:32.807623+00"
3411ddd8-090d-4120-9a5d-c4db2b08f4b4,"causas de lupus en mujeres",0,10,emergentes,Emergentes,lúpus,t,"2026-04-13 08:42:25.267323+00",,autocomplete,"2026-04-13 08:42:25.267323+00"
34232b86-48d6-4743-93ce-31ecdf05de19,"depressão sintomas graves",0,10,saude-mental,"Saúde Mental",depressão,t,"2026-04-13 08:38:46.093196+00",,autocomplete,"2026-04-13 08:38:46.093196+00"
3447e928-d554-4e45-81c1-4cbac1c68607,"como prevenir o alzheimer e quais são as formas de tratamento",0,10,saude-mental,"Saúde Mental",alzheimer,t,"2026-04-13 08:43:15.769569+00",,autocomplete,"2026-04-13 08:43:15.769569+00"
34661ca6-1ba2-480f-babb-ee5885b63dea,"como prevenir la diabetes tipo 2 pdf",0,10,alimentacao,Alimentação,"diabetes tipo 2",t,"2026-04-13 08:42:47.656406+00",,autocomplete,"2026-04-13 08:42:47.656406+00"
347cb132-91f9-411f-9c3f-dc15760d6523,"anorexia nervosa definição e sintomas",0,10,saude-mental,"Saúde Mental","anorexia nervosa",t,"2026-04-13 08:43:04.555328+00",,autocomplete,"2026-04-13 08:43:04.555328+00"
3480bfaa-0459-4604-83d5-c6d69742365e,"enxaqueca causas sintomas e tratamento",0,10,saude-mental,"Saúde Mental",enxaqueca,t,"2026-04-13 08:43:55.008487+00",,autocomplete,"2026-04-13 08:43:55.008487+00"
34876388-9822-4683-9984-c49f930f5148,"sintomas de estresse crônico",0,75,saude-mental,"Saúde Mental",stress,t,"2026-04-13 08:40:21.587655+00",,autocomplete,"2026-04-13 08:40:21.587655+00"
34984e2b-ba3c-4fce-ad3d-f8b45b441f6b,"como prevenir depressão e ansiedade",0,10,saude-mental,"Saúde Mental",depressão,t,"2026-04-13 08:38:46.093196+00",,autocomplete,"2026-04-13 08:38:46.093196+00"
349aea11-71f6-41c0-b453-d7dc0c136ab8,"próxima depressão",250,10,saude-mental,"Saúde Mental",depressão,f,"2026-04-06 08:05:46.502433+00",,pytrends,"2026-04-06 08:05:46.502433+00"
34bda23f-414f-4618-a33d-98e378124380,"como tratar osteoporose no fêmur",0,25,menopausa,Menopausa,osteoporose,t,"2026-04-13 08:36:53.898281+00",,autocomplete,"2026-04-13 08:36:53.898281+00"
34d1141b-a563-417f-a0b3-2fbc9ec07893,"panico causas e sintomas",0,10,saude-mental,"Saúde Mental",pânico,t,"2026-04-13 08:39:31.045213+00",,autocomplete,"2026-04-13 08:39:31.045213+00"
34dae7c8-3c90-489f-a8dc-431ad366d4fd,"refluxo gastroesofágico como tratar",60,60,alimentacao,Alimentação,"refluxo gastroesofágico",f,"2026-03-23 07:34:18.332135+00",,pytrends,"2026-03-27 18:34:47.925931+00"
34dd1d32-7191-441a-991e-fa2dab8e069d,"o que é candidíase genital",0,10,menopausa,Menopausa,candidíase,t,"2026-04-13 08:40:43.957484+00",,autocomplete,"2026-04-13 08:40:43.957484+00"
351a2c21-9db3-4017-8bd8-ec8cf364346f,"transtorno de pânico causas",0,10,saude-mental,"Saúde Mental",pânico,t,"2026-04-13 08:39:31.045213+00",,autocomplete,"2026-04-13 08:39:31.045213+00"
351fd66a-58ff-4cc8-bf8d-b54afec59080,"tratamento medicamentoso para fobia social",0,10,saude-mental,"Saúde Mental","fobia social",t,"2026-04-13 08:41:17.653799+00",,autocomplete,"2026-04-13 08:41:17.653799+00"
353dd721-ef61-4666-a525-88f31c1acaf6,"como tratar avc em casa",0,30,emergentes,Emergentes,avc,t,"2026-04-13 08:41:12.052215+00",,autocomplete,"2026-04-13 08:41:12.052215+00"
3545f5c7-605f-4acb-99f7-017b66afdf94,"avc tratamento fisioterapêutico",0,10,emergentes,Emergentes,avc,t,"2026-04-13 08:41:12.052215+00",,autocomplete,"2026-04-13 08:41:12.052215+00"
3558e3e0-d5f8-4ac1-b3f7-9acdf2ecc272,"sintomas de síndrome del ovario poliquístico",0,95,menopausa,Menopausa,"síndrome do ovário poliquístico",t,"2026-03-30 08:18:22.951656+00",,autocomplete,"2026-03-30 08:18:22.951656+00"
355a265b-79d0-4c53-b856-b9f593dcd86e,"enxaqueca sintomas de gravidez",0,10,saude-mental,"Saúde Mental",enxaqueca,t,"2026-04-13 08:43:55.008487+00",,autocomplete,"2026-04-13 08:43:55.008487+00"
3565d6cf-d576-4fe5-b65a-777f829a5617,"incontinencia urinaria causas y sintomas",0,10,menopausa,Menopausa,"incontinência urinária",t,"2026-04-13 08:42:42.043868+00",,autocomplete,"2026-04-13 08:42:42.043868+00"
356b42f7-914e-45ed-8a8c-59b5e01b9f46,"o que é depressão silenciosa",0,10,saude-mental,"Saúde Mental",depressão,t,"2026-04-13 08:38:46.093196+00",,autocomplete,"2026-04-13 08:38:46.093196+00"
357d4eb5-7c1c-4964-8eda-81857b19a98e,"causas de depressão em jovens",0,10,saude-mental,"Saúde Mental",depressão,t,"2026-04-13 08:38:46.093196+00",,autocomplete,"2026-04-13 08:38:46.093196+00"
358e800e-0db4-4bee-a13e-7e8c72c44f2f,"enxaqueca sintomas onde doi",0,10,saude-mental,"Saúde Mental",enxaqueca,t,"2026-04-13 08:43:55.008487+00",,autocomplete,"2026-04-13 08:43:55.008487+00"
3590b104-4ee8-4c3b-b279-62f88bfef93f,"o que causa perda de peso na menopausa",0,60,menopausa,Menopausa,"peso na menopausa",t,"2026-04-13 08:38:29.321032+00",,autocomplete,"2026-04-13 08:38:29.321032+00"
35d42839-4409-4651-820e-ba6b5e9c2fb7,"what is anemia",9999,100,alimentacao,Alimentação,anemia,f,"2026-04-06 08:09:28.02802+00",,pytrends,"2026-04-06 08:09:28.02802+00"
35ea6bd1-9663-4781-bfbd-eb570928dbc2,"o que é stress ball",0,10,saude-mental,"Saúde Mental",stress,t,"2026-04-13 08:40:21.587655+00",,autocomplete,"2026-04-13 08:40:21.587655+00"
35f925dc-08e9-4928-90b6-4f36b5b5e957,"sintomas candida auris",9999,92,emergentes,Emergentes,"candida auris",t,"2026-03-28 00:15:45.14077+00",,pytrends,"2026-03-28 00:15:45.14077+00"
35f937f2-7c3c-449c-bd4d-55600506608a,"sintomas de anemia falciforme",0,80,alimentacao,Alimentação,anemia,t,"2026-04-13 08:40:38.397737+00",,autocomplete,"2026-04-13 08:40:38.397737+00"
35ff6e39-ecca-40dd-9fab-4541767d4db7,"o que são competências socioemocionais redação",0,85,saude-mental,"Saúde Mental","competências socioemocionais",t,"2026-04-13 08:41:28.934623+00",,autocomplete,"2026-04-13 08:41:28.934623+00"
36201a0d-c87f-482f-a77b-6a0ff50c9508,"o cancro da mama mata",0,10,menopausa,Menopausa,"cancro da mama",t,"2026-04-13 08:40:55.173287+00",,autocomplete,"2026-04-13 08:40:55.173287+00"
362ce5dd-b354-4cad-9cd3-5eed144cc3b7,"tratamento cancro da mama",0,10,menopausa,Menopausa,"cancro da mama",t,"2026-04-13 08:40:55.173287+00",,autocomplete,"2026-04-13 08:40:55.173287+00"
363cf231-422d-4fec-89fd-161bfb962972,"anorexia nervosa tratamento nutricional",0,10,saude-mental,"Saúde Mental","anorexia nervosa",t,"2026-04-13 08:43:04.555328+00",,autocomplete,"2026-04-13 08:43:04.555328+00"
3644ab29-6559-47fa-a821-66fff9d0e294,"sintomas de avc leve",0,80,emergentes,Emergentes,avc,t,"2026-04-13 08:41:12.052215+00",,autocomplete,"2026-04-13 08:41:12.052215+00"
364f2064-4da0-47b8-900c-bc67769db94e,"sindrome do panico causas espirituais",0,10,saude-mental,"Saúde Mental",pânico,t,"2026-04-13 08:39:31.045213+00",,autocomplete,"2026-04-13 08:39:31.045213+00"
365ea36a-7a39-4202-8f40-b82b1c3040ca,"o que é literacia em saúde mental",0,100,saude-mental,"Saúde Mental","literacia em saúde mental",t,"2026-04-13 08:42:13.983435+00",,autocomplete,"2026-04-13 08:42:13.983435+00"
365ea871-01c6-4483-a61b-d5a441c4f12e,"tratamento inicial para diabetes tipo 2",0,10,alimentacao,Alimentação,"diabetes tipo 2",t,"2026-04-13 08:42:47.656406+00",,autocomplete,"2026-04-13 08:42:47.656406+00"
365fa1d7-1b16-4a19-b0d8-9d5f566afb54,"síndrome de burnout causas sintomas tratamentos diagnóstico e prevenção",0,10,saude-mental,"Saúde Mental",burnout,t,"2026-04-13 08:38:34.941684+00",,autocomplete,"2026-04-13 08:38:34.941684+00"
3663a1fe-8736-47ab-ae58-6795bb814f76,"endometriose o que é?",9999,76,menopausa,Menopausa,endometriose,f,"2026-03-23 07:41:17.863987+00",,pytrends,"2026-03-27 18:34:47.925931+00"
366f16c5-63a4-451f-8151-db2f464c6a0f,"como saber se tenho endometriose",9999,100,menopausa,Menopausa,endometriose,t,"2026-04-06 08:08:45.246752+00",,pytrends,"2026-04-06 08:08:45.246752+00"
368690fc-2e52-429d-b4e5-36efda290b90,"sindrome de ovario poliquistico sintomas y tratamiento",0,30,menopausa,Menopausa,"síndrome do ovário poliquístico",t,"2026-04-13 08:43:26.930582+00",,autocomplete,"2026-04-13 08:43:26.930582+00"
369e084f-5046-4497-bc81-097fd4b6a82c,"o que é endometriose intestinal",0,10,menopausa,Menopausa,endometriose,t,"2026-04-13 08:40:10.397854+00",,autocomplete,"2026-04-13 08:40:10.397854+00"
36a507ef-1d8e-4a94-8792-51d704bd0d22,"o que faz perder peso na menopausa",0,90,menopausa,Menopausa,"peso na menopausa",t,"2026-04-13 08:38:29.321032+00",,autocomplete,"2026-04-13 08:38:29.321032+00"
36c2e1ce-6a10-42cb-a040-bd415f7f3896,"como tratar el tdah en adultos medicamentos",0,20,saude-mental,"Saúde Mental","TDAH adulto",t,"2026-04-13 08:39:53.572317+00",,autocomplete,"2026-04-13 08:39:53.572317+00"
36c904d9-2326-4ba1-b21b-fb483b14626e,"o que é anorexia nervosa e bulimia",0,70,saude-mental,"Saúde Mental","anorexia nervosa",t,"2026-04-13 08:43:04.555328+00",,autocomplete,"2026-04-13 08:43:04.555328+00"
36d63340-b8cc-46ea-b533-1cd5df225baf,"superfungo candida auris sintomas",0,10,emergentes,Emergentes,"candida auris",t,"2026-04-13 08:42:30.835875+00",,autocomplete,"2026-04-13 08:42:30.835875+00"
36f693c3-9f8e-4997-8bbb-3bf7fd60a327,ptad,9999,100,saude-mental,"Saúde Mental",PTSD,f,"2026-03-30 08:01:17.11791+00",,pytrends,"2026-03-30 08:01:17.11791+00"
3707b205-8eab-474f-9183-197b3c35a81d,"refluxo gastroesofágico sintomas em bebes",0,10,alimentacao,Alimentação,"refluxo gastroesofágico",t,"2026-04-13 08:40:32.807623+00",,autocomplete,"2026-04-13 08:40:32.807623+00"
370d7bca-a108-4d16-ae19-2bb51bd268c8,"vírus nipah sintomas",9999,92,emergentes,Emergentes,"vírus nipah",f,"2026-04-06 08:04:53.258203+00",,pytrends,"2026-04-06 08:04:53.258203+00"
3731f127-876a-4699-804e-6f36060d304e,"cancro da mama sem sintomas",0,10,menopausa,Menopausa,"cancro da mama",t,"2026-04-13 08:40:55.173287+00",,autocomplete,"2026-04-13 08:40:55.173287+00"
375c597d-e734-4e07-9eb7-5f72a58db419,"como prevenir enxaqueca menstrual",0,10,saude-mental,"Saúde Mental",enxaqueca,t,"2026-04-13 08:43:55.008487+00",,autocomplete,"2026-04-13 08:43:55.008487+00"
37613685-94c2-4b4e-b647-0a799ba18ddf,"sintomas de ansiedade no corpo",0,80,saude-mental,"Saúde Mental",ansiedade,t,"2026-04-13 08:38:40.522707+00",,autocomplete,"2026-04-13 08:38:40.522707+00"
37627709-fb06-4306-934b-e2732e597eab,"anemia hemolítica autoimune",9999,68,alimentacao,Alimentação,anemia,f,"2026-04-13 08:29:36.237329+00",,pytrends,"2026-04-13 08:29:36.237329+00"
376302cd-86a2-425a-a7ad-c575caca8161,"como tratar menopausa masculina",0,95,menopausa,Menopausa,"menopausa masculina",t,"2026-04-13 08:39:08.490186+00",,autocomplete,"2026-04-13 08:39:08.490186+00"
376e0d5f-224c-48eb-a799-f794a5717f8c,"tdah sintomas adulto homem",0,10,saude-mental,"Saúde Mental","TDAH adulto",t,"2026-04-13 08:39:53.572317+00",,autocomplete,"2026-04-13 08:39:53.572317+00"
379c70cb-cf7a-432d-abcf-824211fe7bdc,"o que é cancro da mama",0,45,menopausa,Menopausa,"cancro da mama",t,"2026-04-13 08:40:55.173287+00",,autocomplete,"2026-04-13 08:40:55.173287+00"
37b7a69f-6cc3-4195-8816-5df62f856732,"insônia causas psicológicas",0,10,saude-mental,"Saúde Mental",insónia,t,"2026-04-13 08:39:19.763922+00",,autocomplete,"2026-04-13 08:39:19.763922+00"
37d6e179-33eb-4fb0-a752-d9683e9cb788,"o que é endometriose na mulher",0,10,menopausa,Menopausa,endometriose,t,"2026-04-13 08:40:10.397854+00",,autocomplete,"2026-04-13 08:40:10.397854+00"
37d94899-422a-4d54-961a-b17ea43fad74,"avc sintomas causas",0,10,emergentes,Emergentes,avc,t,"2026-04-13 08:41:12.052215+00",,autocomplete,"2026-04-13 08:41:12.052215+00"
38026e20-31bb-43af-baf1-f9c29d7eb5ce,"diabetes tipo 2 tratamento nutricional",0,10,alimentacao,Alimentação,"diabetes tipo 2",t,"2026-04-13 08:42:47.656406+00",,autocomplete,"2026-04-13 08:42:47.656406+00"
383960ab-ee56-4a25-9358-877b5cbcc4cb,"sintomas de menopausa precoce aos 40 anos",0,85,menopausa,Menopausa,"menopausa precoce",t,"2026-04-13 08:37:50.002306+00",,autocomplete,"2026-04-13 08:37:50.002306+00"
384599a6-8415-4f0f-91f7-f9f466d6c131,"fobia social tratamento pdf",0,10,saude-mental,"Saúde Mental","fobia social",t,"2026-04-13 08:41:17.653799+00",,autocomplete,"2026-04-13 08:41:17.653799+00"
384d1283-42e8-4c5c-abdb-968efb43fcf7,"demência sintomas",0,10,saude-mental,"Saúde Mental",demência,t,"2026-04-13 08:40:27.20613+00",,autocomplete,"2026-04-13 08:40:27.20613+00"
384f4195-9252-478c-a99d-ce0813e3e78e,"sintomas de refluxo gastroesofágico como tratar",0,75,alimentacao,Alimentação,"refluxo gastroesofágico",t,"2026-04-13 08:40:32.807623+00",,autocomplete,"2026-04-13 08:40:32.807623+00"
38540bd8-ee39-45ae-87e9-e24be7248625,"o que é libido na menopausa",0,85,menopausa,Menopausa,"libido menopausa",t,"2026-04-13 08:38:18.065121+00",,autocomplete,"2026-04-13 08:38:18.065121+00"
385f27ba-4238-419f-8694-299795b30e6d,"tratamento natural para burnout",0,10,saude-mental,"Saúde Mental",burnout,t,"2026-04-13 08:38:34.941684+00",,autocomplete,"2026-04-13 08:38:34.941684+00"
387518d8-c4d2-4dc3-bef1-f3ead6bcd0a7,"anorexia nervosa tratamento psicologico",0,10,saude-mental,"Saúde Mental","anorexia nervosa",t,"2026-04-13 08:43:04.555328+00",,autocomplete,"2026-04-13 08:43:04.555328+00"
387749a4-eed0-4a10-942d-4341465c9710,"vacina ansiedade",6600,60,saude-mental,"Saúde Mental",ansiedade,f,"2026-04-06 08:05:35.66783+00",,pytrends,"2026-04-06 08:05:35.66783+00"
38c40ed4-4774-4afa-af4d-33acff59bdc2,"candidíase na gravidez",180,44,menopausa,Menopausa,candidíase,f,"2026-03-30 08:10:15.11518+00",,pytrends,"2026-03-30 08:10:15.11518+00"
38c7328d-5936-4a8c-9368-71589b3b360c,"burnout sintomas como tratar",0,10,saude-mental,"Saúde Mental",burnout,t,"2026-04-13 08:38:34.941684+00",,autocomplete,"2026-04-13 08:38:34.941684+00"
38deaf33-c0ac-4f88-9835-db0617d8795b,"diabetes tipo 2 sintomas tonturas",0,10,alimentacao,Alimentação,"diabetes tipo 2",t,"2026-04-13 08:42:47.656406+00",,autocomplete,"2026-04-13 08:42:47.656406+00"
38e4efcb-eac6-4a6c-a2de-d164afe281e6,"sintomas da ansiedade",40,10,saude-mental,"Saúde Mental",ansiedade,t,"2026-04-06 08:05:35.66783+00",,pytrends,"2026-04-06 08:05:35.66783+00"
38fa3395-b6ba-4687-a41b-103d1d6d7e40,"sd panico tratamento",0,10,saude-mental,"Saúde Mental",pânico,t,"2026-04-13 08:39:31.045213+00",,autocomplete,"2026-04-13 08:39:31.045213+00"
38fcd7c9-e284-4e27-a078-ea45e3f8acfb,"anemia tratamento hospitalar",0,10,alimentacao,Alimentação,anemia,t,"2026-04-13 08:40:38.397737+00",,autocomplete,"2026-04-13 08:40:38.397737+00"
3903735b-eb55-4a07-8353-a06ed3043fae,"como tratar incontinência urinária após cirurgia de próstata",0,10,menopausa,Menopausa,"incontinência urinária",t,"2026-04-13 08:42:42.043868+00",,autocomplete,"2026-04-13 08:42:42.043868+00"
390c5ba1-85fa-4313-b5df-29c161854a2c,"o que é sepse",0,15,emergentes,Emergentes,sepsis,t,"2026-04-13 08:41:00.80186+00",,autocomplete,"2026-04-13 08:41:00.80186+00"
39182af9-a88c-4649-ab24-7344987bd2e4,"sintomas de intolerância a lactose e gluten",0,70,alimentacao,Alimentação,"intolerância à lactose",t,"2026-03-30 08:18:34.934772+00",,autocomplete,"2026-03-30 08:18:34.934772+00"
3920d8d9-d012-4015-9468-e2e2909781bb,"como prevenir anemia em crianças",0,10,alimentacao,Alimentação,anemia,t,"2026-04-13 08:40:38.397737+00",,autocomplete,"2026-04-13 08:40:38.397737+00"
3949ef34-345f-4805-9c92-2a82a94bbb54,"sintomas de pré diabetes gestacional",0,55,alimentacao,Alimentação,pré-diabetes,t,"2026-04-13 08:42:08.372884+00",,autocomplete,"2026-04-13 08:42:08.372884+00"
395de5ee-0792-48b2-9f08-037d7d5ee62e,"o que é bom para síndrome do intestino irritável",0,20,alimentacao,Alimentação,"síndrome de intestino irritável",t,"2026-04-13 08:40:49.538553+00",,autocomplete,"2026-04-13 08:40:49.538553+00"
3962e947-e9df-4e5e-b188-f0448e74f501,"como tratar refluxo gastroesofágico na gravidez",0,10,alimentacao,Alimentação,"refluxo gastroesofágico",t,"2026-04-13 08:40:32.807623+00",,autocomplete,"2026-04-13 08:40:32.807623+00"
3988432e-f7e3-4815-8e37-b97e86e28abc,"sintomas menopausa libido",0,100,menopausa,Menopausa,"libido menopausa",t,"2026-04-13 08:38:18.065121+00",,autocomplete,"2026-04-13 08:38:18.065121+00"
398e3ae9-f55a-454f-909f-e78a806f7b68,"ansiedade tratamento natural meditação",0,10,saude-mental,"Saúde Mental",ansiedade,t,"2026-04-13 08:38:40.522707+00",,autocomplete,"2026-04-13 08:38:40.522707+00"
399c7a88-a300-483e-999c-d6ba89f4151c,"causas de insonia e tratamento",0,10,saude-mental,"Saúde Mental",insónia,t,"2026-04-13 08:39:19.763922+00",,autocomplete,"2026-04-13 08:39:19.763922+00"
39b7783e-4dc0-44a3-abe4-eb193c19a99d,"é normal ter anemia",0,10,alimentacao,Alimentação,anemia,t,"2026-04-13 08:40:38.397737+00",,autocomplete,"2026-04-13 08:40:38.397737+00"
39bc239e-1747-4c2d-b2c0-95af66cf6a22,"é normal ter enxaqueca todos os dias",0,10,saude-mental,"Saúde Mental",enxaqueca,t,"2026-04-13 08:43:55.008487+00",,autocomplete,"2026-04-13 08:43:55.008487+00"
39e21216-479b-4b2a-adf8-3b19fa63aebe,"causas ataque de pânico",0,10,saude-mental,"Saúde Mental",pânico,t,"2026-03-30 08:14:30.022367+00",,autocomplete,"2026-03-30 08:14:30.022367+00"
39e487a0-76af-45c9-b737-aaf3239f68a6,"cura para diabetes tipo 1 e 2",9999,84,alimentacao,Alimentação,"diabetes tipo 2",t,"2026-03-23 07:37:40.392072+00",,pytrends,"2026-03-27 18:34:47.925931+00"
39ee9ec0-34b3-4ce2-ac42-19dd18e097d6,"como prevenir o transtorno de ansiedade",0,10,saude-mental,"Saúde Mental",ansiedade,t,"2026-04-13 08:38:40.522707+00",,autocomplete,"2026-04-13 08:38:40.522707+00"
3a01c6cb-a5d4-4a08-af56-13b8d39ee7b6,"como tratar síndrome do intestino irritável sii",0,45,alimentacao,Alimentação,"síndrome de intestino irritável",t,"2026-04-13 08:40:49.538553+00",,autocomplete,"2026-04-13 08:40:49.538553+00"
3a439571-263c-43ec-b069-307d87e38f2c,"sintomas de colesterol alto em homem",0,75,alimentacao,Alimentação,"colesterol alto",t,"2026-04-13 08:40:04.811683+00",,autocomplete,"2026-04-13 08:40:04.811683+00"
3a459c9f-3bf8-4059-9856-bd1b2079d81a,"avc sintomas",0,10,emergentes,Emergentes,avc,t,"2026-04-13 08:41:12.052215+00",,autocomplete,"2026-04-13 08:41:12.052215+00"
3a813154-3264-4b1e-8e77-1128c6f16130,"fobia social tratamento caseiro",0,10,saude-mental,"Saúde Mental","fobia social",t,"2026-04-13 08:41:17.653799+00",,autocomplete,"2026-04-13 08:41:17.653799+00"
3a85b4d7-ad66-4813-a2b2-774081299ba5,"alzheimer tratamento fisioterapêutico",0,10,saude-mental,"Saúde Mental",alzheimer,t,"2026-04-13 08:43:15.769569+00",,autocomplete,"2026-04-13 08:43:15.769569+00"
3aac2c34-268f-47e7-8dce-762ba46cd30e,"o que é dependências da escola",0,90,saude-mental,"Saúde Mental",dependências,t,"2026-04-13 08:41:06.439839+00",,autocomplete,"2026-04-13 08:41:06.439839+00"
3ad2aa43-d7f4-409c-b5b7-4d2ae1eca9f1,"como curar candidíase imediatamente",9999,76,menopausa,Menopausa,candidíase,t,"2026-03-30 08:10:15.11518+00",,pytrends,"2026-03-30 08:10:15.11518+00"
3ae29776-024e-4df7-aa18-2e08bb32eb57,"colesterol alto genético tratamento",0,10,alimentacao,Alimentação,"colesterol alto",t,"2026-04-13 08:40:04.811683+00",,autocomplete,"2026-04-13 08:40:04.811683+00"
3afcc0e9-6f3e-49f2-a8a1-1f6d0cfd9f55,"doença celíaca sintomas em crianças",0,10,alimentacao,Alimentação,"doença celíaca",t,"2026-04-13 08:43:38.203977+00",,autocomplete,"2026-04-13 08:43:38.203977+00"
3b3461e2-9338-4598-b296-294c1f92f5cc,"sepse sintomas em idoso",0,10,emergentes,Emergentes,sepsis,t,"2026-04-13 08:41:00.80186+00",,autocomplete,"2026-04-13 08:41:00.80186+00"
3b7090d9-619a-4d16-8db9-d89819693cfb,"demência fronto temporal",9999,100,saude-mental,"Saúde Mental",demência,f,"2026-04-06 08:09:06.750055+00",,pytrends,"2026-04-06 08:09:06.750055+00"
3b70ff8b-9a13-4404-8dcc-411ff9268dce,"como tratar alzheimer",0,50,saude-mental,"Saúde Mental",alzheimer,t,"2026-04-13 08:43:15.769569+00",,autocomplete,"2026-04-13 08:43:15.769569+00"
3b769d57-6491-4746-a6df-9d4e2586ce9b,"o que quem tem intolerância à lactose pode comer",0,10,alimentacao,Alimentação,"intolerância à lactose",t,"2026-04-13 08:43:43.801483+00",,autocomplete,"2026-04-13 08:43:43.801483+00"
3b83b58f-13c8-4eff-8b18-aa9ed453d3a5,"tratamento para alcoolismo online",0,10,saude-mental,"Saúde Mental",alcoolismo,t,"2026-03-30 08:18:40.935919+00",,autocomplete,"2026-03-30 08:18:40.935919+00"
3b9a3b40-65b3-47d8-bf09-6e6c5fa55c00,"o que é panico noturno",0,10,saude-mental,"Saúde Mental",pânico,t,"2026-04-13 08:39:31.045213+00",,autocomplete,"2026-04-13 08:39:31.045213+00"
3bab86ed-8fa5-4a00-82ac-c61c715cbf70,"osteoporose sintomas tratamento e prevenção",0,10,menopausa,Menopausa,osteoporose,t,"2026-03-30 08:16:17.628387+00",,autocomplete,"2026-03-30 08:16:17.628387+00"
3bad9c7e-4bf2-41bc-96f5-0e1b9d6e56dd,"obesidade infantil principais causas",0,10,alimentacao,Alimentação,"obesidade infantil",t,"2026-04-13 08:36:59.449865+00",,autocomplete,"2026-04-13 08:36:59.449865+00"
3bd58ba7-8812-492f-b375-e3996834efc8,"possíveis causas de endometriose",0,10,menopausa,Menopausa,endometriose,t,"2026-04-13 08:40:10.397854+00",,autocomplete,"2026-04-13 08:40:10.397854+00"
3bdfd90f-9cf8-4a31-a48e-5b511465ad84,"causas de avc em caes",0,10,emergentes,Emergentes,avc,t,"2026-04-13 08:41:12.052215+00",,autocomplete,"2026-04-13 08:41:12.052215+00"
3c0ea110-b32f-4f72-a98d-39d080857316,"como prevenir a automutilação",0,30,saude-mental,"Saúde Mental",automutilação,t,"2026-04-13 08:36:42.692925+00",,autocomplete,"2026-04-13 08:36:42.692925+00"
3c2af3c2-f85c-402b-a77c-f80c2a5245fc,"suicídio assistido",60,100,saude-mental,"Saúde Mental",suicídio,f,"2026-04-06 08:13:20.248009+00",,pytrends,"2026-04-06 08:13:20.248009+00"
3c30e44b-f3c7-432a-9757-657d9dee1db2,"avc tratamento medicamentoso",0,10,emergentes,Emergentes,avc,t,"2026-04-13 08:41:12.052215+00",,autocomplete,"2026-04-13 08:41:12.052215+00"
3c420d30-572a-428e-9cec-8e1fd4c485cd,"insônia tratamento caseiro",0,10,saude-mental,"Saúde Mental",insónia,t,"2026-04-13 08:39:19.763922+00",,autocomplete,"2026-04-13 08:39:19.763922+00"
3c57e4db-8f2b-4932-a5a9-b2d9ceefe079,"candidíase sintomas o que causa",0,10,menopausa,Menopausa,candidíase,t,"2026-04-13 08:40:43.957484+00",,autocomplete,"2026-04-13 08:40:43.957484+00"
3c683baf-fed2-493a-b300-7a73fafa7ffb,"lúpus sintomas iniciais na pele",0,10,emergentes,Emergentes,lúpus,t,"2026-04-13 08:42:25.267323+00",,autocomplete,"2026-04-13 08:42:25.267323+00"
3c7f2d7d-05ed-4fa8-9b71-8ce1f25fa112,"como tratar el long covid",0,95,emergentes,Emergentes,"long covid",t,"2026-03-30 08:16:53.333087+00",,autocomplete,"2026-03-30 08:16:53.333087+00"
3c83fe24-4da3-4b4a-826e-7e544f9f4534,"dieta cetogenica sintomas de cetose",0,60,alimentacao,Alimentação,"dieta cetogénica",t,"2026-04-13 08:37:55.594739+00",,autocomplete,"2026-04-13 08:37:55.594739+00"
3c8cd532-7395-48c1-8d8a-1c8219f7875c,"cura diabetes tipo 2",180,76,alimentacao,Alimentação,"diabetes tipo 2",t,"2026-03-23 07:37:40.392108+00",,pytrends,"2026-03-27 18:34:47.925931+00"
3cd29875-8952-48e5-8b74-d3a78d58953a,"o que é bom para ter libido na menopausa",0,65,menopausa,Menopausa,"libido menopausa",t,"2026-03-28 00:22:14.79915+00",,autocomplete,"2026-03-28 00:22:14.79915+00"
3cd4f41e-0ad5-45cd-b10a-56657418545e,"como prevenir la resistencia a los antibióticos",0,60,emergentes,Emergentes,"resistência antibióticos",t,"2026-04-13 08:42:19.657825+00",,autocomplete,"2026-04-13 08:42:19.657825+00"
3ce3c058-0a04-45cd-b290-79a479c7c5d1,"sbd tratamento para diabetes",0,10,alimentacao,Alimentação,pré-diabetes,t,"2026-04-13 08:42:08.372884+00",,autocomplete,"2026-04-13 08:42:08.372884+00"
3ce44f62-d19c-4544-9432-6d46822a05e3,"colesterol alto causas",0,10,alimentacao,Alimentação,"colesterol alto",t,"2026-04-13 08:40:04.811683+00",,autocomplete,"2026-04-13 08:40:04.811683+00"
3cfbdaf2-456d-448c-8bf6-1681bcd93196,"colesterol alto tratamento medicamentoso",0,10,alimentacao,Alimentação,"colesterol alto",t,"2026-04-13 08:40:04.811683+00",,autocomplete,"2026-04-13 08:40:04.811683+00"
3cfc6fa7-1020-4483-b5e6-e3a3e989c947,"maxalt enxaqueca",2250,10,saude-mental,"Saúde Mental",enxaqueca,f,"2026-03-30 08:08:36.559366+00",,pytrends,"2026-03-30 08:08:36.559366+00"
3cfe584b-c23b-4727-9a44-a83f4fbe9441,"fobia social adolescentes tratamento",0,10,saude-mental,"Saúde Mental","fobia social",t,"2026-04-13 08:41:17.653799+00",,autocomplete,"2026-04-13 08:41:17.653799+00"
3d0d6456-c974-49d2-bad2-900d124055a0,"candida auris tratamento de primeira linha",0,10,emergentes,Emergentes,"candida auris",t,"2026-04-13 08:42:30.835875+00",,autocomplete,"2026-04-13 08:42:30.835875+00"
3d1a35b5-546c-44d9-9239-da88939cf3fd,"refluxo gastroesofágico sintomas o que tomar",0,10,alimentacao,Alimentação,"refluxo gastroesofágico",t,"2026-04-13 08:40:32.807623+00",,autocomplete,"2026-04-13 08:40:32.807623+00"
3d1e0130-e3e3-4d72-979d-d7b097882c88,"como tratar refluxo gastroesofágico em crianças",0,20,alimentacao,Alimentação,"refluxo gastroesofágico",t,"2026-04-13 08:40:32.807623+00",,autocomplete,"2026-04-13 08:40:32.807623+00"
3d28d170-6abc-4cb4-a80e-33b19ca0df31,"suicídio causas e prevenção",0,10,saude-mental,"Saúde Mental",suicídio,t,"2026-04-13 08:42:36.442374+00",,autocomplete,"2026-04-13 08:42:36.442374+00"
3d3b0c2c-223d-4699-801e-166a7ce912cb,"obesidade infantil tratamento nutricional",0,10,alimentacao,Alimentação,"obesidade infantil",t,"2026-04-13 08:36:59.449865+00",,autocomplete,"2026-04-13 08:36:59.449865+00"
3d82e083-b4e3-4dd5-894b-3c99bc8f3f25,"como tratar depressão profunda",0,20,saude-mental,"Saúde Mental",depressão,t,"2026-04-13 08:38:46.093196+00",,autocomplete,"2026-04-13 08:38:46.093196+00"
3d8f9411-e52a-4b07-8d44-89fc2e1dad4d,"tratamento para ansiedade com canabidiol",0,10,saude-mental,"Saúde Mental",ansiedade,t,"2026-04-13 08:38:40.522707+00",,autocomplete,"2026-04-13 08:38:40.522707+00"
3db995f7-883f-4dc3-8d72-b67f2a6a1cf1,"sintomas de refluxo gastroesofágico",0,100,alimentacao,Alimentação,"refluxo gastroesofágico",t,"2026-04-13 08:40:32.807623+00",,autocomplete,"2026-04-13 08:40:32.807623+00"
3dc536ed-2c13-4a78-968c-9679fc1c8995,"tratamento insonia idoso",0,10,saude-mental,"Saúde Mental",insónia,t,"2026-04-13 08:39:19.763922+00",,autocomplete,"2026-04-13 08:39:19.763922+00"
3dde9409-e053-4baf-b5d0-ffcfeb202b46,"ansiedade tratamento natural",0,10,saude-mental,"Saúde Mental",ansiedade,t,"2026-04-13 08:38:40.522707+00",,autocomplete,"2026-04-13 08:38:40.522707+00"
3df471e7-4aa7-44f9-99b7-49b35f7e71a5,"tratamento para candidíase dose única",0,10,menopausa,Menopausa,candidíase,t,"2026-04-13 08:40:43.957484+00",,autocomplete,"2026-04-13 08:40:43.957484+00"
3dfdce91-d412-4bba-89da-532fa0342f2a,"o que causa menopausa precoce",0,10,menopausa,Menopausa,"menopausa precoce",t,"2026-04-13 08:37:50.002306+00",,autocomplete,"2026-04-13 08:37:50.002306+00"
3e154821-f9ba-439f-a8ea-54f6299fbc3d,"quais os sintomas da anemia",9999,76,alimentacao,Alimentação,anemia,t,"2026-03-23 07:34:29.013672+00",,pytrends,"2026-03-27 18:34:47.925931+00"
3e5ccc2d-cb2f-4934-8826-ad746f002d7c,"o que é incontinência urinária de esforço",0,10,menopausa,Menopausa,"incontinência urinária",t,"2026-04-13 08:42:42.043868+00",,autocomplete,"2026-04-13 08:42:42.043868+00"
3e802912-3fac-4923-9d04-3980dfec7509,"o que pode causar um avc",9999,92,emergentes,Emergentes,avc,t,"2026-04-13 08:30:45.927315+00",,pytrends,"2026-04-13 08:30:45.927315+00"
3e8c4290-0d27-4550-b875-fbabe0b02859,"tratamento para avc leve",0,10,emergentes,Emergentes,avc,t,"2026-04-13 08:41:12.052215+00",,autocomplete,"2026-04-13 08:41:12.052215+00"
3e9ff9bb-3fd3-46ff-b1ed-a2a96c9074da,"menopausa precoce causas",0,10,menopausa,Menopausa,"menopausa precoce",t,"2026-04-13 08:37:50.002306+00",,autocomplete,"2026-04-13 08:37:50.002306+00"
3eb25f3f-0f54-4cce-bc4f-f0f35818f514,"sintomas de ptsd",0,100,saude-mental,"Saúde Mental",PTSD,t,"2026-04-13 08:39:36.686137+00",,autocomplete,"2026-04-13 08:39:36.686137+00"
3ec19c3e-bd45-445a-8b01-2ed10ae18794,"endometriose diagnóstico",6200,60,menopausa,Menopausa,endometriose,f,"2026-03-30 08:09:08.445079+00",,pytrends,"2026-03-30 08:09:08.445079+00"
3ec9cced-e59f-4777-91a8-3951c70cc4cb,"stress off",50,36,saude-mental,"Saúde Mental",stress,f,"2026-03-23 07:41:28.797765+00",,pytrends,"2026-03-27 18:34:47.925931+00"
3ed3627e-e134-4144-b883-810f16c91310,"tratamento tdah adulto gratuito",0,10,saude-mental,"Saúde Mental","TDAH adulto",t,"2026-04-13 08:39:53.572317+00",,autocomplete,"2026-04-13 08:39:53.572317+00"
3eee4d07-3be6-45ea-a5c7-32450db36f1d,"adulto com tdah tem tratamento",0,10,saude-mental,"Saúde Mental","TDAH adulto",t,"2026-04-13 08:39:53.572317+00",,autocomplete,"2026-04-13 08:39:53.572317+00"
3ef0858e-80c3-466d-9dc1-90857561c04c,"burnout causas",0,10,saude-mental,"Saúde Mental",burnout,t,"2026-04-13 08:38:34.941684+00",,autocomplete,"2026-04-13 08:38:34.941684+00"
3f009f66-df20-4dff-88fe-258e5ed2c528,"cancro da mama sintomas",100,92,menopausa,Menopausa,"cancro da mama",f,"2026-04-06 08:10:00.347905+00",,pytrends,"2026-04-06 08:10:00.347905+00"
3f02adec-dd59-451b-9cd8-bc966a0194c8,"causas de doenças cardiovasculares",0,30,emergentes,Emergentes,"doenças cardiovasculares",t,"2026-04-13 08:43:21.329264+00",,autocomplete,"2026-04-13 08:43:21.329264+00"
3f08370e-a66f-45b7-92a8-61e4b28c1ebd,"tratamento para lúpus sistêmico",0,10,emergentes,Emergentes,lúpus,t,"2026-04-13 08:42:25.267323+00",,autocomplete,"2026-04-13 08:42:25.267323+00"
3f148884-8d22-4c3d-bc25-19b75aaecc9a,"causas de insônia em idosos",0,10,saude-mental,"Saúde Mental",insónia,t,"2026-04-13 08:39:19.763922+00",,autocomplete,"2026-04-13 08:39:19.763922+00"
3f25f754-918c-4eb6-9a95-0242143a2629,"avc em ingles",130,12,emergentes,Emergentes,avc,f,"2026-04-13 08:30:45.927315+00",,pytrends,"2026-04-13 08:30:45.927315+00"
3f364b26-d11d-488a-9bb8-d16b2d0dc234,"avc tratamento",90,10,emergentes,Emergentes,avc,f,"2026-03-30 08:05:39.827249+00",,pytrends,"2026-03-30 08:05:39.827249+00"
3f4332dd-178e-4dd2-b4b1-78a1f7886045,"causas de incontinencia urinaria transitoria",0,10,menopausa,Menopausa,"incontinência urinária",t,"2026-04-13 08:42:42.043868+00",,autocomplete,"2026-04-13 08:42:42.043868+00"
3f6b9d9a-1ca5-414a-90f3-b6409d13c42c,"sintomas de refluxo gastroesofágico em adulto",0,90,alimentacao,Alimentação,"refluxo gastroesofágico",t,"2026-04-13 08:40:32.807623+00",,autocomplete,"2026-04-13 08:40:32.807623+00"
3f763cc5-9e48-4f4c-aa22-2c0bd1965e50,"proxima depressão",600,20,saude-mental,"Saúde Mental",depressão,f,"2026-03-30 07:59:07.198788+00",,pytrends,"2026-03-30 07:59:07.198788+00"
3fa185dd-1e18-4040-82a9-81421837b3c2,"tratamento terapia hormonal",0,60,menopausa,Menopausa,"terapia hormonal",t,"2026-04-13 08:37:21.896373+00",,autocomplete,"2026-04-13 08:37:21.896373+00"
3fae3ff0-e525-43fe-a249-ac5f4e901db8,"como prevenir avc e derrame",0,10,emergentes,Emergentes,avc,t,"2026-04-13 08:41:12.052215+00",,autocomplete,"2026-04-13 08:41:12.052215+00"
3fdc8880-58c9-410c-957b-697ddaa2fa45,"sintomas de enxaqueca menstrual",0,55,saude-mental,"Saúde Mental",enxaqueca,t,"2026-04-13 08:43:55.008487+00",,autocomplete,"2026-04-13 08:43:55.008487+00"
3ffa1f0b-7ad6-4736-96e6-3f1d1def1845,"anorexia nervosa sinais e sintomas",0,10,saude-mental,"Saúde Mental","anorexia nervosa",t,"2026-04-13 08:43:04.555328+00",,autocomplete,"2026-04-13 08:43:04.555328+00"
400414f8-64db-419f-b795-4932b730a530,"meditação guiada para ansiedade",9999,92,saude-mental,"Saúde Mental",ansiedade,f,"2026-04-06 08:05:35.66783+00",,pytrends,"2026-04-06 08:05:35.66783+00"
400b2976-15d8-4579-b974-037a8cbf79e1,"tratamento para candidíase na boca",0,10,menopausa,Menopausa,candidíase,t,"2026-04-13 08:40:43.957484+00",,autocomplete,"2026-04-13 08:40:43.957484+00"
401218a3-e887-4137-ba27-33bb51f4642d,"o que e solidão emocional",0,60,saude-mental,"Saúde Mental",solidão,t,"2026-04-13 08:38:51.66098+00",,autocomplete,"2026-04-13 08:38:51.66098+00"
40243226-0511-47d1-972f-c5a7b614c172,"principais causas de suores noturnos",0,35,menopausa,Menopausa,"suores noturnos",t,"2026-04-13 08:37:44.379314+00",,autocomplete,"2026-04-13 08:37:44.379314+00"
403da2d3-3ed5-419f-b086-40b20be078f5,"diabetes tipo 2 sintomas fisicos",0,10,alimentacao,Alimentação,"diabetes tipo 2",t,"2026-04-13 08:42:47.656406+00",,autocomplete,"2026-04-13 08:42:47.656406+00"
404b4d30-fa1f-43a9-a539-325527b70b64,"diferença entre demencia e alzheimer",9999,76,saude-mental,"Saúde Mental",alzheimer,t,"2026-03-30 08:07:05.928237+00",,pytrends,"2026-03-30 08:07:05.928237+00"
4053838a-bed3-471c-a168-4c38e6296ded,"sintomas de insônia causas",0,60,saude-mental,"Saúde Mental",insónia,t,"2026-03-30 08:14:18.110583+00",,autocomplete,"2026-03-30 08:14:18.110583+00"
405b3f1a-a19a-4ba9-b53d-9bff3197bec2,"enxaqueca menstrual",9999,92,saude-mental,"Saúde Mental",enxaqueca,f,"2026-03-28 00:18:52.271444+00",,pytrends,"2026-03-28 00:18:52.271444+00"
40647e36-c420-4d05-adf0-f09404dd6eb0,"avc causas e consequências",0,10,emergentes,Emergentes,avc,t,"2026-04-13 08:41:12.052215+00",,autocomplete,"2026-04-13 08:41:12.052215+00"
40748c26-c7ff-4f81-97c2-0fc868e67b65,"é normal ter anemia no final da gravidez",0,10,alimentacao,Alimentação,anemia,t,"2026-04-13 08:40:38.397737+00",,autocomplete,"2026-04-13 08:40:38.397737+00"
40c3625b-cc71-4602-bc20-408af2776798,"como tratar fobia social naturalmente",0,40,saude-mental,"Saúde Mental","fobia social",t,"2026-04-13 08:41:17.653799+00",,autocomplete,"2026-04-13 08:41:17.653799+00"
41096aba-90c8-45aa-b278-8dcb1af41cf5,"alzheimer disease",90,20,saude-mental,"Saúde Mental",alzheimer,f,"2026-03-30 08:07:05.928237+00",,pytrends,"2026-03-30 08:07:05.928237+00"
410c0556-3632-4993-a42b-82ee61249f50,"sepsis guidelines",90,68,emergentes,Emergentes,sepsis,f,"2026-03-30 08:10:36.532012+00",,pytrends,"2026-03-30 08:10:36.532012+00"
411001ac-4bd3-45a5-b71b-02ce3afb6b79,"como tratar fobia social em crianças",0,35,saude-mental,"Saúde Mental","fobia social",t,"2026-04-13 08:41:17.653799+00",,autocomplete,"2026-04-13 08:41:17.653799+00"
4133d9c1-bae8-4301-b1da-9d93e718c5f7,"via verde avc",140,20,emergentes,Emergentes,avc,f,"2026-04-13 08:30:45.927315+00",,pytrends,"2026-04-13 08:30:45.927315+00"
413f9126-fb50-433f-8da2-5f8ae5867ae3,"enxaqueca em salvas",9999,60,saude-mental,"Saúde Mental",enxaqueca,f,"2026-03-23 07:40:03.267021+00",,pytrends,"2026-03-27 18:34:47.925931+00"
415a75cb-2a03-461e-af45-b5c56debac8e,"como prevenir anemia",0,10,alimentacao,Alimentação,anemia,t,"2026-04-13 08:40:38.397737+00",,autocomplete,"2026-04-13 08:40:38.397737+00"
416c06bf-7748-4fe5-8999-7e98a37f5ed4,"como se prevenir do cancro da mama",0,10,menopausa,Menopausa,"cancro da mama",t,"2026-04-13 08:40:55.173287+00",,autocomplete,"2026-04-13 08:40:55.173287+00"
416e3fb9-81c1-4b43-abb2-d1d28980004d,"tratamento para osteoporose no femur",0,10,menopausa,Menopausa,osteoporose,t,"2026-04-13 08:36:53.898281+00",,autocomplete,"2026-04-13 08:36:53.898281+00"
418b55a2-c24d-41f6-97a2-cc9e0123e4de,"como tratar timidez e fobia social",0,15,saude-mental,"Saúde Mental","fobia social",t,"2026-04-13 08:41:17.653799+00",,autocomplete,"2026-04-13 08:41:17.653799+00"
418df3b9-dc4f-4238-b561-02fa1414d3d1,"o que é enxaqueca abdominal",0,10,saude-mental,"Saúde Mental",enxaqueca,t,"2026-04-13 08:43:55.008487+00",,autocomplete,"2026-04-13 08:43:55.008487+00"
41a5b625-262e-4289-9358-2915cb07c84b,"o que é avcb",0,10,emergentes,Emergentes,avc,t,"2026-04-13 08:41:12.052215+00",,autocomplete,"2026-04-13 08:41:12.052215+00"
41b91f34-027a-4d05-9974-97de9450b9f4,"terapia hormonal menopausa",50,92,menopausa,Menopausa,"terapia hormonal",f,"2026-03-23 07:27:29.101435+00",,pytrends,"2026-03-27 18:34:47.925931+00"
41c6f458-8622-4a21-a99a-4a2a8eca6fdd,"enxaqueca causas comuns",0,10,saude-mental,"Saúde Mental",enxaqueca,t,"2026-04-13 08:43:55.008487+00",,autocomplete,"2026-04-13 08:43:55.008487+00"
41d8baa4-5277-461f-bd32-69d3a403a7da,"sintomas de lúpus em criança",0,75,emergentes,Emergentes,lúpus,t,"2026-04-13 08:42:25.267323+00",,autocomplete,"2026-04-13 08:42:25.267323+00"
41ff487d-f891-4015-853b-a224df5cf0cc,"burnout autista",9999,84,saude-mental,"Saúde Mental",burnout,f,"2026-03-23 07:31:17.719148+00",,pytrends,"2026-03-27 18:34:47.925931+00"
4209aeec-e8f5-4d41-b1b0-987c9585bde6,"jejum intermitente sintomas",0,30,alimentacao,Alimentação,"jejum intermitente",t,"2026-04-13 08:36:37.089218+00",,autocomplete,"2026-04-13 08:36:37.089218+00"
423812c1-095c-4c4e-ba10-60b3776fbe43,"síndrome de burnout sintomas",950,60,saude-mental,"Saúde Mental",burnout,f,"2026-04-06 08:00:17.154548+00",,pytrends,"2026-04-06 08:00:17.154548+00"
423a8bf0-e942-4da0-b2f4-c0d5027e3db8,"sintomas de cancro da mama tem cura",0,95,menopausa,Menopausa,"cancro da mama",t,"2026-04-13 08:40:55.173287+00",,autocomplete,"2026-04-13 08:40:55.173287+00"
423b76bc-25ef-475c-b68a-910a12e3bacb,"endometriose sintomas graves",0,10,menopausa,Menopausa,endometriose,t,"2026-04-13 08:40:10.397854+00",,autocomplete,"2026-04-13 08:40:10.397854+00"
4248c205-c12f-4154-8ad1-bd21ad981434,"causas de ansiedade",0,10,saude-mental,"Saúde Mental",ansiedade,t,"2026-04-13 08:38:40.522707+00",,autocomplete,"2026-04-13 08:38:40.522707+00"
425c71d5-9c7f-4408-bc7b-0fc6743d2e6a,"tratamento para transtorno do pânico",0,10,saude-mental,"Saúde Mental",pânico,t,"2026-04-13 08:39:31.045213+00",,autocomplete,"2026-04-13 08:39:31.045213+00"
425fe54e-8d53-4442-a969-7cb329944cd9,"sindrome de ovario poliquistico sintomas",0,55,menopausa,Menopausa,"síndrome do ovário poliquístico",t,"2026-03-30 08:18:22.951656+00",,autocomplete,"2026-03-30 08:18:22.951656+00"
42600941-606d-4aa0-b2c8-69e3c7391c1b,"tratamento para demência senil",0,10,saude-mental,"Saúde Mental",demência,t,"2026-04-13 08:40:27.20613+00",,autocomplete,"2026-04-13 08:40:27.20613+00"
426217ba-93e4-4863-bf59-4cd833bd11b8,"causas de demência em idosos",0,10,saude-mental,"Saúde Mental",demência,t,"2026-04-13 08:40:27.20613+00",,autocomplete,"2026-04-13 08:40:27.20613+00"
42818188-52d7-4102-8c3d-4fcdfcc96681,"fobia social sintomas comportamentais",0,10,saude-mental,"Saúde Mental","fobia social",t,"2026-04-13 08:41:17.653799+00",,autocomplete,"2026-04-13 08:41:17.653799+00"
42909f9e-ab4d-4287-a6f7-03fbe13062f4,"lupus causas e tratamento",0,10,emergentes,Emergentes,lúpus,t,"2026-04-13 08:42:25.267323+00",,autocomplete,"2026-04-13 08:42:25.267323+00"
429137a8-87b7-47be-b425-c500e0e7ba4e,"sintomas de ansiedade grave",0,95,saude-mental,"Saúde Mental",ansiedade,t,"2026-04-13 08:38:40.522707+00",,autocomplete,"2026-04-13 08:38:40.522707+00"
42a31818-3adf-40fe-9768-2ecc46911b82,"insônia tratamento espiritual",0,10,saude-mental,"Saúde Mental",insónia,t,"2026-04-13 08:39:19.763922+00",,autocomplete,"2026-04-13 08:39:19.763922+00"
42a7f86d-a66f-4511-afab-cc39ea1fba31,"refluxo gastroesofágico sintomas adulto",0,10,alimentacao,Alimentação,"refluxo gastroesofágico",t,"2026-04-13 08:40:32.807623+00",,autocomplete,"2026-04-13 08:40:32.807623+00"
42b152c2-f1bb-4207-b711-3d642158dff0,"lúpus tem cura",9999,92,emergentes,Emergentes,lúpus,f,"2026-04-06 08:12:58.949254+00",,pytrends,"2026-04-06 08:12:58.949254+00"
42b6a304-f3a7-461a-902f-3e5295bda78a,"sintomas de refluxo gastroesofágico tratamento",0,70,alimentacao,Alimentação,"refluxo gastroesofágico",t,"2026-04-13 08:40:32.807623+00",,autocomplete,"2026-04-13 08:40:32.807623+00"
42cfc72d-df29-4b6d-87f2-75017fff5b11,"anemia tratamento medicamentoso",0,10,alimentacao,Alimentação,anemia,t,"2026-04-13 08:40:38.397737+00",,autocomplete,"2026-04-13 08:40:38.397737+00"
42d4f264-0ccf-4138-b5f0-222fb2f90e08,"avc transitório",1850,52,emergentes,Emergentes,avc,f,"2026-04-13 08:30:45.927315+00",,pytrends,"2026-04-13 08:30:45.927315+00"
42ddbe88-9fc2-448a-aa3a-a791ae45e61d,"enxaqueca tratamento caseiro",0,10,saude-mental,"Saúde Mental",enxaqueca,t,"2026-04-13 08:43:55.008487+00",,autocomplete,"2026-04-13 08:43:55.008487+00"
42dede81-eb69-427c-aadb-1e4a3d188636,"indicios de avc",9999,76,emergentes,Emergentes,avc,f,"2026-03-30 08:05:39.827249+00",,pytrends,"2026-03-30 08:05:39.827249+00"
43019a79-631d-4340-b6e5-6dcd21d6306a,"sii síndrome de intestino irritável sintomas",0,10,alimentacao,Alimentação,"síndrome de intestino irritável",t,"2026-04-13 08:40:49.538553+00",,autocomplete,"2026-04-13 08:40:49.538553+00"
430fc1cf-ae1f-4207-b781-463a4ed0c8df,"caroço sintomas de cancro da mama",0,55,menopausa,Menopausa,"cancro da mama",t,"2026-04-13 08:40:55.173287+00",,autocomplete,"2026-04-13 08:40:55.173287+00"
431cf2ca-9e4c-475b-a84e-06778d176e7a,"sintomas de fobia social teste",0,75,saude-mental,"Saúde Mental","fobia social",t,"2026-04-13 08:41:17.653799+00",,autocomplete,"2026-04-13 08:41:17.653799+00"
4321e21e-85eb-4022-8552-9a714f59d340,"tratamento do cancro da mama pdf",0,10,menopausa,Menopausa,"cancro da mama",t,"2026-04-13 08:40:55.173287+00",,autocomplete,"2026-04-13 08:40:55.173287+00"
4335c5da-fd78-4b7d-9506-ee50c5ffded3,"candidíase tratamento homem",0,10,menopausa,Menopausa,candidíase,t,"2026-04-13 08:40:43.957484+00",,autocomplete,"2026-04-13 08:40:43.957484+00"
433f2592-b682-4b39-9ac3-a6aeef13fd74,"como tratar depressão e ansiedade",0,25,saude-mental,"Saúde Mental",depressão,t,"2026-04-13 08:38:46.093196+00",,autocomplete,"2026-04-13 08:38:46.093196+00"
434063be-d26b-4380-aac8-200419a39f3c,"como prevenir estresse",0,10,saude-mental,"Saúde Mental",stress,t,"2026-04-13 08:40:21.587655+00",,autocomplete,"2026-04-13 08:40:21.587655+00"
43452a86-d36d-425e-9bb9-81ae384512f2,vortioxetina,9999,68,saude-mental,"Saúde Mental",ansiedade,f,"2026-03-28 00:08:45.453336+00",,pytrends,"2026-03-28 00:08:45.453336+00"
43573bab-c35f-4ebf-8311-39dbeee44868,"causas de incontinência urinária",0,10,menopausa,Menopausa,"incontinência urinária",t,"2026-04-13 08:42:42.043868+00",,autocomplete,"2026-04-13 08:42:42.043868+00"
4363b675-2e46-40c8-914b-1802dd40d171,"o que é doença celíaca sintomas",0,40,alimentacao,Alimentação,"doença celíaca",t,"2026-04-13 08:43:38.203977+00",,autocomplete,"2026-04-13 08:43:38.203977+00"
436b0630-ec68-45a6-a1c7-b6e1f0003f91,"lúpus tratamento quimioterapia",0,10,emergentes,Emergentes,lúpus,t,"2026-04-13 08:42:25.267323+00",,autocomplete,"2026-04-13 08:42:25.267323+00"
4377fa10-02d2-43b9-b747-c28ead4abc67,"anemia de fanconi",150,10,alimentacao,Alimentação,anemia,f,"2026-04-13 08:29:36.237329+00",,pytrends,"2026-04-13 08:29:36.237329+00"
4388b39d-7b10-4dc6-9c61-4f2656fddd50,"sintomas de burnout materno",0,75,saude-mental,"Saúde Mental",burnout,t,"2026-04-13 08:38:34.941684+00",,autocomplete,"2026-04-13 08:38:34.941684+00"
43ff2e8d-8276-41fb-89a5-2c081d1257b3,"tdah combinado sintomas adulto",0,10,saude-mental,"Saúde Mental","TDAH adulto",t,"2026-04-06 08:15:15.819915+00",,autocomplete,"2026-04-06 08:15:15.819915+00"
4432a269-42e9-4e5d-b891-e7dddc6caa55,"ansiedade sintomas dor de cabeça",0,10,saude-mental,"Saúde Mental",ansiedade,t,"2026-04-13 08:38:40.522707+00",,autocomplete,"2026-04-13 08:38:40.522707+00"
443cc5a3-cb6e-407e-90f8-f8d0996eb970,"ansiedade cronica",80,12,saude-mental,"Saúde Mental",ansiedade,f,"2026-03-23 07:29:16.489763+00",,pytrends,"2026-03-27 18:34:47.925931+00"
444c1ac1-946e-4dd2-8a10-40b7a1d7e639,"sintomas de endometriose no ovário",0,80,menopausa,Menopausa,endometriose,t,"2026-04-13 08:40:10.397854+00",,autocomplete,"2026-04-13 08:40:10.397854+00"
446a3b76-8cd3-420c-9848-352b5fe569c1,"burnout tratamento tcc",0,10,saude-mental,"Saúde Mental",burnout,t,"2026-04-13 08:38:34.941684+00",,autocomplete,"2026-04-13 08:38:34.941684+00"
4489d237-df32-4e56-9cbc-a9b16cf49fc1,"síndrome do intestino irritável sintomas e causas",0,10,alimentacao,Alimentação,"síndrome de intestino irritável",t,"2026-04-13 08:40:49.538553+00",,autocomplete,"2026-04-13 08:40:49.538553+00"
44a44edf-4a3e-451b-a8dd-0ba630fb518f,"candidíase causas sintomas e tratamento",0,10,menopausa,Menopausa,candidíase,t,"2026-04-13 08:40:43.957484+00",,autocomplete,"2026-04-13 08:40:43.957484+00"
44a5c232-2075-4600-b5d4-24c3854a8660,"sintomas de intolerância à lactose e glúten",0,60,alimentacao,Alimentação,"intolerância à lactose",t,"2026-04-13 08:43:43.801483+00",,autocomplete,"2026-04-13 08:43:43.801483+00"
44b2ce50-0667-4e77-8263-c9537b25f218,"colesterol alto sintomas na pele",0,10,alimentacao,Alimentação,"colesterol alto",t,"2026-04-13 08:40:04.811683+00",,autocomplete,"2026-04-13 08:40:04.811683+00"
44dceee2-b133-4c7d-9fbd-acd181378e71,"o que é avc isquemico",0,10,emergentes,Emergentes,avc,t,"2026-04-13 08:41:12.052215+00",,autocomplete,"2026-04-13 08:41:12.052215+00"
44e59593-cf7e-43b3-bb6d-ea087fd6eadf,"endometriose sintomas pode engravidar",0,10,menopausa,Menopausa,endometriose,t,"2026-04-13 08:40:10.397854+00",,autocomplete,"2026-04-13 08:40:10.397854+00"
44e7392f-c9ce-4e85-bb77-d25157b275b4,"lúpus tratamento imunoterapia",0,10,emergentes,Emergentes,lúpus,t,"2026-04-13 08:42:25.267323+00",,autocomplete,"2026-04-13 08:42:25.267323+00"
44e96d76-5bfc-4652-b09b-803e8d4e3705,"dia avc",50,10,emergentes,Emergentes,avc,f,"2026-04-13 08:30:45.927315+00",,pytrends,"2026-04-13 08:30:45.927315+00"
44eb697e-410f-461f-9122-79f8b8f805ac,"é normal ter enxaqueca toda semana",0,10,saude-mental,"Saúde Mental",enxaqueca,t,"2026-03-30 08:18:52.839397+00",,autocomplete,"2026-03-30 08:18:52.839397+00"
44ed3966-38b2-4aeb-865e-2d033428770d,"anemia macrocítica",5150,60,alimentacao,Alimentação,anemia,f,"2026-04-13 08:29:36.237329+00",,pytrends,"2026-04-13 08:29:36.237329+00"
450046e9-deb6-44e3-bbd7-83037b18ebf0,"o que é alcoolismo segundo a oms",0,10,saude-mental,"Saúde Mental",alcoolismo,t,"2026-04-13 08:43:49.404375+00",,autocomplete,"2026-04-13 08:43:49.404375+00"
450ffc2a-d064-40b8-ad4d-1f3b05d04de5,"o que é diabetes tipo 2 tem cura",0,10,alimentacao,Alimentação,"diabetes tipo 2",t,"2026-04-13 08:42:47.656406+00",,autocomplete,"2026-04-13 08:42:47.656406+00"
451bc8ca-4eb0-4d9b-94c6-b0212b2375e0,"incontinência urinária sintomas e causas",0,10,menopausa,Menopausa,"incontinência urinária",t,"2026-04-13 08:42:42.043868+00",,autocomplete,"2026-04-13 08:42:42.043868+00"
451e51c1-4cc3-4577-ac51-cbbce973ba2b,"colesterol alto sintomas em crianças",0,10,alimentacao,Alimentação,"colesterol alto",t,"2026-04-13 08:40:04.811683+00",,autocomplete,"2026-04-13 08:40:04.811683+00"
4542a76b-7c05-48b5-9b6f-f05c6b519c24,"causas de anemia hemolitica",0,10,alimentacao,Alimentação,anemia,t,"2026-04-13 08:40:38.397737+00",,autocomplete,"2026-04-13 08:40:38.397737+00"
45520d8c-28c0-4d23-a01b-2d2bad8f7924,"ansiedade em ingles",9999,76,saude-mental,"Saúde Mental",ansiedade,f,"2026-03-30 07:58:55.195023+00",,pytrends,"2026-03-30 07:58:55.195023+00"
45621246-1383-4227-b410-85a2baaa5106,"causas de candidíase",0,10,menopausa,Menopausa,candidíase,t,"2026-04-13 08:40:43.957484+00",,autocomplete,"2026-04-13 08:40:43.957484+00"
456cbf66-2d91-475b-91f9-e4615ccee169,"formas de suicídio",300,100,saude-mental,"Saúde Mental",suicídio,f,"2026-03-30 08:06:43.483957+00",,pytrends,"2026-03-30 08:06:43.483957+00"
45734b1b-3906-4981-9eb0-d923fd0abc0a,"demência causas",0,10,saude-mental,"Saúde Mental",demência,t,"2026-04-13 08:40:27.20613+00",,autocomplete,"2026-04-13 08:40:27.20613+00"
458375db-386d-407e-94e9-bcea56d9a98c,"como prevenir anemia ferropriva",0,10,alimentacao,Alimentação,anemia,t,"2026-04-13 08:40:38.397737+00",,autocomplete,"2026-04-13 08:40:38.397737+00"
4586840f-a14e-4ce1-ba9f-8deedb7db205,"causas de colesterol alto sintomas",0,10,alimentacao,Alimentação,"colesterol alto",t,"2026-04-13 08:40:04.811683+00",,autocomplete,"2026-04-13 08:40:04.811683+00"
4594f75c-9c43-4e6f-9050-1dc8a937ea72,"causas do ataque de pânico",0,10,saude-mental,"Saúde Mental",pânico,t,"2026-04-13 08:39:31.045213+00",,autocomplete,"2026-04-13 08:39:31.045213+00"
45ab8ba5-c684-4d99-9ed7-21eae1278c49,"o que é refluxo gastroesofágico em adulto",0,10,alimentacao,Alimentação,"refluxo gastroesofágico",t,"2026-04-13 08:40:32.807623+00",,autocomplete,"2026-04-13 08:40:32.807623+00"
4607fd33-26cf-4956-84a4-2f058e0b36bf,"o que é dieta cetogênica cardápio 7 dias",0,85,alimentacao,Alimentação,"dieta cetogénica",t,"2026-04-13 08:37:55.594739+00",,autocomplete,"2026-04-13 08:37:55.594739+00"
460ed3e2-3962-45ae-9b4e-07808cc13333,"doenças cardiovasculares sintomas e sinais",0,10,emergentes,Emergentes,"doenças cardiovasculares",t,"2026-04-13 08:43:21.329264+00",,autocomplete,"2026-04-13 08:43:21.329264+00"
463705f2-cb71-424e-94e1-a0feb5010d30,"kristin depressão",9999,100,saude-mental,"Saúde Mental",depressão,f,"2026-04-06 08:05:46.502433+00",,pytrends,"2026-04-06 08:05:46.502433+00"
4642c3e0-6e60-42bd-b93c-d8cac68f3bca,"china descobre cura para diabetes tipo 1 e 2",5450,100,alimentacao,Alimentação,"diabetes tipo 2",f,"2026-03-28 00:16:57.93117+00",,pytrends,"2026-03-28 00:16:57.93117+00"
4657d096-3f5a-4df3-b062-be3c858b5bd0,"sintomas de doença celíaca tratamento",0,80,alimentacao,Alimentação,"doença celíaca",t,"2026-04-13 08:43:38.203977+00",,autocomplete,"2026-04-13 08:43:38.203977+00"
4661a773-881b-4ac7-b11a-8292a90dd27b,"como tratar endometriose umbilical",0,15,menopausa,Menopausa,endometriose,t,"2026-04-13 08:40:10.397854+00",,autocomplete,"2026-04-13 08:40:10.397854+00"
46671a71-7402-4147-abe4-8b40e2113529,"lúpus sintomas pode matar",0,10,emergentes,Emergentes,lúpus,t,"2026-04-13 08:42:25.267323+00",,autocomplete,"2026-04-13 08:42:25.267323+00"
466e4cae-1bce-4b39-b593-8e89f53be932,"sintomas de panico no corpo",0,70,saude-mental,"Saúde Mental",pânico,t,"2026-04-13 08:39:31.045213+00",,autocomplete,"2026-04-13 08:39:31.045213+00"
46871deb-937e-4d15-a2bd-972c8c9126ef,"oq é anemia",9999,84,alimentacao,Alimentação,anemia,f,"2026-04-13 08:29:36.237329+00",,pytrends,"2026-04-13 08:29:36.237329+00"
468c8b9b-18c5-4d85-b826-b9d82adf0a98,"terapia de casal online",70,92,saude-mental,"Saúde Mental","terapia online",f,"2026-04-06 08:01:33.314997+00",,pytrends,"2026-04-06 08:01:33.314997+00"
46908558-e235-4395-9e1c-a2f6ec4ea746,"o que é vírus nipah transmissão",0,50,emergentes,Emergentes,"vírus nipah",t,"2026-04-13 08:38:12.456348+00",,autocomplete,"2026-04-13 08:38:12.456348+00"
4696b5f9-6ad5-473e-b7fb-85202e96ecf7,"o que é incontinência urinária na mulher",0,10,menopausa,Menopausa,"incontinência urinária",t,"2026-04-13 08:42:42.043868+00",,autocomplete,"2026-04-13 08:42:42.043868+00"
469f18a9-20a0-414f-8330-8e1ee688c93a,"ansiedade na adolescência",3450,36,saude-mental,"Saúde Mental",ansiedade,f,"2026-03-28 00:08:45.453336+00",,pytrends,"2026-03-28 00:08:45.453336+00"
46ab27f2-b32f-4b10-a7b2-5c103821d1b7,"avc tratamento artigo",0,10,emergentes,Emergentes,avc,t,"2026-04-13 08:41:12.052215+00",,autocomplete,"2026-04-13 08:41:12.052215+00"
46ae9cad-5a19-42a1-ae3b-8a79b069fc67,"o vírus nipah já está no brasil",0,25,emergentes,Emergentes,"vírus nipah",t,"2026-04-13 08:38:12.456348+00",,autocomplete,"2026-04-13 08:38:12.456348+00"
46ba87dd-f6e9-40df-8a38-4d082077c170,"sintomas de incontinência urinária em crianças",0,75,menopausa,Menopausa,"incontinência urinária",t,"2026-04-13 08:42:42.043868+00",,autocomplete,"2026-04-13 08:42:42.043868+00"
470412b6-928f-4291-80f1-21188d5ad76e,"causas da obesidade infantil artigos",0,25,alimentacao,Alimentação,"obesidade infantil",t,"2026-04-13 08:36:59.449865+00",,autocomplete,"2026-04-13 08:36:59.449865+00"
475fe625-9ef2-4a42-b159-45ba983bf09e,"o que fazer síndrome do intestino irritável",0,10,alimentacao,Alimentação,"síndrome de intestino irritável",t,"2026-04-13 08:40:49.538553+00",,autocomplete,"2026-04-13 08:40:49.538553+00"
47900412-88ca-4b51-bc85-0ce545b7060c,"o que é suicídio consumado",0,80,saude-mental,"Saúde Mental",suicídio,t,"2026-04-13 08:42:36.442374+00",,autocomplete,"2026-04-13 08:42:36.442374+00"
479ffab4-ab47-44a2-ae83-f1ab5527d8ee,"menopausa masculina sintomas idade",0,75,menopausa,Menopausa,"menopausa masculina",t,"2026-04-13 08:39:08.490186+00",,autocomplete,"2026-04-13 08:39:08.490186+00"
47ad608a-da91-4448-840b-405264f8d5c9,"causas de insonia noturna",0,10,saude-mental,"Saúde Mental",insónia,t,"2026-04-13 08:39:19.763922+00",,autocomplete,"2026-04-13 08:39:19.763922+00"
47c099b4-326b-46e4-92eb-283d147936d5,"tratamento demencia idoso",0,10,saude-mental,"Saúde Mental",demência,t,"2026-04-13 08:40:27.20613+00",,autocomplete,"2026-04-13 08:40:27.20613+00"
47e31002-22bf-4008-9199-300935a47b89,"how to reduce stress naturally",700,68,saude-mental,"Saúde Mental",stress,f,"2026-04-06 08:08:56.141499+00",,pytrends,"2026-04-06 08:08:56.141499+00"
47e77213-2a09-45ff-aeb6-194ab77ff302,"causas de síndrome de ovario policístico",0,75,menopausa,Menopausa,"síndrome do ovário poliquístico",t,"2026-03-30 08:18:22.951656+00",,autocomplete,"2026-03-30 08:18:22.951656+00"
4801c985-0435-4adf-b175-56356dd04753,"candidíase vulvovaginal",5750,52,menopausa,Menopausa,candidíase,f,"2026-03-30 08:10:15.11518+00",,pytrends,"2026-03-30 08:10:15.11518+00"
480cc3e3-b07a-45af-a956-50775f20c1cc,"o que é obesidade infantil resumo",0,75,alimentacao,Alimentação,"obesidade infantil",t,"2026-04-13 08:36:59.449865+00",,autocomplete,"2026-04-13 08:36:59.449865+00"
481e8801-4aa1-4c81-a6a5-4ea7ad96fcc8,"sintomas de colesterol alto no corpo",0,65,alimentacao,Alimentação,"colesterol alto",t,"2026-04-13 08:40:04.811683+00",,autocomplete,"2026-04-13 08:40:04.811683+00"
4820136b-a260-4551-9cf6-e225177ed3dd,"causas de sepsis materna",0,10,emergentes,Emergentes,sepsis,t,"2026-04-13 08:41:00.80186+00",,autocomplete,"2026-04-13 08:41:00.80186+00"
482d70de-628b-49a2-873b-fcd78e695c22,"burnout causas e consequencias",0,10,saude-mental,"Saúde Mental",burnout,t,"2026-04-13 08:38:34.941684+00",,autocomplete,"2026-04-13 08:38:34.941684+00"
48425cb0-8bd6-427b-92a6-cd457b143d81,"fungo candida auris sintomas",9999,68,emergentes,Emergentes,"candida auris",f,"2026-03-28 00:15:45.14077+00",,pytrends,"2026-03-28 00:15:45.14077+00"
484905db-ed68-4625-847e-7bb05c451443,"o que é bom para curar anemia rápido",1000,10,alimentacao,Alimentação,anemia,t,"2026-03-23 07:34:29.014009+00",,pytrends,"2026-03-27 18:34:47.925931+00"
48650cac-8910-4c03-84be-4d271078e140,"solidão sintomas",0,10,saude-mental,"Saúde Mental",solidão,t,"2026-04-13 08:38:51.66098+00",,autocomplete,"2026-04-13 08:38:51.66098+00"
4879ecfa-34f6-4a9d-ae6c-c64da986f418,"como tomar propranolol para prevenir enxaqueca",0,10,saude-mental,"Saúde Mental",enxaqueca,t,"2026-04-13 08:43:55.008487+00",,autocomplete,"2026-04-13 08:43:55.008487+00"
489a8a0e-fe91-40ab-a13e-1c1084feb79f,"intolerância ao glúten sintomas na pele",0,10,alimentacao,Alimentação,"intolerância ao glúten",t,"2026-04-13 08:37:05.051837+00",,autocomplete,"2026-04-13 08:37:05.051837+00"
48a947c1-6615-447d-983a-c5b154e02baf,"melhor tratamento para fobia social",0,10,saude-mental,"Saúde Mental","fobia social",t,"2026-04-13 08:41:17.653799+00",,autocomplete,"2026-04-13 08:41:17.653799+00"
48bdddd9-a8a8-4df1-946f-f5f0e718a290,"colesterol alto causas e consequencias",0,10,alimentacao,Alimentação,"colesterol alto",t,"2026-04-13 08:40:04.811683+00",,autocomplete,"2026-04-13 08:40:04.811683+00"
48d18263-de94-4e01-a06d-dc3b2b84b2f0,"como tratar depressão",0,50,saude-mental,"Saúde Mental",depressão,t,"2026-04-13 08:38:46.093196+00",,autocomplete,"2026-04-13 08:38:46.093196+00"
494e8f7d-a8ba-4c6b-aa0b-e5284bd21655,"colesterol alto sintomas tontura",0,10,alimentacao,Alimentação,"colesterol alto",t,"2026-04-13 08:40:04.811683+00",,autocomplete,"2026-04-13 08:40:04.811683+00"
49595971-308a-40f1-ad3d-f19353a42bfa,"ansiedade sintomas físicos",0,10,saude-mental,"Saúde Mental",ansiedade,t,"2026-04-13 08:38:40.522707+00",,autocomplete,"2026-04-13 08:38:40.522707+00"
495afed6-d5e9-4756-a7f7-f23be31bb718,"como tratar candida auris",0,75,emergentes,Emergentes,"candida auris",t,"2026-04-13 08:42:30.835875+00",,autocomplete,"2026-04-13 08:42:30.835875+00"
4970e805-b459-4611-9d2b-6ff19f98190c,"sepse sintomas iniciais",0,10,emergentes,Emergentes,sepsis,t,"2026-04-13 08:41:00.80186+00",,autocomplete,"2026-04-13 08:41:00.80186+00"
498e879e-e75d-478d-b061-574ba8815472,"causas de alzheimer pdf",0,10,saude-mental,"Saúde Mental",alzheimer,t,"2026-04-13 08:43:15.769569+00",,autocomplete,"2026-04-13 08:43:15.769569+00"
499bbbdd-6305-4bf5-b131-92cf99a470c6,"o que é bom para perder peso na menopausa",0,100,menopausa,Menopausa,"peso na menopausa",t,"2026-04-13 08:38:29.321032+00",,autocomplete,"2026-04-13 08:38:29.321032+00"
49a10386-2d32-4ff7-8a80-28b9128fe324,"alzheimer tratamento sus",0,10,saude-mental,"Saúde Mental",alzheimer,t,"2026-03-30 08:18:05.071522+00",,autocomplete,"2026-03-30 08:18:05.071522+00"
49e4c358-4cb1-43a7-9424-02bb27ee48e0,"o que é ptsd transtorno de estresse pós traumático",0,55,saude-mental,"Saúde Mental",PTSD,t,"2026-04-13 08:39:36.686137+00",,autocomplete,"2026-04-13 08:39:36.686137+00"
49f47623-330c-4823-90cd-32759af9e874,"candidíase masculina sintomas",9999,76,menopausa,Menopausa,candidíase,f,"2026-03-28 00:21:27.712069+00",,pytrends,"2026-03-28 00:21:27.712069+00"
49f4d567-365f-48eb-9124-aa2b4e9a3222,"causas de stress no trabalho",0,10,saude-mental,"Saúde Mental",stress,t,"2026-04-13 08:40:21.587655+00",,autocomplete,"2026-04-13 08:40:21.587655+00"
4a21bf79-68df-46fd-a309-4492523bb88e,"diabetes tipo 2 tratamento inicial",0,10,alimentacao,Alimentação,"diabetes tipo 2",t,"2026-04-13 08:42:47.656406+00",,autocomplete,"2026-04-13 08:42:47.656406+00"
4a327c99-4838-4718-8225-fd1f815e8a35,"sintomas de endometriose inflamada",0,60,menopausa,Menopausa,endometriose,t,"2026-04-13 08:40:10.397854+00",,autocomplete,"2026-04-13 08:40:10.397854+00"
4a7171d1-c386-415b-8eb9-3447c543a4d8,"micro avc",1750,28,emergentes,Emergentes,avc,f,"2026-03-23 07:36:16.113926+00",,pytrends,"2026-03-27 18:34:47.925931+00"
4a73cb31-13cd-463c-8365-a76ec9e3abba,"nova depressão em portugal",9999,84,saude-mental,"Saúde Mental",depressão,f,"2026-04-06 08:05:46.502433+00",,pytrends,"2026-04-06 08:05:46.502433+00"
4a77cb37-48b6-4ed0-a6bd-fe69f566afa0,"candidíase peniana",9999,100,menopausa,Menopausa,candidíase,f,"2026-04-06 08:09:49.492291+00",,pytrends,"2026-04-06 08:09:49.492291+00"
4a9fcbb1-2e28-4faa-a375-c71afb565614,"como tratar anemia em adulto",0,10,alimentacao,Alimentação,anemia,t,"2026-04-13 08:40:38.397737+00",,autocomplete,"2026-04-13 08:40:38.397737+00"
4aaf6c8e-114b-4ddf-b8f9-474fec4c9c27,"colesterol alto causas emocionais",0,10,alimentacao,Alimentação,"colesterol alto",t,"2026-04-13 08:40:04.811683+00",,autocomplete,"2026-04-13 08:40:04.811683+00"
4af2dce6-2c03-45ee-891e-cdd5f76fcfc0,"o que é intolerância à lactose causa",0,20,alimentacao,Alimentação,"intolerância à lactose",t,"2026-04-13 08:43:43.801483+00",,autocomplete,"2026-04-13 08:43:43.801483+00"
4b00a609-7761-4d42-9bec-672bf6e393ce,"sepsis neonatal",100,68,emergentes,Emergentes,sepsis,f,"2026-04-06 08:10:10.959529+00",,pytrends,"2026-04-06 08:10:10.959529+00"
4b056b45-9c71-4542-b13a-5e86f9bd8cfa,"burnout digital causas",0,10,saude-mental,"Saúde Mental",burnout,t,"2026-04-13 08:38:34.941684+00",,autocomplete,"2026-04-13 08:38:34.941684+00"
4b1bb7cf-ea43-4a5b-bdf9-86497bde92b9,"o que é candida auris sintomas",0,60,emergentes,Emergentes,"candida auris",t,"2026-04-13 08:42:30.835875+00",,autocomplete,"2026-04-13 08:42:30.835875+00"
4b3a5653-f4e0-4c39-9124-b9c256cc3327,"demencia sintomas e sinais",0,10,saude-mental,"Saúde Mental",demência,t,"2026-04-13 08:40:27.20613+00",,autocomplete,"2026-04-13 08:40:27.20613+00"
4b3e0410-04d9-412b-a3f5-b3a11cfcc17a,"causas de diabetes mellitus tipo 2 pdf",0,10,alimentacao,Alimentação,"diabetes tipo 2",t,"2026-04-13 08:42:47.656406+00",,autocomplete,"2026-04-13 08:42:47.656406+00"
4b482cec-9ca7-4201-a44e-784e8c496e1d,"o que é alzheimer e como prevenir",0,10,saude-mental,"Saúde Mental",alzheimer,t,"2026-04-13 08:43:15.769569+00",,autocomplete,"2026-04-13 08:43:15.769569+00"
4b48cbfb-e9d6-4fa4-9517-e84c94f3cd5e,"intolerância a lactose sintomas adulto",0,10,alimentacao,Alimentação,"intolerância à lactose",t,"2026-04-13 08:43:43.801483+00",,autocomplete,"2026-04-13 08:43:43.801483+00"
4b685576-f6a1-47ac-a6dc-1e63c18e0a68,"sintomas de ansiedade forte",0,60,saude-mental,"Saúde Mental",ansiedade,t,"2026-04-13 08:38:40.522707+00",,autocomplete,"2026-04-13 08:38:40.522707+00"
4b7bb88f-a027-43b8-b730-280005d35a56,"como prevenir anemia e leucemia",0,10,alimentacao,Alimentação,anemia,t,"2026-04-13 08:40:38.397737+00",,autocomplete,"2026-04-13 08:40:38.397737+00"
4b80a4e8-0434-4b9b-937f-6b2075178d56,"causas burnout laboral",0,10,saude-mental,"Saúde Mental",burnout,t,"2026-04-13 08:38:34.941684+00",,autocomplete,"2026-04-13 08:38:34.941684+00"
4b8150ae-a303-4a70-99a3-af769a4d3b00,"o que é ansiedade severa",0,10,saude-mental,"Saúde Mental",ansiedade,t,"2026-04-13 08:38:40.522707+00",,autocomplete,"2026-04-13 08:38:40.522707+00"
4b9d12e7-2248-4fe0-81ca-1dca7fca13f1,"lupus cutânea causas",0,10,emergentes,Emergentes,lúpus,t,"2026-04-13 08:42:25.267323+00",,autocomplete,"2026-04-13 08:42:25.267323+00"
4bb0d4d7-8cb3-4e9f-a48d-a694a476adf2,"intolerância à lactose causas",0,10,alimentacao,Alimentação,"intolerância à lactose",t,"2026-04-13 08:43:43.801483+00",,autocomplete,"2026-04-13 08:43:43.801483+00"
4bc7aee6-be28-4721-a42f-40101196d20a,"como tratar refluxo gastroesofágico",0,50,alimentacao,Alimentação,"refluxo gastroesofágico",t,"2026-04-13 08:40:32.807623+00",,autocomplete,"2026-04-13 08:40:32.807623+00"
4bc9af8f-61df-4580-8ede-ccd98f45a3bb,"sintomas de alcoolismo grave",0,85,saude-mental,"Saúde Mental",alcoolismo,t,"2026-04-13 08:43:49.404375+00",,autocomplete,"2026-04-13 08:43:49.404375+00"
4be4201d-b018-474b-8273-11aacb5e26c0,"sintomas de incontinência urinária masculina",0,90,menopausa,Menopausa,"incontinência urinária",t,"2026-04-13 08:42:42.043868+00",,autocomplete,"2026-04-13 08:42:42.043868+00"
4beae96d-eefc-4d3b-8400-6cf30ba8df54,"refluxo gastroesofágico causas sintomas e tratamento",0,10,alimentacao,Alimentação,"refluxo gastroesofágico",t,"2026-04-13 08:40:32.807623+00",,autocomplete,"2026-04-13 08:40:32.807623+00"
4bf2df64-8ade-4b82-bccb-e41d09642031,"como tomar fluconazol para prevenir candidíase",0,10,menopausa,Menopausa,candidíase,t,"2026-04-13 08:40:43.957484+00",,autocomplete,"2026-04-13 08:40:43.957484+00"
4bf3af30-01f5-4bc8-ad42-b42e07baf988,"sintomas de pré-diabetes em adultos",0,75,alimentacao,Alimentação,pré-diabetes,t,"2026-04-13 08:42:08.372884+00",,autocomplete,"2026-04-13 08:42:08.372884+00"
4bfaf28f-b6c9-49e5-b022-e1eacfb16927,"incontinência urinária tratamento caseiro",0,10,menopausa,Menopausa,"incontinência urinária",t,"2026-04-13 08:42:42.043868+00",,autocomplete,"2026-04-13 08:42:42.043868+00"
4c06b8c6-f3c8-463f-baf1-527d80cc52fb,anorexia,2000,28,alimentacao,Alimentação,anemia,f,"2026-04-13 08:29:36.237329+00",,pytrends,"2026-04-13 08:29:36.237329+00"
4c095d94-9df0-4a04-bc34-15e22b516dbf,"diabetes tipo 2 causas e sintomas",0,10,alimentacao,Alimentação,"diabetes tipo 2",t,"2026-04-13 08:42:47.656406+00",,autocomplete,"2026-04-13 08:42:47.656406+00"
4c2e7ba0-c178-44c8-9a05-43397f1ed4dc,"como tratar cicatrizes de automutilação",0,90,saude-mental,"Saúde Mental",automutilação,t,"2026-04-13 08:36:42.692925+00",,autocomplete,"2026-04-13 08:36:42.692925+00"
4c3d9308-3792-4fe4-807c-f7c1de7e6be1,"colesterol alto tratamento",0,10,alimentacao,Alimentação,"colesterol alto",t,"2026-04-13 08:40:04.811683+00",,autocomplete,"2026-04-13 08:40:04.811683+00"
4c3e3994-f7c1-4b67-aeda-098b7e7597f7,"causas de ansiedade social",0,10,saude-mental,"Saúde Mental",ansiedade,t,"2026-04-13 08:38:40.522707+00",,autocomplete,"2026-04-13 08:38:40.522707+00"
4c4413de-b689-4722-bf08-e243005581ea,"o poder do jejum intermitente",4100,76,alimentacao,Alimentação,"jejum intermitente",f,"2026-04-06 08:01:54.254993+00",,pytrends,"2026-04-06 08:01:54.254993+00"
4c53de86-2b9c-415d-a372-3b5833d4c35e,"o que é endometriose e o que causa",0,10,menopausa,Menopausa,endometriose,t,"2026-04-13 08:40:10.397854+00",,autocomplete,"2026-04-13 08:40:10.397854+00"
4c5cddc5-cd54-4f79-a710-210d1fa6482c,"candidíase homem",50,12,menopausa,Menopausa,candidíase,f,"2026-04-06 08:09:49.492291+00",,pytrends,"2026-04-06 08:09:49.492291+00"
4c60b06b-fdc0-4260-814e-f58bcfa6a8bb,"sintomas de alzheimer em cachorro",0,85,saude-mental,"Saúde Mental",alzheimer,t,"2026-04-13 08:43:15.769569+00",,autocomplete,"2026-04-13 08:43:15.769569+00"
4c66b19d-8337-4ac1-85e8-26e2f3c6064e,"é normal ter febre depois do avc",0,10,emergentes,Emergentes,avc,t,"2026-04-13 08:41:12.052215+00",,autocomplete,"2026-04-13 08:41:12.052215+00"
4cb4cbde-ec4c-48c6-aa7a-6bdaba0be32a,"fobia social tratamento",0,10,saude-mental,"Saúde Mental","fobia social",t,"2026-04-13 08:41:17.653799+00",,autocomplete,"2026-04-13 08:41:17.653799+00"
4cc27f7c-b517-4d07-b587-800671f78e5c,"sintomas de ansiedade e depressão",0,90,saude-mental,"Saúde Mental",ansiedade,t,"2026-04-13 08:38:40.522707+00",,autocomplete,"2026-04-13 08:38:40.522707+00"
4cc8f46f-7439-40f6-9a7a-a8b7797307aa,"síndrome do intestino irritável tratamento sintomas",0,10,alimentacao,Alimentação,"síndrome de intestino irritável",t,"2026-04-13 08:40:49.538553+00",,autocomplete,"2026-04-13 08:40:49.538553+00"
4cd71cdb-4f8c-4eeb-b632-2b3116c7a37a,"sintomas de depressão teste",0,65,saude-mental,"Saúde Mental",depressão,t,"2026-03-28 00:22:54.657444+00",,autocomplete,"2026-03-28 00:22:54.657444+00"
4cd76f9d-d695-4f27-b4f4-03069e77eafe,"enxaqueca em ingles",9999,92,saude-mental,"Saúde Mental",enxaqueca,f,"2026-04-13 08:36:05.931314+00",,pytrends,"2026-04-13 08:36:05.931314+00"
4ce3346c-38c2-44af-9149-ffbc796d7163,"sintomas de stress pos traumatico",0,90,saude-mental,"Saúde Mental",stress,t,"2026-04-13 08:40:21.587655+00",,autocomplete,"2026-04-13 08:40:21.587655+00"
4cfb6a01-824e-4c46-9448-762df50de5e1,"sintomas de c ptsd",0,90,saude-mental,"Saúde Mental",PTSD,t,"2026-04-13 08:39:36.686137+00",,autocomplete,"2026-04-13 08:39:36.686137+00"
4d27a111-e7f8-41d3-a6b0-c531011f9c4c,"ptsd sintomas en mujeres",0,10,saude-mental,"Saúde Mental",PTSD,t,"2026-04-13 08:39:36.686137+00",,autocomplete,"2026-04-13 08:39:36.686137+00"
4d3b56a3-0322-4b72-84bb-10a67cb5df72,"como fazer jejum intermitente para emagrecer",6950,84,alimentacao,Alimentação,"jejum intermitente",t,"2026-04-06 08:01:54.254993+00",,pytrends,"2026-04-06 08:01:54.254993+00"
4d3bca5a-8d7e-4917-a993-0a4406c87712,"causas e sintomas de burnout",0,10,saude-mental,"Saúde Mental",burnout,t,"2026-04-13 08:38:34.941684+00",,autocomplete,"2026-04-13 08:38:34.941684+00"
4d424474-02e5-46e3-ae6c-ad571ffca7bc,"tratamento panico ansiedade",0,10,saude-mental,"Saúde Mental",pânico,t,"2026-04-13 08:39:31.045213+00",,autocomplete,"2026-04-13 08:39:31.045213+00"
4d6ff3f5-9d4d-48a6-8e4a-2b14a7daabea,"causas de tentativa de suicídio",0,20,saude-mental,"Saúde Mental",suicídio,t,"2026-04-13 08:42:36.442374+00",,autocomplete,"2026-04-13 08:42:36.442374+00"
4d895cdb-6885-4543-b942-7e0dcc646121,"anemia severa",250,12,alimentacao,Alimentação,anemia,f,"2026-03-28 00:21:06.900923+00",,pytrends,"2026-03-28 00:21:06.900923+00"
4dd67bfe-66d7-412b-b53e-1900cf7266d0,"sickle cell anemia",50,10,alimentacao,Alimentação,anemia,f,"2026-04-13 08:29:36.237329+00",,pytrends,"2026-04-13 08:29:36.237329+00"
4de288d6-6ecc-4b31-869f-fa110e5dcc80,"anemia causas pdf",0,10,alimentacao,Alimentação,anemia,t,"2026-03-30 08:19:34.858993+00",,autocomplete,"2026-03-30 08:19:34.858993+00"
4def9160-2ba6-4abb-8003-600a40e58a74,"o que é resistência a antibióticos",0,90,emergentes,Emergentes,"resistência antibióticos",t,"2026-04-13 08:42:19.657825+00",,autocomplete,"2026-04-13 08:42:19.657825+00"
4e05164f-8466-4d9b-9de3-12c001f853af,"causas de alimentos ultraprocessados",0,50,alimentacao,Alimentação,ultraprocessados,t,"2026-04-13 08:37:33.154402+00",,autocomplete,"2026-04-13 08:37:33.154402+00"
4e11865b-ec14-4fba-92a1-bee734790dae,"quais são as causas de fobia social",0,10,saude-mental,"Saúde Mental","fobia social",t,"2026-04-13 08:41:17.653799+00",,autocomplete,"2026-04-13 08:41:17.653799+00"
4e1afd38-8ff8-4274-8140-f85ba3038993,"tratamento para lupus eritematoso cutaneo",0,10,emergentes,Emergentes,lúpus,t,"2026-04-13 08:42:25.267323+00",,autocomplete,"2026-04-13 08:42:25.267323+00"
4e3968b5-b6ca-4a3a-9e6d-3fb097715858,"como tratar ansiedade generalizada",0,25,saude-mental,"Saúde Mental",ansiedade,t,"2026-04-13 08:38:40.522707+00",,autocomplete,"2026-04-13 08:38:40.522707+00"
4e5ceb1c-cc45-45ca-a59c-7587a09f906c,"causas de candidíase na mulher",0,10,menopausa,Menopausa,candidíase,t,"2026-04-13 08:40:43.957484+00",,autocomplete,"2026-04-13 08:40:43.957484+00"
4e711abc-d825-4cef-b8c8-f08c6c6914d0,"tratamento.long covid",0,85,emergentes,Emergentes,"long covid",t,"2026-03-30 08:16:53.333087+00",,autocomplete,"2026-03-30 08:16:53.333087+00"
4e995590-722e-423a-9d25-d2758e601f75,"o que é reabilitação psicossocial",0,100,saude-mental,"Saúde Mental","reabilitação psicossocial",t,"2026-04-13 08:44:00.552984+00",,autocomplete,"2026-04-13 08:44:00.552984+00"
4eb2e9fa-ea63-4013-97fa-28a2757c57bf,"como diminuir a ansiedade rapidamente",9999,84,saude-mental,"Saúde Mental",ansiedade,t,"2026-03-23 07:29:16.489448+00",,pytrends,"2026-03-27 18:34:47.925931+00"
4ef893e3-0476-4df8-8f0f-8b2429ea5cb7,"sintomas de sepse em idoso",0,95,emergentes,Emergentes,sepsis,t,"2026-04-13 08:41:00.80186+00",,autocomplete,"2026-04-13 08:41:00.80186+00"
4f11a51e-1995-4974-bd2d-064414817e8c,"tratamento para incontinência urinária em cachorro",0,10,menopausa,Menopausa,"incontinência urinária",t,"2026-04-13 08:42:42.043868+00",,autocomplete,"2026-04-13 08:42:42.043868+00"
4f19d86d-ab3d-4d69-9b8a-32d099112385,"sintomas da anemia",80,10,alimentacao,Alimentação,anemia,t,"2026-04-13 08:29:36.237329+00",,pytrends,"2026-04-13 08:29:36.237329+00"
4f34ae6a-974a-4dda-b707-9b3daffbb9dc,"enxaqueca lado esquerdo",80,20,saude-mental,"Saúde Mental",enxaqueca,f,"2026-03-28 00:18:52.271444+00",,pytrends,"2026-03-28 00:18:52.271444+00"
4f528660-689a-46ed-884f-5903d42edd0b,"como tratar transtorno de pânico",0,10,saude-mental,"Saúde Mental",pânico,t,"2026-04-13 08:39:31.045213+00",,autocomplete,"2026-04-13 08:39:31.045213+00"
4f5386e0-681d-4939-af19-153752c913f5,"o que é automutilação no autismo",0,75,saude-mental,"Saúde Mental",automutilação,t,"2026-04-13 08:36:42.692925+00",,autocomplete,"2026-04-13 08:36:42.692925+00"
4f5845df-eec8-4b76-ba83-bf330d242d05,"vacina contra ansiedade",950,44,saude-mental,"Saúde Mental",ansiedade,f,"2026-04-06 08:05:35.66783+00",,pytrends,"2026-04-06 08:05:35.66783+00"
4f5cb6c8-4759-44dd-b1c4-963619b06346,"o que é menopausa e quais os sintomas",0,75,menopausa,Menopausa,"menopausa sintomas",t,"2026-04-13 08:37:16.281981+00",,autocomplete,"2026-04-13 08:37:16.281981+00"
4f6c4dc9-902d-48d8-962a-beb9a2f56ff9,"síntomas alzheimer",2400,60,saude-mental,"Saúde Mental",alzheimer,f,"2026-04-06 08:14:12.553439+00",,pytrends,"2026-04-06 08:14:12.553439+00"
4f7e941c-608a-4444-b61f-b1ea76dfc81f,"como tratar intolerancia ao gluten",0,55,alimentacao,Alimentação,"intolerância ao glúten",t,"2026-03-30 08:15:41.751366+00",,autocomplete,"2026-03-30 08:15:41.751366+00"
4f828991-6d06-402e-8511-c6b6eed21add,"é normal ter candidiase",0,10,menopausa,Menopausa,candidíase,t,"2026-04-13 08:40:43.957484+00",,autocomplete,"2026-04-13 08:40:43.957484+00"
4f8c796c-0138-4636-8e61-d35bf8dc98a6,"osteoporose sintomas tem cura",0,10,menopausa,Menopausa,osteoporose,t,"2026-04-13 08:36:53.898281+00",,autocomplete,"2026-04-13 08:36:53.898281+00"
4fa2457c-b93b-4e2a-a3f0-0028c2fc214c,"osteoporose tratamento fisioterapia",0,10,menopausa,Menopausa,osteoporose,t,"2026-04-13 08:36:53.898281+00",,autocomplete,"2026-04-13 08:36:53.898281+00"
4fc5673c-7b7a-4669-abf9-76d252ed9165,"shear stress",50,36,saude-mental,"Saúde Mental",stress,f,"2026-03-28 00:20:35.250674+00",,pytrends,"2026-03-28 00:20:35.250674+00"
4fd042de-303f-47f7-90a2-3e5d631402d4,"lupus causas e sintomas",0,10,emergentes,Emergentes,lúpus,t,"2026-04-13 08:42:25.267323+00",,autocomplete,"2026-04-13 08:42:25.267323+00"
4fd498c4-1c25-46a6-9b35-e6ee3832bea6,"google o que é obesidade infantil",0,50,alimentacao,Alimentação,"obesidade infantil",t,"2026-04-13 08:36:59.449865+00",,autocomplete,"2026-04-13 08:36:59.449865+00"
4ffea5bb-6391-4192-9501-8c9f99ed0e64,"melhor antidepressivo para ansiedade",2450,36,saude-mental,"Saúde Mental",ansiedade,f,"2026-03-30 07:58:55.195023+00",,pytrends,"2026-03-30 07:58:55.195023+00"
5008a725-3a76-4ac4-8b1f-2ebfa255a75f,"sintomas de insônia",0,100,saude-mental,"Saúde Mental",insónia,t,"2026-04-13 08:39:19.763922+00",,autocomplete,"2026-04-13 08:39:19.763922+00"
503a9f3c-04a0-410c-86bc-bf0292600e04,"como tratar enxaqueca de forma natural",0,35,saude-mental,"Saúde Mental",enxaqueca,t,"2026-04-13 08:43:55.008487+00",,autocomplete,"2026-04-13 08:43:55.008487+00"
5043a280-1460-44d6-bdfe-194b289cccb2,"quais as causas de endometriose",0,10,menopausa,Menopausa,endometriose,t,"2026-04-13 08:40:10.397854+00",,autocomplete,"2026-04-13 08:40:10.397854+00"
504ac984-b5d8-4052-b49e-b062243f675f,"doenças cardiovasculares sintomas e tratamento",0,10,emergentes,Emergentes,"doenças cardiovasculares",t,"2026-04-13 08:43:21.329264+00",,autocomplete,"2026-04-13 08:43:21.329264+00"
504fb94a-d97d-4f85-a629-63366a179395,"como tratar avc em gatos",0,10,emergentes,Emergentes,avc,t,"2026-04-13 08:41:12.052215+00",,autocomplete,"2026-04-13 08:41:12.052215+00"
505161db-dfe4-434b-beae-fb25738996f2,"o que é candidíase e como tratar",0,10,menopausa,Menopausa,candidíase,t,"2026-04-13 08:40:43.957484+00",,autocomplete,"2026-04-13 08:40:43.957484+00"
50648d2b-228d-4314-9e91-a9fe1679de26,"tratamento sepsis",0,10,emergentes,Emergentes,sepsis,t,"2026-04-13 08:41:00.80186+00",,autocomplete,"2026-04-13 08:41:00.80186+00"
506de919-3f42-4927-b755-7ae722fe24b0,"existe tratamento para o vírus nipah",0,10,emergentes,Emergentes,"vírus nipah",t,"2026-04-13 08:38:12.456348+00",,autocomplete,"2026-04-13 08:38:12.456348+00"
506f4c29-ebe9-47a4-82f2-48ea78d7bd76,"o que é solidão crônica",0,55,saude-mental,"Saúde Mental",solidão,t,"2026-04-13 08:38:51.66098+00",,autocomplete,"2026-04-13 08:38:51.66098+00"
507b7c01-a472-4f90-8e33-2a5a3ba97b8c,"obesidade infantil sintomas",0,10,alimentacao,Alimentação,"obesidade infantil",t,"2026-04-13 08:36:59.449865+00",,autocomplete,"2026-04-13 08:36:59.449865+00"
509dc0c6-2cda-4fe8-904d-438078bd9586,"tratamento para ansiedade dura quanto tempo",0,10,saude-mental,"Saúde Mental",ansiedade,t,"2026-04-13 08:38:40.522707+00",,autocomplete,"2026-04-13 08:38:40.522707+00"
50a0b965-70c5-45ee-82ea-b3b9f9665be7,"anemia ferropénica",140,10,alimentacao,Alimentação,anemia,f,"2026-04-13 08:29:36.237329+00",,pytrends,"2026-04-13 08:29:36.237329+00"
50b00cd9-bc8c-4d22-8f78-c5101ad75316,"o que intolerância ao glúten causa",0,35,alimentacao,Alimentação,"intolerância ao glúten",t,"2026-04-13 08:37:05.051837+00",,autocomplete,"2026-04-13 08:37:05.051837+00"
50b7674f-1a13-466e-830c-ed8d8755a74f,"como devemos prevenir a obesidade infantil",0,10,alimentacao,Alimentação,"obesidade infantil",t,"2026-03-28 00:24:25.782332+00",,autocomplete,"2026-03-28 00:24:25.782332+00"
50d4de82-b86a-47af-a04e-bc4950402505,"refluxo gastroesofágico pode matar",9999,92,alimentacao,Alimentação,"refluxo gastroesofágico",f,"2026-04-06 08:09:17.317989+00",,pytrends,"2026-04-06 08:09:17.317989+00"
50deeecf-336f-4a20-82ae-e110b3f802ee,"como tratar candidíase",0,50,menopausa,Menopausa,candidíase,t,"2026-04-13 08:40:43.957484+00",,autocomplete,"2026-04-13 08:40:43.957484+00"
50f32fa5-9d64-4043-a09e-434cc9bac9f6,"como tratar intolerancia a lactose em bebe",0,30,alimentacao,Alimentação,"intolerância à lactose",t,"2026-04-13 08:43:43.801483+00",,autocomplete,"2026-04-13 08:43:43.801483+00"
50ff8626-3400-4d2d-974b-7e1faa4d480d,"dieta mediterrânica receitas",80,100,alimentacao,Alimentação,"dieta mediterrânica",f,"2026-04-06 08:01:43.778037+00",,pytrends,"2026-04-06 08:01:43.778037+00"
510e672b-5f65-45ca-8b3a-ae05810594b8,"cancro da mama causas",0,10,menopausa,Menopausa,"cancro da mama",t,"2026-04-13 08:40:55.173287+00",,autocomplete,"2026-04-13 08:40:55.173287+00"
51133056-50c7-4112-8aae-bf3b9723e13c,"setembro amarelo causas de suicídio",0,25,saude-mental,"Saúde Mental",suicídio,t,"2026-04-13 08:42:36.442374+00",,autocomplete,"2026-04-13 08:42:36.442374+00"
5134f4d8-79bd-449d-88cd-761ece07915a,"tratamento para lupus discoide",0,10,emergentes,Emergentes,lúpus,t,"2026-04-13 08:42:25.267323+00",,autocomplete,"2026-04-13 08:42:25.267323+00"
51679add-48db-4627-8fa2-161ff2c967d6,"osteoporose tratamentos",0,10,menopausa,Menopausa,osteoporose,t,"2026-03-30 08:16:17.628387+00",,autocomplete,"2026-03-30 08:16:17.628387+00"
5172580f-35c6-4b3f-a87e-74a4de0f1649,"avc tratamento natural",0,10,emergentes,Emergentes,avc,t,"2026-04-13 08:41:12.052215+00",,autocomplete,"2026-04-13 08:41:12.052215+00"
5188cd89-d6be-461d-8f56-b7db02c6e9bd,"como prevenir la sepsis puerperal",0,10,emergentes,Emergentes,sepsis,t,"2026-04-13 08:41:00.80186+00",,autocomplete,"2026-04-13 08:41:00.80186+00"
519787c2-ba81-4151-96a5-274ba2c0cf83,"refluxo gastroesofágico tratamento",0,10,alimentacao,Alimentação,"refluxo gastroesofágico",t,"2026-04-13 08:40:32.807623+00",,autocomplete,"2026-04-13 08:40:32.807623+00"
51a29371-e3ec-4875-adea-e08b7359f7be,"o que é alcoolismo social",0,10,saude-mental,"Saúde Mental",alcoolismo,t,"2026-03-30 08:18:40.935919+00",,autocomplete,"2026-03-30 08:18:40.935919+00"
51cc292e-81b7-4504-a1fa-ce87fa1a78c5,"como tratar enxaqueca cronica",0,40,saude-mental,"Saúde Mental",enxaqueca,t,"2026-04-13 08:43:55.008487+00",,autocomplete,"2026-04-13 08:43:55.008487+00"
51d77377-857b-4d9c-b838-caeaa989df66,"como tratar anemia",0,50,alimentacao,Alimentação,anemia,t,"2026-04-13 08:40:38.397737+00",,autocomplete,"2026-04-13 08:40:38.397737+00"
51d7f595-c8dc-42ae-83d9-fde5b4f6c069,"tratamento demencia corpos de lewy",0,10,saude-mental,"Saúde Mental",demência,t,"2026-04-13 08:40:27.20613+00",,autocomplete,"2026-04-13 08:40:27.20613+00"
51dcaba1-5162-4d94-a149-b87d2da7b0c2,"estresse sintomas no corpo",0,10,saude-mental,"Saúde Mental",stress,t,"2026-04-13 08:40:21.587655+00",,autocomplete,"2026-04-13 08:40:21.587655+00"
52063954-5c72-47d7-b492-4d4296902b75,"endometriose sintomas",0,10,menopausa,Menopausa,endometriose,t,"2026-04-13 08:40:10.397854+00",,autocomplete,"2026-04-13 08:40:10.397854+00"
520a83a8-5b06-43f1-af90-5e0915212430,"complex ptsd sintomas",0,10,saude-mental,"Saúde Mental",PTSD,t,"2026-04-13 08:39:36.686137+00",,autocomplete,"2026-04-13 08:39:36.686137+00"
52293d48-7a6b-4156-a22a-91cb1d9a4a59,"tratamento para tdah adulto",0,10,saude-mental,"Saúde Mental","TDAH adulto",t,"2026-04-13 08:39:53.572317+00",,autocomplete,"2026-04-13 08:39:53.572317+00"
5231484b-0a91-4b86-8c24-0d420cef3a5e,"anemia em ingles",9999,68,alimentacao,Alimentação,anemia,f,"2026-04-06 08:09:28.02802+00",,pytrends,"2026-04-06 08:09:28.02802+00"
5247d9b8-12ba-44f2-a470-75122f20cb53,"como tratar burnout",0,50,saude-mental,"Saúde Mental",burnout,t,"2026-04-13 08:38:34.941684+00",,autocomplete,"2026-04-13 08:38:34.941684+00"
52737b71-7757-4a0a-9a0d-d405b4ec17c6,"o virus nipah chegou no brasil",0,15,emergentes,Emergentes,"vírus nipah",t,"2026-04-13 08:38:12.456348+00",,autocomplete,"2026-04-13 08:38:12.456348+00"
5286de85-0513-4239-b079-f460d5f10c12,"o que colesterol alto faz",0,10,alimentacao,Alimentação,"colesterol alto",t,"2026-04-13 08:40:04.811683+00",,autocomplete,"2026-04-13 08:40:04.811683+00"
529879f4-a972-4fc6-840e-b63c8a53b29e,"intolerancia a gluten sintomas exame",0,10,alimentacao,Alimentação,"intolerância ao glúten",t,"2026-04-13 08:37:05.051837+00",,autocomplete,"2026-04-13 08:37:05.051837+00"
52996c11-96a9-4b48-8bd4-54a1843bc01a,"sintomas insonia fatal",0,10,saude-mental,"Saúde Mental",insónia,t,"2026-04-13 08:39:19.763922+00",,autocomplete,"2026-04-13 08:39:19.763922+00"
52ac8180-1f08-4390-89c0-cf6d1f4b2c25,"é normal ter candidiase todo mes",0,10,menopausa,Menopausa,candidíase,t,"2026-04-13 08:40:43.957484+00",,autocomplete,"2026-04-13 08:40:43.957484+00"
52c46512-61a4-413b-adde-0a3c000aef74,"alzheimer causas e fatores de risco",0,10,saude-mental,"Saúde Mental",alzheimer,t,"2026-04-13 08:43:15.769569+00",,autocomplete,"2026-04-13 08:43:15.769569+00"
52ce8b54-95a7-4aba-b4e2-fefd3eadf969,"anorexia nervosa do diagnóstico ao tratamento",0,10,saude-mental,"Saúde Mental","anorexia nervosa",t,"2026-04-13 08:43:04.555328+00",,autocomplete,"2026-04-13 08:43:04.555328+00"
52e065d9-20e0-4c9f-af3e-c704c2439e8a,"sintomas de alzheimer no inicio",0,60,saude-mental,"Saúde Mental",alzheimer,t,"2026-04-13 08:43:15.769569+00",,autocomplete,"2026-04-13 08:43:15.769569+00"
52ea34a5-8201-4fb9-9f18-89b28dc7948d,"pré-diabetes sintomas",0,10,alimentacao,Alimentação,pré-diabetes,t,"2026-04-13 08:42:08.372884+00",,autocomplete,"2026-04-13 08:42:08.372884+00"
52ef7895-c48d-4eec-ade2-e6afa1ddd4d4,"é normal ter ansiedade antes da menstruação",0,10,saude-mental,"Saúde Mental",ansiedade,t,"2026-04-13 08:38:40.522707+00",,autocomplete,"2026-04-13 08:38:40.522707+00"
530831db-fb94-42c8-9d78-0250d71670b5,"enxaqueca abdominal",160,28,saude-mental,"Saúde Mental",enxaqueca,f,"2026-04-13 08:36:05.931314+00",,pytrends,"2026-04-13 08:36:05.931314+00"
5325cb1c-3860-48c5-b3f9-e88017c13ab1,"o que é dependências",0,95,saude-mental,"Saúde Mental",dependências,t,"2026-04-13 08:41:06.439839+00",,autocomplete,"2026-04-13 08:41:06.439839+00"
5340c6eb-5756-4d7b-abeb-af8ca60fc6bf,"o que é fungo cândida auris",0,50,emergentes,Emergentes,"candida auris",t,"2026-04-13 08:42:30.835875+00",,autocomplete,"2026-04-13 08:42:30.835875+00"
5344362f-7ac9-45c1-b660-d16887ae3123,"lúpus sintomas iniciais",9999,100,emergentes,Emergentes,lúpus,f,"2026-04-06 08:12:58.949254+00",,pytrends,"2026-04-06 08:12:58.949254+00"
535c7ea7-88df-4e46-be98-1ced546ec79a,"sintomas de refluxo gastroesofágico causas",0,10,alimentacao,Alimentação,"refluxo gastroesofágico",t,"2026-04-13 08:40:32.807623+00",,autocomplete,"2026-04-13 08:40:32.807623+00"
535db8d1-8b78-4d26-8258-a56f6e5154dc,"demência sintomas iniciais",0,10,saude-mental,"Saúde Mental",demência,t,"2026-04-13 08:40:27.20613+00",,autocomplete,"2026-04-13 08:40:27.20613+00"
536542ba-87f2-41e6-aec6-46648dcf5dcf,"o que é perturbação afetiva bipolar",0,95,saude-mental,"Saúde Mental","perturbação bipolar",t,"2026-04-13 08:42:58.898509+00",,autocomplete,"2026-04-13 08:42:58.898509+00"
53802a5c-82a2-4f47-b498-1b5357f709a0,"lupus causas emocionais",0,10,emergentes,Emergentes,lúpus,t,"2026-04-13 08:42:25.267323+00",,autocomplete,"2026-04-13 08:42:25.267323+00"
539e1a6c-2755-4894-b584-23e1177242f0,"pré-diabetes sintomas tem cura",0,10,alimentacao,Alimentação,pré-diabetes,t,"2026-04-13 08:42:08.372884+00",,autocomplete,"2026-04-13 08:42:08.372884+00"
53c3ce8b-abb8-43ad-9b3a-98ba2b91793f,"primeiros sinais de alzheimer",9999,52,saude-mental,"Saúde Mental",alzheimer,f,"2026-03-30 08:07:05.928237+00",,pytrends,"2026-03-30 08:07:05.928237+00"
53d2fe1e-dd20-4c33-b9cc-0cb2bf5515e5,"como tratar lúpus",0,50,emergentes,Emergentes,lúpus,t,"2026-04-13 08:42:25.267323+00",,autocomplete,"2026-04-13 08:42:25.267323+00"
53f7fbca-5d8f-459b-89bf-b2796674619d,"tratamento para insonia terminal",0,10,saude-mental,"Saúde Mental",insónia,t,"2026-04-13 08:39:19.763922+00",,autocomplete,"2026-04-13 08:39:19.763922+00"
54062bd6-5493-4a81-ab26-5482b8914b82,"o que causa fobia social",0,10,saude-mental,"Saúde Mental","fobia social",t,"2026-04-13 08:41:17.653799+00",,autocomplete,"2026-04-13 08:41:17.653799+00"
541f9dc9-c463-47f0-ae4f-fb1314e6afa0,"causas de estresse excessivo",0,10,saude-mental,"Saúde Mental",stress,t,"2026-04-13 08:40:21.587655+00",,autocomplete,"2026-04-13 08:40:21.587655+00"
54287d58-cc63-49fb-be2b-b61034432c99,"sintomas de candidíase no homem",0,95,menopausa,Menopausa,candidíase,t,"2026-04-13 08:40:43.957484+00",,autocomplete,"2026-04-13 08:40:43.957484+00"
5437bbb9-69ff-490c-a205-acc69f77ff6b,"fobia social causas",0,10,saude-mental,"Saúde Mental","fobia social",t,"2026-04-13 08:41:17.653799+00",,autocomplete,"2026-04-13 08:41:17.653799+00"
543b175b-372c-4ecd-83b3-e54be7233513,"incontinência urinária tratamento cirúrgico supra púbico",0,10,menopausa,Menopausa,"incontinência urinária",t,"2026-04-13 08:42:42.043868+00",,autocomplete,"2026-04-13 08:42:42.043868+00"
543f2932-68cc-4cb7-902c-afbc5af872b6,"alzheimer tratamento pdf",0,10,saude-mental,"Saúde Mental",alzheimer,t,"2026-03-30 08:18:05.071522+00",,autocomplete,"2026-03-30 08:18:05.071522+00"
5450a6ed-0dc0-40cc-900d-f5ec837f835f,"tratamento para insônia na menopausa",0,10,saude-mental,"Saúde Mental",insónia,t,"2026-04-13 08:39:19.763922+00",,autocomplete,"2026-04-13 08:39:19.763922+00"
5453dc1f-b23b-4d44-a67d-84bb8b13febf,"o que tomar para enxaqueca",9999,84,saude-mental,"Saúde Mental",enxaqueca,t,"2026-03-30 08:08:36.559366+00",,pytrends,"2026-03-30 08:08:36.559366+00"
5485c12e-8f09-4dd5-bf79-23675cb0ee5c,"tdah adulto sem tratamento",0,10,saude-mental,"Saúde Mental","TDAH adulto",t,"2026-04-13 08:39:53.572317+00",,autocomplete,"2026-04-13 08:39:53.572317+00"
54a6abdf-4343-4fe2-a3dd-6183869c590d,"tratamento para candidíase feminina",0,10,menopausa,Menopausa,candidíase,t,"2026-04-13 08:40:43.957484+00",,autocomplete,"2026-04-13 08:40:43.957484+00"
54a7334c-6ddf-40a6-85d6-40920656bda1,"o que é pré-diabetes mellitus",0,20,alimentacao,Alimentação,pré-diabetes,t,"2026-04-13 08:42:08.372884+00",,autocomplete,"2026-04-13 08:42:08.372884+00"
54b64ab4-c807-4561-b703-1f0604cf5dca,"o que é terapia hormonal feminina",0,70,menopausa,Menopausa,"terapia hormonal",t,"2026-04-13 08:37:21.896373+00",,autocomplete,"2026-04-13 08:37:21.896373+00"
54cbfe12-4ddd-4f5d-a0fd-2f27bb7de926,"walmart near me",9999,84,saude-mental,"Saúde Mental",stress,f,"2026-03-23 07:41:28.797561+00",,pytrends,"2026-03-27 18:34:47.925931+00"
54e05f51-af6d-4c30-adcf-cb9f09d786fe,"sintomas de cancro da mama idade",0,85,menopausa,Menopausa,"cancro da mama",t,"2026-04-13 08:40:55.173287+00",,autocomplete,"2026-04-13 08:40:55.173287+00"
552e459b-ed49-4e29-902e-cd8c9bc36026,"legumes para anemia",9999,76,alimentacao,Alimentação,anemia,f,"2026-03-30 08:09:53.80659+00",,pytrends,"2026-03-30 08:09:53.80659+00"
55462f31-7a65-41f5-8c68-a8ad7a40746e,"medicamento para ansiedade",50,10,saude-mental,"Saúde Mental",ansiedade,f,"2026-03-28 00:08:45.453336+00",,pytrends,"2026-03-28 00:08:45.453336+00"
55570ea4-c075-47cb-924c-181ecaf7311b,leucemia,90,10,alimentacao,Alimentação,anemia,f,"2026-03-30 08:09:53.80659+00",,pytrends,"2026-03-30 08:09:53.80659+00"
5597fee8-70b7-45d3-98b2-679af8999a9f,"quais as causas de quem tem intolerância à lactose",0,10,alimentacao,Alimentação,"intolerância à lactose",t,"2026-04-13 08:43:43.801483+00",,autocomplete,"2026-04-13 08:43:43.801483+00"
55a0ae72-a89e-4a5b-91da-e572a394b24f,"causas de ansiedade e depressão",0,10,saude-mental,"Saúde Mental",ansiedade,t,"2026-04-13 08:38:40.522707+00",,autocomplete,"2026-04-13 08:38:40.522707+00"
55aa3c05-0aea-4119-a3cd-4f5ea5431079,"sintomas de insonia na gravidez",0,55,saude-mental,"Saúde Mental",insónia,t,"2026-04-13 08:39:19.763922+00",,autocomplete,"2026-04-13 08:39:19.763922+00"
55b038c6-2be0-4df0-a7fb-3c0e924bbe45,"como tratar incontinência urinária",0,50,menopausa,Menopausa,"incontinência urinária",t,"2026-04-13 08:42:42.043868+00",,autocomplete,"2026-04-13 08:42:42.043868+00"
55c07c3a-b623-41d2-a960-e3c99b0e2f3d,"como tratar pânico",0,50,saude-mental,"Saúde Mental",pânico,t,"2026-04-13 08:39:31.045213+00",,autocomplete,"2026-04-13 08:39:31.045213+00"
55d482a3-bd7c-41f8-9b4f-719c3865d99e,"o que pre diabetes não pode comer",0,10,alimentacao,Alimentação,pré-diabetes,t,"2026-04-13 08:42:08.372884+00",,autocomplete,"2026-04-13 08:42:08.372884+00"
55e3450b-1e3f-4b02-9832-222e71a1208a,"sintomas de suores noturnos",0,100,menopausa,Menopausa,"suores noturnos",t,"2026-04-13 08:37:44.379314+00",,autocomplete,"2026-04-13 08:37:44.379314+00"
55f46578-b846-43fb-a6de-a0c4bffba2d0,"o que é suicídio assistido na suíça",0,90,saude-mental,"Saúde Mental",suicídio,t,"2026-04-13 08:42:36.442374+00",,autocomplete,"2026-04-13 08:42:36.442374+00"
5601800f-7a70-457c-b411-a87e41320969,"causas secundárias de demência",0,10,saude-mental,"Saúde Mental",demência,t,"2026-03-30 08:19:22.975025+00",,autocomplete,"2026-03-30 08:19:22.975025+00"
5627a4b0-6acb-4dea-99cf-5a7f1de501be,"o que são competências socioemocionais resumo",0,65,saude-mental,"Saúde Mental","competências socioemocionais",t,"2026-04-13 08:41:28.934623+00",,autocomplete,"2026-04-13 08:41:28.934623+00"
563333f4-6946-43c1-9eb6-adb60bba5145,"intolerância à lactose sintomas e tratamento",0,10,alimentacao,Alimentação,"intolerância à lactose",t,"2026-04-13 08:43:43.801483+00",,autocomplete,"2026-04-13 08:43:43.801483+00"
565d072c-9d6f-4e6c-90d4-f1cca13f390c,"heloisa perisse avc",2100,44,emergentes,Emergentes,avc,f,"2026-03-28 00:15:24.259585+00",,pytrends,"2026-03-28 00:15:24.259585+00"
56896cec-d43b-4d69-b87f-7da049b04bbd,"causas de la diabetes infantil tipo 2",0,10,alimentacao,Alimentação,"diabetes tipo 2",t,"2026-03-30 08:17:59.10124+00",,autocomplete,"2026-03-30 08:17:59.10124+00"
56bd069c-528d-4b78-a976-0fc09532a58a,"sintomas de incontinência urinária",0,100,menopausa,Menopausa,"incontinência urinária",t,"2026-04-13 08:42:42.043868+00",,autocomplete,"2026-04-13 08:42:42.043868+00"
56c3c9bd-ec40-47e6-909d-254660f346dc,"candida auris causas",0,10,emergentes,Emergentes,"candida auris",t,"2026-04-13 08:42:30.835875+00",,autocomplete,"2026-04-13 08:42:30.835875+00"
56d73b4e-0201-4c9a-8fd7-fafd69040c9b,"o que é sepse de foco pulmonar",0,10,emergentes,Emergentes,sepsis,t,"2026-04-13 08:41:00.80186+00",,autocomplete,"2026-04-13 08:41:00.80186+00"
56db716c-af65-4a1a-bbd7-36ebab3c2e9b,"tratamento alcoolismo curitiba",0,10,saude-mental,"Saúde Mental",alcoolismo,t,"2026-04-13 08:43:49.404375+00",,autocomplete,"2026-04-13 08:43:49.404375+00"
56eb0ef2-19ab-46c9-8cb8-84c285a6e48c,"refluxo gastroesofágico tratamento natural",0,10,alimentacao,Alimentação,"refluxo gastroesofágico",t,"2026-04-13 08:40:32.807623+00",,autocomplete,"2026-04-13 08:40:32.807623+00"
570654a0-c9a6-4168-9d98-1ec6cf30dce6,"menopausa precoce sintomas 27 anos",0,10,menopausa,Menopausa,"menopausa precoce",t,"2026-04-13 08:37:50.002306+00",,autocomplete,"2026-04-13 08:37:50.002306+00"
570fcf87-2dbb-4fa8-b881-da86ac351a20,"crise de ansiedade o que fazer",9999,84,saude-mental,"Saúde Mental",ansiedade,f,"2026-04-06 08:05:35.66783+00",,pytrends,"2026-04-06 08:05:35.66783+00"
57183228-1022-4854-bace-f05686926936,"o que é candidíase na mulher",0,10,menopausa,Menopausa,candidíase,t,"2026-04-13 08:40:43.957484+00",,autocomplete,"2026-04-13 08:40:43.957484+00"
573285f5-e875-4a77-a6a9-fc3c3476629a,"causas del síndrome de ovario poliquístico sop",0,70,menopausa,Menopausa,"síndrome do ovário poliquístico",t,"2026-04-13 08:43:26.930582+00",,autocomplete,"2026-04-13 08:43:26.930582+00"
57351f69-8149-47db-af40-cba05025d2e3,"o que é menopausa precoce ou prematura",0,30,menopausa,Menopausa,"menopausa precoce",t,"2026-04-13 08:37:50.002306+00",,autocomplete,"2026-04-13 08:37:50.002306+00"
57462a57-ee73-4ca6-be22-04cccabfb561,"como prevenir burnout no trabalho",0,10,saude-mental,"Saúde Mental",burnout,t,"2026-04-13 08:38:34.941684+00",,autocomplete,"2026-04-13 08:38:34.941684+00"
57538c89-8eb5-4460-a94b-772e07f94cef,"sepse sintomas e sinais",0,10,emergentes,Emergentes,sepsis,t,"2026-04-13 08:41:00.80186+00",,autocomplete,"2026-04-13 08:41:00.80186+00"
575b5513-5bc6-492b-90c6-f196aaf2d5d7,"como tratar intolerância a lactose em crianças",0,35,alimentacao,Alimentação,"intolerância à lactose",t,"2026-04-13 08:43:43.801483+00",,autocomplete,"2026-04-13 08:43:43.801483+00"
57660b95-fd72-4659-a9c5-3a48218e15fc,"o que é suicídio passional",0,50,saude-mental,"Saúde Mental",suicídio,t,"2026-04-13 08:42:36.442374+00",,autocomplete,"2026-04-13 08:42:36.442374+00"
57cc5cd0-604c-41cb-aa85-361729582578,"é normal ter depressão com 13 anos",0,10,saude-mental,"Saúde Mental",depressão,t,"2026-04-13 08:38:46.093196+00",,autocomplete,"2026-04-13 08:38:46.093196+00"
57e9de78-9d50-467e-a049-d28c7f947f2f,"emagrecer 5 kg com jejum intermitente",9999,84,alimentacao,Alimentação,"jejum intermitente",f,"2026-03-30 08:02:12.393982+00",,pytrends,"2026-03-30 08:02:12.393982+00"
57eb70d4-5dbf-4576-a76e-772794dc074a,"avc isquemico ou hemorragico",9999,68,emergentes,Emergentes,avc,f,"2026-04-06 08:10:42.850302+00",,pytrends,"2026-04-06 08:10:42.850302+00"
57f88ae3-5571-4578-8a11-f388d09e1f0f,"sintomas de enxaqueca teste",0,60,saude-mental,"Saúde Mental",enxaqueca,t,"2026-04-13 08:43:55.008487+00",,autocomplete,"2026-04-13 08:43:55.008487+00"
57fd7854-82ab-4dfa-a65e-088f3a17db7b,"o que faz ganhar peso na menopausa",0,95,menopausa,Menopausa,"peso na menopausa",t,"2026-04-13 08:38:29.321032+00",,autocomplete,"2026-04-13 08:38:29.321032+00"
58187f30-93b8-4f1c-8cfd-bf0dcaa2f5ea,"alzheimer sintomas tratamento e prevenção",0,10,saude-mental,"Saúde Mental",alzheimer,t,"2026-04-06 08:23:01.777696+00",,autocomplete,"2026-04-06 08:23:01.777696+00"
581c250f-a291-4114-88d1-8abd02f70f1b,"menopausa precoce sintomas idade",0,10,menopausa,Menopausa,"menopausa precoce",t,"2026-04-13 08:37:50.002306+00",,autocomplete,"2026-04-13 08:37:50.002306+00"
581f75de-6704-401a-a86b-80863184ef54,"o que comer para anemia",140,10,alimentacao,Alimentação,anemia,t,"2026-04-13 08:29:36.237329+00",,pytrends,"2026-04-13 08:29:36.237329+00"
582d3f15-c422-4dac-a40c-20e8a985fd7a,"demencia sintomas e causas",0,10,saude-mental,"Saúde Mental",demência,t,"2026-04-13 08:40:27.20613+00",,autocomplete,"2026-04-13 08:40:27.20613+00"
583639ef-0b61-481a-9149-2681912310b2,"anemia sintomas enjoo",0,10,alimentacao,Alimentação,anemia,t,"2026-04-13 08:40:38.397737+00",,autocomplete,"2026-04-13 08:40:38.397737+00"
5839d5c9-26c8-422c-a331-5edbf7edf091,"fobia social sintomas",9999,100,saude-mental,"Saúde Mental","fobia social",f,"2026-04-13 08:30:56.884106+00",,pytrends,"2026-04-13 08:30:56.884106+00"
58422218-5b40-4a6e-bc00-c886910b04b7,"vírus nipah sintomas e tratamento",0,10,emergentes,Emergentes,"vírus nipah",t,"2026-04-13 08:38:12.456348+00",,autocomplete,"2026-04-13 08:38:12.456348+00"
5845ee7d-d820-4b86-a744-34d626c89e22,"tratamento cancro da mama homem",0,10,menopausa,Menopausa,"cancro da mama",t,"2026-04-13 08:40:55.173287+00",,autocomplete,"2026-04-13 08:40:55.173287+00"
586b1a62-8f36-4089-a13a-1eae8ae98cc8,"o que é sepse generalizada",0,10,emergentes,Emergentes,sepsis,t,"2026-03-30 08:19:58.64322+00",,autocomplete,"2026-03-30 08:19:58.64322+00"
586d30a3-177f-45a5-9b48-773bb52c1fde,"como tratar candidíase intestinal",0,10,menopausa,Menopausa,candidíase,t,"2026-04-13 08:40:43.957484+00",,autocomplete,"2026-04-13 08:40:43.957484+00"
58796c4c-4e40-4941-ba86-e50d942d90e3,"tratamento para alzheimer e parkinson",0,10,saude-mental,"Saúde Mental",alzheimer,t,"2026-04-13 08:43:15.769569+00",,autocomplete,"2026-04-13 08:43:15.769569+00"
5879d76a-3eb1-4327-8a25-3229705b6c51,"o que é competências socioemocionais exemplos",0,95,saude-mental,"Saúde Mental","competências socioemocionais",t,"2026-04-13 08:41:28.934623+00",,autocomplete,"2026-04-13 08:41:28.934623+00"
587faace-9539-4282-92c1-0e4c6442f29d,"o que uma pessoa com intolerância ao glúten não pode comer",0,25,alimentacao,Alimentação,"intolerância ao glúten",t,"2026-04-13 08:37:05.051837+00",,autocomplete,"2026-04-13 08:37:05.051837+00"
58b891a2-bbfa-4e51-9d5b-4fc7663d1609,"o que é uma dieta mediterrânea",0,100,alimentacao,Alimentação,"dieta mediterrânica",t,"2026-04-13 08:36:31.430429+00",,autocomplete,"2026-04-13 08:36:31.430429+00"
58e2ed23-ae8a-4038-9991-abb909e4ffab,"solidão causas",0,10,saude-mental,"Saúde Mental",solidão,t,"2026-04-13 08:38:51.66098+00",,autocomplete,"2026-04-13 08:38:51.66098+00"
59619db6-3612-432d-83c0-98b2f6b121c9,"tratamento para incontinência urinária fisioterapia",0,10,menopausa,Menopausa,"incontinência urinária",t,"2026-04-13 08:42:42.043868+00",,autocomplete,"2026-04-13 08:42:42.043868+00"
5974102b-060b-491b-bc6f-809a96fa084a,"sintomas de el síndrome de ovario poliquístico",0,85,menopausa,Menopausa,"síndrome do ovário poliquístico",t,"2026-03-30 08:18:22.951656+00",,autocomplete,"2026-03-30 08:18:22.951656+00"
599d69f2-66c7-47e1-9274-540b1476f227,"ptsd sintomas fisicos",0,10,saude-mental,"Saúde Mental",PTSD,t,"2026-04-13 08:39:36.686137+00",,autocomplete,"2026-04-13 08:39:36.686137+00"
59b70f47-62b5-4d82-94a1-9fe7bef6d330,"o que é anemia profunda",0,10,alimentacao,Alimentação,anemia,t,"2026-04-13 08:40:38.397737+00",,autocomplete,"2026-04-13 08:40:38.397737+00"
59d4aad3-b040-46d9-9fd0-473a884fcc7b,"osteoporose tratamento tem cura",0,10,menopausa,Menopausa,osteoporose,t,"2026-04-13 08:36:53.898281+00",,autocomplete,"2026-04-13 08:36:53.898281+00"
59e45ca5-7f11-4360-89c6-6eaf75b09284,"o que comer para perder peso na menopausa",0,75,menopausa,Menopausa,"peso na menopausa",t,"2026-04-13 08:38:29.321032+00",,autocomplete,"2026-04-13 08:38:29.321032+00"
59f4aab2-5f03-4b00-83a0-6d41cf246e08,"causas de estresse pos traumatico",0,10,saude-mental,"Saúde Mental",stress,t,"2026-04-13 08:40:21.587655+00",,autocomplete,"2026-04-13 08:40:21.587655+00"
5a210c41-42fd-4d8a-814f-dc3da17b0630,"como prevenir depressão pós parto",0,10,saude-mental,"Saúde Mental",depressão,t,"2026-04-13 08:38:46.093196+00",,autocomplete,"2026-04-13 08:38:46.093196+00"
5a241956-c888-4414-bc1f-4b53ce9525b5,"sintomas de.alcoolismo leve",0,75,saude-mental,"Saúde Mental",alcoolismo,t,"2026-04-13 08:43:49.404375+00",,autocomplete,"2026-04-13 08:43:49.404375+00"
5a4a4812-4a72-46b6-8889-3be8005c36ae,"depressão marta portugal",1700,12,saude-mental,"Saúde Mental",depressão,f,"2026-04-06 08:05:46.502433+00",,pytrends,"2026-04-06 08:05:46.502433+00"
5a4b5a6a-6fd4-4d5e-bcf9-e5f81e3c6ba9,"tristeza e solidão sintomas",0,10,saude-mental,"Saúde Mental",solidão,t,"2026-03-30 08:13:54.206859+00",,autocomplete,"2026-03-30 08:13:54.206859+00"
5a56f831-d4e5-44b8-b57b-833f78872c26,"obesidade infantil causas e prevenção",0,10,alimentacao,Alimentação,"obesidade infantil",t,"2026-04-13 08:36:59.449865+00",,autocomplete,"2026-04-13 08:36:59.449865+00"
5a76b043-7e12-4b9d-9f63-6e8964363b63,"como prevenir enxaqueca ocular",0,10,saude-mental,"Saúde Mental",enxaqueca,t,"2026-04-13 08:43:55.008487+00",,autocomplete,"2026-04-13 08:43:55.008487+00"
5a9f538b-2659-40d1-9e32-12bf05f95c51,clotrimazol,9999,68,menopausa,Menopausa,candidíase,f,"2026-03-28 00:21:27.712069+00",,pytrends,"2026-03-28 00:21:27.712069+00"
5aa20ffc-0eed-47ee-b96f-d250c3245388,"causas de síndrome do pânico",0,10,saude-mental,"Saúde Mental",pânico,t,"2026-04-13 08:39:31.045213+00",,autocomplete,"2026-04-13 08:39:31.045213+00"
5aa78850-4461-407b-ab4e-b25b6164c4c8,"sintomas de colesterol alto em adultos",0,80,alimentacao,Alimentação,"colesterol alto",t,"2026-04-13 08:40:04.811683+00",,autocomplete,"2026-04-13 08:40:04.811683+00"
5abf2ecf-1629-4add-b1af-4bbcad9e413d,"tratamento para ansiedade infantil",0,10,saude-mental,"Saúde Mental",ansiedade,t,"2026-04-13 08:38:40.522707+00",,autocomplete,"2026-04-13 08:38:40.522707+00"
5ac966eb-abbc-47f4-a564-afb064b71d37,"o que é obesidade infantil e na adolescência",0,70,alimentacao,Alimentação,"obesidade infantil",t,"2026-04-13 08:36:59.449865+00",,autocomplete,"2026-04-13 08:36:59.449865+00"
5aca7509-86ad-4be1-b81b-88a18dea0553,"endometriose tratamento alimentação",0,10,menopausa,Menopausa,endometriose,t,"2026-04-13 08:40:10.397854+00",,autocomplete,"2026-04-13 08:40:10.397854+00"
5ad1702b-cd18-47e7-bbb6-aa5172ebbbec,"diabetes tipo 2 novos tratamentos",0,10,alimentacao,Alimentação,"diabetes tipo 2",t,"2026-04-13 08:42:47.656406+00",,autocomplete,"2026-04-13 08:42:47.656406+00"
5af77f55-0606-440c-b11c-e8f555f36e28,"como acabar com a candidíase definitivamente",9999,92,menopausa,Menopausa,candidíase,t,"2026-04-06 08:09:49.492291+00",,pytrends,"2026-04-06 08:09:49.492291+00"
5b032dad-b38c-440f-ab27-af6074d4bf61,"sintomas de intolerância ao glúten em adulto",0,95,alimentacao,Alimentação,"intolerância ao glúten",t,"2026-04-13 08:37:05.051837+00",,autocomplete,"2026-04-13 08:37:05.051837+00"
5b2daf10-9b59-4ec2-a1de-20e78fc23770,"avc causas e sintomas",0,10,emergentes,Emergentes,avc,t,"2026-04-13 08:41:12.052215+00",,autocomplete,"2026-04-13 08:41:12.052215+00"
5b3c1def-a66f-4d33-9548-9af771f3003a,"o que é demência frontotemporal",0,10,saude-mental,"Saúde Mental",demência,t,"2026-04-13 08:40:27.20613+00",,autocomplete,"2026-04-13 08:40:27.20613+00"
5b40ac63-1941-403f-a386-0bcdc68b1a79,"gato estresse sintomas",0,10,saude-mental,"Saúde Mental",stress,t,"2026-04-13 08:40:21.587655+00",,autocomplete,"2026-04-13 08:40:21.587655+00"
5b4c01d4-0904-48fb-824e-ec83ed5cab71,"é normal ter endometriose e nao sentir dor",0,10,menopausa,Menopausa,endometriose,t,"2026-04-13 08:40:10.397854+00",,autocomplete,"2026-04-13 08:40:10.397854+00"
5b96ad77-2da6-45fe-ac1a-2c87227333ea,"menopausa precoce sintomas 29 anos",0,10,menopausa,Menopausa,"menopausa precoce",t,"2026-04-13 08:37:50.002306+00",,autocomplete,"2026-04-13 08:37:50.002306+00"
5bb3830b-e10a-4ca0-a3da-2ebb0c9e82e6,"demência vascular",200,100,saude-mental,"Saúde Mental",demência,f,"2026-03-30 08:09:30.33282+00",,pytrends,"2026-03-30 08:09:30.33282+00"
5bb8bf41-a1ce-4d75-b5e2-38eb3f40fd21,"virus nipah sintomas na pele",0,10,emergentes,Emergentes,"vírus nipah",t,"2026-04-13 08:38:12.456348+00",,autocomplete,"2026-04-13 08:38:12.456348+00"
5bdf124d-add3-458a-b8c5-339f563b65d4,"sintomas de tdah adulto",0,100,saude-mental,"Saúde Mental","TDAH adulto",t,"2026-04-13 08:39:53.572317+00",,autocomplete,"2026-04-13 08:39:53.572317+00"
5bf4d0ec-823e-4e6d-96d6-a82704c7b99a,"tratamento fitoterapico para refluxo gastroesofágico",0,10,alimentacao,Alimentação,"refluxo gastroesofágico",t,"2026-04-13 08:40:32.807623+00",,autocomplete,"2026-04-13 08:40:32.807623+00"
5c031180-61a7-4c87-882f-ea564ff53c30,"é normal ter crise de pânico todos os dias",0,10,saude-mental,"Saúde Mental",pânico,t,"2026-04-13 08:39:31.045213+00",,autocomplete,"2026-04-13 08:39:31.045213+00"
5c1f3fce-f6cf-4cb0-aba7-0975cc81f31b,"sintomas de estresse e ansiedade",0,85,saude-mental,"Saúde Mental",stress,t,"2026-04-13 08:40:21.587655+00",,autocomplete,"2026-04-13 08:40:21.587655+00"
5c230723-0a89-41ba-8a32-ed6d4aa1429d,"principio de anorexia nervosa sintomas",0,75,saude-mental,"Saúde Mental","anorexia nervosa",t,"2026-04-13 08:43:04.555328+00",,autocomplete,"2026-04-13 08:43:04.555328+00"
5c264a76-32ed-4c2a-964a-44de3ba782da,"mini avc",100,10,emergentes,Emergentes,avc,f,"2026-03-30 08:05:39.827249+00",,pytrends,"2026-03-30 08:05:39.827249+00"
5c2d1973-05ba-4b2f-bbd5-7e852ab1b672,"refluxo gastroesofágico sintomas remedio",0,10,alimentacao,Alimentação,"refluxo gastroesofágico",t,"2026-04-13 08:40:32.807623+00",,autocomplete,"2026-04-13 08:40:32.807623+00"
5c312f79-c848-4640-86de-bdebc18e9772,"é normal ter insonia na menstruação",0,10,saude-mental,"Saúde Mental",insónia,t,"2026-04-13 08:39:19.763922+00",,autocomplete,"2026-04-13 08:39:19.763922+00"
5c56bd32-5883-46b3-8997-02bef8cc15be,"suicídio no brasil causas",0,10,saude-mental,"Saúde Mental",suicídio,t,"2026-04-13 08:42:36.442374+00",,autocomplete,"2026-04-13 08:42:36.442374+00"
5c800bf8-821e-4bc0-a8e1-592ee9b798b1,"como prevenir a osteoporose com alimentos",0,10,menopausa,Menopausa,osteoporose,t,"2026-04-13 08:36:53.898281+00",,autocomplete,"2026-04-13 08:36:53.898281+00"
5c9bf958-fcd9-4d3b-90d9-8873e87cb4c3,"síndrome do pânico causas sintomas e tratamento",0,10,saude-mental,"Saúde Mental",pânico,t,"2026-04-13 08:39:31.045213+00",,autocomplete,"2026-04-13 08:39:31.045213+00"
5caa040d-9e0f-4cfb-9e57-362db0a21c71,"diabetes tipo 2 tratamento pdf",0,10,alimentacao,Alimentação,"diabetes tipo 2",t,"2026-04-13 08:42:47.656406+00",,autocomplete,"2026-04-13 08:42:47.656406+00"
5caa80e1-5734-4d54-9066-f3462ec1f373,"diabetes tipo 2 sintomas e tratamento",0,10,alimentacao,Alimentação,"diabetes tipo 2",t,"2026-04-13 08:42:47.656406+00",,autocomplete,"2026-04-13 08:42:47.656406+00"
5cb7cf69-b222-4c24-a50a-01400ae26909,"burnout tratamento",70,28,saude-mental,"Saúde Mental",burnout,f,"2026-04-06 08:00:17.154548+00",,pytrends,"2026-04-06 08:00:17.154548+00"
5cc1e5c4-160a-47ad-8527-876ff89a7f73,"como tratar e curar diabetes tipo 2",0,25,alimentacao,Alimentação,"diabetes tipo 2",t,"2026-04-13 08:42:47.656406+00",,autocomplete,"2026-04-13 08:42:47.656406+00"
5d319014-1ef4-485c-b0fc-120ef271ed90,"sintomas stress e ansiedade",0,10,saude-mental,"Saúde Mental",stress,t,"2026-03-30 08:19:17.022631+00",,autocomplete,"2026-03-30 08:19:17.022631+00"
5d616b0c-789a-47b8-823a-88083ce81d38,"sintomas de dieta cetogênica",0,100,alimentacao,Alimentação,"dieta cetogénica",t,"2026-04-13 08:37:55.594739+00",,autocomplete,"2026-04-13 08:37:55.594739+00"
5d7df57c-e9e0-43a7-b52d-339d820659f2,"o que provoca doenças cardiovasculares",0,55,emergentes,Emergentes,"doenças cardiovasculares",t,"2026-04-13 08:43:21.329264+00",,autocomplete,"2026-04-13 08:43:21.329264+00"
5d99ad6f-6d5e-4148-84ff-6f45ef5f0684,"crise pânico sintomas",0,10,saude-mental,"Saúde Mental",pânico,t,"2026-04-13 08:39:31.045213+00",,autocomplete,"2026-04-13 08:39:31.045213+00"
5da76a8b-92c5-45fe-92fb-ac498a66b3df,"como tratar avc isquêmico",0,40,emergentes,Emergentes,avc,t,"2026-04-13 08:41:12.052215+00",,autocomplete,"2026-04-13 08:41:12.052215+00"
5daefe7c-cc2e-4161-9a9d-6248f0a2ede0,"o que é demência frontal",0,10,saude-mental,"Saúde Mental",demência,t,"2026-04-13 08:40:27.20613+00",,autocomplete,"2026-04-13 08:40:27.20613+00"
5dda665d-82b9-4c56-8fdb-7968177c90e0,"o que é lupus",0,10,emergentes,Emergentes,lúpus,t,"2026-04-13 08:42:25.267323+00",,autocomplete,"2026-04-13 08:42:25.267323+00"
5de984df-ff66-4e09-aa72-bb1b2be51457,"burnout tratamento afastamento",0,10,saude-mental,"Saúde Mental",burnout,t,"2026-04-13 08:38:34.941684+00",,autocomplete,"2026-04-13 08:38:34.941684+00"
5df5549d-8659-4c56-9d9a-2ebca01f6ea2,"como prevenir lúpus",0,10,emergentes,Emergentes,lúpus,t,"2026-04-13 08:42:25.267323+00",,autocomplete,"2026-04-13 08:42:25.267323+00"
5dff3f96-0635-4409-8274-38baaa35ec1c,"o que é candida auris",0,70,emergentes,Emergentes,"candida auris",t,"2026-04-13 08:42:30.835875+00",,autocomplete,"2026-04-13 08:42:30.835875+00"
5e0a9b47-c635-4259-ba8b-cb18a16df1c3,"como tratar sepsis grave",0,45,emergentes,Emergentes,sepsis,t,"2026-04-13 08:41:00.80186+00",,autocomplete,"2026-04-13 08:41:00.80186+00"
5e2665da-e538-42d3-95c0-a62c45e2f99c,"alzheimer tratamento nao farmacologico",0,10,saude-mental,"Saúde Mental",alzheimer,t,"2026-03-30 08:18:05.071522+00",,autocomplete,"2026-03-30 08:18:05.071522+00"
5e31f316-9a16-4d6a-a48a-64802c43c986,"causas de anemia em gatos",0,10,alimentacao,Alimentação,anemia,t,"2026-04-13 08:40:38.397737+00",,autocomplete,"2026-04-13 08:40:38.397737+00"
5e61adf7-b129-4a7e-b31f-ab95e7e00d5f,"anemia aplástica",9999,60,alimentacao,Alimentação,anemia,f,"2026-04-06 08:09:28.02802+00",,pytrends,"2026-04-06 08:09:28.02802+00"
5e78b856-9a2e-4422-bca6-a439f79f8db2,"o'que é pânico na floresta",0,10,saude-mental,"Saúde Mental",pânico,t,"2026-04-13 08:39:31.045213+00",,autocomplete,"2026-04-13 08:39:31.045213+00"
5e85c816-120f-45a0-92ff-0b117be18440,"endometriose sintomas tratamento",0,10,menopausa,Menopausa,endometriose,t,"2026-04-13 08:40:10.397854+00",,autocomplete,"2026-04-13 08:40:10.397854+00"
5e90b8c4-2f16-4e2e-883d-394bbcd8acb3,"o que é burnout emocional",0,10,saude-mental,"Saúde Mental",burnout,t,"2026-04-13 08:38:34.941684+00",,autocomplete,"2026-04-13 08:38:34.941684+00"
5ebe9879-8a1d-4739-bfb7-79f45b4a91a4,"benefícios do jejum intermitente",9999,92,alimentacao,Alimentação,"jejum intermitente",f,"2026-04-06 08:01:54.254993+00",,pytrends,"2026-04-06 08:01:54.254993+00"
5edf5503-5cb4-4c9c-8dc1-0d90bc5674bb,"o que e candida auris",9999,68,emergentes,Emergentes,"candida auris",t,"2026-04-13 08:33:16.338095+00",,pytrends,"2026-04-13 08:33:16.338095+00"
5f0720a6-3329-4083-b225-de491f3c8e4a,"o que causa suores noturnos",0,70,menopausa,Menopausa,"suores noturnos",t,"2026-04-13 08:37:44.379314+00",,autocomplete,"2026-04-13 08:37:44.379314+00"
5f1774fd-6438-49ef-952c-67c567553f77,"como prevenir demência senil",0,10,saude-mental,"Saúde Mental",demência,t,"2026-04-13 08:40:27.20613+00",,autocomplete,"2026-04-13 08:40:27.20613+00"
5f1d13d0-15f0-42b2-8ccb-57bc7d52ff6a,"tratamento para lúpus",0,10,emergentes,Emergentes,lúpus,t,"2026-04-13 08:42:25.267323+00",,autocomplete,"2026-04-13 08:42:25.267323+00"
5f1da97a-b2ce-4e9c-bdeb-582c2b511930,"sepsis causas",0,10,emergentes,Emergentes,sepsis,t,"2026-04-13 08:41:00.80186+00",,autocomplete,"2026-04-13 08:41:00.80186+00"
5f314fe3-9905-41fb-92c9-02840346fc88,"dementia vs alzheimer",3350,68,saude-mental,"Saúde Mental",alzheimer,f,"2026-04-06 08:14:12.553439+00",,pytrends,"2026-04-06 08:14:12.553439+00"
5f45bd9d-5825-4d5d-adf6-0c7c9e72f9ff,"sintomas de tdah em adultos como tratar",0,80,saude-mental,"Saúde Mental","TDAH adulto",t,"2026-04-13 08:39:53.572317+00",,autocomplete,"2026-04-13 08:39:53.572317+00"
5f488924-fe3e-4201-a060-25ed5f77e019,"tratamento para candidíase em gestante",0,10,menopausa,Menopausa,candidíase,t,"2026-04-13 08:40:43.957484+00",,autocomplete,"2026-04-13 08:40:43.957484+00"
5f80cdf4-72ae-4313-801d-cea5a93f514d,"alzheimer tratamento novo",0,10,saude-mental,"Saúde Mental",alzheimer,t,"2026-04-13 08:43:15.769569+00",,autocomplete,"2026-04-13 08:43:15.769569+00"
5fa16a4f-1f5f-4778-82d1-099e447e2d73,"como tratar avc em cachorro",0,45,emergentes,Emergentes,avc,t,"2026-04-13 08:41:12.052215+00",,autocomplete,"2026-04-13 08:41:12.052215+00"
5fa7816a-9851-4489-a38e-8534c000c513,"é normal ter incontinência urinária após histerectomia",0,10,menopausa,Menopausa,"incontinência urinária",t,"2026-04-13 08:42:42.043868+00",,autocomplete,"2026-04-13 08:42:42.043868+00"
5fc18d8f-4dc1-4d23-83a4-997c74d70861,"anemia macrocitica",9999,76,alimentacao,Alimentação,anemia,f,"2026-04-06 08:09:28.02802+00",,pytrends,"2026-04-06 08:09:28.02802+00"
5fd59bc4-6f5f-4227-bda5-44ddbd5bb68e,"é normal quem teve avc ter dor de cabeça",0,10,emergentes,Emergentes,avc,t,"2026-04-13 08:41:12.052215+00",,autocomplete,"2026-04-13 08:41:12.052215+00"
5fd90a79-6fe8-4213-9491-f6a70f6432de,"gabriel garcia marquez cem anos de solidão",9999,84,saude-mental,"Saúde Mental",solidão,f,"2026-03-28 00:09:47.571099+00",,pytrends,"2026-03-28 00:09:47.571099+00"
5ffd11e9-06e4-4bfc-9a2f-fb30ca661504,"sintomas de cancro da mama",0,100,menopausa,Menopausa,"cancro da mama",t,"2026-04-13 08:40:55.173287+00",,autocomplete,"2026-04-13 08:40:55.173287+00"
6011444e-52a5-4f31-82c7-dfef836825fe,"o que é jejum intermitente e para que serve",0,70,alimentacao,Alimentação,"jejum intermitente",t,"2026-04-13 08:36:37.089218+00",,autocomplete,"2026-04-13 08:36:37.089218+00"
60237194-d1f6-4ef0-a8a0-e402bc1f39b7,"como prevenir artrose e osteoporose",0,10,menopausa,Menopausa,osteoporose,t,"2026-04-13 08:36:53.898281+00",,autocomplete,"2026-04-13 08:36:53.898281+00"
60320489-51e4-489c-85f5-9d86afe5d33b,"como tratar ansiedade sem remédio",0,30,saude-mental,"Saúde Mental",ansiedade,t,"2026-04-13 08:38:40.522707+00",,autocomplete,"2026-04-13 08:38:40.522707+00"
603841a4-3e39-4c5a-ace0-8c52ebe76571,"sintomas de intolerância ao glúten como tratar",0,50,alimentacao,Alimentação,"intolerância ao glúten",t,"2026-04-13 08:37:05.051837+00",,autocomplete,"2026-04-13 08:37:05.051837+00"
604af780-4f56-4e2e-861c-b01cee6a4d03,"sintomas de avc silencioso",0,85,emergentes,Emergentes,avc,t,"2026-04-13 08:41:12.052215+00",,autocomplete,"2026-04-13 08:41:12.052215+00"
6057f84a-0d45-4a3e-b90d-2590f8d4a78d,"como tratar pre diabetes gestacional",0,40,alimentacao,Alimentação,pré-diabetes,t,"2026-04-13 08:42:08.372884+00",,autocomplete,"2026-04-13 08:42:08.372884+00"
605ececb-9305-445a-9539-83b2442ddb94,"dieta cetogenica para tratamento epilepsia",0,50,alimentacao,Alimentação,"dieta cetogénica",t,"2026-04-13 08:37:55.594739+00",,autocomplete,"2026-04-13 08:37:55.594739+00"
607ec3c4-f57f-4463-892e-d7bf81ba1bb0,"endometriose causas e consequencias",0,10,menopausa,Menopausa,endometriose,t,"2026-04-13 08:40:10.397854+00",,autocomplete,"2026-04-13 08:40:10.397854+00"
60b1b58b-7282-4208-967b-9c11bda40390,"como tratar candidíase na menstruação",0,30,menopausa,Menopausa,candidíase,t,"2026-04-13 08:40:43.957484+00",,autocomplete,"2026-04-13 08:40:43.957484+00"
60d97dc7-8e72-4be3-97b2-0642498e4f58,"o que é burnout doença",0,10,saude-mental,"Saúde Mental",burnout,t,"2026-04-13 08:38:34.941684+00",,autocomplete,"2026-04-13 08:38:34.941684+00"
60e3da0e-6b67-4d26-9ae7-8b4f0da7da78,"causas de ansiedade em adolescentes",0,10,saude-mental,"Saúde Mental",ansiedade,t,"2026-04-13 08:38:40.522707+00",,autocomplete,"2026-04-13 08:38:40.522707+00"
611b8ca2-b8a7-4314-9a5f-6d8a29a87083,"tratamento para depressão com cetamina",0,10,saude-mental,"Saúde Mental",depressão,t,"2026-04-13 08:38:46.093196+00",,autocomplete,"2026-04-13 08:38:46.093196+00"
612c2c17-a8a2-4f4f-8e5f-e4814729e030,"causas de anemia em idosos",0,10,alimentacao,Alimentação,anemia,t,"2026-04-13 08:40:38.397737+00",,autocomplete,"2026-04-13 08:40:38.397737+00"
613851e1-383c-43bb-bde6-4a1a0c1803af,"burnout sintomas tem cura",0,10,saude-mental,"Saúde Mental",burnout,t,"2026-04-13 08:38:34.941684+00",,autocomplete,"2026-04-13 08:38:34.941684+00"
6142e5a6-9c13-43d2-a216-a3f0dfd0c71d,"é normal ter enxaqueca por 3 dias",0,10,saude-mental,"Saúde Mental",enxaqueca,t,"2026-04-13 08:43:55.008487+00",,autocomplete,"2026-04-13 08:43:55.008487+00"
614c81c3-7ff6-468a-844d-b23112a670bf,"é normal ter depressão na tpm",0,10,saude-mental,"Saúde Mental",depressão,t,"2026-04-13 08:38:46.093196+00",,autocomplete,"2026-04-13 08:38:46.093196+00"
61615993-d32a-4337-9787-86aab46dc7df,"tratamento para síndrome de intestino irritável",0,10,alimentacao,Alimentação,"síndrome de intestino irritável",t,"2026-04-13 08:40:49.538553+00",,autocomplete,"2026-04-13 08:40:49.538553+00"
6163e2a3-d30f-43e9-800d-a4346188cbcd,"o que é doença celíaca e doença de crohn",0,15,alimentacao,Alimentação,"doença celíaca",t,"2026-04-13 08:43:38.203977+00",,autocomplete,"2026-04-13 08:43:38.203977+00"
6187201d-5d4f-41a1-acaf-ecc88082d651,"síndrome do intestino irritável causas e sintomas",0,10,alimentacao,Alimentação,"síndrome de intestino irritável",t,"2026-04-13 08:40:49.538553+00",,autocomplete,"2026-04-13 08:40:49.538553+00"
61890f80-ce74-4124-92fd-61cffc32cb58,"resistencia a los antibioticos sintomas",0,50,emergentes,Emergentes,"resistência antibióticos",t,"2026-04-13 08:42:19.657825+00",,autocomplete,"2026-04-13 08:42:19.657825+00"
618ea012-418c-4fb6-9219-e951bbc7296a,"o que é obesidade morbida infantil",0,55,alimentacao,Alimentação,"obesidade infantil",t,"2026-04-13 08:36:59.449865+00",,autocomplete,"2026-04-13 08:36:59.449865+00"
619c5b22-6496-4e22-96a1-228d1a03ebf8,"primeiros dias de jejum intermitente sintomas",0,20,alimentacao,Alimentação,"jejum intermitente",t,"2026-04-13 08:36:37.089218+00",,autocomplete,"2026-04-13 08:36:37.089218+00"
61b3b993-a3c6-400d-87a0-8707a4751b8e,"tdah adulto causas",0,10,saude-mental,"Saúde Mental","TDAH adulto",t,"2026-04-13 08:39:53.572317+00",,autocomplete,"2026-04-13 08:39:53.572317+00"
61be6624-0103-4abf-bb36-8a70c56c6b58,"lupus sintomas em criança",0,10,emergentes,Emergentes,lúpus,t,"2026-04-13 08:42:25.267323+00",,autocomplete,"2026-04-13 08:42:25.267323+00"
61c373ab-d8ba-4160-94bd-6b3cfd0f3e70,"como tratar o alcoolismo na adolescência",0,25,saude-mental,"Saúde Mental",alcoolismo,t,"2026-04-13 08:43:49.404375+00",,autocomplete,"2026-04-13 08:43:49.404375+00"
61c4ae4f-dca6-4a6b-a18b-9cfa7a8c33fb,"o que é insônia fatal",0,10,saude-mental,"Saúde Mental",insónia,t,"2026-04-13 08:39:19.763922+00",,autocomplete,"2026-04-13 08:39:19.763922+00"
61c7f6ff-142b-4f96-8066-3ec74b84e651,"o que é lupus eritematoso",0,10,emergentes,Emergentes,lúpus,t,"2026-04-13 08:42:25.267323+00",,autocomplete,"2026-04-13 08:42:25.267323+00"
61ead0b5-5176-4419-9743-6a921db88878,"tratamento para obesidade infantil",0,20,alimentacao,Alimentação,"obesidade infantil",t,"2026-04-13 08:36:59.449865+00",,autocomplete,"2026-04-13 08:36:59.449865+00"
61f21a69-5577-4734-a67a-3412dcd7db5a,"como tratar síndrome do pânico",0,25,saude-mental,"Saúde Mental",pânico,t,"2026-04-13 08:39:31.045213+00",,autocomplete,"2026-04-13 08:39:31.045213+00"
62239c82-9319-4f33-aa73-99fbeabccf76,"como prevenir o suicídio resumo",0,10,saude-mental,"Saúde Mental",suicídio,t,"2026-04-13 08:42:36.442374+00",,autocomplete,"2026-04-13 08:42:36.442374+00"
622eb070-3ce0-4534-be80-85933cdc7679,"incontinencia urinaria causas neurologicas",0,10,menopausa,Menopausa,"incontinência urinária",t,"2026-04-13 08:42:42.043868+00",,autocomplete,"2026-04-13 08:42:42.043868+00"
62300ace-3371-4d4a-a34f-e6d2cc0e44e2,"alimentos bons para anemia",9999,84,alimentacao,Alimentação,anemia,f,"2026-04-06 08:09:28.02802+00",,pytrends,"2026-04-06 08:09:28.02802+00"
6236b4b6-2666-4564-9127-42280f84018c,"tratamento enxaqueca",50,12,saude-mental,"Saúde Mental",enxaqueca,t,"2026-04-13 08:36:05.931314+00",,pytrends,"2026-04-13 08:36:05.931314+00"
6240050f-0d70-48e1-bcb4-338a491c61ba,"sintomas de pré-diabetes tipo 1",0,80,alimentacao,Alimentação,pré-diabetes,t,"2026-04-13 08:42:08.372884+00",,autocomplete,"2026-04-13 08:42:08.372884+00"
62603ca4-9669-4bba-8d42-d647b31bfc0e,"alzheimer causas emocionais",0,10,saude-mental,"Saúde Mental",alzheimer,t,"2026-04-13 08:43:15.769569+00",,autocomplete,"2026-04-13 08:43:15.769569+00"
62692b13-a61e-4dd7-b76e-bd72983d9a81,"burnout tratamento sus",0,10,saude-mental,"Saúde Mental",burnout,t,"2026-03-30 08:14:24.109111+00",,autocomplete,"2026-03-30 08:14:24.109111+00"
627af8d0-7517-4f9b-9d20-92b10b3dc8dc,"como prevenir refluxo gastroesofágico",0,10,alimentacao,Alimentação,"refluxo gastroesofágico",t,"2026-04-13 08:40:32.807623+00",,autocomplete,"2026-04-13 08:40:32.807623+00"
62837a5b-d83e-4145-8af2-5f50d459e6c3,"candidíase masculina",50,10,menopausa,Menopausa,candidíase,f,"2026-04-06 08:09:49.492291+00",,pytrends,"2026-04-06 08:09:49.492291+00"
628d335a-4ffc-4ca9-9016-304192b5a254,"intolerância à lactose infantil sintomas",0,10,alimentacao,Alimentação,"intolerância à lactose",t,"2026-04-13 08:43:43.801483+00",,autocomplete,"2026-04-13 08:43:43.801483+00"
628f182f-7d31-40e2-8eab-8350f713dadb,"cancro da mama homem",250,100,menopausa,Menopausa,"cancro da mama",f,"2026-03-30 08:10:25.831334+00",,pytrends,"2026-03-30 08:10:25.831334+00"
629ba71a-c6d9-4a42-8263-b5292802ca78,"síndrome do intestino irritável tratamento fitoterápico",0,10,alimentacao,Alimentação,"síndrome de intestino irritável",t,"2026-04-13 08:40:49.538553+00",,autocomplete,"2026-04-13 08:40:49.538553+00"
62a7b48b-2723-408e-bad6-235f3fdfd20b,"como tratar endometriose sem cirurgia",0,25,menopausa,Menopausa,endometriose,t,"2026-04-13 08:40:10.397854+00",,autocomplete,"2026-04-13 08:40:10.397854+00"
62d1f524-e837-43c7-94a3-796a22408ccc,"como prevenir candida auris",0,15,emergentes,Emergentes,"candida auris",t,"2026-04-13 08:42:30.835875+00",,autocomplete,"2026-04-13 08:42:30.835875+00"
62dd6af6-d490-4a04-a61e-9fc92ddc78bb,"vírus nipah na índia sintomas",9999,84,emergentes,Emergentes,"vírus nipah",f,"2026-04-06 08:04:53.258203+00",,pytrends,"2026-04-06 08:04:53.258203+00"
63063bd5-54ff-4c6f-a9cc-f90ae66a207c,"pré-diabetes sintomas como tratar",0,10,alimentacao,Alimentação,pré-diabetes,t,"2026-04-13 08:42:08.372884+00",,autocomplete,"2026-04-13 08:42:08.372884+00"
6309534c-4359-42a9-ace4-c55ae68bc8a5,"long covid tratamento",0,65,emergentes,Emergentes,"long covid",t,"2026-04-13 08:38:06.844002+00",,autocomplete,"2026-04-13 08:38:06.844002+00"
631f6efc-c9fe-4801-b2b2-4a995434501a,"o cancro da mama doi",0,20,menopausa,Menopausa,"cancro da mama",t,"2026-04-13 08:40:55.173287+00",,autocomplete,"2026-04-13 08:40:55.173287+00"
633cd017-17ab-4e14-a17b-6e04e1d9361a,"tratamento para virus nipah",0,10,emergentes,Emergentes,"vírus nipah",t,"2026-04-13 08:38:12.456348+00",,autocomplete,"2026-04-13 08:38:12.456348+00"
634603da-dd9c-4c78-9981-a7ae2173210c,"o que é solidão e solitude",0,65,saude-mental,"Saúde Mental",solidão,t,"2026-04-13 08:38:51.66098+00",,autocomplete,"2026-04-13 08:38:51.66098+00"
634bb7f8-3d8a-4e5f-a728-a3e17b715fa6,"tratamento para anemia aplástica",0,10,alimentacao,Alimentação,anemia,t,"2026-04-13 08:40:38.397737+00",,autocomplete,"2026-04-13 08:40:38.397737+00"
63549022-bda9-4360-85fe-c44430d4946e,"causas de resistencia a antibióticos",0,75,emergentes,Emergentes,"resistência antibióticos",t,"2026-04-13 08:42:19.657825+00",,autocomplete,"2026-04-13 08:42:19.657825+00"
635ac883-5c42-4313-af07-2294785c1850,"alcoolismo causas",0,10,saude-mental,"Saúde Mental",alcoolismo,t,"2026-04-13 08:43:49.404375+00",,autocomplete,"2026-04-13 08:43:49.404375+00"
63830f3d-9bb4-4d20-bf79-dee2099e5134,"o que é depressão pós parto",0,10,saude-mental,"Saúde Mental",depressão,t,"2026-04-13 08:38:46.093196+00",,autocomplete,"2026-04-13 08:38:46.093196+00"
63b720a6-892e-4adb-ab0c-848911325bf7,"insônia sintomas e causas",0,10,saude-mental,"Saúde Mental",insónia,t,"2026-04-13 08:39:19.763922+00",,autocomplete,"2026-04-13 08:39:19.763922+00"
63bd6438-4253-4422-a17a-91d42fc6fb15,"causas de colesterol altos",0,10,alimentacao,Alimentação,"colesterol alto",t,"2026-04-13 08:40:04.811683+00",,autocomplete,"2026-04-13 08:40:04.811683+00"
63d16bdf-2b1c-41c0-ac55-b7012f9e7447,"causas de enxaqueca recorrente",0,10,saude-mental,"Saúde Mental",enxaqueca,t,"2026-04-13 08:43:55.008487+00",,autocomplete,"2026-04-13 08:43:55.008487+00"
63dba3a6-cb1f-433d-9469-61769aee111f,"colesterol alto sintomas o que pode causar",0,10,alimentacao,Alimentação,"colesterol alto",t,"2026-04-13 08:40:04.811683+00",,autocomplete,"2026-04-13 08:40:04.811683+00"
63ee3e5a-a369-4fb0-85e4-133b61ea91c8,"lúpus causas",0,10,emergentes,Emergentes,lúpus,t,"2026-04-13 08:42:25.267323+00",,autocomplete,"2026-04-13 08:42:25.267323+00"
63f453d1-b99f-4109-8411-bd88aac0561d,"burnout causas e sintomas",0,10,saude-mental,"Saúde Mental",burnout,t,"2026-04-13 08:38:34.941684+00",,autocomplete,"2026-04-13 08:38:34.941684+00"
6411e5f0-187f-4f68-a97a-52ba056c6484,"óvulo para candidíase dose única",9999,60,menopausa,Menopausa,candidíase,f,"2026-03-30 08:10:15.11518+00",,pytrends,"2026-03-30 08:10:15.11518+00"
64221c95-e794-4bbf-82dc-930fedab37aa,"sintomas de resistencia a antibioticos",0,100,emergentes,Emergentes,"resistência antibióticos",t,"2026-04-13 08:42:19.657825+00",,autocomplete,"2026-04-13 08:42:19.657825+00"
6423d59d-46ab-47ed-a783-9f7f349cb76f,"quem tem endometriose pode engravidar",9999,100,menopausa,Menopausa,endometriose,f,"2026-03-30 08:09:08.445079+00",,pytrends,"2026-03-30 08:09:08.445079+00"
6455771b-8cb9-4ccf-913e-c15376274912,"lupus tratamento e prevenção",0,10,emergentes,Emergentes,lúpus,t,"2026-04-13 08:42:25.267323+00",,autocomplete,"2026-04-13 08:42:25.267323+00"
64562ef9-d058-4b3b-a2c9-dce7ce9ff063,"o que é colesterol alto pode causar",0,10,alimentacao,Alimentação,"colesterol alto",t,"2026-04-13 08:40:04.811683+00",,autocomplete,"2026-04-13 08:40:04.811683+00"
647d973a-d5b9-4eda-979c-d879d9f51a97,"lúpus sintomas iniciais",0,10,emergentes,Emergentes,lúpus,t,"2026-04-13 08:42:25.267323+00",,autocomplete,"2026-04-13 08:42:25.267323+00"
64918448-335c-48e0-bf44-8caa42604e85,"tratamento para sintomas menopausa",0,55,menopausa,Menopausa,"menopausa sintomas",t,"2026-04-13 08:37:16.281981+00",,autocomplete,"2026-04-13 08:37:16.281981+00"
6498f559-725f-437e-adb9-946fb5e4d23f,"como prevenir candidiase na gravidez",0,10,menopausa,Menopausa,candidíase,t,"2026-04-13 08:40:43.957484+00",,autocomplete,"2026-04-13 08:40:43.957484+00"
649b04e1-d0d6-42bc-bbe6-22762c83556a,"sintomas diabetes suores noturnos",0,90,menopausa,Menopausa,"suores noturnos",t,"2026-04-13 08:37:44.379314+00",,autocomplete,"2026-04-13 08:37:44.379314+00"
64a03f3b-b8b3-4ac9-94ab-a4491e62248c,"depressão causas conseqüências e tratamento izaias claro pdf",0,10,saude-mental,"Saúde Mental",depressão,t,"2026-04-13 08:38:46.093196+00",,autocomplete,"2026-04-13 08:38:46.093196+00"
6512862a-7c9e-4da3-92d9-304648405ccc,"novo tratamento para diabetes tipo 2 é aprovado pela anvisa",0,10,alimentacao,Alimentação,"diabetes tipo 2",t,"2026-04-13 08:42:47.656406+00",,autocomplete,"2026-04-13 08:42:47.656406+00"
65395750-e04d-4ecf-9c6d-781d47bc396e,"anemia ferropriva causas",2350,44,alimentacao,Alimentação,anemia,f,"2026-04-13 08:29:36.237329+00",,pytrends,"2026-04-13 08:29:36.237329+00"
653b9c2e-b4a9-4e15-b746-35e6cd979378,"causas do avc",9999,84,emergentes,Emergentes,avc,t,"2026-03-23 07:36:16.113687+00",,pytrends,"2026-03-27 18:34:47.925931+00"
653e1765-3c70-4f2f-b689-937d96110487,"causas de osteoporose precoce",0,10,menopausa,Menopausa,osteoporose,t,"2026-04-13 08:36:53.898281+00",,autocomplete,"2026-04-13 08:36:53.898281+00"
653efaec-fccc-4a7b-90cb-501fe75ead78,"sintomas de pre diabetes em mulher",0,60,alimentacao,Alimentação,pré-diabetes,t,"2026-04-13 08:42:08.372884+00",,autocomplete,"2026-04-13 08:42:08.372884+00"
6572a677-bdbe-4f1d-97c0-9666c27cd7b2,"anemia tratamento alimentos",0,10,alimentacao,Alimentação,anemia,t,"2026-04-13 08:40:38.397737+00",,autocomplete,"2026-04-13 08:40:38.397737+00"
657c1bcd-11bc-4564-be6a-c391279dd4be,"avc sintomas fotos",0,10,emergentes,Emergentes,avc,t,"2026-04-13 08:41:12.052215+00",,autocomplete,"2026-04-13 08:41:12.052215+00"
65820866-7df8-4e57-9aa1-0784765923ed,"o que é insônia refratária",0,10,saude-mental,"Saúde Mental",insónia,t,"2026-04-13 08:39:19.763922+00",,autocomplete,"2026-04-13 08:39:19.763922+00"
6588070a-148f-45b1-9ab7-79a14889178d,"o que é osteoporose na coluna lombar",0,10,menopausa,Menopausa,osteoporose,t,"2026-04-13 08:36:53.898281+00",,autocomplete,"2026-04-13 08:36:53.898281+00"
65946a2e-3cfa-4bbd-b19e-ad2972de41be,"o que é stress cronico",0,15,saude-mental,"Saúde Mental",stress,t,"2026-04-13 08:40:21.587655+00",,autocomplete,"2026-04-13 08:40:21.587655+00"
65cf7252-9438-43e6-9d55-606f05b1b0a4,"como tratar demencia precoce",0,10,saude-mental,"Saúde Mental",demência,t,"2026-04-13 08:40:27.20613+00",,autocomplete,"2026-04-13 08:40:27.20613+00"
65dc2c08-c0c1-42ca-ab5a-a3e7008c01b1,"é normal criança ter avc",0,10,emergentes,Emergentes,avc,t,"2026-04-13 08:41:12.052215+00",,autocomplete,"2026-04-13 08:41:12.052215+00"
65e5d90b-3d6e-48e0-9fb2-0d82fb8067a5,"sintomas de candida auris",0,100,emergentes,Emergentes,"candida auris",t,"2026-04-13 08:42:30.835875+00",,autocomplete,"2026-04-13 08:42:30.835875+00"
66190068-e65a-4f3e-bcb7-44b5bb42f15b,"síndrome do intestino irritavel sintomas em intolerancia a lactose",0,10,alimentacao,Alimentação,"síndrome de intestino irritável",t,"2026-04-13 08:40:49.538553+00",,autocomplete,"2026-04-13 08:40:49.538553+00"
662ca31e-459a-4646-9ea2-1c96779da2a6,"estresse sintomas na pele",0,10,saude-mental,"Saúde Mental",stress,t,"2026-04-13 08:40:21.587655+00",,autocomplete,"2026-04-13 08:40:21.587655+00"
662fabb9-2fc0-41f0-8866-0da1daf56b5e,"o que pode causar suores noturnos",0,55,menopausa,Menopausa,"suores noturnos",t,"2026-04-13 08:37:44.379314+00",,autocomplete,"2026-04-13 08:37:44.379314+00"
666f6e99-951b-4f03-aade-77deeeda826f,"sintomas de burnout no corpo",0,70,saude-mental,"Saúde Mental",burnout,t,"2026-03-30 08:14:24.109111+00",,autocomplete,"2026-03-30 08:14:24.109111+00"
667dd8b9-2876-477c-b706-c86163e74ad1,"tratamento para alzheimer avançado",0,10,saude-mental,"Saúde Mental",alzheimer,t,"2026-04-13 08:43:15.769569+00",,autocomplete,"2026-04-13 08:43:15.769569+00"
66800400-305a-43e5-83ed-9b666bb8138c,"tratamento para demência frontotemporal",0,10,saude-mental,"Saúde Mental",demência,t,"2026-04-13 08:40:27.20613+00",,autocomplete,"2026-04-13 08:40:27.20613+00"
668eff32-219f-44fd-b5bb-2e890d9fee3c,"depressao causas biologicas",0,10,saude-mental,"Saúde Mental",depressão,t,"2026-04-13 08:38:46.093196+00",,autocomplete,"2026-04-13 08:38:46.093196+00"
66b58773-5c72-41a9-803b-27de571fee87,"endometriose tratamento hormonal",0,10,menopausa,Menopausa,endometriose,t,"2026-04-13 08:40:10.397854+00",,autocomplete,"2026-04-13 08:40:10.397854+00"
66bb89ba-7be6-4bd2-aa42-e9b4327082f7,"causas de sepsis abdominal",0,10,emergentes,Emergentes,sepsis,t,"2026-04-13 08:41:00.80186+00",,autocomplete,"2026-04-13 08:41:00.80186+00"
66bdd95a-358a-4435-9790-34dfbc09f4f0,"causas demencia reversivel",0,10,saude-mental,"Saúde Mental",demência,t,"2026-04-13 08:40:27.20613+00",,autocomplete,"2026-04-13 08:40:27.20613+00"
66cf551e-b3dd-4a1c-bbe3-d36521ab989a,"alcoolismo sintomas de abstinência",0,10,saude-mental,"Saúde Mental",alcoolismo,t,"2026-04-13 08:43:49.404375+00",,autocomplete,"2026-04-13 08:43:49.404375+00"
66e358e7-833c-491a-8b0b-f3e9b5577b6c,"causas de lupus like",0,10,emergentes,Emergentes,lúpus,t,"2026-04-13 08:42:25.267323+00",,autocomplete,"2026-04-13 08:42:25.267323+00"
66e42c91-1ff4-4ec7-a1dd-f6d2f93d6e4b,"insônia crônica sintomas",0,10,saude-mental,"Saúde Mental",insónia,t,"2026-04-13 08:39:19.763922+00",,autocomplete,"2026-04-13 08:39:19.763922+00"
66ee27fa-5fa1-4db2-a0c2-3c16389fe428,"cancro da mama inflamatório sintomas",0,10,menopausa,Menopausa,"cancro da mama",t,"2026-04-13 08:40:55.173287+00",,autocomplete,"2026-04-13 08:40:55.173287+00"
670630f4-e0a1-465a-a40e-609c75783263,"o que é considerado pré diabetes",0,10,alimentacao,Alimentação,pré-diabetes,t,"2026-04-13 08:42:08.372884+00",,autocomplete,"2026-04-13 08:42:08.372884+00"
67192310-c9bc-4175-9f28-f755e110f5f1,"o que é depressão funcional",0,10,saude-mental,"Saúde Mental",depressão,t,"2026-04-13 08:38:46.093196+00",,autocomplete,"2026-04-13 08:38:46.093196+00"
671e176a-6efd-4491-a34b-bfc61dd3a93e,"lancem sobre ele toda a sua ansiedade porque ele tem cuidado de vocês",750,12,saude-mental,"Saúde Mental",ansiedade,f,"2026-03-28 00:08:45.453336+00",,pytrends,"2026-03-28 00:08:45.453336+00"
671f0cb3-e2a7-4fd5-851d-125b9ecba40c,"causas de avc isquemico em jovens",0,10,emergentes,Emergentes,avc,t,"2026-04-13 08:41:12.052215+00",,autocomplete,"2026-04-13 08:41:12.052215+00"
673f09a3-9007-40b1-a1b8-92c014d6b55c,"demência sintomas e tratamento",0,10,saude-mental,"Saúde Mental",demência,t,"2026-04-13 08:40:27.20613+00",,autocomplete,"2026-04-13 08:40:27.20613+00"
67586661-ee7c-459c-90b0-fb8f1b8ab9a6,"infecção candida auris sintomas",0,10,emergentes,Emergentes,"candida auris",t,"2026-04-13 08:42:30.835875+00",,autocomplete,"2026-04-13 08:42:30.835875+00"
67909c1e-1be5-4b69-b4dd-dcc5e6d863f9,"sintomas de menopausa precoce 42 anos",0,75,menopausa,Menopausa,"menopausa precoce",t,"2026-04-13 08:37:50.002306+00",,autocomplete,"2026-04-13 08:37:50.002306+00"
679a2a5f-8689-4710-bfbe-007553a119d6,"candidíase tratamento para o casal",0,10,menopausa,Menopausa,candidíase,t,"2026-04-13 08:40:43.957484+00",,autocomplete,"2026-04-13 08:40:43.957484+00"
67c07491-36bb-497b-b2ab-cb28f7b1fd55,"virus nipah tem tratamento",0,10,emergentes,Emergentes,"vírus nipah",t,"2026-04-13 08:38:12.456348+00",,autocomplete,"2026-04-13 08:38:12.456348+00"
67ca8f48-20ad-4da8-988c-5961e6c6576d,"o que são competências socioemocionais e quais são elas",0,60,saude-mental,"Saúde Mental","competências socioemocionais",t,"2026-04-13 08:41:28.934623+00",,autocomplete,"2026-04-13 08:41:28.934623+00"
67d45d6a-ddf3-4439-9229-cd98791f49da,"não é loucura é ansiedade",9999,76,saude-mental,"Saúde Mental",ansiedade,f,"2026-03-28 00:08:45.453336+00",,pytrends,"2026-03-28 00:08:45.453336+00"
67ddd674-712d-4d57-958e-b83e3b637663,"incontinência urinária mista sintomas",0,10,menopausa,Menopausa,"incontinência urinária",t,"2026-04-13 08:42:42.043868+00",,autocomplete,"2026-04-13 08:42:42.043868+00"
67ded8b7-a20b-4b55-88ca-5e6f62d7eb96,"o que é dependências físicas",0,100,saude-mental,"Saúde Mental",dependências,t,"2026-04-13 08:41:06.439839+00",,autocomplete,"2026-04-13 08:41:06.439839+00"
67f3c4a2-fad2-4c65-93b2-7fdf6f696090,"demência vascular causas",0,10,saude-mental,"Saúde Mental",demência,t,"2026-04-13 08:40:27.20613+00",,autocomplete,"2026-04-13 08:40:27.20613+00"
67f95779-a0e9-45ab-be7a-6626d8f47678,"suicídio causas",0,10,saude-mental,"Saúde Mental",suicídio,t,"2026-04-13 08:42:36.442374+00",,autocomplete,"2026-04-13 08:42:36.442374+00"
6802d186-151e-49f7-83c9-41b1830e978e,"candidíase sintomas feminina",0,10,menopausa,Menopausa,candidíase,t,"2026-04-13 08:40:43.957484+00",,autocomplete,"2026-04-13 08:40:43.957484+00"
6808a262-855f-4df3-a426-bb6564a295a5,"tratamento demencia frontotemporal",0,10,saude-mental,"Saúde Mental",demência,t,"2026-04-13 08:40:27.20613+00",,autocomplete,"2026-04-13 08:40:27.20613+00"
680961ff-4f80-46ff-8051-9be41556851d,"síndrome de ovario policístico causas",0,75,menopausa,Menopausa,"síndrome do ovário poliquístico",t,"2026-04-13 08:43:26.930582+00",,autocomplete,"2026-04-13 08:43:26.930582+00"
680a0515-77d7-454b-a996-0469023d16c3,"diabetes tipo 2 causas sintomas y tratamiento",0,10,alimentacao,Alimentação,"diabetes tipo 2",t,"2026-04-13 08:42:47.656406+00",,autocomplete,"2026-04-13 08:42:47.656406+00"
6810c21e-198d-4d30-b011-ad27974d259f,"o que é obesidade infantil pode causar",0,65,alimentacao,Alimentação,"obesidade infantil",t,"2026-04-13 08:36:59.449865+00",,autocomplete,"2026-04-13 08:36:59.449865+00"
68138d54-7446-4605-84de-3b1ba0dffe21,"alzheimer causas espirituais",0,10,saude-mental,"Saúde Mental",alzheimer,t,"2026-04-13 08:43:15.769569+00",,autocomplete,"2026-04-13 08:43:15.769569+00"
68438808-a744-4ae7-b70a-60949dfbcbcc,"sintomas de demência em idosos",0,95,saude-mental,"Saúde Mental",demência,t,"2026-04-13 08:40:27.20613+00",,autocomplete,"2026-04-13 08:40:27.20613+00"
68646f59-fdb5-4a22-86e3-74b9a1560c98,"intolerancia a lactose tratamento medicamentoso",0,10,alimentacao,Alimentação,"intolerância à lactose",t,"2026-04-13 08:43:43.801483+00",,autocomplete,"2026-04-13 08:43:43.801483+00"
68793140-5984-455c-b1ee-f16ffa7cce9e,"como prevenir alzheimer",0,10,saude-mental,"Saúde Mental",alzheimer,t,"2026-04-13 08:43:15.769569+00",,autocomplete,"2026-04-13 08:43:15.769569+00"
6898a56c-3fa7-4b23-b0ee-b413d8257b48,"é normal ter ansiedade na tpm",0,10,saude-mental,"Saúde Mental",ansiedade,t,"2026-04-13 08:38:40.522707+00",,autocomplete,"2026-04-13 08:38:40.522707+00"
6898eb3d-84f5-4270-b0b6-7fa0e6584fbe,"o que é osteoporose tem cura",0,10,menopausa,Menopausa,osteoporose,t,"2026-04-13 08:36:53.898281+00",,autocomplete,"2026-04-13 08:36:53.898281+00"
689e117c-36e1-4229-a85f-8fcac0354c8e,"o que é stresses",0,10,saude-mental,"Saúde Mental",stress,t,"2026-04-13 08:40:21.587655+00",,autocomplete,"2026-04-13 08:40:21.587655+00"
68a3fad2-4e60-47de-a542-0722135cf332,"como tratar os sintomas da menopausa naturalmente",0,90,menopausa,Menopausa,"menopausa sintomas",t,"2026-04-13 08:37:16.281981+00",,autocomplete,"2026-04-13 08:37:16.281981+00"
68c770cc-6d95-47eb-9ce0-5542a0950521,"quais sintomas de cancro da mama",0,60,menopausa,Menopausa,"cancro da mama",t,"2026-04-13 08:40:55.173287+00",,autocomplete,"2026-04-13 08:40:55.173287+00"
68c93943-4a6a-4e04-9024-18e6e3624410,"causas de diabetes tipo 2 en jovenes",0,10,alimentacao,Alimentação,"diabetes tipo 2",t,"2026-04-13 08:42:47.656406+00",,autocomplete,"2026-04-13 08:42:47.656406+00"
68db0e72-b633-47d7-84de-a6df5d439131,"obesidade infantil prevenção e tratamento",0,10,alimentacao,Alimentação,"obesidade infantil",t,"2026-04-13 08:36:59.449865+00",,autocomplete,"2026-04-13 08:36:59.449865+00"
693aa35e-59e2-4aab-ac74-1716e9e373bf,"como prevenir sepsis neonatal",0,10,emergentes,Emergentes,sepsis,t,"2026-04-13 08:41:00.80186+00",,autocomplete,"2026-04-13 08:41:00.80186+00"
699a45f2-82e3-4711-8cdf-c541bfd5dfc3,"como prevenir sintomas da menopausa",0,45,menopausa,Menopausa,"menopausa sintomas",t,"2026-04-13 08:37:16.281981+00",,autocomplete,"2026-04-13 08:37:16.281981+00"
69a68b62-ebb4-461c-b0f3-7fc676977ba6,"como tratar avc na fisioterapia",0,10,emergentes,Emergentes,avc,t,"2026-04-13 08:41:12.052215+00",,autocomplete,"2026-04-13 08:41:12.052215+00"
69bd4839-f6e3-4fc8-b352-9808d350092c,"o que é insônia não orgânica",0,10,saude-mental,"Saúde Mental",insónia,t,"2026-04-13 08:39:19.763922+00",,autocomplete,"2026-04-13 08:39:19.763922+00"
69bedfb1-d83d-4621-b7bd-7552f568a1c6,"sintomas de tdah leve em adultos",0,60,saude-mental,"Saúde Mental","TDAH adulto",t,"2026-04-13 08:39:53.572317+00",,autocomplete,"2026-04-13 08:39:53.572317+00"
69d7a4c6-f1d4-46b9-b6cb-82d876256cf6,"100 stress massamá",1300,84,saude-mental,"Saúde Mental",stress,f,"2026-04-06 08:08:56.141499+00",,pytrends,"2026-04-06 08:08:56.141499+00"
69dc06b0-9345-4f9d-89a7-575c7050f833,"causas de incontinência urinária em crianças",0,10,menopausa,Menopausa,"incontinência urinária",t,"2026-04-13 08:42:42.043868+00",,autocomplete,"2026-04-13 08:42:42.043868+00"
69e33a4d-197b-42fc-aaf9-bb21ea33ee1a,"sintomas tdah adulto desatento",0,65,saude-mental,"Saúde Mental","TDAH adulto",t,"2026-04-13 08:39:53.572317+00",,autocomplete,"2026-04-13 08:39:53.572317+00"
69f6b02e-ba45-46f6-b0ca-550e1c158dd6,"como tratar suores noturnos",0,80,menopausa,Menopausa,"suores noturnos",t,"2026-04-13 08:37:44.379314+00",,autocomplete,"2026-04-13 08:37:44.379314+00"
69fa74d1-b37e-4b6e-822e-54d6496030a5,"sintomas de intolerância a lactose leve",0,75,alimentacao,Alimentação,"intolerância à lactose",t,"2026-04-13 08:43:43.801483+00",,autocomplete,"2026-04-13 08:43:43.801483+00"
6a073543-1df1-499b-9688-3b46504c0334,"pânico sintomas",0,10,saude-mental,"Saúde Mental",pânico,t,"2026-04-13 08:39:31.045213+00",,autocomplete,"2026-04-13 08:39:31.045213+00"
6a10cda9-0271-4949-b583-f5d19dd82f03,"o que é bom para menopausa precoce",0,15,menopausa,Menopausa,"menopausa precoce",t,"2026-04-13 08:37:50.002306+00",,autocomplete,"2026-04-13 08:37:50.002306+00"
6a207c28-9d3a-43d2-8b97-a6a0ae743a73,"causas de osteoporose",0,10,menopausa,Menopausa,osteoporose,t,"2026-04-13 08:36:53.898281+00",,autocomplete,"2026-04-13 08:36:53.898281+00"
6a22deb1-8b06-4c7c-9f40-d0116461fef0,"endometriose tratamento cirúrgico",0,10,menopausa,Menopausa,endometriose,t,"2026-04-13 08:40:10.397854+00",,autocomplete,"2026-04-13 08:40:10.397854+00"
6a260f1c-5349-4e73-9cd9-e00aa22cf505,"o que é enxaqueca tensional",0,10,saude-mental,"Saúde Mental",enxaqueca,t,"2026-04-13 08:43:55.008487+00",,autocomplete,"2026-04-13 08:43:55.008487+00"
6a579c71-9e9f-411f-ada0-e12a05d31472,"sintomas de burnout autista",0,60,saude-mental,"Saúde Mental",burnout,t,"2026-04-13 08:38:34.941684+00",,autocomplete,"2026-04-13 08:38:34.941684+00"
6a6acd33-d44a-4c17-b4c8-ae414fb79bef,"ansiedade sintomas psicológicos",0,10,saude-mental,"Saúde Mental",ansiedade,t,"2026-04-13 08:38:40.522707+00",,autocomplete,"2026-04-13 08:38:40.522707+00"
6a81e0ea-1ca7-4096-b1d5-f055ac615a78,"burnout sintomas iniciais",0,10,saude-mental,"Saúde Mental",burnout,t,"2026-04-13 08:38:34.941684+00",,autocomplete,"2026-04-13 08:38:34.941684+00"
6abbcff2-2b5e-41be-8b65-027be872532b,"sintomas de sepse em cachorro",0,75,emergentes,Emergentes,sepsis,t,"2026-04-13 08:41:00.80186+00",,autocomplete,"2026-04-13 08:41:00.80186+00"
6ac7deeb-0d77-46f4-bc9d-548762250b1f,"tratamento caseiro para refluxo gastroesofágico",0,10,alimentacao,Alimentação,"refluxo gastroesofágico",t,"2026-04-13 08:40:32.807623+00",,autocomplete,"2026-04-13 08:40:32.807623+00"
6ac80d3d-8c4c-402e-9f17-8df9800920fc,"como se prevenir do novo vírus nipah",0,10,emergentes,Emergentes,"vírus nipah",t,"2026-04-13 08:38:12.456348+00",,autocomplete,"2026-04-13 08:38:12.456348+00"
6ae65d6d-81c2-4dcc-bea0-388bd0389ed1,"tratamento para diabetes tipo 2 pdf",0,10,alimentacao,Alimentação,"diabetes tipo 2",t,"2026-04-13 08:42:47.656406+00",,autocomplete,"2026-04-13 08:42:47.656406+00"
6ae8fd6b-b113-45d7-a0e9-acedf6eddf4e,"como prevenir a insonia",0,10,saude-mental,"Saúde Mental",insónia,t,"2026-04-13 08:39:19.763922+00",,autocomplete,"2026-04-13 08:39:19.763922+00"
6af303b8-3e32-44d8-a649-e56da0e29940,"candida auris o que é",9999,84,emergentes,Emergentes,"candida auris",f,"2026-03-30 08:05:50.381058+00",,pytrends,"2026-03-30 08:05:50.381058+00"
6b11dea7-22f3-477d-9dca-54b56256cebe,"intolerância à lactose tem tratamento",0,10,alimentacao,Alimentação,"intolerância à lactose",t,"2026-04-13 08:43:43.801483+00",,autocomplete,"2026-04-13 08:43:43.801483+00"
6b16c9a5-c99d-4b3e-84da-7fbfe42ad16a,"o que é doença celíaca e como tratar",0,10,alimentacao,Alimentação,"doença celíaca",t,"2026-04-13 08:43:38.203977+00",,autocomplete,"2026-04-13 08:43:38.203977+00"
6b26d7d2-5637-404e-8b4a-e87d230d10ad,"insonia causas",0,10,saude-mental,"Saúde Mental",insónia,t,"2026-04-13 08:39:19.763922+00",,autocomplete,"2026-04-13 08:39:19.763922+00"
6b297fab-0f3e-492f-b6b5-40c1d5ef9fb3,"como prevenir o suicídio na adolescência",0,10,saude-mental,"Saúde Mental",suicídio,t,"2026-04-13 08:42:36.442374+00",,autocomplete,"2026-04-13 08:42:36.442374+00"
6b2a5ce0-6a52-4dc2-9986-6bf1f289ac66,"o que tomar para suores noturnos",0,45,menopausa,Menopausa,"suores noturnos",t,"2026-04-13 08:37:44.379314+00",,autocomplete,"2026-04-13 08:37:44.379314+00"
6b40dbd6-4334-4195-bb5e-976452c7ac3c,"causas de depressão e ansiedade",0,10,saude-mental,"Saúde Mental",depressão,t,"2026-04-13 08:38:46.093196+00",,autocomplete,"2026-04-13 08:38:46.093196+00"
6b51488f-9f06-4297-8697-6049c73fd768,"sintomas e causas de burnout",0,10,saude-mental,"Saúde Mental",burnout,t,"2026-03-30 08:14:24.109111+00",,autocomplete,"2026-03-30 08:14:24.109111+00"
6b5dca77-d0ee-44be-aa2b-bd954779ec7d,"incontinencia urinaria causas pdf",0,10,menopausa,Menopausa,"incontinência urinária",t,"2026-04-13 08:42:42.043868+00",,autocomplete,"2026-04-13 08:42:42.043868+00"
6b818327-9149-492a-9eea-e94d8c0e17ce,"candida auris sintomas fotos",0,10,emergentes,Emergentes,"candida auris",t,"2026-04-13 08:42:30.835875+00",,autocomplete,"2026-04-13 08:42:30.835875+00"
6ba8e7e6-1ae5-4a4e-8430-c2d2183cd8f2,"é normal ter osteoporose",0,10,menopausa,Menopausa,osteoporose,t,"2026-04-13 08:36:53.898281+00",,autocomplete,"2026-04-13 08:36:53.898281+00"
6bac02c4-6bfb-47df-a326-69f8fdde749e,"tratamento demencia alzheimer",0,10,saude-mental,"Saúde Mental",demência,t,"2026-04-13 08:40:27.20613+00",,autocomplete,"2026-04-13 08:40:27.20613+00"
6bae14ae-6643-457a-b529-24f8c5bd0f09,"o que é depressão",0,10,saude-mental,"Saúde Mental",depressão,t,"2026-04-13 08:38:46.093196+00",,autocomplete,"2026-04-13 08:38:46.093196+00"
6bfa6c40-88d8-466d-b841-ecfb61cce2d6,"o que é pânico de ansiedade",0,10,saude-mental,"Saúde Mental",pânico,t,"2026-04-13 08:39:31.045213+00",,autocomplete,"2026-04-13 08:39:31.045213+00"
6c0b911c-9e9a-4897-9448-3db81518ba30,"sintomas de menopausa precoce aos 35 anos",0,65,menopausa,Menopausa,"menopausa precoce",t,"2026-04-13 08:37:50.002306+00",,autocomplete,"2026-04-13 08:37:50.002306+00"
6c27d83c-c7bb-45d2-9e5a-1a023621dd4e,"candidíase fotos",40,12,menopausa,Menopausa,candidíase,f,"2026-03-30 08:10:15.11518+00",,pytrends,"2026-03-30 08:10:15.11518+00"
6c3572c7-5306-4a57-b56c-24efd534e521,"o que é obesidade infantil",0,90,alimentacao,Alimentação,"obesidade infantil",t,"2026-04-13 08:36:59.449865+00",,autocomplete,"2026-04-13 08:36:59.449865+00"
6c3d74f1-f01f-4385-9473-fe2b6ec46c6f,"como tratar endometriose intestinal",0,40,menopausa,Menopausa,endometriose,t,"2026-04-13 08:40:10.397854+00",,autocomplete,"2026-04-13 08:40:10.397854+00"
6c43e973-a534-4a76-9e5d-2177949cac1a,"libido menopausa tratamento",0,50,menopausa,Menopausa,"libido menopausa",t,"2026-04-13 08:38:18.065121+00",,autocomplete,"2026-04-13 08:38:18.065121+00"
6c7c04a1-3853-4544-a8cd-ec046e9bd506,"sindrome de burnout",50,52,saude-mental,"Saúde Mental",burnout,f,"2026-03-30 08:00:22.557375+00",,pytrends,"2026-03-30 08:00:22.557375+00"
6c9f865d-c3d1-4bf9-b107-3992a221f2ae,"o que é bom para sintomas da menopausa",0,70,menopausa,Menopausa,"menopausa sintomas",t,"2026-04-13 08:37:16.281981+00",,autocomplete,"2026-04-13 08:37:16.281981+00"
6ca43434-0d85-4389-8ded-2911211c50ef,"sintomas de menopausa precoce aos 39 anos",0,90,menopausa,Menopausa,"menopausa precoce",t,"2026-04-13 08:37:50.002306+00",,autocomplete,"2026-04-13 08:37:50.002306+00"
6cb59668-eff8-4d19-b431-044cff573b07,"causas de enxaqueca",0,10,saude-mental,"Saúde Mental",enxaqueca,t,"2026-04-13 08:43:55.008487+00",,autocomplete,"2026-04-13 08:43:55.008487+00"
6ce9bb7b-6f1d-4520-9fcb-ace09bf988c9,"sintomas de ansiedade generalizada",0,70,saude-mental,"Saúde Mental",ansiedade,t,"2026-04-13 08:38:40.522707+00",,autocomplete,"2026-04-13 08:38:40.522707+00"
6cf149e7-ab85-4763-9c41-316f6013449b,"candida auris portugal",9999,84,emergentes,Emergentes,"candida auris",f,"2026-04-13 08:33:16.338095+00",,pytrends,"2026-04-13 08:33:16.338095+00"
6cf4813e-da4b-4f60-aa09-f5780db7fe05,"sintomas de insonia familiar fatal",0,70,saude-mental,"Saúde Mental",insónia,t,"2026-04-13 08:39:19.763922+00",,autocomplete,"2026-04-13 08:39:19.763922+00"
6d0db145-f17b-4dc1-bc24-93e9b4c09b9c,"terapia de reposição hormonal sintomas",0,50,menopausa,Menopausa,"terapia hormonal",t,"2026-04-13 08:37:21.896373+00",,autocomplete,"2026-04-13 08:37:21.896373+00"
6d1d96f6-4431-4415-9442-58b33e65c30c,"doença celíaca tratamento nutricional",0,10,alimentacao,Alimentação,"doença celíaca",t,"2026-04-13 08:43:38.203977+00",,autocomplete,"2026-04-13 08:43:38.203977+00"
6d21a3f1-3ac0-4ad2-8a21-1022a211ca33,"osteoporose sintomas no joelho",0,10,menopausa,Menopausa,osteoporose,t,"2026-04-13 08:36:53.898281+00",,autocomplete,"2026-04-13 08:36:53.898281+00"
6d4ee241-3a0a-4201-98d0-b35aa21a41bc,"sindrome de ovario poliquístico causas",0,10,menopausa,Menopausa,"síndrome do ovário poliquístico",t,"2026-04-13 08:43:26.930582+00",,autocomplete,"2026-04-13 08:43:26.930582+00"
6d644b01-b920-4679-b9c5-b554d2b3d2f4,"doença celíaca sintomas em adultos",0,10,alimentacao,Alimentação,"doença celíaca",t,"2026-04-13 08:43:38.203977+00",,autocomplete,"2026-04-13 08:43:38.203977+00"
6d6e49c0-9fce-47d9-ac1d-0714241ba61b,"como tratar anemia em casa",0,35,alimentacao,Alimentação,anemia,t,"2026-04-13 08:40:38.397737+00",,autocomplete,"2026-04-13 08:40:38.397737+00"
6d7954bf-69fc-47f8-9f4b-517c63bbdf4b,"causas doença celíaca",0,10,alimentacao,Alimentação,"doença celíaca",t,"2026-04-13 08:43:38.203977+00",,autocomplete,"2026-04-13 08:43:38.203977+00"
6d8b16a2-d98a-41fc-a02b-30bc202d7b1a,"alcoolismo sinais e sintomas",0,10,saude-mental,"Saúde Mental",alcoolismo,t,"2026-04-13 08:43:49.404375+00",,autocomplete,"2026-04-13 08:43:49.404375+00"
6da1fdf3-04f9-4614-861c-fffe44961a38,"tratamento para anemia severa",0,10,alimentacao,Alimentação,anemia,t,"2026-04-13 08:40:38.397737+00",,autocomplete,"2026-04-13 08:40:38.397737+00"
6da74361-bf01-42a0-afea-e4662ed5fbbc,"o que é lúpus cutâneo",0,10,emergentes,Emergentes,lúpus,t,"2026-04-13 08:42:25.267323+00",,autocomplete,"2026-04-13 08:42:25.267323+00"
6dd69af4-bc29-4068-a21a-89ece2a3a5c3,"sintomas de fobia social em adultos",0,95,saude-mental,"Saúde Mental","fobia social",t,"2026-04-13 08:41:17.653799+00",,autocomplete,"2026-04-13 08:41:17.653799+00"
6de23018-8c92-4992-bad3-6f36eabb5f16,"como tratar refluxo gastroesofágico em bebês",0,30,alimentacao,Alimentação,"refluxo gastroesofágico",t,"2026-04-13 08:40:32.807623+00",,autocomplete,"2026-04-13 08:40:32.807623+00"
6dedee25-64fe-4290-8a3f-7789a42b2dfd,"anemia causas espirituais",0,10,alimentacao,Alimentação,anemia,t,"2026-03-30 08:19:34.858993+00",,autocomplete,"2026-03-30 08:19:34.858993+00"
6e0653b0-9682-4cc2-9cb2-efa24287d81c,"o que é bom para libido na menopausa",0,80,menopausa,Menopausa,"libido menopausa",t,"2026-04-13 08:38:18.065121+00",,autocomplete,"2026-04-13 08:38:18.065121+00"
6e1bdb05-ea58-43c8-a2a8-2b13d0f62bb8,"sintomas de lúpus em mulher",0,90,emergentes,Emergentes,lúpus,t,"2026-04-13 08:42:25.267323+00",,autocomplete,"2026-04-13 08:42:25.267323+00"
6e314cab-0b22-4206-b7e2-43691a4475a3,"suicídio causas e consequências",0,10,saude-mental,"Saúde Mental",suicídio,t,"2026-04-13 08:42:36.442374+00",,autocomplete,"2026-04-13 08:42:36.442374+00"
6e35da78-454e-4998-a3fd-0773272f7fb7,"o que é ptsd na psicologia",0,45,saude-mental,"Saúde Mental",PTSD,t,"2026-04-13 08:39:36.686137+00",,autocomplete,"2026-04-13 08:39:36.686137+00"
6e40ba6b-bc22-43fa-ae2b-5ad982fc1105,"anemia causas principais",0,10,alimentacao,Alimentação,anemia,t,"2026-04-13 08:40:38.397737+00",,autocomplete,"2026-04-13 08:40:38.397737+00"
6e650e0e-3538-44f7-8dc6-37430a8879c0,"trier social stress test",5650,100,saude-mental,"Saúde Mental",stress,f,"2026-04-06 08:08:56.141499+00",,pytrends,"2026-04-06 08:08:56.141499+00"
6e6e33ca-474c-4162-ad95-6e7a3c981d8d,"tratamento anorexia nervosa pdf",0,30,saude-mental,"Saúde Mental","anorexia nervosa",t,"2026-04-13 08:43:04.555328+00",,autocomplete,"2026-04-13 08:43:04.555328+00"
6e73debd-25a2-4a5c-a9d6-28d21c8050c0,"o que é anorexia nervosa quais são os sintomas",0,65,saude-mental,"Saúde Mental","anorexia nervosa",t,"2026-04-13 08:43:04.555328+00",,autocomplete,"2026-04-13 08:43:04.555328+00"
6e799fe1-4660-4640-8f33-0a22ba6a9b21,"ator com alzheimer",9999,68,saude-mental,"Saúde Mental",alzheimer,f,"2026-03-30 08:07:05.928237+00",,pytrends,"2026-03-30 08:07:05.928237+00"
6e885744-ad42-451e-9bd3-e5335f03ab36,"tratamento demencia senil",0,10,saude-mental,"Saúde Mental",demência,t,"2026-04-13 08:40:27.20613+00",,autocomplete,"2026-04-13 08:40:27.20613+00"
6e952216-cf61-4f04-9379-68fbba9ce61e,"sintomas de intolerância ao glúten exame",0,75,alimentacao,Alimentação,"intolerância ao glúten",t,"2026-04-13 08:37:05.051837+00",,autocomplete,"2026-04-13 08:37:05.051837+00"
6ec5c81d-419d-44be-99ac-e89aa9e54ce6,"como tratar ansiedade infantil",0,45,saude-mental,"Saúde Mental",ansiedade,t,"2026-04-13 08:38:40.522707+00",,autocomplete,"2026-04-13 08:38:40.522707+00"
6efce149-9c52-4c3f-b382-a656e6c78b3a,"pânico sintomas e ansiedade",0,10,saude-mental,"Saúde Mental",pânico,t,"2026-04-13 08:39:31.045213+00",,autocomplete,"2026-04-13 08:39:31.045213+00"
6f0c1643-6a1d-4be8-8046-e0398fc5aae9,"terapia hormonal sintomas",0,55,menopausa,Menopausa,"terapia hormonal",t,"2026-04-13 08:37:21.896373+00",,autocomplete,"2026-04-13 08:37:21.896373+00"
6f21daff-0b24-4565-8ade-db0ae4d67cc3,"enxaqueca causas",0,10,saude-mental,"Saúde Mental",enxaqueca,t,"2026-04-13 08:43:55.008487+00",,autocomplete,"2026-04-13 08:43:55.008487+00"
6f25ffb6-32d3-4ae6-8ca5-73b78c631b81,"anemia sideroblástica",9999,52,alimentacao,Alimentação,anemia,f,"2026-03-23 07:34:29.013772+00",,pytrends,"2026-03-27 18:34:47.925931+00"
6f3a47c5-7fc6-48c4-9531-2925b123c408,"o que é ptsd doença",0,40,saude-mental,"Saúde Mental",PTSD,t,"2026-04-13 08:39:36.686137+00",,autocomplete,"2026-04-13 08:39:36.686137+00"
6f4090b5-211f-454d-913c-83676bc874cc,"estresse causas e efeitos",0,10,saude-mental,"Saúde Mental",stress,t,"2026-04-13 08:40:21.587655+00",,autocomplete,"2026-04-13 08:40:21.587655+00"
6f4b5b04-f423-40a2-b5b8-ad2e74647852,"colesterol alto causas sintomas e tratamento",0,10,alimentacao,Alimentação,"colesterol alto",t,"2026-04-13 08:40:04.811683+00",,autocomplete,"2026-04-13 08:40:04.811683+00"
6f67c524-785d-4c69-bbc9-6ee69fb70508,"como tratar el tdah adultos",0,30,saude-mental,"Saúde Mental","TDAH adulto",t,"2026-04-13 08:39:53.572317+00",,autocomplete,"2026-04-13 08:39:53.572317+00"
6f69f675-8030-4d4d-8c33-485ba63119e2,"sintomas de candidíase intestinal",0,85,menopausa,Menopausa,candidíase,t,"2026-04-13 08:40:43.957484+00",,autocomplete,"2026-04-13 08:40:43.957484+00"
6f9a82c8-8dc3-4c3c-bea4-c3719f10034d,"quando a saudade bater e a solidão machucar",9999,100,saude-mental,"Saúde Mental",solidão,t,"2026-03-30 07:59:29.447904+00",,pytrends,"2026-03-30 07:59:29.447904+00"
6fabd566-e084-49ce-a2f4-d085288ce034,"como prevenir a depressão infantil",0,10,saude-mental,"Saúde Mental",depressão,t,"2026-04-13 08:38:46.093196+00",,autocomplete,"2026-04-13 08:38:46.093196+00"
6fb8968c-8bfb-4948-8867-cc12d7e4d386,"o que é pânico no dicionário",0,10,saude-mental,"Saúde Mental",pânico,t,"2026-04-13 08:39:31.045213+00",,autocomplete,"2026-04-13 08:39:31.045213+00"
6fc2ec5d-67e9-4a83-84d8-37cc90755c45,"tem como prevenir avc",0,10,emergentes,Emergentes,avc,t,"2026-04-13 08:41:12.052215+00",,autocomplete,"2026-04-13 08:41:12.052215+00"
6fcd6c9e-6071-41bd-bb7e-868a3c8a3dc4,"refluxo gastroesofágico sintomas na garganta",0,10,alimentacao,Alimentação,"refluxo gastroesofágico",t,"2026-04-13 08:40:32.807623+00",,autocomplete,"2026-04-13 08:40:32.807623+00"
6fdc37b7-ab91-4b6a-8bb2-c2eaa0414ed3,"tratamentos para cancro da mama tem cura",0,10,menopausa,Menopausa,"cancro da mama",t,"2026-04-13 08:40:55.173287+00",,autocomplete,"2026-04-13 08:40:55.173287+00"
6fe4c2c6-9350-4b56-8004-f840bec2dbf7,"o que são competências socioemocionais segundo a bncc",0,70,saude-mental,"Saúde Mental","competências socioemocionais",t,"2026-04-13 08:41:28.934623+00",,autocomplete,"2026-04-13 08:41:28.934623+00"
6fe4ea16-2913-4980-b909-e3371da88c37,"o que é dependências químicas",0,85,saude-mental,"Saúde Mental",dependências,t,"2026-04-13 08:41:06.439839+00",,autocomplete,"2026-04-13 08:41:06.439839+00"
6fe9a7b6-b18d-4d97-916e-dc96c213f5e5,"pomada candidíase",40,10,menopausa,Menopausa,candidíase,f,"2026-04-06 08:09:49.492291+00",,pytrends,"2026-04-06 08:09:49.492291+00"
6ff77fc9-baef-4557-8e5f-235e4a668c84,"causas avc estresse",0,10,saude-mental,"Saúde Mental",stress,t,"2026-03-30 08:19:17.022631+00",,autocomplete,"2026-03-30 08:19:17.022631+00"
70103c2f-ab8a-4ecb-baaf-faa03ad4e0e7,"sintomas de endometriose na menstruação",0,65,menopausa,Menopausa,endometriose,t,"2026-04-13 08:40:10.397854+00",,autocomplete,"2026-04-13 08:40:10.397854+00"
7039cd01-84be-4457-8bbc-9337ee7a594e,"como.prevenir demencia em.idosos",0,10,saude-mental,"Saúde Mental",demência,t,"2026-04-13 08:40:27.20613+00",,autocomplete,"2026-04-13 08:40:27.20613+00"
70515c1f-a8e4-4e4c-8e3e-873ef0f8f2ab,"como tratar candidíase recorrente",0,40,menopausa,Menopausa,candidíase,t,"2026-03-30 08:19:46.737092+00",,autocomplete,"2026-03-30 08:19:46.737092+00"
7071af1a-03ec-439c-9d63-0d00d2d69079,"causas insonia terminal",0,10,saude-mental,"Saúde Mental",insónia,t,"2026-04-13 08:39:19.763922+00",,autocomplete,"2026-04-13 08:39:19.763922+00"
707ba925-a841-453c-957a-a10f028eae46,"endometriose sintomas fotos",0,10,menopausa,Menopausa,endometriose,t,"2026-04-13 08:40:10.397854+00",,autocomplete,"2026-04-13 08:40:10.397854+00"
70d490bc-aa29-4dcb-8e48-af3d5d5659cb,"suicídio e suas causas",0,10,saude-mental,"Saúde Mental",suicídio,t,"2026-04-13 08:42:36.442374+00",,autocomplete,"2026-04-13 08:42:36.442374+00"
70e5a0dc-e175-48f2-a436-3e126142c0f3,"insônia sintomas de ansiedade",0,10,saude-mental,"Saúde Mental",insónia,t,"2026-04-13 08:39:19.763922+00",,autocomplete,"2026-04-13 08:39:19.763922+00"
70fb0f72-ebc9-4106-bb04-80cbed90c0d9,"tratamento para ansiedade qual medico procurar",0,10,saude-mental,"Saúde Mental",ansiedade,t,"2026-03-30 08:13:36.389284+00",,autocomplete,"2026-03-30 08:13:36.389284+00"
7113919b-8137-474b-8f6b-89f6d6aeb5ac,"enxaqueca causas emocionais",0,10,saude-mental,"Saúde Mental",enxaqueca,t,"2026-04-13 08:43:55.008487+00",,autocomplete,"2026-04-13 08:43:55.008487+00"
711fa85b-a5e3-4fc1-828c-59980acfbbbe,"como tratar depressão em idosos",0,10,saude-mental,"Saúde Mental",depressão,t,"2026-03-30 08:13:42.31111+00",,autocomplete,"2026-03-30 08:13:42.31111+00"
713b0c45-c396-44ad-9bdb-346ebf2e880b,"tratamento para lúpus em cães",0,10,emergentes,Emergentes,lúpus,t,"2026-04-13 08:42:25.267323+00",,autocomplete,"2026-04-13 08:42:25.267323+00"
713f2ae0-d0f8-4aa1-8fce-1ea2ff045371,"causas osteoporose sintomas",0,10,menopausa,Menopausa,osteoporose,t,"2026-04-13 08:36:53.898281+00",,autocomplete,"2026-04-13 08:36:53.898281+00"
714168c7-3f93-4552-811f-b517c528ca07,"sintomas de sepse urinária",0,90,emergentes,Emergentes,sepsis,t,"2026-04-13 08:41:00.80186+00",,autocomplete,"2026-04-13 08:41:00.80186+00"
714e3b64-3c05-4141-9954-d73d7c72fe3e,"como prevenir el burnout pdf",0,10,saude-mental,"Saúde Mental",burnout,t,"2026-04-13 08:38:34.941684+00",,autocomplete,"2026-04-13 08:38:34.941684+00"
71523680-253f-48c7-a9bf-4695e3de0102,"tratamento para doença celiaca",0,10,alimentacao,Alimentação,"doença celíaca",t,"2026-04-13 08:43:38.203977+00",,autocomplete,"2026-04-13 08:43:38.203977+00"
716117cc-cefb-4f0d-9c5a-0d67ae368ccd,"o que é menopausa sintomas",0,80,menopausa,Menopausa,"menopausa sintomas",t,"2026-04-13 08:37:16.281981+00",,autocomplete,"2026-04-13 08:37:16.281981+00"
71ca94b5-5ab4-40d3-b591-42649fab27fa,"diabetes tipo 2 sintomas iniciais",0,10,alimentacao,Alimentação,"diabetes tipo 2",t,"2026-04-13 08:42:47.656406+00",,autocomplete,"2026-04-13 08:42:47.656406+00"
71dcf443-0365-468a-9c13-dca47b0f0ef9,"tratamento para avc isquêmico",0,10,emergentes,Emergentes,avc,t,"2026-04-13 08:41:12.052215+00",,autocomplete,"2026-04-13 08:41:12.052215+00"
71f40e83-324d-4863-8f91-636e2f5a6211,"tratamento para alcoolismo em casa",0,10,saude-mental,"Saúde Mental",alcoolismo,t,"2026-04-13 08:43:49.404375+00",,autocomplete,"2026-04-13 08:43:49.404375+00"
720d864b-f357-408b-908b-11b73c285d22,"causas de demencia reversivel",0,10,saude-mental,"Saúde Mental",demência,t,"2026-04-13 08:40:27.20613+00",,autocomplete,"2026-04-13 08:40:27.20613+00"
721320fa-b341-4568-9fa1-f49dd1c16c0a,"tratamento para ptsd",0,15,saude-mental,"Saúde Mental",PTSD,t,"2026-04-13 08:39:36.686137+00",,autocomplete,"2026-04-13 08:39:36.686137+00"
72263c0c-2a56-4c30-b6df-0b50eb5d4997,"tratamento para avc silencioso",0,10,emergentes,Emergentes,avc,t,"2026-04-13 08:41:12.052215+00",,autocomplete,"2026-04-13 08:41:12.052215+00"
725c3536-00ff-4e83-bb3a-37172d639973,"como que é o nome da menopausa masculina",0,85,menopausa,Menopausa,"menopausa masculina",t,"2026-04-13 08:39:08.490186+00",,autocomplete,"2026-04-13 08:39:08.490186+00"
726e4690-dde2-4f5d-acc2-a16dcbdc6987,"causas da crise de pânico",0,10,saude-mental,"Saúde Mental",pânico,t,"2026-04-13 08:39:31.045213+00",,autocomplete,"2026-04-13 08:39:31.045213+00"
7285b7b9-6a1c-46b0-b177-ada0128c8775,"como prevenir a fobia social",0,10,saude-mental,"Saúde Mental","fobia social",t,"2026-04-13 08:41:17.653799+00",,autocomplete,"2026-04-13 08:41:17.653799+00"
72913787-a551-4f75-8599-1b2709b78255,"cancro da mama triplo negativo",70,76,menopausa,Menopausa,"cancro da mama",f,"2026-03-28 00:21:38.105256+00",,pytrends,"2026-03-28 00:21:38.105256+00"
72955c03-cb33-4a60-b40d-2e86b2f002fb,"qual o melhor tratamento para doença celíaca",0,10,alimentacao,Alimentação,"doença celíaca",t,"2026-04-13 08:43:38.203977+00",,autocomplete,"2026-04-13 08:43:38.203977+00"
72ae5941-3312-4540-8de9-4b9a688e06d9,"sintomas de cancro da mama avançado",0,90,menopausa,Menopausa,"cancro da mama",t,"2026-04-13 08:40:55.173287+00",,autocomplete,"2026-04-13 08:40:55.173287+00"
72c43086-c974-4051-a81f-620d84911357,"anemia sintomas em criança",0,10,alimentacao,Alimentação,anemia,t,"2026-04-13 08:40:38.397737+00",,autocomplete,"2026-04-13 08:40:38.397737+00"
72c89f38-9d94-4678-90d9-0cec619c6280,"o que é depressão psicótica",0,10,saude-mental,"Saúde Mental",depressão,t,"2026-04-13 08:38:46.093196+00",,autocomplete,"2026-04-13 08:38:46.093196+00"
72d6cfbe-66db-4112-880b-59db1c61bdeb,"quais as causas de suores noturnos",0,30,menopausa,Menopausa,"suores noturnos",t,"2026-04-13 08:37:44.379314+00",,autocomplete,"2026-04-13 08:37:44.379314+00"
72db30f6-ecdf-4bbf-99c9-50192d484098,"osteoporose sintomas e tratamento",0,10,menopausa,Menopausa,osteoporose,t,"2026-04-13 08:36:53.898281+00",,autocomplete,"2026-04-13 08:36:53.898281+00"
72db7719-4575-4047-90dd-853e77446a19,"sintomas de colesterol alto na pele",0,90,alimentacao,Alimentação,"colesterol alto",t,"2026-04-13 08:40:04.811683+00",,autocomplete,"2026-04-13 08:40:04.811683+00"
72eef0ef-2123-465b-8db3-36585939572e,alzheimer's,170,52,saude-mental,"Saúde Mental",alzheimer,f,"2026-04-06 08:14:12.553439+00",,pytrends,"2026-04-06 08:14:12.553439+00"
72f74e42-7e3a-41d7-8305-668ee49b81ad,"o que é bom para enxaqueca",3650,36,saude-mental,"Saúde Mental",enxaqueca,t,"2026-03-28 00:18:52.271444+00",,pytrends,"2026-03-28 00:18:52.271444+00"
731c1631-b8b5-4d8a-8402-3a8b026c79ab,"como tratar ansiedade social",0,10,saude-mental,"Saúde Mental",ansiedade,t,"2026-04-13 08:38:40.522707+00",,autocomplete,"2026-04-13 08:38:40.522707+00"
7355f017-6f40-4294-92cb-305f15a96640,"causas de candidiase na gravidez",0,10,menopausa,Menopausa,candidíase,t,"2026-04-13 08:40:43.957484+00",,autocomplete,"2026-04-13 08:40:43.957484+00"
7363d97d-86e4-427d-a0a7-b7691e7575d9,"sintomas de lúpus tem cura",0,60,emergentes,Emergentes,lúpus,t,"2026-04-13 08:42:25.267323+00",,autocomplete,"2026-04-13 08:42:25.267323+00"
736a77e7-a154-4f0a-80c5-b84170e9015c,"causas de osteoporose primaria",0,10,menopausa,Menopausa,osteoporose,t,"2026-04-13 08:36:53.898281+00",,autocomplete,"2026-04-13 08:36:53.898281+00"
737e11c6-90bb-4f70-be8a-8a06f1133674,"primeiros sintomas de doenças cardiovasculares",0,85,emergentes,Emergentes,"doenças cardiovasculares",t,"2026-03-30 08:18:11.00638+00",,autocomplete,"2026-03-30 08:18:11.00638+00"
73bf8dc4-3faa-4b8e-a941-1317d472f31e,"sintomas de anemia grave",0,95,alimentacao,Alimentação,anemia,t,"2026-04-13 08:40:38.397737+00",,autocomplete,"2026-04-13 08:40:38.397737+00"
73f64fe2-2573-436d-9ea3-01ec6d62fe31,"como tratar stress cronico",0,45,saude-mental,"Saúde Mental",stress,t,"2026-04-13 08:40:21.587655+00",,autocomplete,"2026-04-13 08:40:21.587655+00"
7404d804-0b23-457b-be96-1017c7843584,"o que pode ser suores noturnos",0,60,menopausa,Menopausa,"suores noturnos",t,"2026-04-13 08:37:44.379314+00",,autocomplete,"2026-04-13 08:37:44.379314+00"
740522df-145c-4afd-94e0-6ddec1d193e2,"o que é candidíase em homem",0,10,menopausa,Menopausa,candidíase,t,"2026-04-13 08:40:43.957484+00",,autocomplete,"2026-04-13 08:40:43.957484+00"
7411d4f7-f76c-47f4-a491-1601cecf5a5e,"o que provoca anemia",9999,52,alimentacao,Alimentação,anemia,t,"2026-04-06 08:09:28.02802+00",,pytrends,"2026-04-06 08:09:28.02802+00"
743216d1-952c-426b-b756-1852b8ef9d32,"o que é candida auris e quais os sintomas",0,65,emergentes,Emergentes,"candida auris",t,"2026-04-13 08:42:30.835875+00",,autocomplete,"2026-04-13 08:42:30.835875+00"
7438f56e-b822-44b9-ba1f-bafa69f70bfd,"endometriose english",3750,76,menopausa,Menopausa,endometriose,f,"2026-04-06 08:08:45.246752+00",,pytrends,"2026-04-06 08:08:45.246752+00"
7449c883-9c98-411e-92ca-5a24ec829b43,"tratamento medicamentoso para anorexia nervosa",0,40,saude-mental,"Saúde Mental","anorexia nervosa",t,"2026-04-13 08:43:04.555328+00",,autocomplete,"2026-04-13 08:43:04.555328+00"
745ad83e-06a0-468c-8b99-b459ba78c2cc,"obesidade infantil em portugal",9999,100,alimentacao,Alimentação,"obesidade infantil",f,"2026-03-30 08:02:33.88316+00",,pytrends,"2026-03-30 08:02:33.88316+00"
746f14e5-d318-4432-b1e2-8ad0a55a2726,"obesidade infantil tratamento",0,10,alimentacao,Alimentação,"obesidade infantil",t,"2026-04-13 08:36:59.449865+00",,autocomplete,"2026-04-13 08:36:59.449865+00"
747d2489-84ce-4035-a780-9fcf4c179c2b,"tratamento para depressão profunda",0,10,saude-mental,"Saúde Mental",depressão,t,"2026-04-13 08:38:46.093196+00",,autocomplete,"2026-04-13 08:38:46.093196+00"
74bc69e9-d1fa-4f3c-aada-a4519329a00f,"causas e sintomas de endometriose",0,10,menopausa,Menopausa,endometriose,t,"2026-04-13 08:40:10.397854+00",,autocomplete,"2026-04-13 08:40:10.397854+00"
74c46202-319c-41bf-b1a2-b3a5f117e87d,"sintomas de demência precoce",0,90,saude-mental,"Saúde Mental",demência,t,"2026-04-13 08:40:27.20613+00",,autocomplete,"2026-04-13 08:40:27.20613+00"
74c9e206-0152-4c2f-9ec7-b788310fa1f4,"sintomas de sepse dentária",0,85,emergentes,Emergentes,sepsis,t,"2026-04-13 08:41:00.80186+00",,autocomplete,"2026-04-13 08:41:00.80186+00"
75059399-8566-4d4e-bad8-f02f3c932817,"tratamento para osteoporose e osteopenia",0,10,menopausa,Menopausa,osteoporose,t,"2026-04-13 08:36:53.898281+00",,autocomplete,"2026-04-13 08:36:53.898281+00"
7511a98e-9168-4d00-9a4b-c29f8003937f,"alzheimer causas sintomas tratamento e prevenção",0,10,saude-mental,"Saúde Mental",alzheimer,t,"2026-04-13 08:43:15.769569+00",,autocomplete,"2026-04-13 08:43:15.769569+00"
75197a3e-2d66-47c8-b7f6-774b12d04b0f,"enxaqueca tratamento profilatico",0,10,saude-mental,"Saúde Mental",enxaqueca,t,"2026-04-13 08:43:55.008487+00",,autocomplete,"2026-04-13 08:43:55.008487+00"
75199ca6-c106-492f-bc94-09b5b15d0460,"o que é alzheimer e o que causa",0,10,saude-mental,"Saúde Mental",alzheimer,t,"2026-04-13 08:43:15.769569+00",,autocomplete,"2026-04-13 08:43:15.769569+00"
752a1329-078f-4f8f-84b7-05492a1c9ff3,"ansiedade sintomas",0,10,saude-mental,"Saúde Mental",ansiedade,t,"2026-04-13 08:38:40.522707+00",,autocomplete,"2026-04-13 08:38:40.522707+00"
75348a2f-83f0-4271-b35c-f4e56ef490eb,"como tratar enxaqueca tensional",0,10,saude-mental,"Saúde Mental",enxaqueca,t,"2026-04-13 08:43:55.008487+00",,autocomplete,"2026-04-13 08:43:55.008487+00"
753a2ddf-7ad3-4bc3-ac36-8f0a6c3d2189,"candida auris sintomas e tratamento",0,10,emergentes,Emergentes,"candida auris",t,"2026-04-13 08:42:30.835875+00",,autocomplete,"2026-04-13 08:42:30.835875+00"
7553c793-a075-4358-bb27-75a1818effd4,"como prevenir anemia em cachorro",0,10,alimentacao,Alimentação,anemia,t,"2026-04-13 08:40:38.397737+00",,autocomplete,"2026-04-13 08:40:38.397737+00"
75545769-be6e-47d3-883a-e90ebc36e719,"sintomas de menopausa precoce aos 34 anos",0,55,menopausa,Menopausa,"menopausa precoce",t,"2026-04-13 08:37:50.002306+00",,autocomplete,"2026-04-13 08:37:50.002306+00"
7578da2b-ad89-40b2-bd83-9aa522703df6,"como tratar colesterol alto em caes",0,20,alimentacao,Alimentação,"colesterol alto",t,"2026-04-13 08:40:04.811683+00",,autocomplete,"2026-04-13 08:40:04.811683+00"
75a5571b-f629-4341-b31e-c94920486ab5,"o que é suplementos alimentares",0,95,alimentacao,Alimentação,"suplementos alimentares",t,"2026-04-13 08:36:48.294408+00",,autocomplete,"2026-04-13 08:36:48.294408+00"
75a60ac4-0849-46d1-8071-69a9bd210dfb,"o que causa suores noturnos em homens",0,65,menopausa,Menopausa,"suores noturnos",t,"2026-04-13 08:37:44.379314+00",,autocomplete,"2026-04-13 08:37:44.379314+00"
75c199c8-1b09-42eb-99e5-43fbe9691e84,"sepsis symptoms",50,52,emergentes,Emergentes,sepsis,f,"2026-04-06 08:10:10.959529+00",,pytrends,"2026-04-06 08:10:10.959529+00"
75cff9a3-6f43-497b-bf4c-fc5360c11c49,"chronic stress",40,44,saude-mental,"Saúde Mental",stress,f,"2026-04-06 08:08:56.141499+00",,pytrends,"2026-04-06 08:08:56.141499+00"
75f1d0a1-2162-417f-9281-e83eb661635d,"adenomiose e endometriose diferença",4450,20,menopausa,Menopausa,endometriose,f,"2026-03-23 07:41:17.864238+00",,pytrends,"2026-03-27 18:34:47.925931+00"
75fa42a1-6552-4669-9aac-fca4c9bc6b8d,"como tratar insônia na adolescência",0,25,saude-mental,"Saúde Mental",insónia,t,"2026-04-13 08:39:19.763922+00",,autocomplete,"2026-04-13 08:39:19.763922+00"
75fc7129-1b5c-47b9-be3c-82673da37932,"surviving sepsis campaign 2026",190,84,emergentes,Emergentes,sepsis,f,"2026-04-06 08:10:10.959529+00",,pytrends,"2026-04-06 08:10:10.959529+00"
75fe1f56-99f7-4b46-9cc0-90d83d556b23,"ataque panico tratamento",0,10,saude-mental,"Saúde Mental",pânico,t,"2026-03-30 08:14:30.022367+00",,autocomplete,"2026-03-30 08:14:30.022367+00"
7600e755-e88d-4fdd-90a2-18c4a83ed19a,"doenças cardiovasculares exemplos",9999,100,emergentes,Emergentes,"doenças cardiovasculares",f,"2026-03-30 08:07:16.582656+00",,pytrends,"2026-03-30 08:07:16.582656+00"
761e5e73-b061-4aea-94ad-4fd01b467a42,"o que tomar para intolerância ao glúten",0,30,alimentacao,Alimentação,"intolerância ao glúten",t,"2026-04-13 08:37:05.051837+00",,autocomplete,"2026-04-13 08:37:05.051837+00"
762084d2-4aa4-448d-b3a3-5f3befca216b,"avc isquêmico sequelas",1250,28,emergentes,Emergentes,avc,f,"2026-03-30 08:05:39.827249+00",,pytrends,"2026-03-30 08:05:39.827249+00"
763c24f2-ad2f-4bea-b931-aaa9391e0d8e,"como prevenir anemia em gatos",0,10,alimentacao,Alimentação,anemia,t,"2026-04-13 08:40:38.397737+00",,autocomplete,"2026-04-13 08:40:38.397737+00"
763f5d19-fc4d-4ef5-8ef8-249114ade839,"como tratar burnout no trabalho",0,10,saude-mental,"Saúde Mental",burnout,t,"2026-04-13 08:38:34.941684+00",,autocomplete,"2026-04-13 08:38:34.941684+00"
765c7de0-8285-4c4e-bce7-6fca6867be1b,"tratamento para incontinência urinária masculina",0,10,menopausa,Menopausa,"incontinência urinária",t,"2026-04-13 08:42:42.043868+00",,autocomplete,"2026-04-13 08:42:42.043868+00"
7669eee5-c226-4b4c-bc43-6ca78e32e8df,"endometriose causas emocionais",0,10,menopausa,Menopausa,endometriose,t,"2026-04-13 08:40:10.397854+00",,autocomplete,"2026-04-13 08:40:10.397854+00"
76ae288d-a084-47ab-9840-bae2ad711af0,"tem como prevenir osteoporose",0,10,menopausa,Menopausa,osteoporose,t,"2026-04-13 08:36:53.898281+00",,autocomplete,"2026-04-13 08:36:53.898281+00"
76c8afb0-a374-4eaa-86fe-37ecb3263890,"o que é auto automutilação",0,55,saude-mental,"Saúde Mental",automutilação,t,"2026-04-13 08:36:42.692925+00",,autocomplete,"2026-04-13 08:36:42.692925+00"
76c91eda-4276-46e9-9db8-d0114881f3b2,"como tratar obesidade infantil",0,95,alimentacao,Alimentação,"obesidade infantil",t,"2026-04-13 08:36:59.449865+00",,autocomplete,"2026-04-13 08:36:59.449865+00"
76d841a6-bd27-4946-b1f0-71a356d3d541,ashwagandha,4000,44,saude-mental,"Saúde Mental",ansiedade,f,"2026-03-28 00:08:45.453336+00",,pytrends,"2026-03-28 00:08:45.453336+00"
76f15f0e-c719-4cd1-b72d-96927052292b,"tratamento alergias alimentares",0,50,alimentacao,Alimentação,"alergias alimentares",t,"2026-04-13 08:37:10.663708+00",,autocomplete,"2026-04-13 08:37:10.663708+00"
76fd8d0f-b94d-4bea-9ede-53b6c2c7f81e,"como tratar insonia",0,50,saude-mental,"Saúde Mental",insónia,t,"2026-04-13 08:39:19.763922+00",,autocomplete,"2026-04-13 08:39:19.763922+00"
7710e715-87da-40d7-b927-050addde1992,"como tratar burnout autista",0,20,saude-mental,"Saúde Mental",burnout,t,"2026-04-13 08:38:34.941684+00",,autocomplete,"2026-04-13 08:38:34.941684+00"
77115bc0-ed59-4716-a7cd-578bc4ed8014,"como tratar alcoolismo",0,50,saude-mental,"Saúde Mental",alcoolismo,t,"2026-04-13 08:43:49.404375+00",,autocomplete,"2026-04-13 08:43:49.404375+00"
7718ca63-f92b-4913-9279-29286d7278d6,"sintomas de estresse alto",0,55,saude-mental,"Saúde Mental",stress,t,"2026-04-13 08:40:21.587655+00",,autocomplete,"2026-04-13 08:40:21.587655+00"
77199ac7-1f88-44b4-8c70-0abcba8f1334,"tratamento para cicatriz de automutilação",0,35,saude-mental,"Saúde Mental",automutilação,t,"2026-04-13 08:36:42.692925+00",,autocomplete,"2026-04-13 08:36:42.692925+00"
771a52e3-30bb-4eb0-b266-7017606a772a,"o que é avc fora da janela",0,10,emergentes,Emergentes,avc,t,"2026-04-13 08:41:12.052215+00",,autocomplete,"2026-04-13 08:41:12.052215+00"
7725520d-07ae-4a22-bdb6-ef596e15e97e,"sintomas de endometriose profunda",0,90,menopausa,Menopausa,endometriose,t,"2026-04-13 08:40:10.397854+00",,autocomplete,"2026-04-13 08:40:10.397854+00"
772de880-1055-43d6-850f-6931d23b67f7,"demencia sintomas idade",0,10,saude-mental,"Saúde Mental",demência,t,"2026-04-13 08:40:27.20613+00",,autocomplete,"2026-04-13 08:40:27.20613+00"
773ba71d-002e-4a9c-8923-77418e62d6c0,"google o que é fobia social",0,10,saude-mental,"Saúde Mental","fobia social",t,"2026-04-13 08:41:17.653799+00",,autocomplete,"2026-04-13 08:41:17.653799+00"
77477d89-7fac-45c6-80c7-eca30d043a45,"sintomas de um avc feminino",9999,84,emergentes,Emergentes,avc,t,"2026-04-13 08:30:45.927315+00",,pytrends,"2026-04-13 08:30:45.927315+00"
777a767a-e25c-4902-94c9-2e5b260d7dc6,"o que é endometriose tem cura",0,10,menopausa,Menopausa,endometriose,t,"2026-04-13 08:40:10.397854+00",,autocomplete,"2026-04-13 08:40:10.397854+00"
777f1bb1-c2ef-4a5e-afe5-6bd76efd865d,"sintomas de jejum intermitente",0,100,alimentacao,Alimentação,"jejum intermitente",t,"2026-04-13 08:36:37.089218+00",,autocomplete,"2026-04-13 08:36:37.089218+00"
77857173-bf34-4ce7-9a28-634cdcf9e485,"alcoolismo é hereditário",9999,100,saude-mental,"Saúde Mental",alcoolismo,f,"2026-03-30 08:08:12.822193+00",,pytrends,"2026-03-30 08:08:12.822193+00"
77a53a1b-5f76-4705-b256-cf90499444df,"candidíase tratamento remedio",0,10,menopausa,Menopausa,candidíase,t,"2026-04-13 08:40:43.957484+00",,autocomplete,"2026-04-13 08:40:43.957484+00"
77b81df0-1eb1-4822-9773-030edb1092ef,"menopausa precoce tratamento para engravidar",0,10,menopausa,Menopausa,"menopausa precoce",t,"2026-04-13 08:37:50.002306+00",,autocomplete,"2026-04-13 08:37:50.002306+00"
77bc622a-ed9a-48ce-a281-2a241e534c93,"sintomas de ansiedade na pele",0,55,saude-mental,"Saúde Mental",ansiedade,t,"2026-04-13 08:38:40.522707+00",,autocomplete,"2026-04-13 08:38:40.522707+00"
77da51bd-d5c5-4c0a-9460-889d72741d01,"é normal ter libido na menopausa",0,60,menopausa,Menopausa,"libido menopausa",t,"2026-04-13 08:38:18.065121+00",,autocomplete,"2026-04-13 08:38:18.065121+00"
77eb17f0-96c0-49cd-90d0-6d668fa33190,"tem tratamento para intolerância à lactose",0,10,alimentacao,Alimentação,"intolerância à lactose",t,"2026-04-13 08:43:43.801483+00",,autocomplete,"2026-04-13 08:43:43.801483+00"
7817eadc-220a-47e6-a13b-380b8b79a7e4,"sepsis guidelines 2026",9999,100,emergentes,Emergentes,sepsis,f,"2026-04-06 08:10:10.959529+00",,pytrends,"2026-04-06 08:10:10.959529+00"
7832bb0c-aac4-4c7f-ba5c-662083bc67b1,"o que é ultraprocessado exemplos",0,95,alimentacao,Alimentação,ultraprocessados,t,"2026-04-13 08:37:33.154402+00",,autocomplete,"2026-04-13 08:37:33.154402+00"
78413635-e307-4a5a-a283-cb1bf8a84efd,"causas mal de alzheimer",0,10,saude-mental,"Saúde Mental",alzheimer,t,"2026-03-30 08:18:05.071522+00",,autocomplete,"2026-03-30 08:18:05.071522+00"
7851df56-8091-4aea-813e-7e8461200234,"sintomas desse vírus nipah",0,75,emergentes,Emergentes,"vírus nipah",t,"2026-04-13 08:38:12.456348+00",,autocomplete,"2026-04-13 08:38:12.456348+00"
785b2254-0d38-49c1-bdd7-a6995fc0a4f5,"o que é osteoporose na coluna",0,10,menopausa,Menopausa,osteoporose,t,"2026-04-13 08:36:53.898281+00",,autocomplete,"2026-04-13 08:36:53.898281+00"
786dcaf0-bedc-4665-8299-6f15c60126ec,"sintomas fisicos de fobia social",0,55,saude-mental,"Saúde Mental","fobia social",t,"2026-04-13 08:41:17.653799+00",,autocomplete,"2026-04-13 08:41:17.653799+00"
78a4b2f9-e16c-42d3-9a47-be5c65eb3d73,"candidíase no homem fotos",9999,60,menopausa,Menopausa,candidíase,f,"2026-03-28 00:21:27.712069+00",,pytrends,"2026-03-28 00:21:27.712069+00"
78b65cc6-51ce-4097-8750-26f622e000f8,"sintomas de insonia cronica",0,90,saude-mental,"Saúde Mental",insónia,t,"2026-04-13 08:39:19.763922+00",,autocomplete,"2026-04-13 08:39:19.763922+00"
78ce7897-bc59-48b5-b6e7-7c04879d6645,"sintomas estresse pos traumatico",0,10,saude-mental,"Saúde Mental",stress,t,"2026-04-13 08:40:21.587655+00",,autocomplete,"2026-04-13 08:40:21.587655+00"
7901a9e3-b605-4d0f-8ce0-b974427ff374,"tratamento para osteoporose grave",0,10,menopausa,Menopausa,osteoporose,t,"2026-04-13 08:36:53.898281+00",,autocomplete,"2026-04-13 08:36:53.898281+00"
7901fcee-062a-4644-821f-233bff23f383,"intolerancia ao gluten causas",0,10,alimentacao,Alimentação,"intolerância ao glúten",t,"2026-04-13 08:37:05.051837+00",,autocomplete,"2026-04-13 08:37:05.051837+00"
7918ac8b-f5b0-4eef-9c64-53e01ca541e7,"o que é ptsd",0,65,saude-mental,"Saúde Mental",PTSD,t,"2026-04-13 08:39:36.686137+00",,autocomplete,"2026-04-13 08:39:36.686137+00"
791fdf85-844c-47b4-a1a3-9406503d1dc0,"pânico na floresta 2",9999,84,saude-mental,"Saúde Mental",pânico,f,"2026-04-06 08:00:27.853633+00",,pytrends,"2026-04-06 08:00:27.853633+00"
792d0bec-7e0c-4e4c-aa58-badfee1303dc,"o que é demência cerebral",0,10,saude-mental,"Saúde Mental",demência,t,"2026-04-13 08:40:27.20613+00",,autocomplete,"2026-04-13 08:40:27.20613+00"
7934eba8-8b74-4e38-a39d-6a2cb362c39f,"causas de incontinência urinária em idosos",0,10,menopausa,Menopausa,"incontinência urinária",t,"2026-04-13 08:42:42.043868+00",,autocomplete,"2026-04-13 08:42:42.043868+00"
793a5a53-5d05-4dd4-833b-aa3544a0111b,"menopausa precoce sintomas iniciais",0,10,menopausa,Menopausa,"menopausa precoce",t,"2026-04-13 08:37:50.002306+00",,autocomplete,"2026-04-13 08:37:50.002306+00"
79490a5b-1fe4-4ffb-b2b9-1df3c8a7e00e,"tratamento para avc em gatos",0,10,emergentes,Emergentes,avc,t,"2026-04-13 08:41:12.052215+00",,autocomplete,"2026-04-13 08:41:12.052215+00"
79a046c9-254e-48b3-aa27-894065b0007d,"como tratar alzheimer avançado",0,10,saude-mental,"Saúde Mental",alzheimer,t,"2026-04-13 08:43:15.769569+00",,autocomplete,"2026-04-13 08:43:15.769569+00"
79f91b18-5d85-4662-981b-6dabb8278b0d,"candidíase é transmissível",4800,36,menopausa,Menopausa,candidíase,f,"2026-03-28 00:21:27.712069+00",,pytrends,"2026-03-28 00:21:27.712069+00"
7a26f259-868f-4c2e-80dd-ae34ea2d0bab,"candidíase feminina",70,28,menopausa,Menopausa,candidíase,f,"2026-04-06 08:09:49.492291+00",,pytrends,"2026-04-06 08:09:49.492291+00"
7a34d440-9e6e-4685-b175-e6bb1aa85a2b,"como prevenir depressão em idosos",0,10,saude-mental,"Saúde Mental",depressão,t,"2026-04-13 08:38:46.093196+00",,autocomplete,"2026-04-13 08:38:46.093196+00"
7a48743c-928b-44a6-a2f4-d0227492826c,"o que é alimentos ultraprocessados e processados",0,65,alimentacao,Alimentação,ultraprocessados,t,"2026-03-30 08:16:05.658322+00",,autocomplete,"2026-03-30 08:16:05.658322+00"
7a589471-cb8d-48ae-ae0a-ef998974ad0a,"sintomas de refluxo gastroesofágico na gravidez",0,55,alimentacao,Alimentação,"refluxo gastroesofágico",t,"2026-03-30 08:19:28.922122+00",,autocomplete,"2026-03-30 08:19:28.922122+00"
7aac2606-12b0-4566-bc32-cb8b476d9476,"fobia social grave tratamento",0,10,saude-mental,"Saúde Mental","fobia social",t,"2026-04-13 08:41:17.653799+00",,autocomplete,"2026-04-13 08:41:17.653799+00"
7ad7da79-3ec3-4e80-8164-47b80b6c930d,"diabetes tipo 2 causas principales",0,10,alimentacao,Alimentação,"diabetes tipo 2",t,"2026-04-13 08:42:47.656406+00",,autocomplete,"2026-04-13 08:42:47.656406+00"
7ae12934-f6de-4be3-9c21-bc6d76e6f1ad,"burnout autista causas",0,10,saude-mental,"Saúde Mental",burnout,t,"2026-04-13 08:38:34.941684+00",,autocomplete,"2026-04-13 08:38:34.941684+00"
7ae1587e-c8f3-4d15-bfeb-09176fe88aab,"como tratar alzheimer pelo sus",0,25,saude-mental,"Saúde Mental",alzheimer,t,"2026-04-13 08:43:15.769569+00",,autocomplete,"2026-04-13 08:43:15.769569+00"
7ae78052-382f-46b2-b788-a528df6eec65,"é normal ter candidiase de repeticao",0,10,menopausa,Menopausa,candidíase,t,"2026-04-13 08:40:43.957484+00",,autocomplete,"2026-04-13 08:40:43.957484+00"
7af9583e-f973-4312-b482-3e32820f7abc,"sintomas de avc dias antes",0,55,emergentes,Emergentes,avc,t,"2026-04-13 08:41:12.052215+00",,autocomplete,"2026-04-13 08:41:12.052215+00"
7b05eaf8-d181-4892-a0de-5068c95d6b8f,"beterraba é bom para anemia",9999,60,alimentacao,Alimentação,anemia,f,"2026-03-28 00:21:06.900923+00",,pytrends,"2026-03-28 00:21:06.900923+00"
7b140c1c-f79c-45b4-8661-3c3a63aaaacb,"osteoporose causas sintomas e tratamento",0,10,menopausa,Menopausa,osteoporose,t,"2026-04-13 08:36:53.898281+00",,autocomplete,"2026-04-13 08:36:53.898281+00"
7b2f8d6e-7143-466a-857f-627fb914a4f4,"qual o melhor tratamento para menopausa precoce",0,10,menopausa,Menopausa,"menopausa precoce",t,"2026-04-13 08:37:50.002306+00",,autocomplete,"2026-04-13 08:37:50.002306+00"
7b4916b1-b750-4029-91e4-7b759f67ed6e,"como prevenir doenças cardiovasculares",0,10,emergentes,Emergentes,"doenças cardiovasculares",t,"2026-04-13 08:43:21.329264+00",,autocomplete,"2026-04-13 08:43:21.329264+00"
7b9e2236-d1cc-4015-94c0-1452b033cea8,"sintomas de colesterol alto na gravidez",0,60,alimentacao,Alimentação,"colesterol alto",t,"2026-04-13 08:40:04.811683+00",,autocomplete,"2026-04-13 08:40:04.811683+00"
7ba1106a-e785-41de-9a85-ff6eb084b5c6,"sintomas de alcoolismo crônico",0,95,saude-mental,"Saúde Mental",alcoolismo,t,"2026-04-13 08:43:49.404375+00",,autocomplete,"2026-04-13 08:43:49.404375+00"
7bbb0150-75de-4276-abc0-32c0573cbb91,"sintomas de síndrome do intestino irritável teste",0,80,alimentacao,Alimentação,"síndrome de intestino irritável",t,"2026-04-13 08:40:49.538553+00",,autocomplete,"2026-04-13 08:40:49.538553+00"
7bc38ce2-b324-49dd-8833-b6c5019118ee,"enxaqueca sintomas quantos dias de atestado",0,10,saude-mental,"Saúde Mental",enxaqueca,t,"2026-04-13 08:43:55.008487+00",,autocomplete,"2026-04-13 08:43:55.008487+00"
7bd1ccaf-1676-45f7-97d4-f95d4e12e3ba,"suores noturnos causas",0,15,menopausa,Menopausa,"suores noturnos",t,"2026-04-13 08:37:44.379314+00",,autocomplete,"2026-04-13 08:37:44.379314+00"
7bf7bc62-8974-456c-afa0-9bd647f93f24,"sintomas de enxaqueca em criança",0,70,saude-mental,"Saúde Mental",enxaqueca,t,"2026-04-13 08:43:55.008487+00",,autocomplete,"2026-04-13 08:43:55.008487+00"
7c34befc-ee58-4c39-b633-52f5c66c61b4,"como prevenir enxaqueca",0,10,saude-mental,"Saúde Mental",enxaqueca,t,"2026-04-13 08:43:55.008487+00",,autocomplete,"2026-04-13 08:43:55.008487+00"
7c53f29b-8497-46d9-8688-466d6684ef6f,"sintomas de intolerância ao glúten na pele",0,85,alimentacao,Alimentação,"intolerância ao glúten",t,"2026-04-13 08:37:05.051837+00",,autocomplete,"2026-04-13 08:37:05.051837+00"
7c5e5f49-0046-4610-bb00-41ab6e81b5ce,"como prevenir alzheimer sintomas",0,10,saude-mental,"Saúde Mental",alzheimer,t,"2026-04-13 08:43:15.769569+00",,autocomplete,"2026-04-13 08:43:15.769569+00"
7c86a96c-2a99-4960-95ce-526ff907f542,"o que é alcoolismo severo",0,10,saude-mental,"Saúde Mental",alcoolismo,t,"2026-03-30 08:18:40.935919+00",,autocomplete,"2026-03-30 08:18:40.935919+00"
7c8761a0-476e-49c9-b667-5aa03cfa08bc,"é normal ter pensamentos de suicídio",0,10,saude-mental,"Saúde Mental",suicídio,t,"2026-04-13 08:42:36.442374+00",,autocomplete,"2026-04-13 08:42:36.442374+00"
7c936c01-16de-4a3b-9eb9-a2964af97f52,"anorexia nervosa principais sintomas",0,10,saude-mental,"Saúde Mental","anorexia nervosa",t,"2026-04-13 08:43:04.555328+00",,autocomplete,"2026-04-13 08:43:04.555328+00"
7c9db513-739a-40a8-9287-686861efe5cc,"tratamento para incontinência urinária em cadelas",0,10,menopausa,Menopausa,"incontinência urinária",t,"2026-04-13 08:42:42.043868+00",,autocomplete,"2026-04-13 08:42:42.043868+00"
7cada69a-2f21-476f-a5d5-32b9e6595e44,"próxima depressão em portugal",250,10,saude-mental,"Saúde Mental",depressão,f,"2026-04-06 08:05:46.502433+00",,pytrends,"2026-04-06 08:05:46.502433+00"
7d13d544-53cc-4155-bbbb-ba57119e8013,"causas do jejum intermitente",0,40,alimentacao,Alimentação,"jejum intermitente",t,"2026-04-13 08:36:37.089218+00",,autocomplete,"2026-04-13 08:36:37.089218+00"
7d3deb5f-8f3c-4411-819e-ae0b36c3f908,"como tratar endometriose",0,50,menopausa,Menopausa,endometriose,t,"2026-04-13 08:40:10.397854+00",,autocomplete,"2026-04-13 08:40:10.397854+00"
7d47f3d9-3280-49d2-a5f8-07a54768d53f,"intolerância à lactose sintomas",60,92,alimentacao,Alimentação,"intolerância à lactose",f,"2026-03-30 08:08:01.068163+00",,pytrends,"2026-03-30 08:08:01.068163+00"
7d5e3cfd-163d-448d-a833-c05a877681d2,"demencia sintomas causas e tratamento",0,10,saude-mental,"Saúde Mental",demência,t,"2026-04-13 08:40:27.20613+00",,autocomplete,"2026-04-13 08:40:27.20613+00"
7d6eea4b-af56-4226-b768-b690ead8c822,"tratamento para alcoolismo em são paulo",0,10,saude-mental,"Saúde Mental",alcoolismo,t,"2026-04-13 08:43:49.404375+00",,autocomplete,"2026-04-13 08:43:49.404375+00"
7d7091a1-95f1-4b10-a3f5-19f9f0e38dee,"o que é lupus como pega",0,10,emergentes,Emergentes,lúpus,t,"2026-04-13 08:42:25.267323+00",,autocomplete,"2026-04-13 08:42:25.267323+00"
7d8bec6b-ef6b-4fcf-84de-c124f9f015df,"sintomas de burnout em homens",0,65,saude-mental,"Saúde Mental",burnout,t,"2026-04-13 08:38:34.941684+00",,autocomplete,"2026-04-13 08:38:34.941684+00"
7d8efc4e-43a2-4e98-ad68-aa4195413306,"o que é a doença lúpus",9999,92,emergentes,Emergentes,lúpus,t,"2026-03-30 08:06:01.068321+00",,pytrends,"2026-03-30 08:06:01.068321+00"
7dbe28e8-9719-45be-a4fa-4a28426cad75,"o que é insonia de sono",0,10,saude-mental,"Saúde Mental",insónia,t,"2026-03-30 08:14:18.110583+00",,autocomplete,"2026-03-30 08:14:18.110583+00"
7dd5b21e-f162-4ea9-9940-36727fb70bb2,"jejum intermitente benefícios",180,68,alimentacao,Alimentação,"jejum intermitente",f,"2026-04-06 08:01:54.254993+00",,pytrends,"2026-04-06 08:01:54.254993+00"
7de3cb68-67bd-40aa-b6cf-748e728839a0,"doença de burnout",60,20,saude-mental,"Saúde Mental",burnout,f,"2026-04-06 08:00:17.154548+00",,pytrends,"2026-04-06 08:00:17.154548+00"
7df6c091-d5b4-4295-969d-af0d88a23eb8,"tratamento para refluxo gastroesofágico natural",0,10,alimentacao,Alimentação,"refluxo gastroesofágico",t,"2026-04-13 08:40:32.807623+00",,autocomplete,"2026-04-13 08:40:32.807623+00"
7e0f89e7-1df8-433d-b1d8-2bc1cab417a7,"doença celíaca sintomas iniciais",0,10,alimentacao,Alimentação,"doença celíaca",t,"2026-04-13 08:43:38.203977+00",,autocomplete,"2026-04-13 08:43:38.203977+00"
7e1fbb00-3b65-4e60-88b5-a256e147b79c,"tdah sintomas adulto relacionamento",0,10,saude-mental,"Saúde Mental","TDAH adulto",t,"2026-04-13 08:39:53.572317+00",,autocomplete,"2026-04-13 08:39:53.572317+00"
7e2a544b-f2b0-44a0-95de-e1c1441edb1b,"o que é endometriose sintomas",0,10,menopausa,Menopausa,endometriose,t,"2026-04-13 08:40:10.397854+00",,autocomplete,"2026-04-13 08:40:10.397854+00"
7e57b176-9d7a-4031-9ff6-979e59d4e078,"o que é saúde mental no trabalho",0,95,saude-mental,"Saúde Mental","saúde mental no trabalho",t,"2026-04-13 08:41:34.56973+00",,autocomplete,"2026-04-13 08:41:34.56973+00"
7e5e5d7d-8953-4146-895f-2f207e13201d,"como tratar sintomas menopausa",0,95,menopausa,Menopausa,"menopausa sintomas",t,"2026-04-13 08:37:16.281981+00",,autocomplete,"2026-04-13 08:37:16.281981+00"
7e639b5e-df3f-47bf-be1a-455a3e12c7ea,"sintomas estresse e ansiedade",0,10,saude-mental,"Saúde Mental",stress,t,"2026-04-13 08:40:21.587655+00",,autocomplete,"2026-04-13 08:40:21.587655+00"
7ea1fccf-bace-46bd-872b-fff4496d690e,"incontinência urinária feminina",70,92,menopausa,Menopausa,"incontinência urinária",f,"2026-04-06 08:13:09.66662+00",,pytrends,"2026-04-06 08:13:09.66662+00"
7ec0feb0-f791-4518-bd61-5467b9287bab,"tratamento depressao cetamina",0,10,saude-mental,"Saúde Mental",depressão,t,"2026-04-06 08:17:55.697499+00",,autocomplete,"2026-04-06 08:17:55.697499+00"
7ec1616b-3fa0-43ac-a3bc-756b29e54021,"sintomas de alzheimer em idosos",0,90,saude-mental,"Saúde Mental",alzheimer,t,"2026-04-13 08:43:15.769569+00",,autocomplete,"2026-04-13 08:43:15.769569+00"
7ef34ea3-f347-41e4-abb8-931b369b467b,"perturbação obsessivo compulsiva sintomas",0,95,saude-mental,"Saúde Mental","perturbação obsessivo-compulsiva",t,"2026-04-13 08:43:32.579535+00",,autocomplete,"2026-04-13 08:43:32.579535+00"
7f15f8c3-9013-4e61-b2ad-f9400512acdb,"enxaqueca sintomas tratamento",0,10,saude-mental,"Saúde Mental",enxaqueca,t,"2026-04-13 08:43:55.008487+00",,autocomplete,"2026-04-13 08:43:55.008487+00"
7f1bca4c-4fad-40fe-bb5c-94fe13f17b6f,"intolerância ao glúten tem tratamento",0,10,alimentacao,Alimentação,"intolerância ao glúten",t,"2026-04-13 08:37:05.051837+00",,autocomplete,"2026-04-13 08:37:05.051837+00"
7f40fdb8-8f5a-4ae7-86bb-3fa1fe4ce0ce,"dia mundial da incontinência urinária",9999,92,menopausa,Menopausa,"incontinência urinária",f,"2026-03-23 07:37:08.673374+00",,pytrends,"2026-03-27 18:34:47.925931+00"
7f5043b3-8638-4ac7-b8b8-0397a7e6896c,"candida auris sintomas na pele",0,10,emergentes,Emergentes,"candida auris",t,"2026-04-13 08:42:30.835875+00",,autocomplete,"2026-04-13 08:42:30.835875+00"
7f595e92-3d62-4af3-ad3f-67871b958506,"sintomas de crise de ansiedade",9999,100,saude-mental,"Saúde Mental",ansiedade,t,"2026-03-30 07:58:55.195023+00",,pytrends,"2026-03-30 07:58:55.195023+00"
7f8da3b9-3e6e-4b03-b50c-45bd4b8ba16e,"o que é suicídio culposo",0,60,saude-mental,"Saúde Mental",suicídio,t,"2026-04-13 08:42:36.442374+00",,autocomplete,"2026-04-13 08:42:36.442374+00"
7fadad71-0068-4a9b-8aff-6e25a7fa029b,"causas de candidíase recorrente",0,10,menopausa,Menopausa,candidíase,t,"2026-04-13 08:40:43.957484+00",,autocomplete,"2026-04-13 08:40:43.957484+00"
7fb66f19-5934-4dcb-9dd3-f634afbab422,"como tratar anemia em cachorro",0,45,alimentacao,Alimentação,anemia,t,"2026-04-13 08:40:38.397737+00",,autocomplete,"2026-04-13 08:40:38.397737+00"
7fbdac5b-1227-4bb1-a689-91e384f79f13,"toxina botulínica enxaqueca",5000,44,saude-mental,"Saúde Mental",enxaqueca,f,"2026-03-28 00:18:52.271444+00",,pytrends,"2026-03-28 00:18:52.271444+00"
7fcb7f0b-2aef-4fae-9f19-bd133c0c72d6,"sintomas de depressão pós parto",0,95,saude-mental,"Saúde Mental",depressão,t,"2026-04-13 08:38:46.093196+00",,autocomplete,"2026-04-13 08:38:46.093196+00"
7fff1932-78cf-41d7-a2b9-141947dcca65,"o que é preciso para prevenção de doenças cardiovasculares",0,35,emergentes,Emergentes,"doenças cardiovasculares",t,"2026-04-13 08:43:21.329264+00",,autocomplete,"2026-04-13 08:43:21.329264+00"
80110d43-4a5f-446e-bfdc-8cab18297117,"sintomas de refluxo gastroesofágico em adulto tratamento",0,95,alimentacao,Alimentação,"refluxo gastroesofágico",t,"2026-04-13 08:40:32.807623+00",,autocomplete,"2026-04-13 08:40:32.807623+00"
8013cc7d-9a41-4c10-b522-1841fd9f841e,"quais são os sintomas de saúde mental no trabalho",0,100,saude-mental,"Saúde Mental","saúde mental no trabalho",t,"2026-04-13 08:41:34.56973+00",,autocomplete,"2026-04-13 08:41:34.56973+00"
80266dd5-67f5-4267-ad5b-0b00db3ceba7,"pré-diabetes sintomas na pele",0,10,alimentacao,Alimentação,pré-diabetes,t,"2026-04-13 08:42:08.372884+00",,autocomplete,"2026-04-13 08:42:08.372884+00"
8067dc0f-3b47-4e7a-9ba1-53419d07f392,"cancro da mama sintomas dor",0,10,menopausa,Menopausa,"cancro da mama",t,"2026-04-13 08:40:55.173287+00",,autocomplete,"2026-04-13 08:40:55.173287+00"
806ff908-3405-45c3-b6f4-4264adb71f1e,"principais sintomas de doenças cardiovasculares",0,90,emergentes,Emergentes,"doenças cardiovasculares",t,"2026-04-13 08:43:21.329264+00",,autocomplete,"2026-04-13 08:43:21.329264+00"
808d7bbb-28ea-4883-8065-a460b30aa377,"como tratar demência canina",0,15,saude-mental,"Saúde Mental",demência,t,"2026-04-13 08:40:27.20613+00",,autocomplete,"2026-04-13 08:40:27.20613+00"
8093d2f5-a8b9-4f6a-8423-1989761da296,"tratamento natural doença",0,10,saude-mental,"Saúde Mental",demência,t,"2026-04-13 08:40:27.20613+00",,autocomplete,"2026-04-13 08:40:27.20613+00"
80dca6d1-69a3-42bf-ab40-cbdd04b1fbd8,"o que é lúpus doença",0,10,emergentes,Emergentes,lúpus,t,"2026-04-13 08:42:25.267323+00",,autocomplete,"2026-04-13 08:42:25.267323+00"
80ef7381-a154-4001-9f77-b69bf8300129,"como tratar osteoporose no pé",0,10,menopausa,Menopausa,osteoporose,t,"2026-04-13 08:36:53.898281+00",,autocomplete,"2026-04-13 08:36:53.898281+00"
80f04566-0296-41af-bc6f-006aef13c3df,"pre diabetes tem tratamento",0,10,alimentacao,Alimentação,pré-diabetes,t,"2026-04-13 08:42:08.372884+00",,autocomplete,"2026-04-13 08:42:08.372884+00"
80fb71eb-24d8-40d7-8557-aa79fd375fbe,"enxaqueca sintomas alem da dor de cabeça",0,10,saude-mental,"Saúde Mental",enxaqueca,t,"2026-04-13 08:43:55.008487+00",,autocomplete,"2026-04-13 08:43:55.008487+00"
810e2423-fe23-4cc7-a755-5b2e61f336a8,"insonia sintomas",0,10,saude-mental,"Saúde Mental",insónia,t,"2026-04-13 08:39:19.763922+00",,autocomplete,"2026-04-13 08:39:19.763922+00"
810ea91e-bf38-44aa-84a3-7cb67f9405c6,"ptsd sintomas en hombres",0,10,saude-mental,"Saúde Mental",PTSD,t,"2026-04-13 08:39:36.686137+00",,autocomplete,"2026-04-13 08:39:36.686137+00"
8122de1b-3c19-4885-b3cf-5afe0af321b1,"como tratar alzheimer sintomas",0,30,saude-mental,"Saúde Mental",alzheimer,t,"2026-04-13 08:43:15.769569+00",,autocomplete,"2026-04-13 08:43:15.769569+00"
812aada5-8a3a-441c-9564-bd9108c1050b,"tratamentos para intolerância à lactose tem cura",0,10,alimentacao,Alimentação,"intolerância à lactose",t,"2026-04-13 08:43:43.801483+00",,autocomplete,"2026-04-13 08:43:43.801483+00"
812e86d8-45f2-4e08-b600-97c7601833b9,"o que é incontinência urinária",9999,100,menopausa,Menopausa,"incontinência urinária",t,"2026-04-06 08:13:09.66662+00",,pytrends,"2026-04-06 08:13:09.66662+00"
812ed51f-bdf4-40a0-8f15-4f76b3c2fb73,"endometriose causas e fatores de risco",0,10,menopausa,Menopausa,endometriose,t,"2026-04-13 08:40:10.397854+00",,autocomplete,"2026-04-13 08:40:10.397854+00"
8144aa38-bfc7-422d-b418-3f9c4ed86fda,"rastreio do cancro da mama",60,68,menopausa,Menopausa,"cancro da mama",f,"2026-03-30 08:10:25.831334+00",,pytrends,"2026-03-30 08:10:25.831334+00"
8144d9bb-b270-485b-bc74-189343e1f7e0,"sintomas de diabetes tipo 2 como tratar",0,15,alimentacao,Alimentação,"diabetes tipo 2",t,"2026-04-13 08:42:47.656406+00",,autocomplete,"2026-04-13 08:42:47.656406+00"
8168b131-693a-450a-aa0f-5eac719e0471,"como tratar incontinência urinária de esforço",0,20,menopausa,Menopausa,"incontinência urinária",t,"2026-04-13 08:42:42.043868+00",,autocomplete,"2026-04-13 08:42:42.043868+00"
81692ad3-32d6-4e17-b608-fe87b88e90da,"pre diabetes causas",0,10,alimentacao,Alimentação,pré-diabetes,t,"2026-04-13 08:42:08.372884+00",,autocomplete,"2026-04-13 08:42:08.372884+00"
81922a59-6772-43a1-a0d2-7869b3459be9,"ansiedade tratamento medicamentoso",0,10,saude-mental,"Saúde Mental",ansiedade,t,"2026-04-13 08:38:40.522707+00",,autocomplete,"2026-04-13 08:38:40.522707+00"
8195d697-86e6-44ae-8ccb-cf79b04084e3,"tratamento para enxaqueca crônica",0,10,saude-mental,"Saúde Mental",enxaqueca,t,"2026-04-13 08:43:55.008487+00",,autocomplete,"2026-04-13 08:43:55.008487+00"
819e4a39-94d9-44ad-a2dd-ead9ae1b13e0,"segundo a declaração de consenso o que é reabilitação psicossocial",0,85,saude-mental,"Saúde Mental","reabilitação psicossocial",t,"2026-04-13 08:44:00.552984+00",,autocomplete,"2026-04-13 08:44:00.552984+00"
819efb72-1f21-4526-8511-c54895730715,"intolerância à lactose primária sintomas",0,10,alimentacao,Alimentação,"intolerância à lactose",t,"2026-03-30 08:18:34.934772+00",,autocomplete,"2026-03-30 08:18:34.934772+00"
81b838b6-622a-467c-96f9-b217ab070875,"como prevenir demência frontotemporal",0,10,saude-mental,"Saúde Mental",demência,t,"2026-04-13 08:40:27.20613+00",,autocomplete,"2026-04-13 08:40:27.20613+00"
81b920e0-c60b-4dd6-a26d-59dfcbc794f8,"o que é pânico do jaleco branco",0,10,saude-mental,"Saúde Mental",pânico,t,"2026-04-13 08:39:31.045213+00",,autocomplete,"2026-04-13 08:39:31.045213+00"
81cbe3cc-d9b7-4c32-8395-6966edfe3814,"como prevenir el síndrome de burnout en enfermería",0,10,saude-mental,"Saúde Mental",burnout,t,"2026-04-13 08:38:34.941684+00",,autocomplete,"2026-04-13 08:38:34.941684+00"
81cc10f5-04c4-4161-bc34-689e1fd67ed9,"o que é enxaqueca crônica",0,10,saude-mental,"Saúde Mental",enxaqueca,t,"2026-04-13 08:43:55.008487+00",,autocomplete,"2026-04-13 08:43:55.008487+00"
81dc1f43-1514-484f-9084-a190eecb00d5,"é normal ter candidiase na gravidez",0,10,menopausa,Menopausa,candidíase,t,"2026-04-13 08:40:43.957484+00",,autocomplete,"2026-04-13 08:40:43.957484+00"
81e7f831-0a64-4a01-a2de-e7b45b34499e,"sintomas de alzheimer em pessoas jovens",0,75,saude-mental,"Saúde Mental",alzheimer,t,"2026-04-13 08:43:15.769569+00",,autocomplete,"2026-04-13 08:43:15.769569+00"
81f317ed-7d62-4575-b508-d249a4bac736,"como prevenir a ansiedade no trabalho",0,10,saude-mental,"Saúde Mental",ansiedade,t,"2026-04-13 08:38:40.522707+00",,autocomplete,"2026-04-13 08:38:40.522707+00"
81fd1dd6-c03f-46db-990f-d483e84e72a8,"princípio de avc",9999,100,emergentes,Emergentes,avc,f,"2026-03-30 08:05:39.827249+00",,pytrends,"2026-03-30 08:05:39.827249+00"
820c41b3-8618-48a6-bc6b-68dd553fcbed,"o que é intolerância ao glúten",0,40,alimentacao,Alimentação,"intolerância ao glúten",t,"2026-04-13 08:37:05.051837+00",,autocomplete,"2026-04-13 08:37:05.051837+00"
820dfe2e-1da0-422d-8059-584f9a060a80,"causas de sepsis puerperal",0,10,emergentes,Emergentes,sepsis,t,"2026-04-13 08:41:00.80186+00",,autocomplete,"2026-04-13 08:41:00.80186+00"
821a71cd-b59a-4a04-8562-6d918c67a241,"intolerância à lactose sintomas criança",0,10,alimentacao,Alimentação,"intolerância à lactose",t,"2026-03-30 08:18:34.934772+00",,autocomplete,"2026-03-30 08:18:34.934772+00"
822bc2ed-6631-4b1a-92a8-61f8e63cc519,"tem como tratar alzheimer",0,10,saude-mental,"Saúde Mental",alzheimer,t,"2026-04-13 08:43:15.769569+00",,autocomplete,"2026-04-13 08:43:15.769569+00"
823f61db-35d2-493f-82f9-7646762f717c,"como perder peso na menopausa",9999,100,menopausa,Menopausa,"peso na menopausa",t,"2026-03-23 07:28:43.841168+00",,pytrends,"2026-03-27 18:34:47.925931+00"
827929d0-cdef-4eb7-bec1-6e4c136d3096,"enxaqueca com aura é perigoso",9999,68,saude-mental,"Saúde Mental",enxaqueca,f,"2026-03-28 00:18:52.271444+00",,pytrends,"2026-03-28 00:18:52.271444+00"
827fd140-9b70-42bc-bdbd-b10e3dff8e50,"sintomas de tdah em adultos homens",0,85,saude-mental,"Saúde Mental","TDAH adulto",t,"2026-04-13 08:39:53.572317+00",,autocomplete,"2026-04-13 08:39:53.572317+00"
829c111f-bcfb-44b6-8941-e4d408c37211,"como tratar insônia de forma natural",0,20,saude-mental,"Saúde Mental",insónia,t,"2026-04-13 08:39:19.763922+00",,autocomplete,"2026-04-13 08:39:19.763922+00"
82b89b85-65c6-484a-965b-1fa8fe9ec389,"sintomas de stress",0,95,saude-mental,"Saúde Mental",stress,t,"2026-04-13 08:40:21.587655+00",,autocomplete,"2026-04-13 08:40:21.587655+00"
82b9db02-59c4-4c25-ac85-5a324545f527,"endometriose tem cura?",1200,36,menopausa,Menopausa,endometriose,f,"2026-03-28 00:20:14.303314+00",,pytrends,"2026-03-28 00:20:14.303314+00"
82c6905b-c2e4-4ca4-ab97-12b57c51a407,"candida auris sintomas",9999,92,emergentes,Emergentes,"candida auris",f,"2026-04-06 08:12:48.386574+00",,pytrends,"2026-04-06 08:12:48.386574+00"
82c76b88-7934-4a04-9581-966452d74c28,"causas sepsis urinaria",0,10,emergentes,Emergentes,sepsis,t,"2026-03-30 08:19:58.64322+00",,autocomplete,"2026-03-30 08:19:58.64322+00"
82ef14f1-32f3-401e-999c-406082dae262,"sintomas de demência senil",0,85,saude-mental,"Saúde Mental",demência,t,"2026-04-13 08:40:27.20613+00",,autocomplete,"2026-04-13 08:40:27.20613+00"
82fdc9f3-fa7f-4e27-bf41-b6d9b36334b8,"o que significa reabilitação psicossocial no contexto da saúde mental",0,90,saude-mental,"Saúde Mental","reabilitação psicossocial",t,"2026-04-13 08:44:00.552984+00",,autocomplete,"2026-04-13 08:44:00.552984+00"
82ff5b74-1028-448b-bfdc-60c9cce7971b,"suores frios noturnos causas",0,10,menopausa,Menopausa,"suores noturnos",t,"2026-04-13 08:37:44.379314+00",,autocomplete,"2026-04-13 08:37:44.379314+00"
830cfe27-a693-4c0b-82fd-9101aae29ab8,"a endometriose tem cura",9999,92,menopausa,Menopausa,endometriose,f,"2026-04-06 08:08:45.246752+00",,pytrends,"2026-04-06 08:08:45.246752+00"
8325dc7a-3747-4871-8dfe-84d6978e0189,"cem anos de solidão livro",9999,84,saude-mental,"Saúde Mental",solidão,f,"2026-04-06 08:05:57.102584+00",,pytrends,"2026-04-06 08:05:57.102584+00"
8325ed5f-c1f5-4237-a2b3-a0a423eb109b,"endometriose sintomas iniciais",0,10,menopausa,Menopausa,endometriose,t,"2026-04-13 08:40:10.397854+00",,autocomplete,"2026-04-13 08:40:10.397854+00"
8327ee06-81cd-43c3-a40e-24b532d9cdfa,"é normal a pessoa ter um avc e dormir muito",0,10,emergentes,Emergentes,avc,t,"2026-04-13 08:41:12.052215+00",,autocomplete,"2026-04-13 08:41:12.052215+00"
833cdb84-5b9a-483d-90e4-2edfd3d5a0f0,"sintomas de enxaqueca vestibular",0,75,saude-mental,"Saúde Mental",enxaqueca,t,"2026-04-13 08:43:55.008487+00",,autocomplete,"2026-04-13 08:43:55.008487+00"
83497e9a-6af0-468c-9e96-c78ef479c337,"cancro da mama sintomas",0,10,menopausa,Menopausa,"cancro da mama",t,"2026-04-13 08:40:55.173287+00",,autocomplete,"2026-04-13 08:40:55.173287+00"
834f3470-4301-45fa-bd35-a67f5005ddfb,"o'que é saúde mental dos jovens",0,100,saude-mental,"Saúde Mental","saúde mental jovens",t,"2026-04-13 08:44:06.174344+00",,autocomplete,"2026-04-13 08:44:06.174344+00"
8351516e-35b9-4371-90e2-1d6ce3ff0836,"cancro da mama sintomas comichão",0,10,menopausa,Menopausa,"cancro da mama",t,"2026-04-13 08:40:55.173287+00",,autocomplete,"2026-04-13 08:40:55.173287+00"
837d43cb-d4d2-4962-8493-299170308f4a,"o que provoca síndrome do intestino irritável",0,10,alimentacao,Alimentação,"síndrome de intestino irritável",t,"2026-04-13 08:40:49.538553+00",,autocomplete,"2026-04-13 08:40:49.538553+00"
837d81d3-9f69-4b02-b553-af707c35c824,"causas de estresse oxidativo",0,10,saude-mental,"Saúde Mental",stress,t,"2026-04-13 08:40:21.587655+00",,autocomplete,"2026-04-13 08:40:21.587655+00"
83979f33-75e2-452a-b70c-2cb48be29602,"sintomas fungo candida auris na pele",0,85,emergentes,Emergentes,"candida auris",t,"2026-04-13 08:42:30.835875+00",,autocomplete,"2026-04-13 08:42:30.835875+00"
839c0786-0eec-4d01-8d0f-a5e2cd7517cc,"causas de lúpus",0,10,emergentes,Emergentes,lúpus,t,"2026-04-13 08:42:25.267323+00",,autocomplete,"2026-04-13 08:42:25.267323+00"
83b4961e-053d-4993-b24b-38bdf122ae66,"diabetes tipo 2 tratamento",0,10,alimentacao,Alimentação,"diabetes tipo 2",t,"2026-04-13 08:42:47.656406+00",,autocomplete,"2026-04-13 08:42:47.656406+00"
83c50969-d9a2-4cb6-9339-e438d7c4fdb5,"depressão sintomas psicológicos",0,10,saude-mental,"Saúde Mental",depressão,t,"2026-04-13 08:38:46.093196+00",,autocomplete,"2026-04-13 08:38:46.093196+00"
83ce79a3-36ba-442e-baf3-4bd0f268502f,"causas de colesterol alto em adolescentes",0,10,alimentacao,Alimentação,"colesterol alto",t,"2026-04-13 08:40:04.811683+00",,autocomplete,"2026-04-13 08:40:04.811683+00"
83e39737-f950-41dc-9a30-458854eab9ab,"como tratar refluxo gastroesofágico naturalmente",0,45,alimentacao,Alimentação,"refluxo gastroesofágico",t,"2026-04-13 08:40:32.807623+00",,autocomplete,"2026-04-13 08:40:32.807623+00"
83e7821f-60b6-4799-ba36-37994d345b6b,"pré diabetes tratamento medicamentoso",0,10,alimentacao,Alimentação,pré-diabetes,t,"2026-04-13 08:42:08.372884+00",,autocomplete,"2026-04-13 08:42:08.372884+00"
83eee579-472d-48a5-8c01-06e28b76303c,"tratamento para anemia profunda",0,10,alimentacao,Alimentação,anemia,t,"2026-04-13 08:40:38.397737+00",,autocomplete,"2026-04-13 08:40:38.397737+00"
8405965d-f840-4426-8576-ed0746deb8ba,"tratamento para ansiedade natural",0,10,saude-mental,"Saúde Mental",ansiedade,t,"2026-04-13 08:38:40.522707+00",,autocomplete,"2026-04-13 08:38:40.522707+00"
8419db79-87a2-4ac0-95f3-8119c959df5e,"sintomas de menopausa precoce 30 anos",0,60,menopausa,Menopausa,"menopausa precoce",t,"2026-04-13 08:37:50.002306+00",,autocomplete,"2026-04-13 08:37:50.002306+00"
845463ab-deed-4ea9-8972-c427eabd271f,"tratamento para enxaqueca remedios",0,10,saude-mental,"Saúde Mental",enxaqueca,t,"2026-04-13 08:43:55.008487+00",,autocomplete,"2026-04-13 08:43:55.008487+00"
8459ce22-552b-4afd-95ac-4fda2f368a21,"fobia social sintomas como tratar",0,10,saude-mental,"Saúde Mental","fobia social",t,"2026-04-13 08:41:17.653799+00",,autocomplete,"2026-04-13 08:41:17.653799+00"
845e3b0a-b7d3-44fe-a297-809b6bcae155,"app jejum intermitente grátis",8700,68,alimentacao,Alimentação,"jejum intermitente",f,"2026-03-28 00:11:52.776734+00",,pytrends,"2026-03-28 00:11:52.776734+00"
847dbd5b-aa72-4a02-b638-8db0a7a9f742,"causas de avc hemorrágico",0,10,emergentes,Emergentes,avc,t,"2026-04-13 08:41:12.052215+00",,autocomplete,"2026-04-13 08:41:12.052215+00"
849368dd-960c-42b0-9c44-baac3f9e660b,"existe tratamento para pré diabetes",0,10,alimentacao,Alimentação,pré-diabetes,t,"2026-04-13 08:42:08.372884+00",,autocomplete,"2026-04-13 08:42:08.372884+00"
84994e5e-7301-4a4a-a93c-08264ef90986,"tratamento de doenças cardiovasculares pdf",0,15,emergentes,Emergentes,"doenças cardiovasculares",t,"2026-04-13 08:43:21.329264+00",,autocomplete,"2026-04-13 08:43:21.329264+00"
8499e407-c833-42b6-95d5-8fd62bba13b7,"o que é alimentos ultraprocessados",0,90,alimentacao,Alimentação,ultraprocessados,t,"2026-04-13 08:37:33.154402+00",,autocomplete,"2026-04-13 08:37:33.154402+00"
84a9bcaf-22ce-44f0-859a-5cff0e68dcd4,"o que é a doença celíaca",9999,100,alimentacao,Alimentação,"doença celíaca",t,"2026-03-28 00:18:31.643305+00",,pytrends,"2026-03-28 00:18:31.643305+00"
84c60789-e31b-46cc-8318-5c43848bd0de,"sintomas pânico noturno",0,10,saude-mental,"Saúde Mental",pânico,t,"2026-04-13 08:39:31.045213+00",,autocomplete,"2026-04-13 08:39:31.045213+00"
84c6d43d-2b8b-4a4f-86e4-597c3ad38810,"o que é alimentação plant based",0,100,alimentacao,Alimentação,"alimentação plant-based",t,"2026-04-13 08:38:01.221745+00",,autocomplete,"2026-04-13 08:38:01.221745+00"
84c8c71e-ee20-4ad7-9d0b-68c98d0806db,"osteoporose sintomas na perna",0,10,menopausa,Menopausa,osteoporose,t,"2026-04-13 08:36:53.898281+00",,autocomplete,"2026-04-13 08:36:53.898281+00"
84cbc5f5-c45f-4a8c-b5f6-c9d20441e226,"mes da endometriose",6300,44,menopausa,Menopausa,endometriose,f,"2026-03-23 07:41:17.864135+00",,pytrends,"2026-03-27 18:34:47.925931+00"
84def3d2-114b-4630-989e-8cee57247f60,"comprimidos para ansiedade",40,10,saude-mental,"Saúde Mental",ansiedade,f,"2026-03-30 07:58:55.195023+00",,pytrends,"2026-03-30 07:58:55.195023+00"
84e7f6a3-20f4-44b8-9c0b-394d25ee2b46,"pânico sintomas fisicos",0,10,saude-mental,"Saúde Mental",pânico,t,"2026-04-13 08:39:31.045213+00",,autocomplete,"2026-04-13 08:39:31.045213+00"
84eda55e-b02f-40e9-abf0-f498b563aaa7,"causas de sepsis neonatal temprana",0,10,emergentes,Emergentes,sepsis,t,"2026-04-13 08:41:00.80186+00",,autocomplete,"2026-04-13 08:41:00.80186+00"
84f1ef43-e21b-483c-8b96-a1431bfc8492,"o que é anemia severa",0,10,alimentacao,Alimentação,anemia,t,"2026-04-13 08:40:38.397737+00",,autocomplete,"2026-04-13 08:40:38.397737+00"
84f50008-899d-40eb-b4a9-8d9394c697f3,"endometriose causas gases",0,10,menopausa,Menopausa,endometriose,t,"2026-04-13 08:40:10.397854+00",,autocomplete,"2026-04-13 08:40:10.397854+00"
84f6318f-3f40-48e9-a2d5-cc835b983734,"como tratar incontinência urinária feminina",0,40,menopausa,Menopausa,"incontinência urinária",t,"2026-04-13 08:42:42.043868+00",,autocomplete,"2026-04-13 08:42:42.043868+00"
850b978e-c684-4e79-b69b-fba50d01db12,"colesterol total alto tratamento",0,10,alimentacao,Alimentação,"colesterol alto",t,"2026-04-13 08:40:04.811683+00",,autocomplete,"2026-04-13 08:40:04.811683+00"
85480d82-5b0c-46d7-8b09-6c0579c1b71f,"como tratar ansiedade em casa",0,20,saude-mental,"Saúde Mental",ansiedade,t,"2026-04-13 08:38:40.522707+00",,autocomplete,"2026-04-13 08:38:40.522707+00"
8560bf77-96f8-497d-91ca-5717560b97c6,"sintomas de menopausa precoce aos 37 anos",0,70,menopausa,Menopausa,"menopausa precoce",t,"2026-04-13 08:37:50.002306+00",,autocomplete,"2026-04-13 08:37:50.002306+00"
857322b3-9e96-4dee-b5ed-894e10e28610,"o que é doença celíaca",9999,100,alimentacao,Alimentação,"doença celíaca",t,"2026-03-30 08:08:24.685015+00",,pytrends,"2026-03-30 08:08:24.685015+00"
859752c1-cfb2-422d-914c-7dbf6c65286e,"enxaqueca cronica",190,44,saude-mental,"Saúde Mental",enxaqueca,f,"2026-04-13 08:36:05.931314+00",,pytrends,"2026-04-13 08:36:05.931314+00"
85ce348a-1d19-46e2-81a9-ce0456c8fb74,"o que é virus nipah",0,60,emergentes,Emergentes,"vírus nipah",t,"2026-04-13 08:38:12.456348+00",,autocomplete,"2026-04-13 08:38:12.456348+00"
85e5b6a9-1aa7-4774-a9bc-8c165411cb12,"candida auris doença",9999,44,emergentes,Emergentes,"candida auris",f,"2026-04-13 08:33:16.338095+00",,pytrends,"2026-04-13 08:33:16.338095+00"
860b48eb-810b-4cc8-84f2-bd3cf171978f,"tratamento para lupus quimioterapia",0,10,emergentes,Emergentes,lúpus,t,"2026-04-13 08:42:25.267323+00",,autocomplete,"2026-04-13 08:42:25.267323+00"
861e7ca3-d4af-477c-98a5-b77aaac6c1d4,"causas de la resistencia bacteriana a los antibióticos",0,65,emergentes,Emergentes,"resistência antibióticos",t,"2026-04-13 08:42:19.657825+00",,autocomplete,"2026-04-13 08:42:19.657825+00"
8620fcc9-6957-4b02-b5cb-f415b8481782,"como prevenir depressão",0,10,saude-mental,"Saúde Mental",depressão,t,"2026-04-13 08:38:46.093196+00",,autocomplete,"2026-04-13 08:38:46.093196+00"
86234a84-37b0-4c4c-8302-edf1908c953b,"sintomas de pre diabetes em criança",0,70,alimentacao,Alimentação,pré-diabetes,t,"2026-04-13 08:42:08.372884+00",,autocomplete,"2026-04-13 08:42:08.372884+00"
86287bb9-3638-48d9-bedf-0a8e69f860fe,"sintomas de diabetes tipo 2 baixa",0,70,alimentacao,Alimentação,"diabetes tipo 2",t,"2026-04-13 08:42:47.656406+00",,autocomplete,"2026-04-13 08:42:47.656406+00"
8640f71e-fd0d-45ad-961b-0b5ecffefaca,"dieta cetogênica no tratamento de epilepsias farmacorresistentes",0,45,alimentacao,Alimentação,"dieta cetogénica",t,"2026-04-13 08:37:55.594739+00",,autocomplete,"2026-04-13 08:37:55.594739+00"
8657980a-1b72-4281-8ed5-4a25cc1ed5fc,"obesidade infantil sinais e sintomas",0,10,alimentacao,Alimentação,"obesidade infantil",t,"2026-04-13 08:36:59.449865+00",,autocomplete,"2026-04-13 08:36:59.449865+00"
865f54ed-35f9-4c8a-bfc9-f25ba5ecf827,"causas de anemia ferropriva",0,10,alimentacao,Alimentação,anemia,t,"2026-04-13 08:40:38.397737+00",,autocomplete,"2026-04-13 08:40:38.397737+00"
865fb723-7017-4bff-8b53-af3696344be7,"é normal ter anemia leve",0,10,alimentacao,Alimentação,anemia,t,"2026-03-30 08:19:34.858993+00",,autocomplete,"2026-03-30 08:19:34.858993+00"
8667f93e-15bd-4595-a11c-ba953d6aa121,"surviving sepsis campaign",160,76,emergentes,Emergentes,sepsis,f,"2026-04-06 08:10:10.959529+00",,pytrends,"2026-04-06 08:10:10.959529+00"
868d8aa2-00bc-4bb9-9d2c-1dee8d8b5c2b,"o que é anemia hemolítica",0,10,alimentacao,Alimentação,anemia,t,"2026-04-13 08:40:38.397737+00",,autocomplete,"2026-04-13 08:40:38.397737+00"
8693f9bf-1281-4c43-b9c5-2ca8df83ca91,"surviving sepsis campaign guidelines",60,60,emergentes,Emergentes,sepsis,f,"2026-04-06 08:10:10.959529+00",,pytrends,"2026-04-06 08:10:10.959529+00"
86a3a828-0e7b-4f7d-b007-5442693863b2,"o que é estresse térmico",0,10,saude-mental,"Saúde Mental",stress,t,"2026-04-13 08:40:21.587655+00",,autocomplete,"2026-04-13 08:40:21.587655+00"
86b8582f-2505-4a86-bda6-3972b6783eac,"o que é solidão ou solitude",0,30,saude-mental,"Saúde Mental",solidão,t,"2026-04-13 08:38:51.66098+00",,autocomplete,"2026-04-13 08:38:51.66098+00"
86c86f84-2723-4413-a138-fda22a59fd91,"insonia causas organicas",0,10,saude-mental,"Saúde Mental",insónia,t,"2026-03-30 08:14:18.110583+00",,autocomplete,"2026-03-30 08:14:18.110583+00"
86c88af1-04f1-4aaa-9d6e-f19db6536f62,"burnout sintomas e causas",0,10,saude-mental,"Saúde Mental",burnout,t,"2026-04-13 08:38:34.941684+00",,autocomplete,"2026-04-13 08:38:34.941684+00"
86e73804-4850-4c81-8214-c3011334fef4,"o que é anemia ferropriva",0,10,alimentacao,Alimentação,anemia,t,"2026-04-13 08:40:38.397737+00",,autocomplete,"2026-04-13 08:40:38.397737+00"
87025357-4fe8-4814-8c72-6cadddb0f06c,"causas de insonia em crianças",0,10,saude-mental,"Saúde Mental",insónia,t,"2026-04-13 08:39:19.763922+00",,autocomplete,"2026-04-13 08:39:19.763922+00"
870bcb59-8389-4851-9f3f-983881eb1dd7,"causas de la resistencia a los antibióticos y antimicrobianos",0,70,emergentes,Emergentes,"resistência antibióticos",t,"2026-04-13 08:42:19.657825+00",,autocomplete,"2026-04-13 08:42:19.657825+00"
871390e2-fd04-4c65-9c45-ff05a3943bab,"o que ocasiona menopausa precoce",0,10,menopausa,Menopausa,"menopausa precoce",t,"2026-03-30 08:16:41.428929+00",,autocomplete,"2026-03-30 08:16:41.428929+00"
8720a2ff-bb31-4b21-a3a5-53745b28a334,"perturbação obsessivo compulsiva tratamento",0,90,saude-mental,"Saúde Mental","perturbação obsessivo-compulsiva",t,"2026-04-13 08:43:32.579535+00",,autocomplete,"2026-04-13 08:43:32.579535+00"
878282b7-5cd5-4135-960c-c629db3828ed,"o que é burnout",0,10,saude-mental,"Saúde Mental",burnout,t,"2026-04-13 08:38:34.941684+00",,autocomplete,"2026-04-13 08:38:34.941684+00"
87873632-997d-40a3-a3fa-42bb6e2d6535,"o que é cancro da mama hormonal",0,35,menopausa,Menopausa,"cancro da mama",t,"2026-04-13 08:40:55.173287+00",,autocomplete,"2026-04-13 08:40:55.173287+00"
8799cb4e-907a-40c2-8a6c-d596b0d57e5c,"causas colesterol alto",9999,92,alimentacao,Alimentação,"colesterol alto",t,"2026-03-28 00:19:33.247612+00",,pytrends,"2026-03-28 00:19:33.247612+00"
879b9599-476c-4f34-ba51-f43d6120446f,"sintomas de osteoporose no pé",0,95,menopausa,Menopausa,osteoporose,t,"2026-04-13 08:36:53.898281+00",,autocomplete,"2026-04-13 08:36:53.898281+00"
87c93eab-4935-43b6-920e-b29769fc09c1,"o que é panico do medo",0,10,saude-mental,"Saúde Mental",pânico,t,"2026-04-13 08:39:31.045213+00",,autocomplete,"2026-04-13 08:39:31.045213+00"
87e1d6db-fe14-4d62-9b4d-d5e752d0d34f,"causas de alzheimer síntomas",0,10,saude-mental,"Saúde Mental",alzheimer,t,"2026-04-13 08:43:15.769569+00",,autocomplete,"2026-04-13 08:43:15.769569+00"
87f33edb-077b-447b-9e04-2f345f8f11ad,"osteoporose sintomas como tratar",0,10,menopausa,Menopausa,osteoporose,t,"2026-03-30 08:16:17.628387+00",,autocomplete,"2026-03-30 08:16:17.628387+00"
8808932b-57cf-4985-9064-c27ac57ee742,"é normal ter insonia na tpm",0,10,saude-mental,"Saúde Mental",insónia,t,"2026-04-13 08:39:19.763922+00",,autocomplete,"2026-04-13 08:39:19.763922+00"
8808fd62-b32e-4978-8150-ed7b4bc6e43b,"o que é dependências de um lugar",0,75,saude-mental,"Saúde Mental",dependências,t,"2026-04-13 08:41:06.439839+00",,autocomplete,"2026-04-13 08:41:06.439839+00"
880aa67e-c3a2-42ca-b42c-5339d0d697b7,"o que é alzheimer precoce",0,10,saude-mental,"Saúde Mental",alzheimer,t,"2026-04-13 08:43:15.769569+00",,autocomplete,"2026-04-13 08:43:15.769569+00"
880fb18d-1b96-4033-96f8-40417fd1e76e,"diabetes tipo 2 tratamento insulina",0,10,alimentacao,Alimentação,"diabetes tipo 2",t,"2026-04-13 08:42:47.656406+00",,autocomplete,"2026-04-13 08:42:47.656406+00"
8816555e-037f-47bc-b9b3-2955f6696826,"é normal ter menopausa precoce",0,10,menopausa,Menopausa,"menopausa precoce",t,"2026-04-13 08:37:50.002306+00",,autocomplete,"2026-04-13 08:37:50.002306+00"
883d2fe2-6bf5-4e63-8946-3c901c5f73bd,"tratamento para diabetes diretriz",0,10,alimentacao,Alimentação,pré-diabetes,t,"2026-04-13 08:42:08.372884+00",,autocomplete,"2026-04-13 08:42:08.372884+00"
884402ac-1708-423a-b180-5478fdac8f84,"tratamento para diabetes com metformina",0,10,alimentacao,Alimentação,pré-diabetes,t,"2026-04-13 08:42:08.372884+00",,autocomplete,"2026-04-13 08:42:08.372884+00"
8886bfda-4bba-41e3-b3b4-0af9677940a9,"stress sintomas fisicos e psicologicos",0,10,saude-mental,"Saúde Mental",stress,t,"2026-04-13 08:40:21.587655+00",,autocomplete,"2026-04-13 08:40:21.587655+00"
88bd5de4-e6a7-4fd6-b889-82c7470634ea,"como prevenir síndrome de ovario policístico",0,60,menopausa,Menopausa,"síndrome do ovário poliquístico",t,"2026-04-13 08:43:26.930582+00",,autocomplete,"2026-04-13 08:43:26.930582+00"
88c012e4-372e-45e9-a397-0340b6dfefdb,"sintomas de pânico e depressão",0,90,saude-mental,"Saúde Mental",pânico,t,"2026-04-13 08:39:31.045213+00",,autocomplete,"2026-04-13 08:39:31.045213+00"
88cd4337-d379-4b10-b6cb-c5030f160bd6,"menopausa masculina sintomas",0,80,menopausa,Menopausa,"menopausa masculina",t,"2026-04-13 08:39:08.490186+00",,autocomplete,"2026-04-13 08:39:08.490186+00"
88d8da17-936b-4d56-b7ca-34fa773cef7f,"candidíase sintomas como tratar",0,10,menopausa,Menopausa,candidíase,t,"2026-04-13 08:40:43.957484+00",,autocomplete,"2026-04-13 08:40:43.957484+00"
88e70a7d-6bc6-42db-8106-cdebc47a53f2,"causas de depressão em homens",0,10,saude-mental,"Saúde Mental",depressão,t,"2026-04-13 08:38:46.093196+00",,autocomplete,"2026-04-13 08:38:46.093196+00"
8915c2db-1e64-4f97-9883-54416a07e6a8,"o que é alzheimer e quais os sintomas",0,10,saude-mental,"Saúde Mental",alzheimer,t,"2026-04-13 08:43:15.769569+00",,autocomplete,"2026-04-13 08:43:15.769569+00"
89164ebe-c04c-4a5e-979d-63601092f4e5,"sintomas de demência inicial",0,80,saude-mental,"Saúde Mental",demência,t,"2026-04-13 08:40:27.20613+00",,autocomplete,"2026-04-13 08:40:27.20613+00"
8926edb5-288f-4c2c-a666-f074e2d0c622,"causas de ansiedade generalizada",0,10,saude-mental,"Saúde Mental",ansiedade,t,"2026-04-13 08:38:40.522707+00",,autocomplete,"2026-04-13 08:38:40.522707+00"
89486feb-70b0-4221-8581-7019a651102d,"colesterol alto causas alimentos",0,10,alimentacao,Alimentação,"colesterol alto",t,"2026-04-13 08:40:04.811683+00",,autocomplete,"2026-04-13 08:40:04.811683+00"
894fe8dd-f0af-49cf-8771-ba55967944c7,"depressão tratamento pdf",0,10,saude-mental,"Saúde Mental",depressão,t,"2026-04-13 08:38:46.093196+00",,autocomplete,"2026-04-13 08:38:46.093196+00"
898e59af-a932-454b-b28c-710c981a6bdb,"como prevenir alergias alimentares",0,60,alimentacao,Alimentação,"alergias alimentares",t,"2026-04-13 08:37:10.663708+00",,autocomplete,"2026-04-13 08:37:10.663708+00"
89ae5a84-fcdd-4084-9094-91f4091479c7,"o que candida auris causa",0,40,emergentes,Emergentes,"candida auris",t,"2026-04-13 08:42:30.835875+00",,autocomplete,"2026-04-13 08:42:30.835875+00"
89bfcf7e-9299-4c0d-9c7f-b5064b0b32ab,"doença celíaca como prevenir",0,10,alimentacao,Alimentação,"doença celíaca",t,"2026-04-13 08:43:38.203977+00",,autocomplete,"2026-04-13 08:43:38.203977+00"
89d53f70-cbe2-4803-bb04-918e7946fbf3,"osteoporose tratamento injetavel",0,10,menopausa,Menopausa,osteoporose,t,"2026-04-13 08:36:53.898281+00",,autocomplete,"2026-04-13 08:36:53.898281+00"
89dcb761-cf99-489a-a752-450933d39637,"causas de sepsis neonatal tardia",0,10,emergentes,Emergentes,sepsis,t,"2026-04-13 08:41:00.80186+00",,autocomplete,"2026-04-13 08:41:00.80186+00"
89dd1f38-fe3d-4eb4-af8a-b8d3679cc264,"o que é perturbação obsessivo compulsiva",0,100,saude-mental,"Saúde Mental","perturbação obsessivo-compulsiva",t,"2026-04-13 08:43:32.579535+00",,autocomplete,"2026-04-13 08:43:32.579535+00"
89f625e5-f422-4396-9071-f33abf3e3c94,"novo virus nipah sintomas",0,10,emergentes,Emergentes,"vírus nipah",t,"2026-04-13 08:38:12.456348+00",,autocomplete,"2026-04-13 08:38:12.456348+00"
89fb23a4-530e-4aed-b9f7-d4f19065abd4,"o que é desenvolvimento de competências socioemocionais",0,90,saude-mental,"Saúde Mental","competências socioemocionais",t,"2026-04-13 08:41:28.934623+00",,autocomplete,"2026-04-13 08:41:28.934623+00"
8a0730aa-434a-4972-878f-f67832b88855,"sintomas de lúpus eritematoso sistêmico",0,85,emergentes,Emergentes,lúpus,t,"2026-04-13 08:42:25.267323+00",,autocomplete,"2026-04-13 08:42:25.267323+00"
8a117ecf-0f4a-4041-89cb-3bbfe71cd5a6,"causas de burnout no trabalho",0,10,saude-mental,"Saúde Mental",burnout,t,"2026-04-13 08:38:34.941684+00",,autocomplete,"2026-04-13 08:38:34.941684+00"
8a1b4b57-651d-4946-a05e-ea4d3db67ddc,"colesterol alto tem tratamento",0,10,alimentacao,Alimentação,"colesterol alto",t,"2026-04-13 08:40:04.811683+00",,autocomplete,"2026-04-13 08:40:04.811683+00"
8a343eaf-35b9-48b8-b7b2-64d9b21c6c1b,"o'que é dependências emocionais",0,70,saude-mental,"Saúde Mental",dependências,t,"2026-04-13 08:41:06.439839+00",,autocomplete,"2026-04-13 08:41:06.439839+00"
8a69cd6b-e76e-4585-bf78-9b2b7dd51250,"o que é jejum intermitente e como fazer",0,80,alimentacao,Alimentação,"jejum intermitente",t,"2026-04-13 08:36:37.089218+00",,autocomplete,"2026-04-13 08:36:37.089218+00"
8a790036-8604-4d1d-9bf0-05669119ae1a,"comprimido para candidíase",9999,92,menopausa,Menopausa,candidíase,f,"2026-03-30 08:10:15.11518+00",,pytrends,"2026-03-30 08:10:15.11518+00"
8ac03f6c-040c-4279-8465-187b3116f2fc,"anemia sintomas",0,10,alimentacao,Alimentação,anemia,t,"2026-04-13 08:40:38.397737+00",,autocomplete,"2026-04-13 08:40:38.397737+00"
8ada5289-8939-4ab4-9800-bf953c96a932,"existe tratamento para burnout",0,10,saude-mental,"Saúde Mental",burnout,t,"2026-04-13 08:38:34.941684+00",,autocomplete,"2026-04-13 08:38:34.941684+00"
8ae41d58-a2a5-4af8-aec3-634f2570942a,"incontinência urinária feminina sintomas",0,10,menopausa,Menopausa,"incontinência urinária",t,"2026-04-13 08:42:42.043868+00",,autocomplete,"2026-04-13 08:42:42.043868+00"
8afb0da2-36b3-4e8a-95b3-d52d157a2bdb,"remedio para enxaqueca",60,10,saude-mental,"Saúde Mental",enxaqueca,f,"2026-03-30 08:08:36.559366+00",,pytrends,"2026-03-30 08:08:36.559366+00"
8b1e271c-a67a-4ee2-b437-1cc9c270a2fa,"como tratar ansiedade de forma natural",0,40,saude-mental,"Saúde Mental",ansiedade,t,"2026-04-13 08:38:40.522707+00",,autocomplete,"2026-04-13 08:38:40.522707+00"
8b2c105b-cf1b-4c72-85c4-b1c6e95c122a,"incontinência urinária pós parto",9999,100,menopausa,Menopausa,"incontinência urinária",f,"2026-03-28 00:16:06.263874+00",,pytrends,"2026-03-28 00:16:06.263874+00"
8b334218-befa-4e38-9312-6e2a0a7b5b38,"sintomas de diabetes tipo 2 descontrolada",0,60,alimentacao,Alimentação,"diabetes tipo 2",t,"2026-04-13 08:42:47.656406+00",,autocomplete,"2026-04-13 08:42:47.656406+00"
8b459e3e-5b13-48a3-811a-3a9cb54e9824,"como tratar ansiedade cronica",0,10,saude-mental,"Saúde Mental",ansiedade,t,"2026-04-13 08:38:40.522707+00",,autocomplete,"2026-04-13 08:38:40.522707+00"
8b482f74-a978-4bf3-965d-658f6ee7752a,"doenças cardiovasculares causas",0,10,emergentes,Emergentes,"doenças cardiovasculares",t,"2026-04-13 08:43:21.329264+00",,autocomplete,"2026-04-13 08:43:21.329264+00"
8b49a55c-d7d3-48c0-bfb7-92d51f403000,"insônia causas sintomas e tratamento",0,10,saude-mental,"Saúde Mental",insónia,t,"2026-04-13 08:39:19.763922+00",,autocomplete,"2026-04-13 08:39:19.763922+00"
8b62abd4-9e21-4105-8a7c-5f8709b461e5,"colesterol total alto causas",0,10,alimentacao,Alimentação,"colesterol alto",t,"2026-04-13 08:40:04.811683+00",,autocomplete,"2026-04-13 08:40:04.811683+00"
8b6f2cce-6046-491b-b2d8-8679b2a95459,"tratamento para incontinência urinária",0,10,menopausa,Menopausa,"incontinência urinária",t,"2026-04-13 08:42:42.043868+00",,autocomplete,"2026-04-13 08:42:42.043868+00"
8b715e43-66cd-44f3-abd0-1fee73880725,"obesidade infantil tratamento medicamentoso",0,10,alimentacao,Alimentação,"obesidade infantil",t,"2026-04-13 08:36:59.449865+00",,autocomplete,"2026-04-13 08:36:59.449865+00"
8b942e65-a735-4a5b-b56b-90e2c056c5db,"pânico de 1873 causas e consequências",0,10,saude-mental,"Saúde Mental",pânico,t,"2026-04-13 08:39:31.045213+00",,autocomplete,"2026-04-13 08:39:31.045213+00"
8b9b757c-077a-4a3d-8024-37b8b549eeba,"o que é bom refluxo gastroesofágico",0,10,alimentacao,Alimentação,"refluxo gastroesofágico",t,"2026-04-13 08:40:32.807623+00",,autocomplete,"2026-04-13 08:40:32.807623+00"
8b9d96c4-3adb-498d-a697-d421b9f66275,"o que é competências socioemocionais",0,100,saude-mental,"Saúde Mental","competências socioemocionais",t,"2026-04-13 08:41:28.934623+00",,autocomplete,"2026-04-13 08:41:28.934623+00"
8bb6cbf6-ef6e-4ad6-a556-821ac2ebcfe0,"depressão leonardo portugal",600,10,saude-mental,"Saúde Mental",depressão,f,"2026-04-06 08:05:46.502433+00",,pytrends,"2026-04-06 08:05:46.502433+00"
8bf30f82-2cc5-47cd-80e1-5813e14d77d8,"o'que é automutilação não suicida",0,60,saude-mental,"Saúde Mental",automutilação,t,"2026-04-13 08:36:42.692925+00",,autocomplete,"2026-04-13 08:36:42.692925+00"
8c1083eb-b6e5-4dde-9eda-efdd45a7b4e1,"anemia sintomas olhos",0,10,alimentacao,Alimentação,anemia,t,"2026-04-13 08:40:38.397737+00",,autocomplete,"2026-04-13 08:40:38.397737+00"
8c1495d1-4408-40bc-98e0-7fb53e8cd5b1,"sintomas de pré-diabetes",0,95,alimentacao,Alimentação,pré-diabetes,t,"2026-04-13 08:42:08.372884+00",,autocomplete,"2026-04-13 08:42:08.372884+00"
8c3c454a-949f-4e42-b7d0-df9ad23aee45,"refluxo gastroesofágico causas emocionais",0,10,alimentacao,Alimentação,"refluxo gastroesofágico",t,"2026-04-13 08:40:32.807623+00",,autocomplete,"2026-04-13 08:40:32.807623+00"
8c86b42c-0fd8-4a58-9da2-10e1f27ebf94,"como prevenir avc isquêmico",0,10,emergentes,Emergentes,avc,t,"2026-04-13 08:41:12.052215+00",,autocomplete,"2026-04-13 08:41:12.052215+00"
8c886b78-3d4c-4108-9b83-9c25d36abbdf,"sintomas de lúpus nas articulações",0,75,emergentes,Emergentes,lúpus,t,"2026-03-30 08:17:29.204312+00",,autocomplete,"2026-03-30 08:17:29.204312+00"
8cb43de4-746f-4b4f-ab03-bf092fbfcb80,"o que é pré-diabetes sintomas",0,10,alimentacao,Alimentação,pré-diabetes,t,"2026-04-13 08:42:08.372884+00",,autocomplete,"2026-04-13 08:42:08.372884+00"
8cda0f8b-bc21-4c6b-8e7a-de3029ed1d16,"stress sintomas",0,10,saude-mental,"Saúde Mental",stress,t,"2026-04-13 08:40:21.587655+00",,autocomplete,"2026-04-13 08:40:21.587655+00"
8ce7858c-e2c5-484d-889a-459328c81b33,"o que é alcoolismo fetal",0,10,saude-mental,"Saúde Mental",alcoolismo,t,"2026-04-13 08:43:49.404375+00",,autocomplete,"2026-04-13 08:43:49.404375+00"
8d11c28e-9c5a-4c90-a6d1-a38d10619a81,"o que é pânico moral",0,10,saude-mental,"Saúde Mental",pânico,t,"2026-04-13 08:39:31.045213+00",,autocomplete,"2026-04-13 08:39:31.045213+00"
8d28c392-f7c1-4076-ba7d-04ac6c219bf5,"o que é terapia hormonal na menopausa",0,85,menopausa,Menopausa,"terapia hormonal",t,"2026-04-13 08:37:21.896373+00",,autocomplete,"2026-04-13 08:37:21.896373+00"
8d387f4b-2c81-452a-b590-e6955af54763,"o que fazer para perder peso na menopausa",0,85,menopausa,Menopausa,"peso na menopausa",t,"2026-04-13 08:38:29.321032+00",,autocomplete,"2026-04-13 08:38:29.321032+00"
8d3a9bde-86f1-42aa-ae7d-dd00b59e455c,"o que é insônia e quais os sintomas",0,10,saude-mental,"Saúde Mental",insónia,t,"2026-04-13 08:39:19.763922+00",,autocomplete,"2026-04-13 08:39:19.763922+00"
8d3c3ca4-bae3-4536-bb81-bc2195ccbe33,"sintomas de depressão grave",0,75,saude-mental,"Saúde Mental",depressão,t,"2026-04-13 08:38:46.093196+00",,autocomplete,"2026-04-13 08:38:46.093196+00"
8d48b6c9-6245-4836-9ad0-ff6a1e4e34d1,"intolerancia a lactose tratamento natural",0,10,alimentacao,Alimentação,"intolerância à lactose",t,"2026-04-13 08:43:43.801483+00",,autocomplete,"2026-04-13 08:43:43.801483+00"
8d588d98-0795-4603-948b-4c6566edff29,"como prevenir anemia na gravidez",0,10,alimentacao,Alimentação,anemia,t,"2026-04-13 08:40:38.397737+00",,autocomplete,"2026-04-13 08:40:38.397737+00"
8d67b7be-1778-4aad-8ea8-be0e8898a6ab,"sintomas de sindrome del ovario poliquistico",0,90,menopausa,Menopausa,"síndrome do ovário poliquístico",t,"2026-04-13 08:43:26.930582+00",,autocomplete,"2026-04-13 08:43:26.930582+00"
8d72eb70-7247-4200-9d34-1678a74d6056,"anemia hipocromica",9999,68,alimentacao,Alimentação,anemia,f,"2026-03-23 07:34:29.013706+00",,pytrends,"2026-03-27 18:34:47.925931+00"
8d75b4d4-b9de-4608-a701-dae89b430037,"como tratar demência senil",0,25,saude-mental,"Saúde Mental",demência,t,"2026-04-13 08:40:27.20613+00",,autocomplete,"2026-04-13 08:40:27.20613+00"
8d8b0438-29b6-4360-a828-3ffdda7ced75,"como podemos prevenir el colesterol alto",0,10,alimentacao,Alimentação,"colesterol alto",t,"2026-04-13 08:40:04.811683+00",,autocomplete,"2026-04-13 08:40:04.811683+00"
8d8cbda2-5b08-44f8-b5f2-34f533d35c05,"sintomas de burnout tratamento",0,85,saude-mental,"Saúde Mental",burnout,t,"2026-04-13 08:38:34.941684+00",,autocomplete,"2026-04-13 08:38:34.941684+00"
8d924fe9-89f5-4717-8c54-99e5276a79b7,"o que é falta de libido na menopausa",0,75,menopausa,Menopausa,"libido menopausa",t,"2026-04-13 08:38:18.065121+00",,autocomplete,"2026-04-13 08:38:18.065121+00"
8d95c0de-39e7-433d-a147-589e36b7085b,"pré diabetes tratamento metformina",0,10,alimentacao,Alimentação,pré-diabetes,t,"2026-04-13 08:42:08.372884+00",,autocomplete,"2026-04-13 08:42:08.372884+00"
8d96339b-5b34-4d10-be79-a7ec1d34e193,"causas de osteoporose em jovens",0,10,menopausa,Menopausa,osteoporose,t,"2026-04-13 08:36:53.898281+00",,autocomplete,"2026-04-13 08:36:53.898281+00"
8d9c0e58-a100-469d-8628-e0c75a16898d,"sintomas de doença celíaca diagnóstico",0,65,alimentacao,Alimentação,"doença celíaca",t,"2026-04-13 08:43:38.203977+00",,autocomplete,"2026-04-13 08:43:38.203977+00"
8da08a1c-3623-481e-846c-4acbfd99fcea,"doença celíaca sintomas pele",0,10,alimentacao,Alimentação,"doença celíaca",t,"2026-04-13 08:43:38.203977+00",,autocomplete,"2026-04-13 08:43:38.203977+00"
8daccdd5-0237-4a1a-b918-f1160b8b04c3,"tratamento para suicídio",0,15,saude-mental,"Saúde Mental",suicídio,t,"2026-04-13 08:42:36.442374+00",,autocomplete,"2026-04-13 08:42:36.442374+00"
8dc0e2ea-18d7-42ff-9ce4-c46716ec634f,"o que fazer para melhorar a saude mental no trabalho",0,80,saude-mental,"Saúde Mental","saúde mental no trabalho",t,"2026-04-13 08:41:34.56973+00",,autocomplete,"2026-04-13 08:41:34.56973+00"
8dc2b437-762a-4c59-8782-6ad50abcea1a,"como tratar diabetes mellitus tipo 2",0,35,alimentacao,Alimentação,"diabetes tipo 2",t,"2026-04-13 08:42:47.656406+00",,autocomplete,"2026-04-13 08:42:47.656406+00"
8dc34e06-54a2-4282-92b4-58b114be89df,"o que é fobia social e quais os sintomas",0,10,saude-mental,"Saúde Mental","fobia social",t,"2026-04-13 08:41:17.653799+00",,autocomplete,"2026-04-13 08:41:17.653799+00"
8dc54d6e-4f92-4248-bd4b-6045dd65caa6,"ansiedade tratamento",0,10,saude-mental,"Saúde Mental",ansiedade,t,"2026-04-13 08:38:40.522707+00",,autocomplete,"2026-04-13 08:38:40.522707+00"
8dc8ca3f-a03a-4e48-be2d-1fea72474c72,"o que é depressão maior",0,10,saude-mental,"Saúde Mental",depressão,t,"2026-04-13 08:38:46.093196+00",,autocomplete,"2026-04-13 08:38:46.093196+00"
8dd21be2-bc8e-44ee-8441-1c5a46105f93,"causas de pré diabetes",0,10,alimentacao,Alimentação,pré-diabetes,t,"2026-04-13 08:42:08.372884+00",,autocomplete,"2026-04-13 08:42:08.372884+00"
8de24c9a-3a1a-48e0-99eb-884d6abdc3b8,"osteoporose sintomas",0,10,menopausa,Menopausa,osteoporose,t,"2026-04-13 08:36:53.898281+00",,autocomplete,"2026-04-13 08:36:53.898281+00"
8e01abe8-c111-49e3-9b15-edc04e7f9b66,dispareunia,9999,44,menopausa,Menopausa,endometriose,f,"2026-03-28 00:20:14.303314+00",,pytrends,"2026-03-28 00:20:14.303314+00"
8e0b351e-7a24-4f99-904d-5b3c6d89ebef,"causas de enxaqueca cronica",0,10,saude-mental,"Saúde Mental",enxaqueca,t,"2026-04-13 08:43:55.008487+00",,autocomplete,"2026-04-13 08:43:55.008487+00"
8e27ebf3-e772-48c5-9784-3fe2ebd7217d,"quem tem endometriose é normal ter dor no reto",0,10,menopausa,Menopausa,endometriose,t,"2026-04-13 08:40:10.397854+00",,autocomplete,"2026-04-13 08:40:10.397854+00"
8e75d65c-a75e-4a5f-9f62-ade960631e9e,"sindrome de ovario poliquistico sintomas y signos",0,40,menopausa,Menopausa,"síndrome do ovário poliquístico",t,"2026-04-13 08:43:26.930582+00",,autocomplete,"2026-04-13 08:43:26.930582+00"
8e7eaf8a-f856-4be5-8bc7-cba0c3b78bdd,"sintomas de panico no trabalho",0,65,saude-mental,"Saúde Mental",pânico,t,"2026-04-13 08:39:31.045213+00",,autocomplete,"2026-04-13 08:39:31.045213+00"
8e961168-8519-48ad-8b0e-33cb115b1525,"alzheimer tratamento com celulas tronco",0,10,saude-mental,"Saúde Mental",alzheimer,t,"2026-04-13 08:43:15.769569+00",,autocomplete,"2026-04-13 08:43:15.769569+00"
8ec5cb87-6483-4996-8837-871e547c59e5,"causas de osteoporose secundária",0,10,menopausa,Menopausa,osteoporose,t,"2026-04-13 08:36:53.898281+00",,autocomplete,"2026-04-13 08:36:53.898281+00"
8ec93564-7fdc-48e0-80e6-56700d4242fb,"refluxo gastroesofágico sintomas tratamento",0,10,alimentacao,Alimentação,"refluxo gastroesofágico",t,"2026-04-13 08:40:32.807623+00",,autocomplete,"2026-04-13 08:40:32.807623+00"
8f0c028d-ea12-4ba7-9043-0bac729db074,"sintomas de anemia em adulto",0,70,alimentacao,Alimentação,anemia,t,"2026-04-13 08:40:38.397737+00",,autocomplete,"2026-04-13 08:40:38.397737+00"
8f0e8ef7-23fe-4e3a-9b52-a3cf96eadf9d,"melhor tratamento para pre diabetes",0,10,alimentacao,Alimentação,pré-diabetes,t,"2026-04-13 08:42:08.372884+00",,autocomplete,"2026-04-13 08:42:08.372884+00"
8f1b96ba-2c76-4a54-8fa6-798d8c1fb509,"fungo candida auris o que causa",9999,12,emergentes,Emergentes,"candida auris",f,"2026-04-06 08:12:48.386574+00",,pytrends,"2026-04-06 08:12:48.386574+00"
8f22ac9e-932d-472a-b2e6-8d129615fac7,"anemia tratamento intravenoso",0,10,alimentacao,Alimentação,anemia,t,"2026-04-13 08:40:38.397737+00",,autocomplete,"2026-04-13 08:40:38.397737+00"
8f3d08ec-0fa8-4f13-82b1-0e89e4ac9bba,"primeiros sintomas de alcoolismo",0,70,saude-mental,"Saúde Mental",alcoolismo,t,"2026-04-13 08:43:49.404375+00",,autocomplete,"2026-04-13 08:43:49.404375+00"
8f3e5081-05ff-4369-bae1-af21f38027c2,"tratamento para insonia natural",0,10,saude-mental,"Saúde Mental",insónia,t,"2026-04-13 08:39:19.763922+00",,autocomplete,"2026-04-13 08:39:19.763922+00"
8f78a482-1285-48d8-a79b-101b3a715e95,"tratamento para alcoolismo medicamento",0,10,saude-mental,"Saúde Mental",alcoolismo,t,"2026-04-13 08:43:49.404375+00",,autocomplete,"2026-04-13 08:43:49.404375+00"
8f8e32f9-453f-4530-9901-e27727a14f98,"doenças cardiovasculares e suas causas",0,10,emergentes,Emergentes,"doenças cardiovasculares",t,"2026-04-13 08:43:21.329264+00",,autocomplete,"2026-04-13 08:43:21.329264+00"
8faf9ab9-a33b-4d8c-9556-8abf20d6410f,"tratamento para timidez e fobia social",0,10,saude-mental,"Saúde Mental","fobia social",t,"2026-04-13 08:41:17.653799+00",,autocomplete,"2026-04-13 08:41:17.653799+00"
8fbb5768-5982-4d44-9766-09cf23b790c4,"o que é esse vírus nipah",0,45,emergentes,Emergentes,"vírus nipah",t,"2026-04-13 08:38:12.456348+00",,autocomplete,"2026-04-13 08:38:12.456348+00"
8ff387fa-8a68-4274-a831-5529c35d1226,"o que o fungo candida auris pode causar",0,35,emergentes,Emergentes,"candida auris",t,"2026-04-13 08:42:30.835875+00",,autocomplete,"2026-04-13 08:42:30.835875+00"
90118ca8-cdef-4726-b6c8-c51c0e9da188,"causas de colesterol alto en mujeres",0,10,alimentacao,Alimentação,"colesterol alto",t,"2026-04-13 08:40:04.811683+00",,autocomplete,"2026-04-13 08:40:04.811683+00"
9016796b-48dc-4cf1-8df3-f37c2f296b42,"avc sintomas iniciais em jovens",0,10,emergentes,Emergentes,avc,t,"2026-04-13 08:41:12.052215+00",,autocomplete,"2026-04-13 08:41:12.052215+00"
902f4714-f91c-4e14-b573-0f0d28c5c745,"como tratar colesterol alto sem remedio",0,40,alimentacao,Alimentação,"colesterol alto",t,"2026-04-13 08:40:04.811683+00",,autocomplete,"2026-04-13 08:40:04.811683+00"
903035f0-25ec-45f6-9706-4059d0222212,"o que é vírus nipah sintomas",0,55,emergentes,Emergentes,"vírus nipah",t,"2026-04-13 08:38:12.456348+00",,autocomplete,"2026-04-13 08:38:12.456348+00"
90341ef7-9aea-4cf1-bc2b-8427230316f0,"anemia ferropriva o que é",9999,92,alimentacao,Alimentação,anemia,f,"2026-03-23 07:34:29.013601+00",,pytrends,"2026-03-27 18:34:47.925931+00"
903809a0-618d-47b2-8822-343ff1377188,"causas de lupus enfermedad",0,10,emergentes,Emergentes,lúpus,t,"2026-04-13 08:42:25.267323+00",,autocomplete,"2026-04-13 08:42:25.267323+00"
903ed18c-4ab0-43ef-85c4-047a0b1a9c73,"pomada para candidíase feminina",5350,52,menopausa,Menopausa,candidíase,f,"2026-04-06 08:09:49.492291+00",,pytrends,"2026-04-06 08:09:49.492291+00"
903faa03-5678-48c8-8193-a07ab031bbaa,"diabetes tipo 2 tem cura",9999,100,alimentacao,Alimentação,"diabetes tipo 2",f,"2026-04-06 08:13:51.615332+00",,pytrends,"2026-04-06 08:13:51.615332+00"
90425888-f6e0-4d91-8cbb-d67f10398a61,"o que é candidíase bucal",0,10,menopausa,Menopausa,candidíase,t,"2026-04-13 08:40:43.957484+00",,autocomplete,"2026-04-13 08:40:43.957484+00"
904958a3-7a7d-4aa9-bd79-be6018125b15,"é normal ter depressão na adolescencia",0,10,saude-mental,"Saúde Mental",depressão,t,"2026-04-13 08:38:46.093196+00",,autocomplete,"2026-04-13 08:38:46.093196+00"
9073b739-960b-4b50-9f29-3a9d898f348e,"o que é endometriose no intestino",0,10,menopausa,Menopausa,endometriose,t,"2026-03-30 08:19:10.702993+00",,autocomplete,"2026-03-30 08:19:10.702993+00"
907488d9-215e-4a4a-8a44-6ea8bbfc3eeb,"tratamento para enxaqueca menstrual",0,10,saude-mental,"Saúde Mental",enxaqueca,t,"2026-04-13 08:43:55.008487+00",,autocomplete,"2026-04-13 08:43:55.008487+00"
909b732f-0be4-4580-a793-ae24d9ab7c0a,"como tratar colesterol alto em casa",0,35,alimentacao,Alimentação,"colesterol alto",t,"2026-04-13 08:40:04.811683+00",,autocomplete,"2026-04-13 08:40:04.811683+00"
90ae2f10-acd2-410a-af91-f87be19ef262,"como prevenir demência vascular",0,10,saude-mental,"Saúde Mental",demência,t,"2026-04-13 08:40:27.20613+00",,autocomplete,"2026-04-13 08:40:27.20613+00"
90bf3211-4944-4036-ba6e-23d1cdd2f923,"sindrome do intestino irritavel sintomas sangramento",0,10,alimentacao,Alimentação,"síndrome de intestino irritável",t,"2026-04-13 08:40:49.538553+00",,autocomplete,"2026-04-13 08:40:49.538553+00"
90c809ef-253a-46a8-8534-14effbd71166,"tratamento para depressão",0,10,saude-mental,"Saúde Mental",depressão,t,"2026-04-13 08:38:46.093196+00",,autocomplete,"2026-04-13 08:38:46.093196+00"
90d29dba-f3ec-419a-a175-72c77163542c,"alzheimer causas sintomas e tratamento",0,10,saude-mental,"Saúde Mental",alzheimer,t,"2026-04-13 08:43:15.769569+00",,autocomplete,"2026-04-13 08:43:15.769569+00"
90e45ff1-69a3-4bf3-8006-617381344e97,"dia da endometriose",9999,52,menopausa,Menopausa,endometriose,f,"2026-03-23 07:41:17.864101+00",,pytrends,"2026-03-27 18:34:47.925931+00"
90eb2943-40a0-44c4-a36f-f652348eb66a,"qual o nome da próxima depressão",9999,36,saude-mental,"Saúde Mental",depressão,t,"2026-04-06 08:05:46.502433+00",,pytrends,"2026-04-06 08:05:46.502433+00"
90ecd0c8-a33c-41e5-89a3-9e831f58a375,"causas de ansiedade em cachorro",0,10,saude-mental,"Saúde Mental",ansiedade,t,"2026-04-13 08:38:40.522707+00",,autocomplete,"2026-04-13 08:38:40.522707+00"
90f16c65-8587-40b5-a23d-5a3eee5ea4ba,"sintomas de diabetes tipo 2 tratamento",0,65,alimentacao,Alimentação,"diabetes tipo 2",t,"2026-04-13 08:42:47.656406+00",,autocomplete,"2026-04-13 08:42:47.656406+00"
9114ed2f-ba70-4b68-8034-3e0079eea6a0,"sintomas de alzheimer em idoso",0,90,saude-mental,"Saúde Mental",alzheimer,t,"2026-03-30 08:18:05.071522+00",,autocomplete,"2026-03-30 08:18:05.071522+00"
9115168c-bff9-416a-9e57-bd5d764e4352,"o que é bom para intolerância à lactose caseiro",0,10,alimentacao,Alimentação,"intolerância à lactose",t,"2026-04-13 08:43:43.801483+00",,autocomplete,"2026-04-13 08:43:43.801483+00"
9129f72a-2743-4b0e-9154-4113914338d5,"causas de alzheimer e demencia",0,10,saude-mental,"Saúde Mental",alzheimer,t,"2026-04-13 08:43:15.769569+00",,autocomplete,"2026-04-13 08:43:15.769569+00"
91675ccf-a6fe-4153-a992-59b98bb0e509,"tratamento para ataque de pânico",0,10,saude-mental,"Saúde Mental",pânico,t,"2026-04-13 08:39:31.045213+00",,autocomplete,"2026-04-13 08:39:31.045213+00"
917a42a9-467e-4e6d-b091-b325edd736bc,"ansiedade causas e sintomas",0,10,saude-mental,"Saúde Mental",ansiedade,t,"2026-04-13 08:38:40.522707+00",,autocomplete,"2026-04-13 08:38:40.522707+00"
91850a0c-60bb-4e7a-b645-7cb5546b21df,"como tratar ataque de pânico",0,15,saude-mental,"Saúde Mental",pânico,t,"2026-04-13 08:39:31.045213+00",,autocomplete,"2026-04-13 08:39:31.045213+00"
918707a6-0ad0-4974-b880-1864f33ad339,"o que é ter ptsd",0,20,saude-mental,"Saúde Mental",PTSD,t,"2026-04-13 08:39:36.686137+00",,autocomplete,"2026-04-13 08:39:36.686137+00"
91a67e26-3d85-4e73-9cf9-f8771d146f47,"causas da obesidade infantil no brasil",0,30,alimentacao,Alimentação,"obesidade infantil",t,"2026-04-13 08:36:59.449865+00",,autocomplete,"2026-04-13 08:36:59.449865+00"
91a768da-7357-4d44-ac4e-55a5ee23d3e4,"como tratar endometriose profunda",0,45,menopausa,Menopausa,endometriose,t,"2026-04-13 08:40:10.397854+00",,autocomplete,"2026-04-13 08:40:10.397854+00"
91ba56f9-0d8f-42e7-af6e-a32c9827098b,"enxaqueca sintomas",0,10,saude-mental,"Saúde Mental",enxaqueca,t,"2026-04-13 08:43:55.008487+00",,autocomplete,"2026-04-13 08:43:55.008487+00"
91cdc263-1f32-4345-bf54-e85552836d07,"sintomas de insonia grave",0,80,saude-mental,"Saúde Mental",insónia,t,"2026-04-13 08:39:19.763922+00",,autocomplete,"2026-04-13 08:39:19.763922+00"
91f5b823-ca9e-48bd-b0d4-6d5fcd93e60f,"avc lacunar",4100,68,emergentes,Emergentes,avc,f,"2026-04-13 08:30:45.927315+00",,pytrends,"2026-04-13 08:30:45.927315+00"
920c66c2-a5db-4bdd-8e10-2c4929f6a55c,"ansiedade causas e tratamento",0,10,saude-mental,"Saúde Mental",ansiedade,t,"2026-04-13 08:38:40.522707+00",,autocomplete,"2026-04-13 08:38:40.522707+00"
9215ce76-4586-4ada-976a-36cf1d67584d,"como tratar insonia terminal",0,10,saude-mental,"Saúde Mental",insónia,t,"2026-04-13 08:39:19.763922+00",,autocomplete,"2026-04-13 08:39:19.763922+00"
921e6f08-fc9e-4e78-8cfa-ebaf2784ea05,"como tratar osteoporose sem medicação",0,10,menopausa,Menopausa,osteoporose,t,"2026-04-13 08:36:53.898281+00",,autocomplete,"2026-04-13 08:36:53.898281+00"
9220dd93-072b-4168-9735-f1cb2c6a3f48,"depressão causas e tratamento pdf",0,10,saude-mental,"Saúde Mental",depressão,t,"2026-04-13 08:38:46.093196+00",,autocomplete,"2026-04-13 08:38:46.093196+00"
9228d504-aef2-4951-80fe-2289d2439f45,"o que é doença cândida auris",0,45,emergentes,Emergentes,"candida auris",t,"2026-04-13 08:42:30.835875+00",,autocomplete,"2026-04-13 08:42:30.835875+00"
9271e59c-f28c-4ff1-b677-7e2c90b73cf0,"cancro da mama gatos tratamento",0,10,menopausa,Menopausa,"cancro da mama",t,"2026-04-13 08:40:55.173287+00",,autocomplete,"2026-04-13 08:40:55.173287+00"
92941ccd-8550-4f15-9dff-d00663fd0ad7,"o que é osteoporose e osteopenia",0,10,menopausa,Menopausa,osteoporose,t,"2026-04-13 08:36:53.898281+00",,autocomplete,"2026-04-13 08:36:53.898281+00"
92c149c0-ca91-434e-947f-39de0830ede5,"sintomas de alcoolismo no corpo",0,90,saude-mental,"Saúde Mental",alcoolismo,t,"2026-04-13 08:43:49.404375+00",,autocomplete,"2026-04-13 08:43:49.404375+00"
92d4e4d3-bc4b-420b-a181-1a0650282cc1,"sintomas de intolerância ao glúten em bebe",0,80,alimentacao,Alimentação,"intolerância ao glúten",t,"2026-04-13 08:37:05.051837+00",,autocomplete,"2026-04-13 08:37:05.051837+00"
92d639d8-8673-46f8-a164-4bcd0cbe907c,"como tratar cortes de automutilação",0,95,saude-mental,"Saúde Mental",automutilação,t,"2026-04-13 08:36:42.692925+00",,autocomplete,"2026-04-13 08:36:42.692925+00"
92d86d37-f96d-4781-b6d3-7a9d29444f8b,"tratamento sepse",0,10,emergentes,Emergentes,sepsis,t,"2026-03-30 08:19:58.64322+00",,autocomplete,"2026-03-30 08:19:58.64322+00"
92f36ed7-39a7-4bc1-842d-6148924530f2,"sintomas de estresse no corpo",0,80,saude-mental,"Saúde Mental",stress,t,"2026-04-13 08:40:21.587655+00",,autocomplete,"2026-04-13 08:40:21.587655+00"
93000278-b74e-4dea-99fc-432a67c4cd7b,"o que são competências socioemocionais texto",0,80,saude-mental,"Saúde Mental","competências socioemocionais",t,"2026-04-13 08:41:28.934623+00",,autocomplete,"2026-04-13 08:41:28.934623+00"
930869db-1949-4f29-a1b7-e4d2cb18c858,"endometriose tratamento clinico",0,10,menopausa,Menopausa,endometriose,t,"2026-04-13 08:40:10.397854+00",,autocomplete,"2026-04-13 08:40:10.397854+00"
931cee81-9e97-4169-a945-aff27c512b53,"estresse causas",0,10,saude-mental,"Saúde Mental",stress,t,"2026-04-13 08:40:21.587655+00",,autocomplete,"2026-04-13 08:40:21.587655+00"
9321c3ac-c52b-4a57-a8c4-0fa8e7d8000b,"remédio para tratamento de síndrome do intestino irritável",0,10,alimentacao,Alimentação,"síndrome de intestino irritável",t,"2026-04-13 08:40:49.538553+00",,autocomplete,"2026-04-13 08:40:49.538553+00"
9323583f-162f-4700-9dae-bae9c784f195,"o que é obesidade infantil segundo a oms",0,80,alimentacao,Alimentação,"obesidade infantil",t,"2026-04-13 08:36:59.449865+00",,autocomplete,"2026-04-13 08:36:59.449865+00"
93449da8-33f3-40b3-9c56-673f83c1ebf3,"alzheimer sintomas qual idade",0,10,saude-mental,"Saúde Mental",alzheimer,t,"2026-04-13 08:43:15.769569+00",,autocomplete,"2026-04-13 08:43:15.769569+00"
9398b93b-e7c3-417f-8ef7-9a9ad9aabcf3,"sintomas de obesidade infantil",0,100,alimentacao,Alimentação,"obesidade infantil",t,"2026-04-13 08:36:59.449865+00",,autocomplete,"2026-04-13 08:36:59.449865+00"
93b2571a-b481-4a59-b917-7d07d8cee580,"tratamento para alcoolismo sem internação",0,10,saude-mental,"Saúde Mental",alcoolismo,t,"2026-04-13 08:43:49.404375+00",,autocomplete,"2026-04-13 08:43:49.404375+00"
93c8d4a5-7f7f-4d72-876d-0f363c8a22e8,"como tratar refluxo gastroesofágico e laringofaríngeo",0,10,alimentacao,Alimentação,"refluxo gastroesofágico",t,"2026-04-13 08:40:32.807623+00",,autocomplete,"2026-04-13 08:40:32.807623+00"
93cb858c-3c6b-487e-b272-d461e6f33d7a,"causas de panico",0,10,saude-mental,"Saúde Mental",pânico,t,"2026-04-13 08:39:31.045213+00",,autocomplete,"2026-04-13 08:39:31.045213+00"
93cd6043-c1a7-4635-a766-ddb045623b6f,"o que é automutilação significado",0,85,saude-mental,"Saúde Mental",automutilação,t,"2026-04-13 08:36:42.692925+00",,autocomplete,"2026-04-13 08:36:42.692925+00"
93e00887-979f-430c-815e-77390d81e3f7,"causas de enxaqueca na gravidez",0,10,saude-mental,"Saúde Mental",enxaqueca,t,"2026-04-13 08:43:55.008487+00",,autocomplete,"2026-04-13 08:43:55.008487+00"
93ec46df-6842-4d22-848a-8a19dc6109cd,"alzheimer sintomas e tratamento",0,10,saude-mental,"Saúde Mental",alzheimer,t,"2026-04-13 08:43:15.769569+00",,autocomplete,"2026-04-13 08:43:15.769569+00"
940552ae-7e45-420e-9074-b9a6b48960ec,"como prevenir anorexia nervosa",0,15,saude-mental,"Saúde Mental","anorexia nervosa",t,"2026-04-13 08:43:04.555328+00",,autocomplete,"2026-04-13 08:43:04.555328+00"
9409c317-da3c-452a-84b4-14c5685a62da,"refluxo gastroesofágico tratamento em bebe",0,10,alimentacao,Alimentação,"refluxo gastroesofágico",t,"2026-04-13 08:40:32.807623+00",,autocomplete,"2026-04-13 08:40:32.807623+00"
942ef2e5-254a-4b8b-a27b-a0da089cd78e,"demencia causas incontinencia urinaria",0,10,saude-mental,"Saúde Mental",demência,t,"2026-04-13 08:40:27.20613+00",,autocomplete,"2026-04-13 08:40:27.20613+00"
94440092-00fd-4827-85b8-7610b8c54821,"causas de incontinência urinária em gatos",0,10,menopausa,Menopausa,"incontinência urinária",t,"2026-04-13 08:42:42.043868+00",,autocomplete,"2026-04-13 08:42:42.043868+00"
9455f2ce-735e-4a2d-9e3b-25d808bd4147,"como tratar diabetes tipo 2 em crianças",0,40,alimentacao,Alimentação,"diabetes tipo 2",t,"2026-04-13 08:42:47.656406+00",,autocomplete,"2026-04-13 08:42:47.656406+00"
94ad9278-dfa6-45e7-a561-51ff6ac22940,"sintomas de intolerância a lactose",0,100,alimentacao,Alimentação,"intolerância à lactose",t,"2026-04-13 08:43:43.801483+00",,autocomplete,"2026-04-13 08:43:43.801483+00"
94bc0c02-c8f3-4885-aa1c-c226759dc26d,"diabetes tipo 2 sintomas graves",0,10,alimentacao,Alimentação,"diabetes tipo 2",t,"2026-04-13 08:42:47.656406+00",,autocomplete,"2026-04-13 08:42:47.656406+00"
94c084f7-2ad4-4087-b055-465119e9297c,"o que é jejum intermitente para emagrecer",0,55,alimentacao,Alimentação,"jejum intermitente",t,"2026-04-13 08:36:37.089218+00",,autocomplete,"2026-04-13 08:36:37.089218+00"
94c3c77a-2c0a-4871-8668-730fc3ced1fd,"depressão tratamento",0,10,saude-mental,"Saúde Mental",depressão,t,"2026-04-13 08:38:46.093196+00",,autocomplete,"2026-04-13 08:38:46.093196+00"
94da3b27-5b1e-4c83-ad1b-876a3032eb86,"endometriose sintomas na menopausa",0,10,menopausa,Menopausa,endometriose,t,"2026-04-13 08:40:10.397854+00",,autocomplete,"2026-04-13 08:40:10.397854+00"
94e827fe-f506-40ad-850d-c75d1b655a7b,"sintomas de enxaqueca com aura",0,90,saude-mental,"Saúde Mental",enxaqueca,t,"2026-04-13 08:43:55.008487+00",,autocomplete,"2026-04-13 08:43:55.008487+00"
94f24370-fd28-41bb-a247-b4f81f3fd1ef,"tdah sintomas adulto tem cura",0,10,saude-mental,"Saúde Mental","TDAH adulto",t,"2026-04-13 08:39:53.572317+00",,autocomplete,"2026-04-13 08:39:53.572317+00"
94f8d436-f184-428c-a7bf-cea1ec483d24,"insônia causas hormonais",0,10,saude-mental,"Saúde Mental",insónia,t,"2026-04-13 08:39:19.763922+00",,autocomplete,"2026-04-13 08:39:19.763922+00"
95001639-c323-4c15-ba24-a8af7405f716,"causas de depressão no trabalho",0,10,saude-mental,"Saúde Mental",depressão,t,"2026-04-13 08:38:46.093196+00",,autocomplete,"2026-04-13 08:38:46.093196+00"
95068c83-f8c6-4cf2-9126-897271ee7586,"como prevenir o suicídio no brasil redação",0,10,saude-mental,"Saúde Mental",suicídio,t,"2026-04-13 08:42:36.442374+00",,autocomplete,"2026-04-13 08:42:36.442374+00"
950c6a48-dfb2-4bb8-8708-f5111592a63c,"o que é diabetes tipo 2 sintomas",0,10,alimentacao,Alimentação,"diabetes tipo 2",t,"2026-04-13 08:42:47.656406+00",,autocomplete,"2026-04-13 08:42:47.656406+00"
950d9feb-8920-4a87-97e0-f26433903ef1,"anemia causas emocionais",0,10,alimentacao,Alimentação,anemia,t,"2026-04-13 08:40:38.397737+00",,autocomplete,"2026-04-13 08:40:38.397737+00"
95256daa-bcb1-49ac-9426-65b1550d3478,"o que a síndrome do intestino irritável pode causar",0,10,alimentacao,Alimentação,"síndrome de intestino irritável",t,"2026-04-13 08:40:49.538553+00",,autocomplete,"2026-04-13 08:40:49.538553+00"
952e9588-d31f-4776-aa0b-99169ecde8c4,"como tratar endometriose em adolescente",0,10,menopausa,Menopausa,endometriose,t,"2026-04-13 08:40:10.397854+00",,autocomplete,"2026-04-13 08:40:10.397854+00"
95421af3-3bc4-41c3-9a39-6cfc9f2a7316,"sintomas de insônia e ansiedade",0,95,saude-mental,"Saúde Mental",insónia,t,"2026-04-13 08:39:19.763922+00",,autocomplete,"2026-04-13 08:39:19.763922+00"
954dc674-664c-4b31-ac04-203ea5b35087,"alzheimer precoce",9999,92,saude-mental,"Saúde Mental",alzheimer,f,"2026-04-06 08:14:12.553439+00",,pytrends,"2026-04-06 08:14:12.553439+00"
9550e6a9-f9c6-4c6d-bd3d-54c663ba34d1,"causas de solidão",0,25,saude-mental,"Saúde Mental",solidão,t,"2026-04-13 08:38:51.66098+00",,autocomplete,"2026-04-13 08:38:51.66098+00"
955bcef4-6a97-4454-969d-f28cc2ab26dd,"como tratar un tdah adulto",0,25,saude-mental,"Saúde Mental","TDAH adulto",t,"2026-04-13 08:39:53.572317+00",,autocomplete,"2026-04-13 08:39:53.572317+00"
956c1ffb-5587-401a-a8db-a0f89e1e4093,"fobia social tratamento medicamentoso",0,10,saude-mental,"Saúde Mental","fobia social",t,"2026-04-13 08:41:17.653799+00",,autocomplete,"2026-04-13 08:41:17.653799+00"
95807f19-8745-4cd2-9fb5-2dbc05769694,"ansiedade causas na pele",0,10,saude-mental,"Saúde Mental",ansiedade,t,"2026-04-13 08:38:40.522707+00",,autocomplete,"2026-04-13 08:38:40.522707+00"
95839521-d18f-4c9a-8e8e-77b6ac0ae361,"doença celíaca sintomas o que é",0,10,alimentacao,Alimentação,"doença celíaca",t,"2026-04-06 08:19:18.903622+00",,autocomplete,"2026-04-06 08:19:18.903622+00"
9592fb2c-2c2b-448b-9d1f-d05d35489323,"adenomiose e endometriose",110,20,menopausa,Menopausa,endometriose,f,"2026-03-30 08:09:08.445079+00",,pytrends,"2026-03-30 08:09:08.445079+00"
95a2c996-1064-4253-a332-a952ca3c5996,"o que é endometriose e quais os sintomas",0,10,menopausa,Menopausa,endometriose,t,"2026-04-13 08:40:10.397854+00",,autocomplete,"2026-04-13 08:40:10.397854+00"
95b23a08-5afa-4f40-ab08-5d86a0b29921,"sintomas de burnout no trabalho",0,90,saude-mental,"Saúde Mental",burnout,t,"2026-04-13 08:38:34.941684+00",,autocomplete,"2026-04-13 08:38:34.941684+00"
95f3159b-80ef-4b35-8499-cb94b249365c,"lúpus sintomas",120,76,emergentes,Emergentes,lúpus,f,"2026-04-06 08:12:58.949254+00",,pytrends,"2026-04-06 08:12:58.949254+00"
95f6622e-5743-4846-8281-9e540dea530f,"ataque de panico",90,20,saude-mental,"Saúde Mental",ansiedade,f,"2026-04-06 08:05:35.66783+00",,pytrends,"2026-04-06 08:05:35.66783+00"
961b9b48-6159-4479-8a68-df7812d0d3a4,"como tratar ansiedade",0,50,saude-mental,"Saúde Mental",ansiedade,t,"2026-04-13 08:38:40.522707+00",,autocomplete,"2026-04-13 08:38:40.522707+00"
961e53c7-09c4-450c-8c5e-a6be03c21338,"causas de candidíase genital",0,10,menopausa,Menopausa,candidíase,t,"2026-04-13 08:40:43.957484+00",,autocomplete,"2026-04-13 08:40:43.957484+00"
963a1150-a0bb-4adf-9596-fc9a910341c5,"doença celíaca sintomas",0,10,alimentacao,Alimentação,"doença celíaca",t,"2026-04-13 08:43:38.203977+00",,autocomplete,"2026-04-13 08:43:38.203977+00"
964320ad-1018-4a90-a59c-c555581de2d1,"isquêmico avc",160,10,emergentes,Emergentes,avc,f,"2026-03-28 00:15:24.259585+00",,pytrends,"2026-03-28 00:15:24.259585+00"
9669080a-4e17-498a-8651-feb86217e214,"lupus eritematoso sistêmico causas",0,10,emergentes,Emergentes,lúpus,t,"2026-04-13 08:42:25.267323+00",,autocomplete,"2026-04-13 08:42:25.267323+00"
9674a010-02a0-4416-9cd2-3635e07dd3c3,"causas de sepsis neonatal",0,10,emergentes,Emergentes,sepsis,t,"2026-04-13 08:41:00.80186+00",,autocomplete,"2026-04-13 08:41:00.80186+00"
968b2491-f46d-448d-801f-71e2c4849662,"é normal ter candidíase após infecção urinária",0,10,menopausa,Menopausa,candidíase,t,"2026-04-13 08:40:43.957484+00",,autocomplete,"2026-04-13 08:40:43.957484+00"
96912740-2a50-44ab-919e-6587b5451d0c,"lançando sobre ele toda a vossa ansiedade porque ele tem cuidado de vós",9999,52,saude-mental,"Saúde Mental",ansiedade,f,"2026-03-30 07:58:55.195023+00",,pytrends,"2026-03-30 07:58:55.195023+00"
969245af-2b9b-4e35-92fc-3643a60ac948,"doenca candida auris sintomas",0,10,emergentes,Emergentes,"candida auris",t,"2026-04-13 08:42:30.835875+00",,autocomplete,"2026-04-13 08:42:30.835875+00"
969cac32-692f-4a25-8af3-1ef61837860e,"sepsis puerperal tratamento",0,10,emergentes,Emergentes,sepsis,t,"2026-04-13 08:41:00.80186+00",,autocomplete,"2026-04-13 08:41:00.80186+00"
96bdfb7b-8038-44b7-a62f-3dda5c426208,"diabetes tipo 2 tratamento medicamentoso",0,10,alimentacao,Alimentação,"diabetes tipo 2",t,"2026-04-13 08:42:47.656406+00",,autocomplete,"2026-04-13 08:42:47.656406+00"
96c56a11-fb7a-4ad2-8361-ef8213a9f88d,"tratamento para endometriose engorda",0,10,menopausa,Menopausa,endometriose,t,"2026-04-13 08:40:10.397854+00",,autocomplete,"2026-04-13 08:40:10.397854+00"
96cce0df-2e47-4232-9eda-c01c75318bd7,"depressão tratamento com psicologo ou psiquiatra",0,10,saude-mental,"Saúde Mental",depressão,t,"2026-04-13 08:38:46.093196+00",,autocomplete,"2026-04-13 08:38:46.093196+00"
96cfecca-3b23-4abb-bc79-43a649c347da,"anemia normocitica",9999,100,alimentacao,Alimentação,anemia,f,"2026-04-13 08:29:36.237329+00",,pytrends,"2026-04-13 08:29:36.237329+00"
96f9d1b5-a08c-48b4-98a5-a3b1abe7c050,"vírus nipah sintomas no brasil",0,10,emergentes,Emergentes,"vírus nipah",t,"2026-04-13 08:38:12.456348+00",,autocomplete,"2026-04-13 08:38:12.456348+00"
970df3c1-1114-4850-8af8-32db1c04be70,"burnout e suas causas",0,10,saude-mental,"Saúde Mental",burnout,t,"2026-04-13 08:38:34.941684+00",,autocomplete,"2026-04-13 08:38:34.941684+00"
9721fde3-2b10-4cae-9b86-7444beb23e44,"candidíase tratamento fluconazol",0,10,menopausa,Menopausa,candidíase,t,"2026-04-13 08:40:43.957484+00",,autocomplete,"2026-04-13 08:40:43.957484+00"
9723d83f-140d-4ea3-8678-7539c80a2874,"causas de depressão em idosos",0,10,saude-mental,"Saúde Mental",depressão,t,"2026-04-13 08:38:46.093196+00",,autocomplete,"2026-04-13 08:38:46.093196+00"
974c1c2d-5a22-4282-ab57-537906dfc97c,"quem tem endometriose é normal ter corrimento",0,10,menopausa,Menopausa,endometriose,t,"2026-04-13 08:40:10.397854+00",,autocomplete,"2026-04-13 08:40:10.397854+00"
975e8343-0765-4590-9a96-539ea92b240b,"candidíase causas e sintomas",0,10,menopausa,Menopausa,candidíase,t,"2026-04-13 08:40:43.957484+00",,autocomplete,"2026-04-13 08:40:43.957484+00"
9770d250-03fc-41af-b4d2-a9488287bff3,"o que é colesterol alto sintomas",0,10,alimentacao,Alimentação,"colesterol alto",t,"2026-04-13 08:40:04.811683+00",,autocomplete,"2026-04-13 08:40:04.811683+00"
977108d0-7042-4caa-9b85-acbe6df8cb88,"refluxo gastroesofágico sintomas em crianças",0,10,alimentacao,Alimentação,"refluxo gastroesofágico",t,"2026-04-13 08:40:32.807623+00",,autocomplete,"2026-04-13 08:40:32.807623+00"
978b3415-4d64-4339-bf6d-e7fc20b27e11,"como tratar colesterol alto em adolescentes",0,10,alimentacao,Alimentação,"colesterol alto",t,"2026-03-30 08:18:58.756881+00",,autocomplete,"2026-03-30 08:18:58.756881+00"
978c6f88-6dc8-4e94-b47e-208d6b353e82,"tratamento para insonia cronica",0,10,saude-mental,"Saúde Mental",insónia,t,"2026-04-13 08:39:19.763922+00",,autocomplete,"2026-04-13 08:39:19.763922+00"
97aba349-246b-4116-b5e6-29035c1efe03,"demência e alzheimer diferença",70,20,saude-mental,"Saúde Mental",alzheimer,f,"2026-03-23 07:37:51.055239+00",,pytrends,"2026-03-27 18:34:47.925931+00"
97b1e596-328f-40ce-9a93-4492890c7086,"o que é depressão bipolar",0,10,saude-mental,"Saúde Mental",depressão,t,"2026-04-13 08:38:46.093196+00",,autocomplete,"2026-04-13 08:38:46.093196+00"
97dfb1aa-7fe3-492c-8ad8-eaf650174075,"never stress",200,44,saude-mental,"Saúde Mental",stress,f,"2026-03-23 07:41:28.797732+00",,pytrends,"2026-03-27 18:34:47.925931+00"
97eb5b54-9a5c-42e1-8270-2decddb92541,"o que é síndrome do intestino irritável sii",0,35,alimentacao,Alimentação,"síndrome de intestino irritável",t,"2026-04-13 08:40:49.538553+00",,autocomplete,"2026-04-13 08:40:49.538553+00"
98285963-5cf7-42d9-9df8-ae6b8296ca2e,"doenças cardiovasculares causas e prevençäo",0,10,emergentes,Emergentes,"doenças cardiovasculares",t,"2026-04-13 08:43:21.329264+00",,autocomplete,"2026-04-13 08:43:21.329264+00"
9845cc93-b141-4042-8a49-680bac927d95,"sintomas do colesterol alto",9999,100,alimentacao,Alimentação,"colesterol alto",t,"2026-03-30 08:08:47.307131+00",,pytrends,"2026-03-30 08:08:47.307131+00"
98559fcd-3b4d-493d-a7ea-5f4b848049cc,"tdah sintomas adulto mulher",0,10,saude-mental,"Saúde Mental","TDAH adulto",t,"2026-04-13 08:39:53.572317+00",,autocomplete,"2026-04-13 08:39:53.572317+00"
9888dc3a-89b7-4a38-8402-fae90c77f69c,"resistencia a antibioticos sintomas",0,55,emergentes,Emergentes,"resistência antibióticos",t,"2026-04-13 08:42:19.657825+00",,autocomplete,"2026-04-13 08:42:19.657825+00"
988a821a-7e64-4e0c-b74a-f6e529cc8858,"o que é refluxo gastroesofágico como tratar",0,10,alimentacao,Alimentação,"refluxo gastroesofágico",t,"2026-04-13 08:40:32.807623+00",,autocomplete,"2026-04-13 08:40:32.807623+00"
988b6728-570f-40c2-92b8-0c408463443e,"como prevenir candidíase genital",0,10,menopausa,Menopausa,candidíase,t,"2026-04-13 08:40:43.957484+00",,autocomplete,"2026-04-13 08:40:43.957484+00"
98cd03e8-224b-430b-954f-53499c533777,"como tratar anemia em gatos",0,40,alimentacao,Alimentação,anemia,t,"2026-04-13 08:40:38.397737+00",,autocomplete,"2026-04-13 08:40:38.397737+00"
98e40f5a-69d8-4f13-ad63-c115046ae40a,"remédio para incontinência urinária feminina",9999,100,menopausa,Menopausa,"incontinência urinária",f,"2026-03-23 07:37:08.673323+00",,pytrends,"2026-03-27 18:34:47.925931+00"
98ea6014-48ce-4a19-a0e6-a4051a321a5f,"insônia causas e consequências",0,10,saude-mental,"Saúde Mental",insónia,t,"2026-04-13 08:39:19.763922+00",,autocomplete,"2026-04-13 08:39:19.763922+00"
98fe96f9-2411-4eb5-b97e-a6c6deb8969b,"fobia social tratamento tcc",0,10,saude-mental,"Saúde Mental","fobia social",t,"2026-04-13 08:41:17.653799+00",,autocomplete,"2026-04-13 08:41:17.653799+00"
992e61d1-5b77-4ff1-b846-3cc0f86a57cf,"avc que es",1850,44,emergentes,Emergentes,avc,f,"2026-04-13 08:30:45.927315+00",,pytrends,"2026-04-13 08:30:45.927315+00"
993974ff-e71d-47ac-a78e-ed93b08f5f59,"sintomas de doença celíaca em bebês",0,60,alimentacao,Alimentação,"doença celíaca",t,"2026-04-13 08:43:38.203977+00",,autocomplete,"2026-04-13 08:43:38.203977+00"
993a2751-3352-400d-b881-7b4879d7e2ac,"tratamento para avc isquêmico e hemorrágico",0,10,emergentes,Emergentes,avc,t,"2026-04-13 08:41:12.052215+00",,autocomplete,"2026-04-13 08:41:12.052215+00"
9945c689-d1de-40e8-aa77-e823bf2f8610,"o que é bom para fobia social",0,10,saude-mental,"Saúde Mental","fobia social",t,"2026-04-13 08:41:17.653799+00",,autocomplete,"2026-04-13 08:41:17.653799+00"
997a7c99-7709-45dc-8d66-866b547f8f94,"tratamento para colesterol alto em crianças",0,10,alimentacao,Alimentação,"colesterol alto",t,"2026-04-13 08:40:04.811683+00",,autocomplete,"2026-04-13 08:40:04.811683+00"
997b1afd-1f6e-45f2-9554-441de7235918,"como tratar pre diabetes tipo 2",0,35,alimentacao,Alimentação,pré-diabetes,t,"2026-04-13 08:42:08.372884+00",,autocomplete,"2026-04-13 08:42:08.372884+00"
997d550c-164f-4ee8-a2ba-d17e31bd3706,"como tratar osteoporose no quadril",0,40,menopausa,Menopausa,osteoporose,t,"2026-04-13 08:36:53.898281+00",,autocomplete,"2026-04-13 08:36:53.898281+00"
99b229fd-e7eb-4041-a328-575d7fcb7e5d,"alzheimer sintomas físicos",0,10,saude-mental,"Saúde Mental",alzheimer,t,"2026-04-13 08:43:15.769569+00",,autocomplete,"2026-04-13 08:43:15.769569+00"
9a16ab4e-6154-4535-b6a5-e839bb0a7aea,"refluxo gastroesofágico sintomas garganta",9999,84,alimentacao,Alimentação,"refluxo gastroesofágico",f,"2026-03-30 08:09:42.308033+00",,pytrends,"2026-03-30 08:09:42.308033+00"
9a37394f-ede5-4d77-83ec-7c65da88a60d,"causas do virus nipah",0,10,emergentes,Emergentes,"vírus nipah",t,"2026-04-13 08:38:12.456348+00",,autocomplete,"2026-04-13 08:38:12.456348+00"
9a443bb8-89d7-4d51-909b-e46895e209bf,"o que é a osteoporose",50,76,menopausa,Menopausa,osteoporose,t,"2026-03-28 00:13:47.374635+00",,pytrends,"2026-03-28 00:13:47.374635+00"
9a59e0bf-0036-4c1a-b22b-d5b3163bb6cc,"o que é ptsd em ingles",0,50,saude-mental,"Saúde Mental",PTSD,t,"2026-04-13 08:39:36.686137+00",,autocomplete,"2026-04-13 08:39:36.686137+00"
9a6086ce-2045-44aa-a5ab-55568983f57a,"quais os sintomas de colesterol alto",9999,100,alimentacao,Alimentação,"colesterol alto",t,"2026-03-28 00:19:33.247612+00",,pytrends,"2026-03-28 00:19:33.247612+00"
9a6d6191-4f8e-4c85-b70c-570dd1c46698,"incontinencia urinaria causas hombres",0,10,menopausa,Menopausa,"incontinência urinária",t,"2026-03-30 08:17:35.146647+00",,autocomplete,"2026-03-30 08:17:35.146647+00"
9a8470f9-bcff-48e6-a3ed-67e5112a3f72,"sintomas de ptsd en espanol",0,95,saude-mental,"Saúde Mental",PTSD,t,"2026-04-13 08:39:36.686137+00",,autocomplete,"2026-04-13 08:39:36.686137+00"
9a9ce5ec-deba-4488-9fcb-b78b6ea40983,"dieta cetogenica sintomas de cetosis",0,55,alimentacao,Alimentação,"dieta cetogénica",t,"2026-04-13 08:37:55.594739+00",,autocomplete,"2026-04-13 08:37:55.594739+00"
9aabeb1d-8605-4d9b-90c2-7ffeaf29f2e8,"tratamento dependencia",0,55,saude-mental,"Saúde Mental",dependências,t,"2026-04-13 08:41:06.439839+00",,autocomplete,"2026-04-13 08:41:06.439839+00"
9abc0954-0e0e-45de-8de7-c21b34377356,"o que é dieta cetogenica",0,95,alimentacao,Alimentação,"dieta cetogénica",t,"2026-04-13 08:37:55.594739+00",,autocomplete,"2026-04-13 08:37:55.594739+00"
9aca8278-e483-4a5c-b17e-d47d06f4d953,"colesterol alto causas e sintomas",0,10,alimentacao,Alimentação,"colesterol alto",t,"2026-04-13 08:40:04.811683+00",,autocomplete,"2026-04-13 08:40:04.811683+00"
9acd4b46-b049-4f0b-b372-957212d2df7c,"saude mental no trabalho sintomas",0,55,saude-mental,"Saúde Mental","saúde mental no trabalho",t,"2026-04-13 08:41:34.56973+00",,autocomplete,"2026-04-13 08:41:34.56973+00"
9adaea38-c19e-4764-b5a9-01ef3a702a85,"sinais de endometriose",9999,76,menopausa,Menopausa,endometriose,f,"2026-03-30 08:09:08.445079+00",,pytrends,"2026-03-30 08:09:08.445079+00"
9af8b7c7-c3a4-4778-a89c-e8db4c801b18,"o que é solidão da mulher negra",0,40,saude-mental,"Saúde Mental",solidão,t,"2026-04-13 08:38:51.66098+00",,autocomplete,"2026-04-13 08:38:51.66098+00"
9b14c786-b93d-4e3e-9682-f98174f327d1,"como tratar alcoolismo pelo sus",0,40,saude-mental,"Saúde Mental",alcoolismo,t,"2026-04-13 08:43:49.404375+00",,autocomplete,"2026-04-13 08:43:49.404375+00"
9b1639a9-b552-4144-9de5-0abe35cf182a,"doença celíaca causas sintomas e tratamento",0,10,alimentacao,Alimentação,"doença celíaca",t,"2026-04-13 08:43:38.203977+00",,autocomplete,"2026-04-13 08:43:38.203977+00"
9b230ce9-701d-4010-b4eb-aea6d8837ef2,"o'que causa ganho de peso na menopausa",0,65,menopausa,Menopausa,"peso na menopausa",t,"2026-04-13 08:38:29.321032+00",,autocomplete,"2026-04-13 08:38:29.321032+00"
9b52d475-faad-4de7-b04c-a8be2310b2e6,"alzheimer tratamento e prevenção",0,10,saude-mental,"Saúde Mental",alzheimer,t,"2026-04-13 08:43:15.769569+00",,autocomplete,"2026-04-13 08:43:15.769569+00"
9b572bdb-d7e5-4137-8660-178ae3ec24af,"tratamento burnout pdf",0,10,saude-mental,"Saúde Mental",burnout,t,"2026-04-13 08:38:34.941684+00",,autocomplete,"2026-04-13 08:38:34.941684+00"
9b5f2f10-c53b-4ca2-8d83-dfe29e7a56a6,"tem como tratar pré diabetes",0,30,alimentacao,Alimentação,pré-diabetes,t,"2026-04-13 08:42:08.372884+00",,autocomplete,"2026-04-13 08:42:08.372884+00"
9b7b9ae0-74e3-499a-8805-e0cccc9060cf,"é normal ter candidíase na menopausa",0,10,menopausa,Menopausa,candidíase,t,"2026-04-13 08:40:43.957484+00",,autocomplete,"2026-04-13 08:40:43.957484+00"
9bbcf7e7-56b7-442e-9964-88b668a945ec,"anemia tratamento injetavel",0,10,alimentacao,Alimentação,anemia,t,"2026-04-13 08:40:38.397737+00",,autocomplete,"2026-04-13 08:40:38.397737+00"
9be841e0-e3a2-42b3-9c59-22956481a7a7,"o que é estresse oxidativo",0,25,saude-mental,"Saúde Mental",stress,t,"2026-04-13 08:40:21.587655+00",,autocomplete,"2026-04-13 08:40:21.587655+00"
9bf6a9a5-e37d-4e03-9edf-db4e12192613,"tratamento para ansiedade social",0,10,saude-mental,"Saúde Mental",ansiedade,t,"2026-04-13 08:38:40.522707+00",,autocomplete,"2026-04-13 08:38:40.522707+00"
9c059e70-18b6-4101-8508-b1d6867e4adc,"incontinência urinária sintomas graves",0,10,menopausa,Menopausa,"incontinência urinária",t,"2026-04-13 08:42:42.043868+00",,autocomplete,"2026-04-13 08:42:42.043868+00"
9c1785f5-6a0e-474a-b668-0ff402207343,"alimentos que ajudam na anemia",1250,10,alimentacao,Alimentação,anemia,f,"2026-03-23 07:34:29.013974+00",,pytrends,"2026-03-27 18:34:47.925931+00"
9c17cf3a-703d-47b5-b349-e2749b2547d5,"como tratar depressão canina",0,45,saude-mental,"Saúde Mental",depressão,t,"2026-04-13 08:38:46.093196+00",,autocomplete,"2026-04-13 08:38:46.093196+00"
9c18fe15-5f08-43ec-9bd7-1633507f6732,"enxaqueca vestibular sintomas",9999,52,saude-mental,"Saúde Mental",enxaqueca,f,"2026-03-23 07:40:03.267056+00",,pytrends,"2026-03-27 18:34:47.925931+00"
9c192e14-6029-45a7-9945-f27da91a42ae,"causas do transtorno de pânico",0,10,saude-mental,"Saúde Mental",pânico,t,"2026-04-13 08:39:31.045213+00",,autocomplete,"2026-04-13 08:39:31.045213+00"
9c26f101-2021-40fb-a585-1c8a98f38418,"sintomas de candidíase na gravidez",0,80,menopausa,Menopausa,candidíase,t,"2026-04-13 08:40:43.957484+00",,autocomplete,"2026-04-13 08:40:43.957484+00"
9c43c0ec-fdbe-4126-af50-6b0082644026,"sintomas de lúpus na pele",0,95,emergentes,Emergentes,lúpus,t,"2026-04-13 08:42:25.267323+00",,autocomplete,"2026-04-13 08:42:25.267323+00"
9c4443f9-68e1-4720-a946-67820f86dcb8,"causas de cancro da mama",0,10,menopausa,Menopausa,"cancro da mama",t,"2026-04-13 08:40:55.173287+00",,autocomplete,"2026-04-13 08:40:55.173287+00"
9c50e31e-e8cc-463e-bc11-9bb01aa7ea33,"o que é pensamento de automutilação",0,45,saude-mental,"Saúde Mental",automutilação,t,"2026-04-13 08:36:42.692925+00",,autocomplete,"2026-04-13 08:36:42.692925+00"
9c8b0481-46d8-4911-8b7d-79830236e1ed,"o que é refluxo gastroesofágico em criança",0,10,alimentacao,Alimentação,"refluxo gastroesofágico",t,"2026-04-13 08:40:32.807623+00",,autocomplete,"2026-04-13 08:40:32.807623+00"
9c8f1ee4-8d94-47ac-9d66-e52e9be9492f,"como prevenir o suicídio setembro amarelo",0,10,saude-mental,"Saúde Mental",suicídio,t,"2026-04-13 08:42:36.442374+00",,autocomplete,"2026-04-13 08:42:36.442374+00"
9c91e925-07b4-432b-bd31-e1e6fb5075b7,"diabetes tipo 2 causas características y tratamiento",0,10,alimentacao,Alimentação,"diabetes tipo 2",t,"2026-04-13 08:42:47.656406+00",,autocomplete,"2026-04-13 08:42:47.656406+00"
9c96712a-d992-4a79-9e5d-5248188d6245,"sintomas de lúpus em homens",0,70,emergentes,Emergentes,lúpus,t,"2026-04-13 08:42:25.267323+00",,autocomplete,"2026-04-13 08:42:25.267323+00"
9ca86efa-7bd0-4946-866c-7fba56a3e0e1,"sintomas de síndrome do intestino irritável tem cura",0,65,alimentacao,Alimentação,"síndrome de intestino irritável",t,"2026-04-13 08:40:49.538553+00",,autocomplete,"2026-04-13 08:40:49.538553+00"
9cfcfc40-38a8-4802-b0c4-c7715ba3ce28,"avc causas em jovens",0,10,emergentes,Emergentes,avc,t,"2026-04-13 08:41:12.052215+00",,autocomplete,"2026-04-13 08:41:12.052215+00"
9d01d20b-ba02-4349-b825-d9550de86168,"sintomas de pânico e ansiedade",0,85,saude-mental,"Saúde Mental",pânico,t,"2026-04-13 08:39:31.045213+00",,autocomplete,"2026-04-13 08:39:31.045213+00"
9d5716f7-7ddb-4bff-9d21-615b3e7e9d43,"o que é intolerancia a lactose",0,25,alimentacao,Alimentação,"intolerância à lactose",t,"2026-04-13 08:43:43.801483+00",,autocomplete,"2026-04-13 08:43:43.801483+00"
9d7c0ab1-9c0a-4ef5-bdd8-fe604618c512,"tabela de jejum intermitente para iniciantes",4150,60,alimentacao,Alimentação,"jejum intermitente",f,"2026-03-28 00:11:52.776734+00",,pytrends,"2026-03-28 00:11:52.776734+00"
9d9571eb-38dd-4819-8cef-76e460d22d17,"sintomas de síndrome do intestino irritável tratamento",0,95,alimentacao,Alimentação,"síndrome de intestino irritável",t,"2026-04-13 08:40:49.538553+00",,autocomplete,"2026-04-13 08:40:49.538553+00"
9dac062f-59d7-4f82-99f7-9d91cf0df3f0,"demência frontotemporal causas",0,10,saude-mental,"Saúde Mental",demência,t,"2026-04-13 08:40:27.20613+00",,autocomplete,"2026-04-13 08:40:27.20613+00"
9dad7494-762f-49ab-93e0-db99d47d7e79,"menopausa precoce tem tratamento",0,10,menopausa,Menopausa,"menopausa precoce",t,"2026-04-13 08:37:50.002306+00",,autocomplete,"2026-04-13 08:37:50.002306+00"
9dd50b76-ccb3-46c1-ad4b-913feb286378,"quais as principais causas de osteoporose",0,10,menopausa,Menopausa,osteoporose,t,"2026-03-28 00:25:16.990375+00",,autocomplete,"2026-03-28 00:25:16.990375+00"
9df43b7c-7a6e-44bb-abff-8d70d11fad1d,"candidíase tratamento nistatina",0,10,menopausa,Menopausa,candidíase,t,"2026-04-13 08:40:43.957484+00",,autocomplete,"2026-04-13 08:40:43.957484+00"
9e1467f3-b27d-4575-aa72-8e01390bc5e6,"estresse pos traumatico",1300,44,saude-mental,"Saúde Mental",stress,f,"2026-03-30 08:09:19.495077+00",,pytrends,"2026-03-30 08:09:19.495077+00"
9e17ceee-a9de-43ba-92f0-3fc1674e950b,"o que é insonia de manutenção",0,10,saude-mental,"Saúde Mental",insónia,t,"2026-04-13 08:39:19.763922+00",,autocomplete,"2026-04-13 08:39:19.763922+00"
9e39357e-3cb3-4a6e-9b89-df50910e80c5,"sintomas de demência em cachorro",0,65,saude-mental,"Saúde Mental",demência,t,"2026-04-13 08:40:27.20613+00",,autocomplete,"2026-04-13 08:40:27.20613+00"
9e4692a4-3595-4179-b98f-086a278cc78e,"causas de insônia em jovens",0,10,saude-mental,"Saúde Mental",insónia,t,"2026-04-13 08:39:19.763922+00",,autocomplete,"2026-04-13 08:39:19.763922+00"
9e46e367-3881-41c4-b361-a455b9cb2fba,"o que e anemia",60,10,alimentacao,Alimentação,anemia,t,"2026-04-13 08:29:36.237329+00",,pytrends,"2026-04-13 08:29:36.237329+00"
9e47e999-1593-4f55-9182-93945ef19b84,"ansiedade causas dores",0,10,saude-mental,"Saúde Mental",ansiedade,t,"2026-04-13 08:38:40.522707+00",,autocomplete,"2026-04-13 08:38:40.522707+00"
9e5f731f-ea7b-4940-a6f0-d7acc781cd8d,"é normal ter insonia",0,10,saude-mental,"Saúde Mental",insónia,t,"2026-04-13 08:39:19.763922+00",,autocomplete,"2026-04-13 08:39:19.763922+00"
9e799e40-aa7d-4a34-ae0a-b18d80f2bc8d,"o que é considerado automutilação",0,50,saude-mental,"Saúde Mental",automutilação,t,"2026-04-13 08:36:42.692925+00",,autocomplete,"2026-04-13 08:36:42.692925+00"
9e85dfe5-100f-47a6-9df3-67484618e994,"tdah adulto tratamento",0,10,saude-mental,"Saúde Mental","TDAH adulto",t,"2026-04-13 08:39:53.572317+00",,autocomplete,"2026-04-13 08:39:53.572317+00"
9ea6da3f-c358-4e76-96b7-e6bb6459d9ae,"como prevenir candidíase",0,10,menopausa,Menopausa,candidíase,t,"2026-04-13 08:40:43.957484+00",,autocomplete,"2026-04-13 08:40:43.957484+00"
9ec39876-c53f-4963-b201-b21bfb3d5efa,"o que é refluxo gastroesofágico patológico",0,10,alimentacao,Alimentação,"refluxo gastroesofágico",t,"2026-04-13 08:40:32.807623+00",,autocomplete,"2026-04-13 08:40:32.807623+00"
9ede285e-986e-4487-b608-7e4e9d6aae10,"tratamento para menopáusa precoce",0,10,menopausa,Menopausa,"menopausa precoce",t,"2026-04-13 08:37:50.002306+00",,autocomplete,"2026-04-13 08:37:50.002306+00"
9ef5cd12-3229-40b0-94ae-5fdb73065daa,"sepsis tratamento",0,10,emergentes,Emergentes,sepsis,t,"2026-04-13 08:41:00.80186+00",,autocomplete,"2026-04-13 08:41:00.80186+00"
9f28405c-fced-44ab-9f0e-ca87d152d330,"sintomas panico like",0,10,saude-mental,"Saúde Mental",pânico,t,"2026-04-13 08:39:31.045213+00",,autocomplete,"2026-04-13 08:39:31.045213+00"
9f551963-7c90-412f-ae16-ce380b6ea64d,"causas de enxaqueca forte",0,10,saude-mental,"Saúde Mental",enxaqueca,t,"2026-04-13 08:43:55.008487+00",,autocomplete,"2026-04-13 08:43:55.008487+00"
9f63356a-61a0-4235-b3b2-b5cfa48155c9,"o que é incontinência urinária de urgência",0,10,menopausa,Menopausa,"incontinência urinária",t,"2026-04-13 08:42:42.043868+00",,autocomplete,"2026-04-13 08:42:42.043868+00"
9fb6138f-2b4b-4907-a58f-966b1844b0ab,"principais causas de depressão",0,10,saude-mental,"Saúde Mental",depressão,t,"2026-04-13 08:38:46.093196+00",,autocomplete,"2026-04-13 08:38:46.093196+00"
9fd09106-6af1-4d23-b34c-dcf0a13f223f,"sintomas menopausa tratamento natural",0,35,menopausa,Menopausa,"menopausa sintomas",t,"2026-04-13 08:37:16.281981+00",,autocomplete,"2026-04-13 08:37:16.281981+00"
9fd0e9cd-a6dc-45c9-abe1-a74dd216335e,"sintomas de tdah adulto mulher",0,95,saude-mental,"Saúde Mental","TDAH adulto",t,"2026-04-13 08:39:53.572317+00",,autocomplete,"2026-04-13 08:39:53.572317+00"
9fd1c69b-ccd3-40f0-8bb6-1e5d54099cb6,"como prevenir alzheimer portugues",0,10,saude-mental,"Saúde Mental",alzheimer,t,"2026-04-13 08:43:15.769569+00",,autocomplete,"2026-04-13 08:43:15.769569+00"
9fd612fa-58d4-4061-8274-913205d55741,"fobia social sintomas dsm",0,10,saude-mental,"Saúde Mental","fobia social",t,"2026-04-13 08:41:17.653799+00",,autocomplete,"2026-04-13 08:41:17.653799+00"
9fd8b18e-4315-458c-8842-a06940f93db9,"o que é burnout autista",0,10,saude-mental,"Saúde Mental",burnout,t,"2026-04-13 08:38:34.941684+00",,autocomplete,"2026-04-13 08:38:34.941684+00"
9fe5be5f-03eb-4edc-8606-6cc7514ddc52,"tratamento para depressão grave",0,10,saude-mental,"Saúde Mental",depressão,t,"2026-04-13 08:38:46.093196+00",,autocomplete,"2026-04-13 08:38:46.093196+00"
9fecb256-9733-4fbf-8f7a-7312105a87e6,"colesterol hdl alto tratamento",0,10,alimentacao,Alimentação,"colesterol alto",t,"2026-04-13 08:40:04.811683+00",,autocomplete,"2026-04-13 08:40:04.811683+00"
9ffb376c-bf77-404e-818b-13530416fc85,"doença celíaca causas e sintomas",0,10,alimentacao,Alimentação,"doença celíaca",t,"2026-03-30 08:18:46.887709+00",,autocomplete,"2026-03-30 08:18:46.887709+00"
a00cf254-9fbf-4e24-b116-0734b5aa5950,"o que é osteoporose densitométrica",0,10,menopausa,Menopausa,osteoporose,t,"2026-04-13 08:36:53.898281+00",,autocomplete,"2026-04-13 08:36:53.898281+00"
a01e9ab3-dcc1-4f34-a191-2fef15dcb5ef,"como tratar intolerancia al gluten",0,45,alimentacao,Alimentação,"intolerância ao glúten",t,"2026-04-13 08:37:05.051837+00",,autocomplete,"2026-04-13 08:37:05.051837+00"
a03d18f9-016c-42cc-a140-5663076fd19e,"como tratar la fobia social en adolescentes",0,20,saude-mental,"Saúde Mental","fobia social",t,"2026-04-13 08:41:17.653799+00",,autocomplete,"2026-04-13 08:41:17.653799+00"
a04c5329-3b07-4cea-b6c8-39683a8cf905,"candidiase causas emocionais",0,10,menopausa,Menopausa,candidíase,t,"2026-04-13 08:40:43.957484+00",,autocomplete,"2026-04-13 08:40:43.957484+00"
a05012d0-ee49-4262-9088-a54419d9fe44,"como aliviar a ansiedade",9999,100,saude-mental,"Saúde Mental",ansiedade,t,"2026-04-06 08:05:35.66783+00",,pytrends,"2026-04-06 08:05:35.66783+00"
a0594fe1-08bf-40a7-bfba-da9021c4afe3,"é normal ter incontinência urinária",0,10,menopausa,Menopausa,"incontinência urinária",t,"2026-04-13 08:42:42.043868+00",,autocomplete,"2026-04-13 08:42:42.043868+00"
a0605729-148d-4157-b65f-b24d6614d220,"sintomas de tdah em adultos tratamento",0,70,saude-mental,"Saúde Mental","TDAH adulto",t,"2026-04-13 08:39:53.572317+00",,autocomplete,"2026-04-13 08:39:53.572317+00"
a07e6f13-05d1-439f-a77b-a89d0142a051,"o que é stress test",0,10,saude-mental,"Saúde Mental",stress,t,"2026-04-13 08:40:21.587655+00",,autocomplete,"2026-04-13 08:40:21.587655+00"
a083c002-6c24-4e8d-91fc-d27a62fdfcf2,"causas endometriose profunda",0,10,menopausa,Menopausa,endometriose,t,"2026-04-13 08:40:10.397854+00",,autocomplete,"2026-04-13 08:40:10.397854+00"
a0a9cd6b-2c82-4666-b418-49da91dbb75b,"tratamento para intolerância a lactose",0,10,alimentacao,Alimentação,"intolerância à lactose",t,"2026-04-13 08:43:43.801483+00",,autocomplete,"2026-04-13 08:43:43.801483+00"
a0ad5db1-b1a4-4bd6-8d3d-e0558c417efe,"tratamento para enxaqueca com aura",0,10,saude-mental,"Saúde Mental",enxaqueca,t,"2026-04-13 08:43:55.008487+00",,autocomplete,"2026-04-13 08:43:55.008487+00"
a0b3025e-80f6-40e3-a382-bc474756d60b,"o que é o vírus cândida auris",0,30,emergentes,Emergentes,"candida auris",t,"2026-04-13 08:42:30.835875+00",,autocomplete,"2026-04-13 08:42:30.835875+00"
a0ce96d2-8bd7-4e1d-a040-3a8403de9c22,"ricardo salgado alzheimer",6050,84,saude-mental,"Saúde Mental",alzheimer,f,"2026-04-06 08:14:12.553439+00",,pytrends,"2026-04-06 08:14:12.553439+00"
a0d957b3-4240-4615-9f68-3a67883a9651,"é normal ter candidiase no inicio da gravidez",0,10,menopausa,Menopausa,candidíase,t,"2026-04-13 08:40:43.957484+00",,autocomplete,"2026-04-13 08:40:43.957484+00"
a0d972f9-6a5e-4bca-82f2-12a5dfb3b1ca,"como prevenir diabetes tipo 2",0,10,alimentacao,Alimentação,"diabetes tipo 2",t,"2026-04-13 08:42:47.656406+00",,autocomplete,"2026-04-13 08:42:47.656406+00"
a0ed954f-50f7-4986-89a1-3e7591d6ac93,"o que virus nipah causa",0,40,emergentes,Emergentes,"vírus nipah",t,"2026-04-13 08:38:12.456348+00",,autocomplete,"2026-04-13 08:38:12.456348+00"
a108d57b-486c-4401-b406-f195ad647164,"sintomas de candidíase peniana",0,65,menopausa,Menopausa,candidíase,t,"2026-04-13 08:40:43.957484+00",,autocomplete,"2026-04-13 08:40:43.957484+00"
a11471c4-8cdf-4d9c-96ba-d53579df5446,"causas de incontinência urinária masculina",0,10,menopausa,Menopausa,"incontinência urinária",t,"2026-04-13 08:42:42.043868+00",,autocomplete,"2026-04-13 08:42:42.043868+00"
a137e4e6-92f2-4524-8420-55522b1d54b2,"como aliviar o stress",9999,84,saude-mental,"Saúde Mental",stress,t,"2026-03-28 00:20:35.250674+00",,pytrends,"2026-03-28 00:20:35.250674+00"
a15e9717-ee2d-4990-be62-07896303a3de,"avc fulminante",1550,36,emergentes,Emergentes,avc,f,"2026-04-13 08:30:45.927315+00",,pytrends,"2026-04-13 08:30:45.927315+00"
a171ca26-0ee1-4e4b-9b03-0714abc251fe,"lúpus sintomas",0,10,emergentes,Emergentes,lúpus,t,"2026-04-13 08:42:25.267323+00",,autocomplete,"2026-04-13 08:42:25.267323+00"
a17e8b40-0706-4f98-b032-c22093377f1d,"o que é suicídio anômico",0,75,saude-mental,"Saúde Mental",suicídio,t,"2026-04-13 08:42:36.442374+00",,autocomplete,"2026-04-13 08:42:36.442374+00"
a186e76e-0e20-4167-a28c-d568b31e387d,"intolerância ao glúten sintomas em bebe",0,10,alimentacao,Alimentação,"intolerância ao glúten",t,"2026-04-13 08:37:05.051837+00",,autocomplete,"2026-04-13 08:37:05.051837+00"
a187cea8-4743-438b-b247-7f4871fc2f56,"como tratar anemia",40,10,alimentacao,Alimentação,anemia,t,"2026-04-13 08:29:36.237329+00",,pytrends,"2026-04-13 08:29:36.237329+00"
a18a4257-b9e5-4ec3-9036-2503bf185e96,"tratamento para osteoporose avançada",0,10,menopausa,Menopausa,osteoporose,t,"2026-04-13 08:36:53.898281+00",,autocomplete,"2026-04-13 08:36:53.898281+00"
a1910ba8-384e-4bcf-8f2e-119d0cd9f1cb,"anemia tratamento",0,10,alimentacao,Alimentação,anemia,t,"2026-04-13 08:40:38.397737+00",,autocomplete,"2026-04-13 08:40:38.397737+00"
a1948b09-94de-4121-a652-79c68ed5a5e3,"tratamento insonia cronica",0,10,saude-mental,"Saúde Mental",insónia,t,"2026-04-13 08:39:19.763922+00",,autocomplete,"2026-04-13 08:39:19.763922+00"
a1990176-55ff-4035-92ca-50d0b4ae58bf,"remédio para enxaqueca",70,20,saude-mental,"Saúde Mental",enxaqueca,f,"2026-04-06 08:08:13.385846+00",,pytrends,"2026-04-06 08:08:13.385846+00"
a19cc48a-1fc9-45ab-b0c7-4d03cc0208d2,"intolerância a lactose sintomas",0,10,alimentacao,Alimentação,"intolerância à lactose",t,"2026-04-13 08:43:43.801483+00",,autocomplete,"2026-04-13 08:43:43.801483+00"
a1aedc79-8efe-4ddb-865b-61c602081b70,"obesidade infantil causas consequencias e prevenção",0,10,alimentacao,Alimentação,"obesidade infantil",t,"2026-04-13 08:36:59.449865+00",,autocomplete,"2026-04-13 08:36:59.449865+00"
a1afc3f3-ca06-41cf-ab24-4b0afbd21dec,"melhor tratamento para síndrome do intestino irritável",0,10,alimentacao,Alimentação,"síndrome de intestino irritável",t,"2026-04-13 08:40:49.538553+00",,autocomplete,"2026-04-13 08:40:49.538553+00"
a1b7057c-b68d-4813-9de1-5d5868177034,"causas e fatores de risco da anorexia nervosa",0,50,saude-mental,"Saúde Mental","anorexia nervosa",t,"2026-04-13 08:43:04.555328+00",,autocomplete,"2026-04-13 08:43:04.555328+00"
a1b915dc-5f0b-4c37-a083-9cb6a6f5f382,"obesidade infantil como prevenir desde cedo",0,10,alimentacao,Alimentação,"obesidade infantil",t,"2026-04-13 08:36:59.449865+00",,autocomplete,"2026-04-13 08:36:59.449865+00"
a1c193c1-5067-4495-8bda-12c8b23775aa,"demencia sintomas tem cura",0,10,saude-mental,"Saúde Mental",demência,t,"2026-04-13 08:40:27.20613+00",,autocomplete,"2026-04-13 08:40:27.20613+00"
a1d12b0e-39df-478c-8b15-f61d7fe3b6b7,"depressão tratamento medicamentoso",0,10,saude-mental,"Saúde Mental",depressão,t,"2026-04-13 08:38:46.093196+00",,autocomplete,"2026-04-13 08:38:46.093196+00"
a1f0df34-3bec-459f-824d-07fd3e730650,"sintomas de fobia social dsm v",0,80,saude-mental,"Saúde Mental","fobia social",t,"2026-04-13 08:41:17.653799+00",,autocomplete,"2026-04-13 08:41:17.653799+00"
a243a091-ee7d-4d90-99c4-0ba72ad226ce,"como tratar colesterol alto em criança de 2 anos",0,15,alimentacao,Alimentação,"colesterol alto",t,"2026-04-13 08:40:04.811683+00",,autocomplete,"2026-04-13 08:40:04.811683+00"
a24a1750-d129-434b-a563-b002636e3ac5,"é normal ter enxaqueca na menopausa",0,10,saude-mental,"Saúde Mental",enxaqueca,t,"2026-04-13 08:43:55.008487+00",,autocomplete,"2026-04-13 08:43:55.008487+00"
a25ade4b-505d-47be-8f48-d47d29115176,"como prevenir el colesterol y trigliceridos altos",0,10,alimentacao,Alimentação,"colesterol alto",t,"2026-04-13 08:40:04.811683+00",,autocomplete,"2026-04-13 08:40:04.811683+00"
a26d0021-cb30-4d9d-a21e-66d9452c2d4a,"é normal ter depressão com 10 anos",0,10,saude-mental,"Saúde Mental",depressão,t,"2026-04-13 08:38:46.093196+00",,autocomplete,"2026-04-13 08:38:46.093196+00"
a26f4041-56c6-41b8-82e8-dc8e550e862e,"como tratar fobia social grave",0,30,saude-mental,"Saúde Mental","fobia social",t,"2026-04-13 08:41:17.653799+00",,autocomplete,"2026-04-13 08:41:17.653799+00"
a2770e42-bb29-4cdf-840f-bc964982c3f5,"o que causa obesidade infantil",0,45,alimentacao,Alimentação,"obesidade infantil",t,"2026-04-13 08:36:59.449865+00",,autocomplete,"2026-04-13 08:36:59.449865+00"
a281a6c4-db78-45ee-b102-77373e4bc1e0,"candida auris tratamento",0,10,emergentes,Emergentes,"candida auris",t,"2026-04-13 08:42:30.835875+00",,autocomplete,"2026-04-13 08:42:30.835875+00"
a2b02854-5ccb-4834-9902-9753fc9fa7a2,"causas de depressão infantil",0,10,saude-mental,"Saúde Mental",depressão,t,"2026-04-13 08:38:46.093196+00",,autocomplete,"2026-04-13 08:38:46.093196+00"
a2b41526-bef4-4637-a6d1-09d4c93f5f67,"sintomas de solidão",0,100,saude-mental,"Saúde Mental",solidão,t,"2026-04-13 08:38:51.66098+00",,autocomplete,"2026-04-13 08:38:51.66098+00"
a2ed1e94-4918-4538-8fc8-ec175caaaaa2,"sindrome do intestino irritavel tratamento pdf",0,10,alimentacao,Alimentação,"síndrome de intestino irritável",t,"2026-04-13 08:40:49.538553+00",,autocomplete,"2026-04-13 08:40:49.538553+00"
a3681d72-f97c-4c3a-a398-f8ad50f22ab9,"o que é enxaqueca",0,10,saude-mental,"Saúde Mental",enxaqueca,t,"2026-04-13 08:43:55.008487+00",,autocomplete,"2026-04-13 08:43:55.008487+00"
a374a825-4ffa-47b5-904e-e42520c7d991,"burnout meaning",80,36,saude-mental,"Saúde Mental",burnout,f,"2026-04-06 08:00:17.154548+00",,pytrends,"2026-04-06 08:00:17.154548+00"
a3987f93-d6e8-46ec-905f-63ef466bf70a,"o que é burnout quais os sintomas",0,10,saude-mental,"Saúde Mental",burnout,t,"2026-04-13 08:38:34.941684+00",,autocomplete,"2026-04-13 08:38:34.941684+00"
a406f001-ab95-4bdf-91f1-b8bc9532ae08,pubmed,250,44,saude-mental,"Saúde Mental",burnout,f,"2026-04-06 08:00:17.154548+00",,pytrends,"2026-04-06 08:00:17.154548+00"
a410b089-bffd-443d-89c1-04708daec181,"avc sintomas iniciais",2500,44,emergentes,Emergentes,avc,f,"2026-03-30 08:05:39.827249+00",,pytrends,"2026-03-30 08:05:39.827249+00"
a4352cff-d93a-4851-b430-cb7f57699e54,"long covid sintomas neurologicos",0,70,emergentes,Emergentes,"long covid",t,"2026-04-13 08:38:06.844002+00",,autocomplete,"2026-04-13 08:38:06.844002+00"
a4396f25-dbb6-406e-8819-2d406d71b483,"tratamento para burnout",0,10,saude-mental,"Saúde Mental",burnout,t,"2026-04-13 08:38:34.941684+00",,autocomplete,"2026-04-13 08:38:34.941684+00"
a45235b2-ff6e-4a23-bc3f-dbc59a4f52cf,"endometriose sintomas intestinais",0,10,menopausa,Menopausa,endometriose,t,"2026-04-13 08:40:10.397854+00",,autocomplete,"2026-04-13 08:40:10.397854+00"
a483adb6-121b-4051-9393-8226429d4dfa,"refluxo gastroesofágico tratamento médico",0,10,alimentacao,Alimentação,"refluxo gastroesofágico",t,"2026-04-13 08:40:32.807623+00",,autocomplete,"2026-04-13 08:40:32.807623+00"
a494f5ea-890e-47e6-a95e-b781d1afda73,"tratamento para candidíase pomada",0,10,menopausa,Menopausa,candidíase,t,"2026-04-13 08:40:43.957484+00",,autocomplete,"2026-04-13 08:40:43.957484+00"
a4978bac-ccf4-4e99-9dee-fe4bffe8f963,"long covid sintomas",0,80,emergentes,Emergentes,"long covid",t,"2026-04-13 08:38:06.844002+00",,autocomplete,"2026-04-13 08:38:06.844002+00"
a49d045f-13e5-44fe-9207-051b8dd1f40d,"anemia causas e sintomas",0,10,alimentacao,Alimentação,anemia,t,"2026-04-13 08:40:38.397737+00",,autocomplete,"2026-04-13 08:40:38.397737+00"
a4b67e47-2ef6-41c5-bfc7-8692e34f3cae,"o que é burnout digital",0,10,saude-mental,"Saúde Mental",burnout,t,"2026-04-13 08:38:34.941684+00",,autocomplete,"2026-04-13 08:38:34.941684+00"
a4c6110a-73a4-4fb9-b887-9a2385496826,"como se prevenir do colesterol alto",0,10,alimentacao,Alimentação,"colesterol alto",t,"2026-04-13 08:40:04.811683+00",,autocomplete,"2026-04-13 08:40:04.811683+00"
a4e42b8b-369f-4b01-9696-a54586795cb5,"o que é solidão",0,70,saude-mental,"Saúde Mental",solidão,t,"2026-04-13 08:38:51.66098+00",,autocomplete,"2026-04-13 08:38:51.66098+00"
a4e7df2c-15df-49ce-a7a5-61b4b7b0f953,"virus nipah causas",0,10,emergentes,Emergentes,"vírus nipah",t,"2026-04-13 08:38:12.456348+00",,autocomplete,"2026-04-13 08:38:12.456348+00"
a4f30ea3-9dd2-44f5-8ce6-4c0d1f6bff33,"tratamento para avc facial",0,10,emergentes,Emergentes,avc,t,"2026-03-30 08:17:17.253196+00",,autocomplete,"2026-03-30 08:17:17.253196+00"
a53eb03d-c2fa-43a7-927c-bd78f780d6f3,"saude mental no trabalho causas",0,50,saude-mental,"Saúde Mental","saúde mental no trabalho",t,"2026-04-13 08:41:34.56973+00",,autocomplete,"2026-04-13 08:41:34.56973+00"
a58727b8-c13b-4219-90b8-854e99815348,"sintomas de síndrome de intestino irritável",0,100,alimentacao,Alimentação,"síndrome de intestino irritável",t,"2026-04-13 08:40:49.538553+00",,autocomplete,"2026-04-13 08:40:49.538553+00"
a58da693-b0c5-438e-ae97-e84518e4ab67,"como descobrir se tenho endometriose",1800,28,menopausa,Menopausa,endometriose,t,"2026-03-30 08:09:08.445079+00",,pytrends,"2026-03-30 08:09:08.445079+00"
a58dea2a-83e1-41de-8cb7-d51d38b33622,"olá solidão",50,68,saude-mental,"Saúde Mental",solidão,f,"2026-04-06 08:05:57.102584+00",,pytrends,"2026-04-06 08:05:57.102584+00"
a58f4055-f3ad-44ab-a004-135bdfd525ca,"dia do avc",200,28,emergentes,Emergentes,avc,f,"2026-04-13 08:30:45.927315+00",,pytrends,"2026-04-13 08:30:45.927315+00"
a5a87394-5fe1-4773-8ef8-5754ce44e703,"tratamento medicamentoso para pre diabetes",0,10,alimentacao,Alimentação,pré-diabetes,t,"2026-04-13 08:42:08.372884+00",,autocomplete,"2026-04-13 08:42:08.372884+00"
a5b19537-6a90-4762-9d61-823e0c5b820c,"tratamento para alzheimer precoce",0,10,saude-mental,"Saúde Mental",alzheimer,t,"2026-04-13 08:43:15.769569+00",,autocomplete,"2026-04-13 08:43:15.769569+00"
a5c59b79-d59f-4865-8d83-07493e2bd338,"sintomas de depressão na gravidez",0,55,saude-mental,"Saúde Mental",depressão,t,"2026-04-13 08:38:46.093196+00",,autocomplete,"2026-04-13 08:38:46.093196+00"
a5f40a01-3ee1-4be9-8fdb-6087b8a72d1c,"o que é avc sistêmico",0,10,emergentes,Emergentes,avc,t,"2026-03-30 08:17:17.253196+00",,autocomplete,"2026-03-30 08:17:17.253196+00"
a61b1179-7ae3-43ae-b4d8-9deebc021a29,"o que é demência",130,84,saude-mental,"Saúde Mental",demência,t,"2026-04-06 08:09:06.750055+00",,pytrends,"2026-04-06 08:09:06.750055+00"
a6330b8e-cf19-438b-934c-d10b936e2460,"próxima depressão em portugal 2026",9999,28,saude-mental,"Saúde Mental",depressão,f,"2026-04-06 08:05:46.502433+00",,pytrends,"2026-04-06 08:05:46.502433+00"
a63fdb5a-66c3-4a34-9787-d724b331f4a8,"osteoporose causas e consequências",0,10,menopausa,Menopausa,osteoporose,t,"2026-04-13 08:36:53.898281+00",,autocomplete,"2026-04-13 08:36:53.898281+00"
a6522699-2270-4ce4-9728-a4ddd8854439,"ansiedade causas no corpo",0,10,saude-mental,"Saúde Mental",ansiedade,t,"2026-04-13 08:38:40.522707+00",,autocomplete,"2026-04-13 08:38:40.522707+00"
a6613e2d-8641-4a56-acd5-c61025b1e9ad,"que es ptsd sintomas",0,10,saude-mental,"Saúde Mental",PTSD,t,"2026-04-13 08:39:36.686137+00",,autocomplete,"2026-04-13 08:39:36.686137+00"
a66c1369-6cc2-4366-9450-ae9183678487,"tratamento para depressão e ansiedade",0,10,saude-mental,"Saúde Mental",depressão,t,"2026-04-13 08:38:46.093196+00",,autocomplete,"2026-04-13 08:38:46.093196+00"
a66f5442-16c0-495f-86ec-36355ace3fc8,"tratamento para depressão pós parto",0,10,saude-mental,"Saúde Mental",depressão,t,"2026-04-13 08:38:46.093196+00",,autocomplete,"2026-04-13 08:38:46.093196+00"
a67bfe5f-b4b3-486b-9a9f-29d9898ecb26,"como tratar demência",0,50,saude-mental,"Saúde Mental",demência,t,"2026-04-13 08:40:27.20613+00",,autocomplete,"2026-04-13 08:40:27.20613+00"
a682649e-0e13-452b-8b0c-a851d3e4fec8,"o que é ansiedade social",0,10,saude-mental,"Saúde Mental",ansiedade,t,"2026-04-13 08:38:40.522707+00",,autocomplete,"2026-04-13 08:38:40.522707+00"
a6c0fbb1-a279-42f3-82e4-380c9962b019,"refluxo gastroesofágico tratamento omeprazol",0,10,alimentacao,Alimentação,"refluxo gastroesofágico",t,"2026-04-13 08:40:32.807623+00",,autocomplete,"2026-04-13 08:40:32.807623+00"
a74b58b9-99be-4828-b84a-3d08e142f0d9,"como evitar avc",9999,68,emergentes,Emergentes,avc,t,"2026-03-23 07:36:16.113754+00",,pytrends,"2026-03-27 18:34:47.925931+00"
a74d3d00-6854-4187-9908-17acc03489d8,"sindrome do intestino irritavel sintomas em crianças",0,10,alimentacao,Alimentação,"síndrome de intestino irritável",t,"2026-04-13 08:40:49.538553+00",,autocomplete,"2026-04-13 08:40:49.538553+00"
a74ee108-cef9-431c-9f97-ffa529d75504,"avc causas e tratamento",0,10,emergentes,Emergentes,avc,t,"2026-04-13 08:41:12.052215+00",,autocomplete,"2026-04-13 08:41:12.052215+00"
a75d5776-e0e1-4026-9839-b7e874e1d5e5,"como tratar candidíase na gravidez em casa",0,20,menopausa,Menopausa,candidíase,t,"2026-04-13 08:40:43.957484+00",,autocomplete,"2026-04-13 08:40:43.957484+00"
a75e76f8-a04c-4fbc-86e2-276f5276be32,"endometriose sintomas tem cura",0,10,menopausa,Menopausa,endometriose,t,"2026-04-13 08:40:10.397854+00",,autocomplete,"2026-04-13 08:40:10.397854+00"
a764aeb8-6624-4c8a-9a96-60af54152fea,"sintomas de lúpus",0,100,emergentes,Emergentes,lúpus,t,"2026-04-13 08:42:25.267323+00",,autocomplete,"2026-04-13 08:42:25.267323+00"
a7665207-2e00-4c14-8228-71b0db6bcc4c,"avc causas estresse",0,10,emergentes,Emergentes,avc,t,"2026-04-13 08:41:12.052215+00",,autocomplete,"2026-04-13 08:41:12.052215+00"
a77ab8cc-4785-4a1a-a88b-6b2a87588c3b,"tratamento para anemia em gatos",0,10,alimentacao,Alimentação,anemia,t,"2026-03-30 08:19:34.858993+00",,autocomplete,"2026-03-30 08:19:34.858993+00"
a78a3a29-5a82-474f-810a-38b5ab1e1be4,"como prevenir avc cerebral",0,10,emergentes,Emergentes,avc,t,"2026-04-13 08:41:12.052215+00",,autocomplete,"2026-04-13 08:41:12.052215+00"
a7a09c9f-aeb1-406c-9f34-afdbdafc400c,"o que é ser pre diabetes",0,10,alimentacao,Alimentação,pré-diabetes,t,"2026-04-13 08:42:08.372884+00",,autocomplete,"2026-04-13 08:42:08.372884+00"
a7a0b46a-8e66-47eb-abd2-b69259da0fed,"tratamento para alzheimer e demencia",0,10,saude-mental,"Saúde Mental",alzheimer,t,"2026-04-13 08:43:15.769569+00",,autocomplete,"2026-04-13 08:43:15.769569+00"
a7aba3b9-e77b-4d6c-b7d6-3accefb26f2a,"candidíase tratamento mulher",0,10,menopausa,Menopausa,candidíase,t,"2026-04-13 08:40:43.957484+00",,autocomplete,"2026-04-13 08:40:43.957484+00"
a7b7d87e-8830-47b0-a398-3c9ed149e9a7,"sintomas de colesterol alto em crianças",0,85,alimentacao,Alimentação,"colesterol alto",t,"2026-04-13 08:40:04.811683+00",,autocomplete,"2026-04-13 08:40:04.811683+00"
a7c578b4-6af2-4406-8ded-7466f1ff8556,"tratamento fratura de estresse",0,10,saude-mental,"Saúde Mental",stress,t,"2026-03-30 08:19:17.022631+00",,autocomplete,"2026-03-30 08:19:17.022631+00"
a7e37b35-a653-4f7a-ab0e-54de123f5ec3,"como tratar lupus eritematoso sistemico",0,30,emergentes,Emergentes,lúpus,t,"2026-04-13 08:42:25.267323+00",,autocomplete,"2026-04-13 08:42:25.267323+00"
a7e886f4-61f6-45ce-90ef-446e089be787,"causas de enxaqueca frequente",0,10,saude-mental,"Saúde Mental",enxaqueca,t,"2026-04-13 08:43:55.008487+00",,autocomplete,"2026-04-13 08:43:55.008487+00"
a7ed3c72-892c-497d-8700-53cefb18a7ae,"endometriose tratamento pdf",0,10,menopausa,Menopausa,endometriose,t,"2026-04-13 08:40:10.397854+00",,autocomplete,"2026-04-13 08:40:10.397854+00"
a7ed3d52-45ee-4043-a693-6117cc2c47a0,"chris hemsworth",9999,44,saude-mental,"Saúde Mental",alzheimer,f,"2026-03-30 08:07:05.928237+00",,pytrends,"2026-03-30 08:07:05.928237+00"
a7f3f515-f0f2-4632-b33c-a2964e0c28c8,"menopausa sintomas tratamento",0,40,menopausa,Menopausa,"menopausa sintomas",t,"2026-04-13 08:37:16.281981+00",,autocomplete,"2026-04-13 08:37:16.281981+00"
a7f792c9-f1da-4a55-82f6-8d5794e22b4f,"o que é colesterol alto o que significa",0,10,alimentacao,Alimentação,"colesterol alto",t,"2026-04-13 08:40:04.811683+00",,autocomplete,"2026-04-13 08:40:04.811683+00"
a8177178-bf48-4416-9de3-87ed0fb034f9,"é normal ter anemia sempre",0,10,alimentacao,Alimentação,anemia,t,"2026-04-13 08:40:38.397737+00",,autocomplete,"2026-04-13 08:40:38.397737+00"
a8214e98-087e-42fd-ac7f-415780ca804a,"alcoolismo tratamento medicamentoso",0,10,saude-mental,"Saúde Mental",alcoolismo,t,"2026-04-13 08:43:49.404375+00",,autocomplete,"2026-04-13 08:43:49.404375+00"
a82f42a8-b4b4-4193-9ed0-b0b2fce684f9,"burnout symptoms",200,76,saude-mental,"Saúde Mental",burnout,f,"2026-03-30 08:00:22.557375+00",,pytrends,"2026-03-30 08:00:22.557375+00"
a8331fe1-4801-48ee-8ee5-eb6777266511,"alzheimer causas e prevencao",0,10,saude-mental,"Saúde Mental",alzheimer,t,"2026-03-30 08:18:05.071522+00",,autocomplete,"2026-03-30 08:18:05.071522+00"
a842b6b5-0292-45d6-85e3-26730cff5167,"como tratar lúpus em cachorro",0,40,emergentes,Emergentes,lúpus,t,"2026-04-13 08:42:25.267323+00",,autocomplete,"2026-04-13 08:42:25.267323+00"
a86be4fd-e94e-425c-a469-3866f231b775,"virus nipah sintomas e tratamento",0,10,emergentes,Emergentes,"vírus nipah",t,"2026-04-13 08:38:12.456348+00",,autocomplete,"2026-04-13 08:38:12.456348+00"
a86dd581-0dd2-44e9-9f6a-b31b41fda8b5,"como tratar candidíase feminina",0,15,menopausa,Menopausa,candidíase,t,"2026-04-13 08:40:43.957484+00",,autocomplete,"2026-04-13 08:40:43.957484+00"
a86e3e99-6c2f-4650-9dcb-ac93dc6802b7,"automutilação em adolescentes tratamento",0,15,saude-mental,"Saúde Mental",automutilação,t,"2026-04-13 08:36:42.692925+00",,autocomplete,"2026-04-13 08:36:42.692925+00"
a8923d99-78da-488b-845c-84efaaf43dbf,"causas de anemia macrocitica",0,10,alimentacao,Alimentação,anemia,t,"2026-04-13 08:40:38.397737+00",,autocomplete,"2026-04-13 08:40:38.397737+00"
a8ae83ce-04a9-4f08-a71e-e6908570516e,"o que é demência com corpos de lewy",0,10,saude-mental,"Saúde Mental",demência,t,"2026-04-13 08:40:27.20613+00",,autocomplete,"2026-04-13 08:40:27.20613+00"
a8ae9b00-0533-413f-812d-90634a3b2425,"o que é desinstitucionalização na saúde mental",0,100,saude-mental,"Saúde Mental","desinstitucionalização saúde mental",t,"2026-04-13 08:41:51.509594+00",,autocomplete,"2026-04-13 08:41:51.509594+00"
a8b0008a-1f17-4b22-9051-aa366907aed7,"menopausa precoce tratamento",0,10,menopausa,Menopausa,"menopausa precoce",t,"2026-04-13 08:37:50.002306+00",,autocomplete,"2026-04-13 08:37:50.002306+00"
a8badcbb-42d6-44d0-8011-145c0605f751,sop,180,10,menopausa,Menopausa,endometriose,f,"2026-03-23 07:41:17.864347+00",,pytrends,"2026-03-27 18:34:47.925931+00"
a8bddfb5-0368-43c2-93f8-d77c0332b3b1,"carmem silva adeus solidão",9999,100,saude-mental,"Saúde Mental",solidão,f,"2026-03-28 00:09:47.571099+00",,pytrends,"2026-03-28 00:09:47.571099+00"
a8d811eb-3f7e-4cad-8754-3544da97f22a,"candidíase cutânea",60,20,menopausa,Menopausa,candidíase,f,"2026-04-06 08:09:49.492291+00",,pytrends,"2026-04-06 08:09:49.492291+00"
a8e4fee4-811b-4c4e-aff1-bda1495c80ae,"o que é jejum intermitente 360",0,50,alimentacao,Alimentação,"jejum intermitente",t,"2026-04-13 08:36:37.089218+00",,autocomplete,"2026-04-13 08:36:37.089218+00"
a8ec0290-e563-42a3-b725-0eba89e88f36,"sintomas de long covid",0,100,emergentes,Emergentes,"long covid",t,"2026-04-13 08:38:06.844002+00",,autocomplete,"2026-04-13 08:38:06.844002+00"
a8f43935-905a-43c1-88d5-06884d820a8e,"anemia o que comer",70,10,alimentacao,Alimentação,anemia,f,"2026-04-13 08:29:36.237329+00",,pytrends,"2026-04-13 08:29:36.237329+00"
a8f56d86-a85a-4fff-915c-319dd642a2f2,"candidiase causas homem",0,10,menopausa,Menopausa,candidíase,t,"2026-04-13 08:40:43.957484+00",,autocomplete,"2026-04-13 08:40:43.957484+00"
a90f3100-e001-4380-9e17-dbe725d7de4f,"causas de suores noturnos",0,40,menopausa,Menopausa,"suores noturnos",t,"2026-04-13 08:37:44.379314+00",,autocomplete,"2026-04-13 08:37:44.379314+00"
a9274987-9f34-4884-ae45-5c02850176a7,"demência senil causas",0,10,saude-mental,"Saúde Mental",demência,t,"2026-03-30 08:19:22.975025+00",,autocomplete,"2026-03-30 08:19:22.975025+00"
a92f776b-a3e0-4780-82fb-e980d35249a8,"o que é resistência bacteriana aos antibióticos",0,85,emergentes,Emergentes,"resistência antibióticos",t,"2026-04-13 08:42:19.657825+00",,autocomplete,"2026-04-13 08:42:19.657825+00"
a954f330-36c4-4b1d-af34-3d8d1b126153,"alzheimer sintomas",0,10,saude-mental,"Saúde Mental",alzheimer,t,"2026-04-13 08:43:15.769569+00",,autocomplete,"2026-04-13 08:43:15.769569+00"
a9737278-7b8d-4aa9-9980-24cd20b987ef,"jejum intermitente sintomas iniciais",0,25,alimentacao,Alimentação,"jejum intermitente",t,"2026-04-13 08:36:37.089218+00",,autocomplete,"2026-04-13 08:36:37.089218+00"
a976f5e4-c821-48ad-9ffd-801e4743092d,"tratamento lupus eritematoso",0,10,emergentes,Emergentes,lúpus,t,"2026-04-13 08:42:25.267323+00",,autocomplete,"2026-04-13 08:42:25.267323+00"
a9832cf2-961c-4b84-abe3-a66fbef930c4,"como tratar lupus em criança",0,10,emergentes,Emergentes,lúpus,t,"2026-04-13 08:42:25.267323+00",,autocomplete,"2026-04-13 08:42:25.267323+00"
a9afc83b-6fb6-494a-abf7-0ff996ae58e4,"causas candidiase feminina",0,10,menopausa,Menopausa,candidíase,t,"2026-04-13 08:40:43.957484+00",,autocomplete,"2026-04-13 08:40:43.957484+00"
a9b7fc90-dfee-4dca-8bbe-d99c56080bff,"como tratar alzheimer em idoso",0,15,saude-mental,"Saúde Mental",alzheimer,t,"2026-04-13 08:43:15.769569+00",,autocomplete,"2026-04-13 08:43:15.769569+00"
a9bb5c88-6c80-408e-802e-b9add4a548ef,"como podemos prevenir el burnout",0,10,saude-mental,"Saúde Mental",burnout,t,"2026-04-13 08:38:34.941684+00",,autocomplete,"2026-04-13 08:38:34.941684+00"
a9c0717f-561a-49f4-a522-ae9a33e2b9e4,"pre diabetes precisa de tratamento",0,10,alimentacao,Alimentação,pré-diabetes,t,"2026-03-30 08:21:04.408072+00",,autocomplete,"2026-03-30 08:21:04.408072+00"
a9d23192-1853-45ec-804d-19e2a3ddbc2a,"signos y sintomas de ptsd",0,80,saude-mental,"Saúde Mental",PTSD,t,"2026-04-13 08:39:36.686137+00",,autocomplete,"2026-04-13 08:39:36.686137+00"
a9de5042-544c-4e09-9e6d-883fe9fb45c1,"fluconazol para candidíase",9999,76,menopausa,Menopausa,candidíase,f,"2026-04-06 08:09:49.492291+00",,pytrends,"2026-04-06 08:09:49.492291+00"
a9e5e10c-0c09-4f57-9cc5-b0f74c582e37,"versiculos sobre ansiedade",9999,60,saude-mental,"Saúde Mental",ansiedade,f,"2026-03-30 07:58:55.195023+00",,pytrends,"2026-03-30 07:58:55.195023+00"
a9ef31e5-208b-4d6b-8ac4-7e8a7a07e981,"o que é intolerância à lactose causa no organismo",0,10,alimentacao,Alimentação,"intolerância à lactose",t,"2026-04-13 08:43:43.801483+00",,autocomplete,"2026-04-13 08:43:43.801483+00"
a9ff95a7-1154-4680-87b6-a6e57e327dc4,"anemia sintomas tratamento",0,10,alimentacao,Alimentação,anemia,t,"2026-04-13 08:40:38.397737+00",,autocomplete,"2026-04-13 08:40:38.397737+00"
aa0cc989-5795-40e3-b651-563e33c36aa1,"tratamento para osteoporose injetável",0,10,menopausa,Menopausa,osteoporose,t,"2026-04-13 08:36:53.898281+00",,autocomplete,"2026-04-13 08:36:53.898281+00"
aa260938-4b75-45e5-9038-8ef63b988338,"tratamento para sindrome do intestino irritavel em caes",0,10,alimentacao,Alimentação,"síndrome de intestino irritável",t,"2026-04-13 08:40:49.538553+00",,autocomplete,"2026-04-13 08:40:49.538553+00"
aa26d544-2056-4f72-9e91-c283b7840be7,"sintomas de um avc",50,10,emergentes,Emergentes,avc,t,"2026-04-13 08:30:45.927315+00",,pytrends,"2026-04-13 08:30:45.927315+00"
aa3e1bc3-b858-4eb6-bfed-6d5ce242fe89,"sintomas de intolerância à lactose",400,100,alimentacao,Alimentação,"intolerância à lactose",t,"2026-04-13 08:35:43.080321+00",,pytrends,"2026-04-13 08:35:43.080321+00"
aa3f6d7a-46ce-4b0a-b224-3292dc4db5f8,"o que são competências socioemocionais na escola",0,75,saude-mental,"Saúde Mental","competências socioemocionais",t,"2026-04-13 08:41:28.934623+00",,autocomplete,"2026-04-13 08:41:28.934623+00"
aa52363f-0cc3-43fb-9170-c6ce3c6a2f01,"o que é menopausa masculina",0,90,menopausa,Menopausa,"menopausa masculina",t,"2026-04-13 08:39:08.490186+00",,autocomplete,"2026-04-13 08:39:08.490186+00"
aa60a24f-a4ab-4542-bc20-776f43566e9d,"refluxo gastroesofágico tratamento criança",0,10,alimentacao,Alimentação,"refluxo gastroesofágico",t,"2026-04-13 08:40:32.807623+00",,autocomplete,"2026-04-13 08:40:32.807623+00"
aa70c9a1-060d-4dba-8b9b-50e75dc65ac7,"tratamento para síndrome do pânico",0,10,saude-mental,"Saúde Mental",pânico,t,"2026-04-13 08:39:31.045213+00",,autocomplete,"2026-04-13 08:39:31.045213+00"
aa78a841-5c4d-4095-a78a-dac678cb5eb1,"tratamento para burnout materno",0,10,saude-mental,"Saúde Mental",burnout,t,"2026-04-13 08:38:34.941684+00",,autocomplete,"2026-04-13 08:38:34.941684+00"
aac691d1-d0bc-44f0-9cb0-bd2da771cbbb,"como tratar intolerância a lactose",0,50,alimentacao,Alimentação,"intolerância à lactose",t,"2026-04-13 08:43:43.801483+00",,autocomplete,"2026-04-13 08:43:43.801483+00"
aac7293c-be89-41ab-8341-42f62641e217,"sindrome do intestino irritavel sintomas como tratar",0,10,alimentacao,Alimentação,"síndrome de intestino irritável",t,"2026-04-13 08:40:49.538553+00",,autocomplete,"2026-04-13 08:40:49.538553+00"
aae20895-c6bf-46ed-8f32-f7d5a9b1a203,"como tratar la sepsis neonatal",0,30,emergentes,Emergentes,sepsis,t,"2026-04-13 08:41:00.80186+00",,autocomplete,"2026-04-13 08:41:00.80186+00"
aaed37a3-558d-44a0-8769-ee34f68fc289,"candidíase sintomas homem",0,10,menopausa,Menopausa,candidíase,t,"2026-04-13 08:40:43.957484+00",,autocomplete,"2026-04-13 08:40:43.957484+00"
aaefa683-ff77-4cd2-8e46-c6d25393c9a2,"sintomas do vírus nipah em humanos",0,90,emergentes,Emergentes,"vírus nipah",t,"2026-04-13 08:38:12.456348+00",,autocomplete,"2026-04-13 08:38:12.456348+00"
ab25d2f7-8952-4ee0-b65c-1768e7e228b3,"sepse sintomas na pele",0,10,emergentes,Emergentes,sepsis,t,"2026-04-13 08:41:00.80186+00",,autocomplete,"2026-04-13 08:41:00.80186+00"
ab409a08-aada-4823-a603-a4a82ac3e6da,"o que é bom para aliviar sintomas da menopausa",0,65,menopausa,Menopausa,"menopausa sintomas",t,"2026-04-13 08:37:16.281981+00",,autocomplete,"2026-04-13 08:37:16.281981+00"
ab575ed7-ce41-4906-9748-b8995c945e43,"sintomas de anorexia nervosa consequências",0,100,saude-mental,"Saúde Mental","anorexia nervosa",t,"2026-04-13 08:43:04.555328+00",,autocomplete,"2026-04-13 08:43:04.555328+00"
ab58068d-8ad1-44a0-a103-e4372ff7a021,"como tratar depressão silenciosa",0,10,saude-mental,"Saúde Mental",depressão,t,"2026-04-13 08:38:46.093196+00",,autocomplete,"2026-04-13 08:38:46.093196+00"
ab8fd95e-3545-4d4d-9101-2e73d8ffeb69,"gabapentina ansiedade",9999,68,saude-mental,"Saúde Mental",ansiedade,f,"2026-04-06 08:05:35.66783+00",,pytrends,"2026-04-06 08:05:35.66783+00"
aba5b9df-1bc4-462a-be45-587edafe7c9e,"pernicious anemia",190,12,alimentacao,Alimentação,anemia,f,"2026-04-13 08:29:36.237329+00",,pytrends,"2026-04-13 08:29:36.237329+00"
abd117a1-1105-4e5b-8524-35abd80fcd47,"sintomas de tdah em adultos teste",0,90,saude-mental,"Saúde Mental","TDAH adulto",t,"2026-04-13 08:39:53.572317+00",,autocomplete,"2026-04-13 08:39:53.572317+00"
abec4bb5-51ef-45e3-9547-26304d20b78b,"o'que é anemia",9999,68,alimentacao,Alimentação,anemia,f,"2026-03-30 08:09:53.80659+00",,pytrends,"2026-03-30 08:09:53.80659+00"
abf2d04c-a8b1-44e5-9c55-f7429e4d47d7,"tratamento para endometriose intestinal",0,10,menopausa,Menopausa,endometriose,t,"2026-04-13 08:40:10.397854+00",,autocomplete,"2026-04-13 08:40:10.397854+00"
ac1e1efc-c29e-4395-a1d4-e52fa48fc70c,"como prevenir candidíase de repetição",0,10,menopausa,Menopausa,candidíase,t,"2026-04-13 08:40:43.957484+00",,autocomplete,"2026-04-13 08:40:43.957484+00"
ac656aa4-b306-4ccb-8d14-1fd621ee0883,"o que é avcb do corpo de bombeiros",0,10,emergentes,Emergentes,avc,t,"2026-03-30 08:17:17.253196+00",,autocomplete,"2026-03-30 08:17:17.253196+00"
ac88329b-143a-445f-b230-cc8e7f152e36,"sintomas de pânico noturno",0,95,saude-mental,"Saúde Mental",pânico,t,"2026-04-13 08:39:31.045213+00",,autocomplete,"2026-04-13 08:39:31.045213+00"
acc197a8-955c-4db2-87f5-45300c535795,"causas de ansiedade infantil",0,10,saude-mental,"Saúde Mental",ansiedade,t,"2026-04-13 08:38:40.522707+00",,autocomplete,"2026-04-13 08:38:40.522707+00"
acc2478a-a5ac-4200-ad4a-f917def8a5df,"diabetes tipo 2 sintomas em adultos",0,10,alimentacao,Alimentação,"diabetes tipo 2",t,"2026-04-13 08:42:47.656406+00",,autocomplete,"2026-04-13 08:42:47.656406+00"
acdabe0c-a210-4a15-9865-1ce5e17f915a,"obesidade infantil no brasil causas",0,10,alimentacao,Alimentação,"obesidade infantil",t,"2026-04-13 08:36:59.449865+00",,autocomplete,"2026-04-13 08:36:59.449865+00"
ace38d54-4a01-490c-88f5-28993f6c9133,"intolerância à lactose sintomas em crianças",0,10,alimentacao,Alimentação,"intolerância à lactose",t,"2026-04-13 08:43:43.801483+00",,autocomplete,"2026-04-13 08:43:43.801483+00"
acebad5b-45d5-4f54-a3aa-35159161b221,"como prevenir demência",0,10,saude-mental,"Saúde Mental",demência,t,"2026-04-13 08:40:27.20613+00",,autocomplete,"2026-04-13 08:40:27.20613+00"
ad012dd2-94b2-4cb7-abfa-1067eb544839,"como tratar lúpus na pele",0,45,emergentes,Emergentes,lúpus,t,"2026-04-13 08:42:25.267323+00",,autocomplete,"2026-04-13 08:42:25.267323+00"
ad388a1e-de1f-41e0-bd3c-d46a9f9e0b50,"sintomas de panico social",0,70,saude-mental,"Saúde Mental",pânico,t,"2026-03-30 08:14:30.022367+00",,autocomplete,"2026-03-30 08:14:30.022367+00"
ad611b9a-a9ce-4077-a282-2328fe5f80a5,"melhor tratamento para colesterol alto",0,10,alimentacao,Alimentação,"colesterol alto",t,"2026-04-13 08:40:04.811683+00",,autocomplete,"2026-04-13 08:40:04.811683+00"
ad731f06-cfdd-466f-a1a0-36e5843609c1,paroxetina,9999,76,saude-mental,"Saúde Mental",ansiedade,f,"2026-04-06 08:05:35.66783+00",,pytrends,"2026-04-06 08:05:35.66783+00"
ad7b0a57-97ba-4ff3-9384-3d6e9ba4c439,"o que é pânico na floresta",0,10,saude-mental,"Saúde Mental",pânico,t,"2026-03-30 08:14:30.022367+00",,autocomplete,"2026-03-30 08:14:30.022367+00"
adb325b6-2c85-42a2-a641-7266c2c1bc3c,"incontinência urinária tratamento laser",0,10,menopausa,Menopausa,"incontinência urinária",t,"2026-04-13 08:42:42.043868+00",,autocomplete,"2026-04-13 08:42:42.043868+00"
adcc83bc-d5fe-4dfe-b157-3a2e3d3c9578,"como prevenir alzheimer em idosos",0,10,saude-mental,"Saúde Mental",alzheimer,t,"2026-04-13 08:43:15.769569+00",,autocomplete,"2026-04-13 08:43:15.769569+00"
aded631b-2c41-4655-af35-989263e968b0,"como prevenir demência e alzheimer e melhorar a memória",0,10,saude-mental,"Saúde Mental",demência,t,"2026-04-13 08:40:27.20613+00",,autocomplete,"2026-04-13 08:40:27.20613+00"
aded91ac-c571-4649-b295-bc892d46a54d,"síndrome do pânico",9999,76,saude-mental,"Saúde Mental",pânico,f,"2026-03-28 00:10:49.855777+00",,pytrends,"2026-03-28 00:10:49.855777+00"
adf889ab-c9f2-44d0-bd93-52a905ba1d1d,"causas de enxaqueca constante",0,10,saude-mental,"Saúde Mental",enxaqueca,t,"2026-04-13 08:43:55.008487+00",,autocomplete,"2026-04-13 08:43:55.008487+00"
adfd3932-5728-49f1-9b06-4097376d7129,"causas de colesterol alto em adultos",0,10,alimentacao,Alimentação,"colesterol alto",t,"2026-04-13 08:40:04.811683+00",,autocomplete,"2026-04-13 08:40:04.811683+00"
ae060323-1f38-4ab8-8677-1aab7e982121,"o que é alcoolismo anonimos",0,10,saude-mental,"Saúde Mental",alcoolismo,t,"2026-04-13 08:43:49.404375+00",,autocomplete,"2026-04-13 08:43:49.404375+00"
ae0bbefa-aad9-4b4e-aa5e-eec2a6ea84d8,"tratamento para alcoolismo remédio",0,10,saude-mental,"Saúde Mental",alcoolismo,t,"2026-04-13 08:43:49.404375+00",,autocomplete,"2026-04-13 08:43:49.404375+00"
ae2eb13f-d0d3-48a9-9cea-3208aa2dfa21,"sintomas de refluxo gastroesofágico tem cura",0,60,alimentacao,Alimentação,"refluxo gastroesofágico",t,"2026-04-13 08:40:32.807623+00",,autocomplete,"2026-04-13 08:40:32.807623+00"
ae342256-73bd-4124-b146-6302ef54132e,"o que é dependências da empresa",0,80,saude-mental,"Saúde Mental",dependências,t,"2026-04-13 08:41:06.439839+00",,autocomplete,"2026-04-13 08:41:06.439839+00"
ae4bd671-2ef5-42e3-9273-dc4aaac9c702,"sintomas de síndrome do intestino irritável como tratar",0,85,alimentacao,Alimentação,"síndrome de intestino irritável",t,"2026-04-13 08:40:49.538553+00",,autocomplete,"2026-04-13 08:40:49.538553+00"
ae915f45-ab70-4c2e-959a-1197ac7559cb,"fobia social sintomas e tratamento",0,10,saude-mental,"Saúde Mental","fobia social",t,"2026-04-13 08:41:17.653799+00",,autocomplete,"2026-04-13 08:41:17.653799+00"
aeb3f8f4-bbba-46bb-8b5e-66e73d3f9403,"sintomas de intolerância ao glúten",0,100,alimentacao,Alimentação,"intolerância ao glúten",t,"2026-04-13 08:37:05.051837+00",,autocomplete,"2026-04-13 08:37:05.051837+00"
aecf15c4-0b5d-4176-9c0b-982a31f7532a,"sinais e sintomas de solidão",0,85,saude-mental,"Saúde Mental",solidão,t,"2026-04-13 08:38:51.66098+00",,autocomplete,"2026-04-13 08:38:51.66098+00"
aeed65ed-0276-4506-977d-ce24c8bd3ce0,"o que é terapia hormonal",0,95,menopausa,Menopausa,"terapia hormonal",t,"2026-04-13 08:37:21.896373+00",,autocomplete,"2026-04-13 08:37:21.896373+00"
af275d70-c269-4c0c-aaeb-814463dddd55,"síndrome do intestino irritável tratamento nutricional",0,10,alimentacao,Alimentação,"síndrome de intestino irritável",t,"2026-04-13 08:40:49.538553+00",,autocomplete,"2026-04-13 08:40:49.538553+00"
af51040e-d52c-4371-9562-f3c02c602559,"o que é terapia hormonal para cancer de mama",0,75,menopausa,Menopausa,"terapia hormonal",t,"2026-04-13 08:37:21.896373+00",,autocomplete,"2026-04-13 08:37:21.896373+00"
af53657c-31a1-44ed-8a82-9bcee9adc401,"doenças com sintomas de suores noturnos",0,95,menopausa,Menopausa,"suores noturnos",t,"2026-04-13 08:37:44.379314+00",,autocomplete,"2026-04-13 08:37:44.379314+00"
af65f38e-9f5e-41d0-9819-409cb4fac5a6,"insonia sintomas e tratamento",0,10,saude-mental,"Saúde Mental",insónia,t,"2026-04-13 08:39:19.763922+00",,autocomplete,"2026-04-13 08:39:19.763922+00"
af8efa26-8bd5-4e0e-9c02-73b5930f9ad3,"ansiedade tratamento fitoterapico",0,10,saude-mental,"Saúde Mental",ansiedade,t,"2026-03-30 08:13:36.389284+00",,autocomplete,"2026-03-30 08:13:36.389284+00"
afab7434-a371-48e1-9cdc-048f5a95be24,"sindrome do intestino irritavel sintomas remedios",0,10,alimentacao,Alimentação,"síndrome de intestino irritável",t,"2026-04-13 08:40:49.538553+00",,autocomplete,"2026-04-13 08:40:49.538553+00"
afb73b1d-4c17-460e-b4d5-85a856855500,"como tratar stress",0,50,saude-mental,"Saúde Mental",stress,t,"2026-04-13 08:40:21.587655+00",,autocomplete,"2026-04-13 08:40:21.587655+00"
afc3a6dc-4e7c-45b6-931d-4af2e4e8b205,"refluxo gastroesofágico tratamento cirurgico",0,10,alimentacao,Alimentação,"refluxo gastroesofágico",t,"2026-04-13 08:40:32.807623+00",,autocomplete,"2026-04-13 08:40:32.807623+00"
afd92e2d-1edc-4919-b602-907f060215f3,"candida auris sintomas y tratamiento",0,10,emergentes,Emergentes,"candida auris",t,"2026-04-13 08:42:30.835875+00",,autocomplete,"2026-04-13 08:42:30.835875+00"
afe6ce9a-30c2-48d5-a538-525fe56668cf,"laparoscopia endometriose",100,52,menopausa,Menopausa,endometriose,f,"2026-04-06 08:08:45.246752+00",,pytrends,"2026-04-06 08:08:45.246752+00"
b00f5522-393f-4c49-bdb5-52483b9c5489,"o'que é microplástico no sangue",0,100,emergentes,Emergentes,"microplásticos sangue",t,"2026-04-13 08:39:25.420631+00",,autocomplete,"2026-04-13 08:39:25.420631+00"
b017b3b5-0fbf-484c-8c69-07c0abac9eb2,"avc tratamento",0,10,emergentes,Emergentes,avc,t,"2026-04-13 08:41:12.052215+00",,autocomplete,"2026-04-13 08:41:12.052215+00"
b02109ef-b50e-4453-b3bf-f8891392ee71,"como tratar depressão funcional",0,15,saude-mental,"Saúde Mental",depressão,t,"2026-04-13 08:38:46.093196+00",,autocomplete,"2026-04-13 08:38:46.093196+00"
b02166fa-e629-4928-817a-40888e19af4c,"como tratar ansiedade em cachorro",0,35,saude-mental,"Saúde Mental",ansiedade,t,"2026-04-13 08:38:40.522707+00",,autocomplete,"2026-04-13 08:38:40.522707+00"
b02c7d48-756d-49dd-b355-a1e60de43a3b,"anemia tratamento pdf",0,10,alimentacao,Alimentação,anemia,t,"2026-04-13 08:40:38.397737+00",,autocomplete,"2026-04-13 08:40:38.397737+00"
b030444a-fbfd-41d8-9679-3b4daa2cfb3a,"tratamento para candidíase comprimido",0,10,menopausa,Menopausa,candidíase,t,"2026-04-13 08:40:43.957484+00",,autocomplete,"2026-04-13 08:40:43.957484+00"
b0336a29-5211-4df2-9b51-515350684600,"sintomas de anorexia nervosa em adolescentes",0,95,saude-mental,"Saúde Mental","anorexia nervosa",t,"2026-04-13 08:43:04.555328+00",,autocomplete,"2026-04-13 08:43:04.555328+00"
b049f378-0f1d-4ce7-b4b7-3130966e2513,"o que é lúpus e o que causa",0,10,emergentes,Emergentes,lúpus,t,"2026-03-30 08:17:29.204312+00",,autocomplete,"2026-03-30 08:17:29.204312+00"
b04b2575-f277-455e-bbcf-d6cd06bbc487,"tratamento para solidão",0,15,saude-mental,"Saúde Mental",solidão,t,"2026-04-13 08:38:51.66098+00",,autocomplete,"2026-04-13 08:38:51.66098+00"
b06adbd6-fac7-4677-a40d-72d18c3c2a98,"sintomas de anemia profunda",0,60,alimentacao,Alimentação,anemia,t,"2026-03-28 00:29:15.467005+00",,autocomplete,"2026-03-28 00:29:15.467005+00"
b0d4da68-8092-4543-bb80-7e6d098c08c3,"burnout emocional",9999,100,saude-mental,"Saúde Mental",burnout,f,"2026-03-30 08:00:22.557375+00",,pytrends,"2026-03-30 08:00:22.557375+00"
b0ff995e-99d1-458b-89f1-7d649d436b06,"pré diabetes infantil tratamento",0,10,alimentacao,Alimentação,pré-diabetes,t,"2026-04-13 08:42:08.372884+00",,autocomplete,"2026-04-13 08:42:08.372884+00"
b11b91ed-736e-4b94-9973-c9bab244badb,"sintomas de pré-diabetes na pele",0,85,alimentacao,Alimentação,pré-diabetes,t,"2026-04-13 08:42:08.372884+00",,autocomplete,"2026-04-13 08:42:08.372884+00"
b12f1e15-c7e1-4ca8-9ee0-7ca0cd87dc12,"alimentos com ferro para anemia",9999,76,alimentacao,Alimentação,anemia,f,"2026-04-13 08:29:36.237329+00",,pytrends,"2026-04-13 08:29:36.237329+00"
b14a18e2-3612-4ec8-81f2-9e9740b93ab1,"como tratar candidíase masculina",0,45,menopausa,Menopausa,candidíase,t,"2026-04-13 08:40:43.957484+00",,autocomplete,"2026-04-13 08:40:43.957484+00"
b154adc5-f73b-488a-a770-cd5e48185f64,"como tratar refluxo gastroesofágico na garganta",0,35,alimentacao,Alimentação,"refluxo gastroesofágico",t,"2026-04-13 08:40:32.807623+00",,autocomplete,"2026-04-13 08:40:32.807623+00"
b15ca4c3-392c-49a0-af05-e0e366d6d2a9,"tratamento long covid",0,85,emergentes,Emergentes,"long covid",t,"2026-04-13 08:38:06.844002+00",,autocomplete,"2026-04-13 08:38:06.844002+00"
b1814323-04f6-437e-ba11-deba577786bf,"sintomas de insônia severa",0,60,saude-mental,"Saúde Mental",insónia,t,"2026-04-13 08:39:19.763922+00",,autocomplete,"2026-04-13 08:39:19.763922+00"
b1a0c6ee-ab99-4378-83cd-2e95369b66fe,"tratamento para candida auris",0,20,emergentes,Emergentes,"candida auris",t,"2026-04-13 08:42:30.835875+00",,autocomplete,"2026-04-13 08:42:30.835875+00"
b1adc4f0-3b24-4da9-8c55-e09d696427de,"é normal refluxo gastroesofágico",0,10,alimentacao,Alimentação,"refluxo gastroesofágico",t,"2026-04-13 08:40:32.807623+00",,autocomplete,"2026-04-13 08:40:32.807623+00"
b1b3d25e-dfb6-4418-9b30-79f4b98c6932,"qual o melhor tratamento para intolerância à lactose",0,10,alimentacao,Alimentação,"intolerância à lactose",t,"2026-04-13 08:43:43.801483+00",,autocomplete,"2026-04-13 08:43:43.801483+00"
b1c502d9-e98e-4ceb-be74-6cf893e110e4,"alcoolismo cronico sintomas",0,10,saude-mental,"Saúde Mental",alcoolismo,t,"2026-04-13 08:43:49.404375+00",,autocomplete,"2026-04-13 08:43:49.404375+00"
b1ce018c-d14b-4b3b-952b-2c581786f51b,"é normal ter insônia na adolescência",0,10,saude-mental,"Saúde Mental",insónia,t,"2026-04-13 08:39:19.763922+00",,autocomplete,"2026-04-13 08:39:19.763922+00"
b1dfafd6-4df3-44d9-9d4a-a3b4ae3be4bf,"o que é reabilitação psicossocial no brasil hoje",0,95,saude-mental,"Saúde Mental","reabilitação psicossocial",t,"2026-04-13 08:44:00.552984+00",,autocomplete,"2026-04-13 08:44:00.552984+00"
b1e8b3d1-f7c1-40c6-b48b-77d9f8d596cf,"como prevenir la incontinencia urinaria en el adulto mayor",0,10,menopausa,Menopausa,"incontinência urinária",t,"2026-04-13 08:42:42.043868+00",,autocomplete,"2026-04-13 08:42:42.043868+00"
b1f2438b-a777-4b72-93e6-9fbef0089ec1,"como tratar os sintomas da menopausa de forma natural",0,90,menopausa,Menopausa,"menopausa sintomas",t,"2026-03-30 08:15:53.692247+00",,autocomplete,"2026-03-30 08:15:53.692247+00"
b1f4ddd8-8cfb-4471-9ba2-b71fdea0d807,"o que é avc agudo",0,10,emergentes,Emergentes,avc,t,"2026-04-13 08:41:12.052215+00",,autocomplete,"2026-04-13 08:41:12.052215+00"
b1fe176b-79ca-4e7b-acc9-604a85a03851,"síntomas de colesterol alto",3500,92,alimentacao,Alimentação,"colesterol alto",f,"2026-04-06 08:08:23.966538+00",,pytrends,"2026-04-06 08:08:23.966538+00"
b2057515-ac34-4b0e-9e9b-250d0d1a1da6,"é normal ter enxaqueca na gravidez",0,10,saude-mental,"Saúde Mental",enxaqueca,t,"2026-04-13 08:43:55.008487+00",,autocomplete,"2026-04-13 08:43:55.008487+00"
b20dcab6-782d-473a-86b0-1ad51a7490c4,"tratamento para enxaqueca forte",0,10,saude-mental,"Saúde Mental",enxaqueca,t,"2026-04-13 08:43:55.008487+00",,autocomplete,"2026-04-13 08:43:55.008487+00"
b242c799-00ce-40d2-a7a9-a4a1110d6972,"anemia ingles",9999,84,alimentacao,Alimentação,anemia,f,"2026-03-30 08:09:53.80659+00",,pytrends,"2026-03-30 08:09:53.80659+00"
b24de621-7126-409e-bab3-6d73589c6c52,"o que é alzheimer",60,36,saude-mental,"Saúde Mental",alzheimer,t,"2026-04-06 08:14:12.553439+00",,pytrends,"2026-04-06 08:14:12.553439+00"
b257d547-0f2d-4653-86d8-42584dc54e5a,"causas de refluxo gastroesofágico",0,10,alimentacao,Alimentação,"refluxo gastroesofágico",t,"2026-04-13 08:40:32.807623+00",,autocomplete,"2026-04-13 08:40:32.807623+00"
b2759216-bd43-4f60-b227-0a74d0365d1f,"causas alcoolismo",0,10,saude-mental,"Saúde Mental",alcoolismo,t,"2026-04-13 08:43:49.404375+00",,autocomplete,"2026-04-13 08:43:49.404375+00"
b27d7bec-685a-471f-9838-26a2f1188dbf,"como prevenir a depressão na adolescência",0,10,saude-mental,"Saúde Mental",depressão,t,"2026-04-13 08:38:46.093196+00",,autocomplete,"2026-04-13 08:38:46.093196+00"
b285bcc9-ac5f-4cc9-b5dc-d5ec0e37fad6,"causas de avc hemorragico em jovens",0,10,emergentes,Emergentes,avc,t,"2026-04-13 08:41:12.052215+00",,autocomplete,"2026-04-13 08:41:12.052215+00"
b287fda5-9406-40f0-a639-6188acd006bc,"sintomas de anemia em crianças",0,85,alimentacao,Alimentação,anemia,t,"2026-04-13 08:40:38.397737+00",,autocomplete,"2026-04-13 08:40:38.397737+00"
b296337e-5fdc-49fa-9487-46fe62cf788e,"sintomas de cancro da mama mata",0,85,menopausa,Menopausa,"cancro da mama",t,"2026-03-30 08:19:52.655088+00",,autocomplete,"2026-03-30 08:19:52.655088+00"
b299d0be-79f3-4f4f-a063-36560ad4e522,"sintomas de candidíase na mulher",0,75,menopausa,Menopausa,candidíase,t,"2026-04-13 08:40:43.957484+00",,autocomplete,"2026-04-13 08:40:43.957484+00"
b29e95f6-dcb9-4d6d-a300-dd9830fcb78c,"alzheimer sintomas tem cura",0,10,saude-mental,"Saúde Mental",alzheimer,t,"2026-04-13 08:43:15.769569+00",,autocomplete,"2026-04-13 08:43:15.769569+00"
b2c25dcf-3678-46ce-bf98-02cac358312c,"causas de avc",0,10,emergentes,Emergentes,avc,t,"2026-04-13 08:41:12.052215+00",,autocomplete,"2026-04-13 08:41:12.052215+00"
b2c721e4-32db-48fe-9430-da6702229662,"refluxo gastroesofágico tratamento medicamentoso",0,10,alimentacao,Alimentação,"refluxo gastroesofágico",t,"2026-04-13 08:40:32.807623+00",,autocomplete,"2026-04-13 08:40:32.807623+00"
b2d46693-e820-4f94-9b24-5f7df3ed8a8a,"diabetes tipo 2 sintomas perda de peso",0,10,alimentacao,Alimentação,"diabetes tipo 2",t,"2026-04-13 08:42:47.656406+00",,autocomplete,"2026-04-13 08:42:47.656406+00"
b2d985b5-1b4c-4bb0-b3e4-b45ebb484ec8,"o que é pré-diabetes tipo 2",0,10,alimentacao,Alimentação,pré-diabetes,t,"2026-04-13 08:42:08.372884+00",,autocomplete,"2026-04-13 08:42:08.372884+00"
b2ed95d6-aba7-44b6-bb09-2868a9d253e1,"avc sintomas depois",0,10,emergentes,Emergentes,avc,t,"2026-04-13 08:41:12.052215+00",,autocomplete,"2026-04-13 08:41:12.052215+00"
b31b37fe-d276-4999-818e-e36a8ec1c5d3,"burnout syndrome",70,36,saude-mental,"Saúde Mental",burnout,f,"2026-03-23 07:31:17.719355+00",,pytrends,"2026-03-27 18:34:47.925931+00"
b32c8b75-6c7d-45fc-bc0d-16ec1fa3bb08,"tratamento para depressão bipolar",0,10,saude-mental,"Saúde Mental",depressão,t,"2026-04-13 08:38:46.093196+00",,autocomplete,"2026-04-13 08:38:46.093196+00"
b33a5867-cfc8-4e9c-a359-8598b9ad4f91,"síndrome de ovario poliquístico causas sintomas y tratamiento",0,10,menopausa,Menopausa,"síndrome do ovário poliquístico",t,"2026-04-13 08:43:26.930582+00",,autocomplete,"2026-04-13 08:43:26.930582+00"
b34f6ca6-fac1-4751-9fd1-e25dda24333b,"sintomas de panico pos traumatico",0,55,saude-mental,"Saúde Mental",pânico,t,"2026-04-13 08:39:31.045213+00",,autocomplete,"2026-04-13 08:39:31.045213+00"
b35d1cac-60c4-4911-a93f-5bd4ffab9e8f,"anorexia nervosa sintomas e tratamentos",0,10,saude-mental,"Saúde Mental","anorexia nervosa",t,"2026-04-13 08:43:04.555328+00",,autocomplete,"2026-04-13 08:43:04.555328+00"
b363e10b-e000-42d3-895a-4a6d4b0dd92c,"insonia sintomas de gravidez",0,10,saude-mental,"Saúde Mental",insónia,t,"2026-04-13 08:39:19.763922+00",,autocomplete,"2026-04-13 08:39:19.763922+00"
b369a081-99e0-4dfe-83eb-4cc525671ed5,"sintomas de depressão em mulher",0,70,saude-mental,"Saúde Mental",depressão,t,"2026-04-13 08:38:46.093196+00",,autocomplete,"2026-04-13 08:38:46.093196+00"
b390e74a-93b1-40b4-b8fa-ba2ecd9bb1e7,"como diagnosticar alzheimer",9999,100,saude-mental,"Saúde Mental",alzheimer,t,"2026-04-06 08:14:12.553439+00",,pytrends,"2026-04-06 08:14:12.553439+00"
b3e98d83-98f9-44ce-bb1b-ca8fdc133914,"oque é anemia",2450,52,alimentacao,Alimentação,anemia,f,"2026-04-13 08:29:36.237329+00",,pytrends,"2026-04-13 08:29:36.237329+00"
b3f6ac44-7d5a-42bc-a850-7a3f1cbd3441,"endometriose causas e sintomas",0,10,menopausa,Menopausa,endometriose,t,"2026-04-13 08:40:10.397854+00",,autocomplete,"2026-04-13 08:40:10.397854+00"
b40a2860-62cb-4a3f-a0e2-a941e8b1ed3b,"sintomas de lúpus em cachorro",0,55,emergentes,Emergentes,lúpus,t,"2026-04-13 08:42:25.267323+00",,autocomplete,"2026-04-13 08:42:25.267323+00"
b43eb049-e996-4856-9017-b290950c54c5,"o que é alcoolismo e tabagismo",0,10,saude-mental,"Saúde Mental",alcoolismo,t,"2026-04-13 08:43:49.404375+00",,autocomplete,"2026-04-13 08:43:49.404375+00"
b4419ef5-d29a-4f5d-8c90-a63a5c03af63,"dia internacional da endometriose",9999,84,menopausa,Menopausa,endometriose,f,"2026-03-23 07:41:17.863932+00",,pytrends,"2026-03-27 18:34:47.925931+00"
b442c19f-ce00-4a93-891f-e255b9d8ccda,"anemia sintomas e sinais",0,10,alimentacao,Alimentação,anemia,t,"2026-04-13 08:40:38.397737+00",,autocomplete,"2026-04-13 08:40:38.397737+00"
b4568c71-081c-4e86-9f67-013d3bb2f1af,"anemia causas y sintomas",0,10,alimentacao,Alimentação,anemia,t,"2026-04-13 08:40:38.397737+00",,autocomplete,"2026-04-13 08:40:38.397737+00"
b49c7c1e-db11-40d6-b71d-32b4a7746e5b,"sepsis generalizada causas",0,10,emergentes,Emergentes,sepsis,t,"2026-04-13 08:41:00.80186+00",,autocomplete,"2026-04-13 08:41:00.80186+00"
b4b6d261-64f6-4612-a9f7-74aa75754d48,"tratamento obesidade infantil pdf",0,10,alimentacao,Alimentação,"obesidade infantil",t,"2026-04-13 08:36:59.449865+00",,autocomplete,"2026-04-13 08:36:59.449865+00"
b4c31287-6b74-4743-b105-62da1c1b5154,"enxaqueca lado direito",160,28,saude-mental,"Saúde Mental",enxaqueca,f,"2026-03-23 07:40:03.267158+00",,pytrends,"2026-03-27 18:34:47.925931+00"
b4ccbe18-4989-4f0e-9473-83116b95274a,"síndrome de intestino irritável tratamento",0,10,alimentacao,Alimentação,"síndrome de intestino irritável",t,"2026-04-13 08:40:49.538553+00",,autocomplete,"2026-04-13 08:40:49.538553+00"
b4d7fb3b-d5b4-485c-b23e-7fe687533849,"o que é pânico do sono",0,10,saude-mental,"Saúde Mental",pânico,t,"2026-04-13 08:39:31.045213+00",,autocomplete,"2026-04-13 08:39:31.045213+00"
b4fa1626-1a02-40b8-b98a-ddfad079d2ef,"causas de candidiase esofagica",0,10,menopausa,Menopausa,candidíase,t,"2026-04-13 08:40:43.957484+00",,autocomplete,"2026-04-13 08:40:43.957484+00"
b5116607-7a82-4a7b-91d0-262a1599c079,"incontinencia urinaria causas en hombres",0,10,menopausa,Menopausa,"incontinência urinária",t,"2026-04-13 08:42:42.043868+00",,autocomplete,"2026-04-13 08:42:42.043868+00"
b51be296-382a-496a-9721-38f1f224a64a,"como tratar colesterol alto e triglicérides",0,25,alimentacao,Alimentação,"colesterol alto",t,"2026-04-13 08:40:04.811683+00",,autocomplete,"2026-04-13 08:40:04.811683+00"
b51e6224-3867-4fa6-afc8-c65e393b35e6,"las causas de diabetes tipo 2",0,10,alimentacao,Alimentação,"diabetes tipo 2",t,"2026-04-13 08:42:47.656406+00",,autocomplete,"2026-04-13 08:42:47.656406+00"
b51eb41f-8d94-4834-926c-6e6655d572a2,"tratamento para demencia leve",0,10,saude-mental,"Saúde Mental",demência,t,"2026-04-13 08:40:27.20613+00",,autocomplete,"2026-04-13 08:40:27.20613+00"
b5285222-7073-4e92-ae0c-6efb21ba40f9,"colesterol alto causas y consecuencias",0,10,alimentacao,Alimentação,"colesterol alto",t,"2026-04-13 08:40:04.811683+00",,autocomplete,"2026-04-13 08:40:04.811683+00"
b53c57c9-d921-4677-8cf5-b7fee64e900d,"o que é osteoporose no joelho",0,10,menopausa,Menopausa,osteoporose,t,"2026-04-13 08:36:53.898281+00",,autocomplete,"2026-04-13 08:36:53.898281+00"
b545b326-da20-465a-bc3a-6cf07acfe4c6,"como tratar candidíase na gravidez",0,35,menopausa,Menopausa,candidíase,t,"2026-04-13 08:40:43.957484+00",,autocomplete,"2026-04-13 08:40:43.957484+00"
b54c0a38-7205-4261-8c95-0167682c3f8a,"tratamento para osteoporose",0,10,menopausa,Menopausa,osteoporose,t,"2026-04-13 08:36:53.898281+00",,autocomplete,"2026-04-13 08:36:53.898281+00"
b553ca01-9c33-4a5e-89ff-f3f847a425b1,"é normal ter depressão na menopausa",0,10,saude-mental,"Saúde Mental",depressão,t,"2026-04-13 08:38:46.093196+00",,autocomplete,"2026-04-13 08:38:46.093196+00"
b555ecf5-4266-4fd7-8325-5e3c45d62cf7,"causas de demência",0,10,saude-mental,"Saúde Mental",demência,t,"2026-04-13 08:40:27.20613+00",,autocomplete,"2026-04-13 08:40:27.20613+00"
b55b5836-09d4-47f2-92a4-93dc8f1d77a7,"como tratar enxaqueca com aura",0,45,saude-mental,"Saúde Mental",enxaqueca,t,"2026-04-13 08:43:55.008487+00",,autocomplete,"2026-04-13 08:43:55.008487+00"
b578ca8e-a67c-410b-a82b-72907cc6c9d7,"enxaqueca tratamento pdf",0,10,saude-mental,"Saúde Mental",enxaqueca,t,"2026-04-13 08:43:55.008487+00",,autocomplete,"2026-04-13 08:43:55.008487+00"
b58373d5-d265-443b-a014-bdd03e997195,"síndrome de intestino irritável sintomas",0,10,alimentacao,Alimentação,"síndrome de intestino irritável",t,"2026-04-13 08:40:49.538553+00",,autocomplete,"2026-04-13 08:40:49.538553+00"
b59f8bb4-2160-4df2-ae4a-9f119267f9cc,"lúpus sintomas homem",0,10,emergentes,Emergentes,lúpus,t,"2026-04-13 08:42:25.267323+00",,autocomplete,"2026-04-13 08:42:25.267323+00"
b5a19148-f174-4687-aa5d-efa9ab56771d,"o que é osteoporose",0,10,menopausa,Menopausa,osteoporose,t,"2026-04-13 08:36:53.898281+00",,autocomplete,"2026-04-13 08:36:53.898281+00"
b5b69a17-ef9d-446c-af81-dcf8831fb388,"enxaqueca sintomas tontura",0,10,saude-mental,"Saúde Mental",enxaqueca,t,"2026-04-13 08:43:55.008487+00",,autocomplete,"2026-04-13 08:43:55.008487+00"
b5c9da8c-0127-4a75-bb97-dd8e7df02613,"como prevenir avc hemorragico",0,10,emergentes,Emergentes,avc,t,"2026-04-13 08:41:12.052215+00",,autocomplete,"2026-04-13 08:41:12.052215+00"
b5d4f98f-1737-4f9d-ac5c-dc7a99bacabb,"doença celíaca tratamento",0,10,alimentacao,Alimentação,"doença celíaca",t,"2026-04-13 08:43:38.203977+00",,autocomplete,"2026-04-13 08:43:38.203977+00"
b5d9fa62-7f29-4b6f-a0fd-d1d33a6d8f6e,"sintomas de burnout teste grátis",0,80,saude-mental,"Saúde Mental",burnout,t,"2026-04-13 08:38:34.941684+00",,autocomplete,"2026-04-13 08:38:34.941684+00"
b5e238ba-e756-4a97-9588-0352f2272822,"tratamento para enxaqueca vestibular",0,10,saude-mental,"Saúde Mental",enxaqueca,t,"2026-04-13 08:43:55.008487+00",,autocomplete,"2026-04-13 08:43:55.008487+00"
b628614a-38bc-443b-ad99-3ebd8808a30b,"autistic burnout",50,28,saude-mental,"Saúde Mental",burnout,f,"2026-03-28 00:10:39.19463+00",,pytrends,"2026-03-28 00:10:39.19463+00"
b634ccee-ee07-49b4-8018-2018532dd274,"causas de la diabetes tipo 2 articulos cientificos",0,10,alimentacao,Alimentação,"diabetes tipo 2",t,"2026-04-13 08:42:47.656406+00",,autocomplete,"2026-04-13 08:42:47.656406+00"
b6673f1d-a359-49ba-adfb-6980457f51a3,"o que é estresse metabólico",0,10,saude-mental,"Saúde Mental",stress,t,"2026-04-13 08:40:21.587655+00",,autocomplete,"2026-04-13 08:40:21.587655+00"
b66ef7f7-433a-460e-8a60-acaec73cfec5,"o que é fobia social ou ansiedade social",0,10,saude-mental,"Saúde Mental","fobia social",t,"2026-04-13 08:41:17.653799+00",,autocomplete,"2026-04-13 08:41:17.653799+00"
b67222f8-1bbb-4a1b-ae5a-661718b82eca,"o que é candidíase mamária",0,10,menopausa,Menopausa,candidíase,t,"2026-04-13 08:40:43.957484+00",,autocomplete,"2026-04-13 08:40:43.957484+00"
b68c321c-59e6-451a-8e8b-4cdc45c95dce,"sintomas de cancro da mama no homem",0,80,menopausa,Menopausa,"cancro da mama",t,"2026-04-13 08:40:55.173287+00",,autocomplete,"2026-04-13 08:40:55.173287+00"
b69555cd-0832-457e-96a8-ab708689019d,"sintomas de ansiedade",0,100,saude-mental,"Saúde Mental",ansiedade,t,"2026-04-13 08:38:40.522707+00",,autocomplete,"2026-04-13 08:38:40.522707+00"
b697c787-49c6-40dc-851b-521ebe75f203,"osteoporose causas e sintomas",0,10,menopausa,Menopausa,osteoporose,t,"2026-04-13 08:36:53.898281+00",,autocomplete,"2026-04-13 08:36:53.898281+00"
b69d165b-c455-43d9-b155-7e53dc4efce8,"candida auris sintomas",0,10,emergentes,Emergentes,"candida auris",t,"2026-04-13 08:42:30.835875+00",,autocomplete,"2026-04-13 08:42:30.835875+00"
b6cdd77c-de10-4972-99df-635b01bbea6b,"ptsd sintomas en español",0,10,saude-mental,"Saúde Mental",PTSD,t,"2026-04-13 08:39:36.686137+00",,autocomplete,"2026-04-13 08:39:36.686137+00"
b6d013db-ff83-4bf3-8331-ef9b25b09ddb,"como tratar burnout materno",0,40,saude-mental,"Saúde Mental",burnout,t,"2026-04-13 08:38:34.941684+00",,autocomplete,"2026-04-13 08:38:34.941684+00"
b6f1fda0-7d07-4c2c-a5cd-9b278e9695ad,"lupus tratamento pdf",0,10,emergentes,Emergentes,lúpus,t,"2026-04-13 08:42:25.267323+00",,autocomplete,"2026-04-13 08:42:25.267323+00"
b6f72de0-2314-4941-ade7-bbfc1929b72b,"o que indica menopausa precoce",0,10,menopausa,Menopausa,"menopausa precoce",t,"2026-04-13 08:37:50.002306+00",,autocomplete,"2026-04-13 08:37:50.002306+00"
b6fb2f39-33b4-4928-b6f8-246d100e44e5,"o que é alzheimer e demência",0,10,saude-mental,"Saúde Mental",alzheimer,t,"2026-04-13 08:43:15.769569+00",,autocomplete,"2026-04-13 08:43:15.769569+00"
b709a8ac-615a-49af-9e15-58405c076254,"ansiedade causas e consequências",0,10,saude-mental,"Saúde Mental",ansiedade,t,"2026-04-13 08:38:40.522707+00",,autocomplete,"2026-04-13 08:38:40.522707+00"
b73afe1b-083a-40e5-b210-0e4f4fb14d52,"o que é queijo ultraprocessado",0,55,alimentacao,Alimentação,ultraprocessados,t,"2026-04-13 08:37:33.154402+00",,autocomplete,"2026-04-13 08:37:33.154402+00"
b7486daa-094f-4ea9-9493-5ec20ce5d888,"leonardo depressão",9999,92,saude-mental,"Saúde Mental",depressão,f,"2026-04-06 08:05:46.502433+00",,pytrends,"2026-04-06 08:05:46.502433+00"
b7609364-7ef7-4404-aa10-b954e05bb9e7,"doença celíaca é o mesmo que intolerância ao glúten",0,20,alimentacao,Alimentação,"intolerância ao glúten",t,"2026-04-13 08:37:05.051837+00",,autocomplete,"2026-04-13 08:37:05.051837+00"
b77105d2-bdac-4084-97d2-f9b2a82116dc,"causas de diabetes mellitus tipo 2",0,10,alimentacao,Alimentação,"diabetes tipo 2",t,"2026-04-13 08:42:47.656406+00",,autocomplete,"2026-04-13 08:42:47.656406+00"
b79245c0-462d-4f98-af5c-bd3b5668fbad,"como tratar doença celiaca",0,55,alimentacao,Alimentação,"doença celíaca",t,"2026-04-13 08:43:38.203977+00",,autocomplete,"2026-04-13 08:43:38.203977+00"
b799f4eb-e4cf-4d90-b1d9-66344a6d719d,"refluxo gastroesofágico tratamento sintomas",0,10,alimentacao,Alimentação,"refluxo gastroesofágico",t,"2026-03-30 08:19:28.922122+00",,autocomplete,"2026-03-30 08:19:28.922122+00"
b7ae3e24-2407-439f-9293-072300bf823a,"o'que é.bom.para voltar o libido.na.menopausa",0,70,menopausa,Menopausa,"libido menopausa",t,"2026-04-13 08:38:18.065121+00",,autocomplete,"2026-04-13 08:38:18.065121+00"
b7da6c2a-68d3-4362-8266-ffdf63c65eb1,"diabetes tipo 2 sintomas na pele",0,10,alimentacao,Alimentação,"diabetes tipo 2",t,"2026-04-13 08:42:47.656406+00",,autocomplete,"2026-04-13 08:42:47.656406+00"
b7f8ce93-d815-423a-9d20-f18faac80744,"google o que é ultraprocessados",0,75,alimentacao,Alimentação,ultraprocessados,t,"2026-03-30 08:16:05.658322+00",,autocomplete,"2026-03-30 08:16:05.658322+00"
b7fa02e9-bbb2-4ced-9b52-2398af1e2b21,"como tratar o alcoolismo sem internação",0,30,saude-mental,"Saúde Mental",alcoolismo,t,"2026-04-13 08:43:49.404375+00",,autocomplete,"2026-04-13 08:43:49.404375+00"
b802e712-9373-4f26-ab1e-99b1b13922c9,"sintomas de doença celíaca",0,100,alimentacao,Alimentação,"doença celíaca",t,"2026-04-13 08:43:38.203977+00",,autocomplete,"2026-04-13 08:43:38.203977+00"
b85c8520-5566-4524-ad43-0758c44a2740,"enxaqueca tratamento agudo",0,10,saude-mental,"Saúde Mental",enxaqueca,t,"2026-04-13 08:43:55.008487+00",,autocomplete,"2026-04-13 08:43:55.008487+00"
b85ebdb6-abfa-499c-b9ac-e9b5299e02cd,"como prevenir osteoporose na menopausa",0,10,menopausa,Menopausa,osteoporose,t,"2026-04-13 08:36:53.898281+00",,autocomplete,"2026-04-13 08:36:53.898281+00"
b864fe87-cc49-473c-8b5f-24dd61ffbfee,"sintomas de osteoporose",0,100,menopausa,Menopausa,osteoporose,t,"2026-04-13 08:36:53.898281+00",,autocomplete,"2026-04-13 08:36:53.898281+00"
b886e073-5f89-4054-ba3b-c4915517457a,"anti stress toys",200,52,saude-mental,"Saúde Mental",stress,f,"2026-04-06 08:08:56.141499+00",,pytrends,"2026-04-06 08:08:56.141499+00"
b893aa90-d4e3-455b-a182-bd566ff7483a,"crise de ansiedade sintomas",90,10,saude-mental,"Saúde Mental",ansiedade,f,"2026-03-30 07:58:55.195023+00",,pytrends,"2026-03-30 07:58:55.195023+00"
b8a53e6a-0659-446d-bdce-4bb821a234a3,"o que é processados e ultraprocessados",0,70,alimentacao,Alimentação,ultraprocessados,t,"2026-04-13 08:37:33.154402+00",,autocomplete,"2026-04-13 08:37:33.154402+00"
b8b63c41-6223-4fa2-aa3a-68c16977ffe3,"o que é osteoporose e o que causa",0,10,menopausa,Menopausa,osteoporose,t,"2026-03-30 08:16:17.628387+00",,autocomplete,"2026-03-30 08:16:17.628387+00"
b8cb8ae8-2ef3-437b-98bd-f12814295a75,"o que é ansiedade sintomas",0,10,saude-mental,"Saúde Mental",ansiedade,t,"2026-04-13 08:38:40.522707+00",,autocomplete,"2026-04-13 08:38:40.522707+00"
b8ce1bc1-fbd6-4bcf-a405-7ae3107a3b6d,"sintomas de pre diabetes na gestação",0,65,alimentacao,Alimentação,pré-diabetes,t,"2026-04-13 08:42:08.372884+00",,autocomplete,"2026-04-13 08:42:08.372884+00"
b904e0bc-a2f6-4399-92d9-584aa315c0bc,"sintomas de anemia ferropriva",0,60,alimentacao,Alimentação,anemia,t,"2026-04-13 08:40:38.397737+00",,autocomplete,"2026-04-13 08:40:38.397737+00"
b92df845-fde7-436f-a7cf-39cba2938054,"surto de sarampo sintomas",0,100,emergentes,Emergentes,"sarampo surto",t,"2026-04-13 08:39:47.958027+00",,autocomplete,"2026-04-13 08:39:47.958027+00"
b93e23d1-e71e-479e-a26e-18e7475438da,"endometriose oq é",9999,60,menopausa,Menopausa,endometriose,f,"2026-03-23 07:41:17.864066+00",,pytrends,"2026-03-27 18:34:47.925931+00"
b960db9c-ad5e-4d6e-93c7-8960969515a8,"sintomas tdah adulto hiperfoco",0,65,saude-mental,"Saúde Mental","TDAH adulto",t,"2026-03-30 08:14:59.998432+00",,autocomplete,"2026-03-30 08:14:59.998432+00"
b9718143-7e9b-47cd-8473-90590b93f8ef,"tratamento para refluxo gastroesofágico em bebe",0,10,alimentacao,Alimentação,"refluxo gastroesofágico",t,"2026-04-13 08:40:32.807623+00",,autocomplete,"2026-04-13 08:40:32.807623+00"
b972e5af-d7b7-404d-b635-4c2bbce89aef,"como tratar refluxo gastroesofágico em casa",0,15,alimentacao,Alimentação,"refluxo gastroesofágico",t,"2026-04-13 08:40:32.807623+00",,autocomplete,"2026-04-13 08:40:32.807623+00"
b97c8a21-dce7-4675-9d0e-466e01090217,"sintomas de enxaqueca o que tomar",0,65,saude-mental,"Saúde Mental",enxaqueca,t,"2026-04-13 08:43:55.008487+00",,autocomplete,"2026-04-13 08:43:55.008487+00"
b9c56e32-4355-46be-9b88-671844fd188a,"sintomas de intolerância à lactose em bebê de 2 anos",0,95,alimentacao,Alimentação,"intolerância à lactose",t,"2026-04-13 08:43:43.801483+00",,autocomplete,"2026-04-13 08:43:43.801483+00"
b9d1b14d-9c41-413f-9a03-dacf267e8bb2,"causas de anemia em cães",0,10,alimentacao,Alimentação,anemia,t,"2026-04-13 08:40:38.397737+00",,autocomplete,"2026-04-13 08:40:38.397737+00"
b9d22cea-9670-4d69-8922-2db716c8d403,"o que é ansiedade generalizada",0,10,saude-mental,"Saúde Mental",ansiedade,t,"2026-04-13 08:38:40.522707+00",,autocomplete,"2026-04-13 08:38:40.522707+00"
b9e52c8e-02ca-4f3d-b1bb-d11dca6d89f3,"principais causas de endometriose",0,10,menopausa,Menopausa,endometriose,t,"2026-04-13 08:40:10.397854+00",,autocomplete,"2026-04-13 08:40:10.397854+00"
b9eb3569-25d6-440a-b107-387068e28f3b,"tratamento para anemia perniciosa",0,10,alimentacao,Alimentação,anemia,t,"2026-04-13 08:40:38.397737+00",,autocomplete,"2026-04-13 08:40:38.397737+00"
ba03d09e-81b0-4956-8af2-69591ef12a5d,"causas de alzheimer em idosos",0,10,saude-mental,"Saúde Mental",alzheimer,t,"2026-04-13 08:43:15.769569+00",,autocomplete,"2026-04-13 08:43:15.769569+00"
ba0e6c64-4828-48e6-ac4e-9a875e397cdc,"candidíase sintomas",0,10,menopausa,Menopausa,candidíase,t,"2026-04-13 08:40:43.957484+00",,autocomplete,"2026-04-13 08:40:43.957484+00"
ba5050df-d6c5-4622-855a-c22a228a4452,"ansiedade causas",0,10,saude-mental,"Saúde Mental",ansiedade,t,"2026-04-13 08:38:40.522707+00",,autocomplete,"2026-04-13 08:38:40.522707+00"
ba65e794-89cb-446f-81fa-ad2194bafdf7,"causas de depressão na adolescencia",0,10,saude-mental,"Saúde Mental",depressão,t,"2026-04-13 08:38:46.093196+00",,autocomplete,"2026-04-13 08:38:46.093196+00"
ba6c0dd0-a313-4425-9b4a-6bec7a5455bd,"é normal ter anemia na gravidez",0,10,alimentacao,Alimentação,anemia,t,"2026-04-13 08:40:38.397737+00",,autocomplete,"2026-04-13 08:40:38.397737+00"
ba906643-4782-4e46-a2a8-88445d4d0253,"tratamento para crise de pânico",0,10,saude-mental,"Saúde Mental",pânico,t,"2026-04-13 08:39:31.045213+00",,autocomplete,"2026-04-13 08:39:31.045213+00"
ba9386ea-2562-489b-8c30-39932494e504,"ansiedade causas sintomas e tratamento",0,10,saude-mental,"Saúde Mental",ansiedade,t,"2026-04-13 08:38:40.522707+00",,autocomplete,"2026-04-13 08:38:40.522707+00"
bac5092c-e7bf-4e1f-8f92-e757661461ae,"candida auris tem tratamento",0,10,emergentes,Emergentes,"candida auris",t,"2026-04-13 08:42:30.835875+00",,autocomplete,"2026-04-13 08:42:30.835875+00"
badec8ac-6eb0-46a7-bff3-33a5f5bf6a32,"o que é considerado ultraprocessado",0,60,alimentacao,Alimentação,ultraprocessados,t,"2026-04-13 08:37:33.154402+00",,autocomplete,"2026-04-13 08:37:33.154402+00"
baf6cdd1-3b8c-4837-baea-cca283b30c26,"depressão sintomas no corpo",0,10,saude-mental,"Saúde Mental",depressão,t,"2026-04-13 08:38:46.093196+00",,autocomplete,"2026-04-13 08:38:46.093196+00"
baf7df40-09c8-4b46-90c5-4b8931628a9d,"sepsis causas y sintomas",0,10,emergentes,Emergentes,sepsis,t,"2026-04-13 08:41:00.80186+00",,autocomplete,"2026-04-13 08:41:00.80186+00"
baff0329-9c08-4c1c-8853-fe0814b8e034,"anemia pode virar leucemia",2250,28,alimentacao,Alimentação,anemia,f,"2026-03-30 08:09:53.80659+00",,pytrends,"2026-03-30 08:09:53.80659+00"
bb2cfb7f-6326-4862-9aee-a88f6d36ec2c,"é normal ter fobia social",0,10,saude-mental,"Saúde Mental","fobia social",t,"2026-04-13 08:41:17.653799+00",,autocomplete,"2026-04-13 08:41:17.653799+00"
bb40ddc9-bdb4-4488-92c3-2acef0af49c3,"inderal ansiedade",200,12,saude-mental,"Saúde Mental",ansiedade,f,"2026-03-30 07:58:55.195023+00",,pytrends,"2026-03-30 07:58:55.195023+00"
bb478323-aabc-4d3e-a88c-9d9b0a3aa671,"fobia social sintomas dsm 5",0,10,saude-mental,"Saúde Mental","fobia social",t,"2026-04-13 08:41:17.653799+00",,autocomplete,"2026-04-13 08:41:17.653799+00"
bbbdc05f-7022-415a-a5ce-df91a95c628b,"aplastic anemia",120,10,alimentacao,Alimentação,anemia,f,"2026-04-13 08:29:36.237329+00",,pytrends,"2026-04-13 08:29:36.237329+00"
bbc1d218-2fee-46a5-8d57-3dbb491beb74,"é normal ter ansiedade dormindo",0,10,saude-mental,"Saúde Mental",ansiedade,t,"2026-04-13 08:38:40.522707+00",,autocomplete,"2026-04-13 08:38:40.522707+00"
bbcce5b9-b79e-48fb-946f-e96658f77a15,"o que é insônia",0,10,saude-mental,"Saúde Mental",insónia,t,"2026-04-13 08:39:19.763922+00",,autocomplete,"2026-04-13 08:39:19.763922+00"
bbcf39bd-e687-4f0d-a8b9-54cbd531242c,"como tratar lupus eritematoso",0,15,emergentes,Emergentes,lúpus,t,"2026-04-13 08:42:25.267323+00",,autocomplete,"2026-04-13 08:42:25.267323+00"
bbdc8ede-2303-468a-9f42-5ccaf4a58187,"doença celíaca é grave",9999,100,alimentacao,Alimentação,"doença celíaca",f,"2026-04-06 08:08:02.72178+00",,pytrends,"2026-04-06 08:08:02.72178+00"
bbe291dd-5318-4c62-babe-b14e684f190c,"incontinência urinária sintomas homem",0,10,menopausa,Menopausa,"incontinência urinária",t,"2026-04-13 08:42:42.043868+00",,autocomplete,"2026-04-13 08:42:42.043868+00"
bc09d56a-5475-4907-a3a0-e63d639bde95,"fungo candida auris",9999,100,emergentes,Emergentes,"candida auris",f,"2026-04-13 08:33:16.338095+00",,pytrends,"2026-04-13 08:33:16.338095+00"
bc0c4beb-56f4-4cf1-a3c0-63b9f1d4ea43,"colesterol alto sintomas",0,10,alimentacao,Alimentação,"colesterol alto",t,"2026-04-13 08:40:04.811683+00",,autocomplete,"2026-04-13 08:40:04.811683+00"
bc101b29-9360-4107-974e-3959651ec0ec,"tratamento para anemia em cachorro",0,10,alimentacao,Alimentação,anemia,t,"2026-04-13 08:40:38.397737+00",,autocomplete,"2026-04-13 08:40:38.397737+00"
bc203ee5-a9f3-43c4-8f46-160e615fe633,"sintomas de doenças cardiovasculares no coração",0,95,emergentes,Emergentes,"doenças cardiovasculares",t,"2026-04-13 08:43:21.329264+00",,autocomplete,"2026-04-13 08:43:21.329264+00"
bc2ae5ec-5943-4e1a-aab4-53eee34762dd,"sintomas de osteoporose na coluna",0,85,menopausa,Menopausa,osteoporose,t,"2026-04-13 08:36:53.898281+00",,autocomplete,"2026-04-13 08:36:53.898281+00"
bc3be315-8223-4634-833c-b9206f22d6d2,"causas comuns de solidão",0,20,saude-mental,"Saúde Mental",solidão,t,"2026-04-13 08:38:51.66098+00",,autocomplete,"2026-04-13 08:38:51.66098+00"
bc59c41a-3fb1-4a60-baab-da2ee6771506,"sintomas de intolerância à lactose em criança",0,80,alimentacao,Alimentação,"intolerância à lactose",t,"2026-04-13 08:43:43.801483+00",,autocomplete,"2026-04-13 08:43:43.801483+00"
bc66adbb-5106-48a5-99c4-3bd1d2a52c62,"sintomas de fobia social como tratar",0,65,saude-mental,"Saúde Mental","fobia social",t,"2026-04-13 08:41:17.653799+00",,autocomplete,"2026-04-13 08:41:17.653799+00"
bc7c4ee7-4ded-4500-b772-7c9cf9f4e655,"causas de avci",0,10,emergentes,Emergentes,avc,t,"2026-03-30 08:17:17.253196+00",,autocomplete,"2026-03-30 08:17:17.253196+00"
bc96836c-f96a-4cd6-ae27-0da00f92a6da,"o que é sepse pulmonar",0,10,emergentes,Emergentes,sepsis,t,"2026-04-13 08:41:00.80186+00",,autocomplete,"2026-04-13 08:41:00.80186+00"
bca4c683-e517-40e4-9de5-e2216004ef75,"o que é pré-diabetes gestacional",0,15,alimentacao,Alimentação,pré-diabetes,t,"2026-04-13 08:42:08.372884+00",,autocomplete,"2026-04-13 08:42:08.372884+00"
bccdc8a4-2e9d-420c-8a6e-911bc416690f,"alcoolismo sintomas fisicos",0,10,saude-mental,"Saúde Mental",alcoolismo,t,"2026-04-13 08:43:49.404375+00",,autocomplete,"2026-04-13 08:43:49.404375+00"
bcf197f2-84be-472a-bfd1-62fa30fb1666,"é normal ter alzheimer",0,10,saude-mental,"Saúde Mental",alzheimer,t,"2026-04-13 08:43:15.769569+00",,autocomplete,"2026-04-13 08:43:15.769569+00"
bcf84632-78db-4759-8d82-be73d86315bf,"vírus nipah índia sintomas",0,10,emergentes,Emergentes,"vírus nipah",t,"2026-04-13 08:38:12.456348+00",,autocomplete,"2026-04-13 08:38:12.456348+00"
bcf92094-3f23-4467-96df-9c7cc3b95cf8,"tratamento para endometriose com anticoncepcional",0,10,menopausa,Menopausa,endometriose,t,"2026-04-13 08:40:10.397854+00",,autocomplete,"2026-04-13 08:40:10.397854+00"
bd198569-df3b-4d7d-b4e0-430181fe3766,"causas de depressão",0,10,saude-mental,"Saúde Mental",depressão,t,"2026-04-13 08:38:46.093196+00",,autocomplete,"2026-04-13 08:38:46.093196+00"
bd23f40c-fc81-42e7-97bc-69aadbbec794,"causas de anemia normo normo",0,10,alimentacao,Alimentação,anemia,t,"2026-04-13 08:40:38.397737+00",,autocomplete,"2026-04-13 08:40:38.397737+00"
bd39bfe8-e228-4aa6-bc66-6ae9d1181e56,"endometriose causas sintomas e tratamento",0,10,menopausa,Menopausa,endometriose,t,"2026-04-13 08:40:10.397854+00",,autocomplete,"2026-04-13 08:40:10.397854+00"
bd3ee2c0-92b3-4012-bdfe-49b3ba663cfd,"sintomas hiv suores noturnos",0,85,menopausa,Menopausa,"suores noturnos",t,"2026-04-13 08:37:44.379314+00",,autocomplete,"2026-04-13 08:37:44.379314+00"
bd411275-f037-4f67-adf1-9bf463de61a1,"sindrome de ovario poliquistico sintomas pdf",0,10,menopausa,Menopausa,"síndrome do ovário poliquístico",t,"2026-04-13 08:43:26.930582+00",,autocomplete,"2026-04-13 08:43:26.930582+00"
bd4f7982-5481-4baf-9eaf-d25c06738616,"o que é síndrome de intestino irritável",0,40,alimentacao,Alimentação,"síndrome de intestino irritável",t,"2026-04-13 08:40:49.538553+00",,autocomplete,"2026-04-13 08:40:49.538553+00"
bd5621a8-1dcb-48e9-a669-9441979abb9b,"alcoolismo sintomas",200,92,saude-mental,"Saúde Mental",alcoolismo,f,"2026-03-30 08:08:12.822193+00",,pytrends,"2026-03-30 08:08:12.822193+00"
bd6b592b-1341-4c51-8c28-311140371569,"osteoporose causas e tratamento",0,10,menopausa,Menopausa,osteoporose,t,"2026-04-13 08:36:53.898281+00",,autocomplete,"2026-04-13 08:36:53.898281+00"
bd6ed7f3-6b12-4501-ad1d-6349d940b068,"panico social tratamento",0,10,saude-mental,"Saúde Mental",pânico,t,"2026-04-13 08:39:31.045213+00",,autocomplete,"2026-04-13 08:39:31.045213+00"
bd75ae8d-48a0-4004-8b80-fae496f4f2d4,"sintomas de depressão e ansiedade",0,85,saude-mental,"Saúde Mental",depressão,t,"2026-04-13 08:38:46.093196+00",,autocomplete,"2026-04-13 08:38:46.093196+00"
bd7707bc-765f-481c-974f-9398fc8cdd10,"sintomas de endometriose profunda no intestino",0,55,menopausa,Menopausa,endometriose,t,"2026-04-13 08:40:10.397854+00",,autocomplete,"2026-04-13 08:40:10.397854+00"
bd8d3486-aedf-437e-96d2-412cea8e8ec2,"sintomas de lúpus",9999,100,emergentes,Emergentes,lúpus,t,"2026-03-30 08:06:01.068321+00",,pytrends,"2026-03-30 08:06:01.068321+00"
bd953e92-3cc0-4d7f-9365-4b79bb51bbb7,"o que é doença celíaca",0,45,alimentacao,Alimentação,"doença celíaca",t,"2026-04-13 08:43:38.203977+00",,autocomplete,"2026-04-13 08:43:38.203977+00"
bdb94107-a8d1-41d8-8c64-5dcf76c14ebd,"o que é depressão refratária",0,10,saude-mental,"Saúde Mental",depressão,t,"2026-04-13 08:38:46.093196+00",,autocomplete,"2026-04-13 08:38:46.093196+00"
bdbac79c-b8b4-46f1-b537-e8c34f4c65d5,"colesterol ldl alto tratamento",0,10,alimentacao,Alimentação,"colesterol alto",t,"2026-04-13 08:40:04.811683+00",,autocomplete,"2026-04-13 08:40:04.811683+00"
bdc4348c-f6ff-46fa-a7e0-6c7209cbc300,"anemia causas sintomas e tratamento",0,10,alimentacao,Alimentação,anemia,t,"2026-04-13 08:40:38.397737+00",,autocomplete,"2026-04-13 08:40:38.397737+00"
bdcd0e00-6130-4739-8e75-5b4139175a42,"tratamento tdah adulto tcc",0,10,saude-mental,"Saúde Mental","TDAH adulto",t,"2026-04-13 08:39:53.572317+00",,autocomplete,"2026-04-13 08:39:53.572317+00"
bde0ec18-b7b1-4e70-8a2b-068248c2af29,"sindrome de ovario poliquistico sintomas en adolescentes",0,20,menopausa,Menopausa,"síndrome do ovário poliquístico",t,"2026-04-13 08:43:26.930582+00",,autocomplete,"2026-04-13 08:43:26.930582+00"
bdfda4c0-e559-4bcb-9a69-4fb9d2ff7a85,"cpu stress test online",9350,68,saude-mental,"Saúde Mental",stress,f,"2026-03-23 07:41:28.79763+00",,pytrends,"2026-03-27 18:34:47.925931+00"
be1ad440-5cb8-49a4-ab8f-fb00f3e6c093,"causas de lupus discoide",0,10,emergentes,Emergentes,lúpus,t,"2026-03-30 08:17:29.204312+00",,autocomplete,"2026-03-30 08:17:29.204312+00"
be5618e6-3fcf-4b54-b1cf-11234ee0dc96,"vírus nipah sintomas em humanos",0,10,emergentes,Emergentes,"vírus nipah",t,"2026-04-13 08:38:12.456348+00",,autocomplete,"2026-04-13 08:38:12.456348+00"
be60d6fb-612e-4732-bf8a-ee4fc2008671,"intolerancia ao gluten sintomas portugues",0,10,alimentacao,Alimentação,"intolerância ao glúten",t,"2026-04-13 08:37:05.051837+00",,autocomplete,"2026-04-13 08:37:05.051837+00"
be6c9d0a-6347-4698-aee9-ea692bd74b62,"o que é solidão a dois",0,45,saude-mental,"Saúde Mental",solidão,t,"2026-04-13 08:38:51.66098+00",,autocomplete,"2026-04-13 08:38:51.66098+00"
be74a7f1-4fa3-4c68-98ee-e9f782335baf,"tratamento para enxaqueca natural",0,10,saude-mental,"Saúde Mental",enxaqueca,t,"2026-04-13 08:43:55.008487+00",,autocomplete,"2026-04-13 08:43:55.008487+00"
beb1366f-43a1-4a21-8db0-2a438f8e6366,"fungo candida auris o que é",9999,52,emergentes,Emergentes,"candida auris",f,"2026-04-13 08:33:16.338095+00",,pytrends,"2026-04-13 08:33:16.338095+00"
beb27e5e-ac6d-4d5c-baf9-c9095eb4cbea,"sintomas de intolerância a lactose em bebe",0,90,alimentacao,Alimentação,"intolerância à lactose",t,"2026-04-13 08:43:43.801483+00",,autocomplete,"2026-04-13 08:43:43.801483+00"
bec1db25-6142-4227-aa30-a7227371181c,"tratamento para demencia canina",0,10,saude-mental,"Saúde Mental",demência,t,"2026-04-13 08:40:27.20613+00",,autocomplete,"2026-04-13 08:40:27.20613+00"
bee017a1-fdee-47ff-a87c-319206e47bff,"candidíase tratamento",0,10,menopausa,Menopausa,candidíase,t,"2026-04-13 08:40:43.957484+00",,autocomplete,"2026-04-13 08:40:43.957484+00"
bee108a0-0b16-4b24-9e59-9384a890aea2,"anemia tratamento em casa",0,10,alimentacao,Alimentação,anemia,t,"2026-04-13 08:40:38.397737+00",,autocomplete,"2026-04-13 08:40:38.397737+00"
bee66d2c-2038-4e67-9a98-892a8e25b68c,"como tratar refluxo gastroesofágico drge",0,40,alimentacao,Alimentação,"refluxo gastroesofágico",t,"2026-04-13 08:40:32.807623+00",,autocomplete,"2026-04-13 08:40:32.807623+00"
bf0bd2c6-aaf8-4397-8065-d33df0f9b2ae,"5 doenças cardiovasculares sintomas",0,10,emergentes,Emergentes,"doenças cardiovasculares",t,"2026-04-13 08:43:21.329264+00",,autocomplete,"2026-04-13 08:43:21.329264+00"
bf51e3c7-27fe-4f60-a100-b0a42e4e4307,"o que é suicídio resumo",0,85,saude-mental,"Saúde Mental",suicídio,t,"2026-04-13 08:42:36.442374+00",,autocomplete,"2026-04-13 08:42:36.442374+00"
bf6a81c2-8379-4c40-8393-3fb8264eee19,"doença celíaca em crianças tratamento",0,10,alimentacao,Alimentação,"doença celíaca",t,"2026-04-13 08:43:38.203977+00",,autocomplete,"2026-04-13 08:43:38.203977+00"
bf80fa99-54c0-4da3-b422-7d7bed6fabb2,"jejum intermitente resultados 1 semana",8500,68,alimentacao,Alimentação,"jejum intermitente",f,"2026-03-30 08:02:12.393982+00",,pytrends,"2026-03-30 08:02:12.393982+00"
bf95b83c-a940-4053-8560-8eb7e0c1f237,"como prevenir el burnout laboral",0,10,saude-mental,"Saúde Mental",burnout,t,"2026-04-13 08:38:34.941684+00",,autocomplete,"2026-04-13 08:38:34.941684+00"
bfc8105a-6259-432a-bbd4-1729a4656ebf,"como tratar avc leve",0,25,emergentes,Emergentes,avc,t,"2026-04-13 08:41:12.052215+00",,autocomplete,"2026-04-13 08:41:12.052215+00"
bfc97b60-9123-4878-aef8-3ed2133e23f7,"pré-diabetes tratamento",0,10,alimentacao,Alimentação,pré-diabetes,t,"2026-04-13 08:42:08.372884+00",,autocomplete,"2026-04-13 08:42:08.372884+00"
bfe38fe1-af12-4105-b8b6-d3e628fd15c0,"causas de estresse",0,10,saude-mental,"Saúde Mental",stress,t,"2026-04-13 08:40:21.587655+00",,autocomplete,"2026-04-13 08:40:21.587655+00"
bff59785-725f-417f-aafc-2afb1eb3310e,"sintomas de alergias alimentares em bebe",0,90,alimentacao,Alimentação,"alergias alimentares",t,"2026-04-13 08:37:10.663708+00",,autocomplete,"2026-04-13 08:37:10.663708+00"
c000fae9-e4a4-4db9-98ae-bfe2d531d8c0,"sintomas de diabetes tipo 2 na pele",0,75,alimentacao,Alimentação,"diabetes tipo 2",t,"2026-04-13 08:42:47.656406+00",,autocomplete,"2026-04-13 08:42:47.656406+00"
c001cf9a-c5b8-43f9-8c21-8395441339c6,"causas demencia no idoso",0,10,saude-mental,"Saúde Mental",demência,t,"2026-04-13 08:40:27.20613+00",,autocomplete,"2026-04-13 08:40:27.20613+00"
c0147fb4-5ae7-479e-b0ad-1c90561ed38a,"depressão tratamento não farmacológico",0,10,saude-mental,"Saúde Mental",depressão,t,"2026-04-13 08:38:46.093196+00",,autocomplete,"2026-04-13 08:38:46.093196+00"
c03192d3-59dd-4fec-830a-c33a78b0ab05,"enxaqueca em inglês",3000,68,saude-mental,"Saúde Mental",enxaqueca,f,"2026-04-13 08:36:05.931314+00",,pytrends,"2026-04-13 08:36:05.931314+00"
c03f6485-e2f4-4eb4-aa3b-401e0612f298,"o que fazer para ganhar peso na menopausa",0,70,menopausa,Menopausa,"peso na menopausa",t,"2026-04-13 08:38:29.321032+00",,autocomplete,"2026-04-13 08:38:29.321032+00"
c053fe2f-9aa9-4538-ae6d-e708e78c28ce,"anemia sintomas na pele",0,10,alimentacao,Alimentação,anemia,t,"2026-04-13 08:40:38.397737+00",,autocomplete,"2026-04-13 08:40:38.397737+00"
c056b803-7df8-442b-ac61-01d574c57902,"tem tratamento para refluxo gastroesofágico",0,10,alimentacao,Alimentação,"refluxo gastroesofágico",t,"2026-04-13 08:40:32.807623+00",,autocomplete,"2026-04-13 08:40:32.807623+00"
c0755eaa-7acc-4648-aa9c-4d38532863e6,"ansiedade sintomas na pele",0,10,saude-mental,"Saúde Mental",ansiedade,t,"2026-04-13 08:38:40.522707+00",,autocomplete,"2026-04-13 08:38:40.522707+00"
c098d7b1-2704-4025-9a62-72155baba821,"como tratar endometriose para engravidar",0,35,menopausa,Menopausa,endometriose,t,"2026-04-13 08:40:10.397854+00",,autocomplete,"2026-04-13 08:40:10.397854+00"
c09a6627-4a2d-4a7a-98a1-c00c5aec4441,"sintomas de doença celíaca exame",0,75,alimentacao,Alimentação,"doença celíaca",t,"2026-04-13 08:43:38.203977+00",,autocomplete,"2026-04-13 08:43:38.203977+00"
c100e233-3420-4e38-a8e9-9a5ec87cef2a,"o que é automutilação dicionario",0,70,saude-mental,"Saúde Mental",automutilação,t,"2026-04-13 08:36:42.692925+00",,autocomplete,"2026-04-13 08:36:42.692925+00"
c1022278-1c93-4680-bd33-504020864b0c,"ansiedade sintomas no corpo coceira",0,10,saude-mental,"Saúde Mental",ansiedade,t,"2026-03-30 08:13:36.389284+00",,autocomplete,"2026-03-30 08:13:36.389284+00"
c123f128-6e77-4301-ac74-a71ca3985d12,"tratamento para cancro da mama",0,10,menopausa,Menopausa,"cancro da mama",t,"2026-04-13 08:40:55.173287+00",,autocomplete,"2026-04-13 08:40:55.173287+00"
c160ce12-672c-44e8-9f22-f7dbc179e456,"o que é considerado alimentos ultraprocessados",0,65,alimentacao,Alimentação,ultraprocessados,t,"2026-04-13 08:37:33.154402+00",,autocomplete,"2026-04-13 08:37:33.154402+00"
c17201b5-3087-4bd5-bad5-516041651efe,"é normal ter espasmos após avc",0,10,emergentes,Emergentes,avc,t,"2026-04-13 08:41:12.052215+00",,autocomplete,"2026-04-13 08:41:12.052215+00"
c17ac546-65d6-4cc4-a503-b633cdb16dad,"sintomas de fobia social em crianças",0,85,saude-mental,"Saúde Mental","fobia social",t,"2026-04-13 08:41:17.653799+00",,autocomplete,"2026-04-13 08:41:17.653799+00"
c1a18246-f8b1-4d14-b998-720a43de5640,"touca para enxaqueca",9999,68,saude-mental,"Saúde Mental",enxaqueca,f,"2026-04-06 08:08:13.385846+00",,pytrends,"2026-04-06 08:08:13.385846+00"
c1ce45fb-230b-4b69-ae97-477b30dbb986,"burnout tratamento quanto tempo",0,10,saude-mental,"Saúde Mental",burnout,t,"2026-04-13 08:38:34.941684+00",,autocomplete,"2026-04-13 08:38:34.941684+00"
c1d7f6cc-b966-46c6-874e-f583c199eb5d,"sepse sintomas dente",0,10,emergentes,Emergentes,sepsis,t,"2026-03-30 08:19:58.64322+00",,autocomplete,"2026-03-30 08:19:58.64322+00"
c1edc8b0-bf55-43b1-bc45-a49dc8cbcac9,"fobia social como tratar sozinho",0,10,saude-mental,"Saúde Mental","fobia social",t,"2026-04-13 08:41:17.653799+00",,autocomplete,"2026-04-13 08:41:17.653799+00"
c1f2c408-f73a-4e52-8fab-73f99aef9738,"sepse sintomas",0,10,emergentes,Emergentes,sepsis,t,"2026-04-13 08:41:00.80186+00",,autocomplete,"2026-04-13 08:41:00.80186+00"
c201b90b-e6bd-4e75-955c-f026acb9254b,"tratamento hormonal para cancro da mama",0,10,menopausa,Menopausa,"cancro da mama",t,"2026-04-13 08:40:55.173287+00",,autocomplete,"2026-04-13 08:40:55.173287+00"
c2150e6e-6fa1-4ec0-856f-d2aa756cf27d,"vacina para ansiedade",1600,60,saude-mental,"Saúde Mental",ansiedade,f,"2026-03-23 07:29:16.489555+00",,pytrends,"2026-03-27 18:34:47.925931+00"
c2287e47-46bd-4384-a141-a714b44bcf50,"causas de insonia terminal",0,10,saude-mental,"Saúde Mental",insónia,t,"2026-04-13 08:39:19.763922+00",,autocomplete,"2026-04-13 08:39:19.763922+00"
c2397eeb-64df-4ec0-8743-5a512e1e6ac3,"ansiedade sintomas no corpo",0,10,saude-mental,"Saúde Mental",ansiedade,t,"2026-04-13 08:38:40.522707+00",,autocomplete,"2026-04-13 08:38:40.522707+00"
c239d648-f006-454c-ac7c-65e030af1ae8,"o que tomar para intolerância à lactose",0,10,alimentacao,Alimentação,"intolerância à lactose",t,"2026-04-13 08:43:43.801483+00",,autocomplete,"2026-04-13 08:43:43.801483+00"
c255bea1-4821-44e9-8b15-30f250a1627c,"panico tratamento medicamentoso",0,10,saude-mental,"Saúde Mental",pânico,t,"2026-04-13 08:39:31.045213+00",,autocomplete,"2026-04-13 08:39:31.045213+00"
c2611008-35ff-40da-9a50-2d3aad7ec0c4,"avc causas sintomas e prevenção",0,10,emergentes,Emergentes,avc,t,"2026-04-13 08:41:12.052215+00",,autocomplete,"2026-04-13 08:41:12.052215+00"
c272552a-73e2-4898-af18-c7b75e61272b,"como tratar osteoporose",0,50,menopausa,Menopausa,osteoporose,t,"2026-04-13 08:36:53.898281+00",,autocomplete,"2026-04-13 08:36:53.898281+00"
c283db3d-eebf-48d2-99d9-afb29d482b58,"doenças cardiovasculares tratamento",0,10,emergentes,Emergentes,"doenças cardiovasculares",t,"2026-04-13 08:43:21.329264+00",,autocomplete,"2026-04-13 08:43:21.329264+00"
c29e728c-0032-45f9-ab90-f744362b4444,"o que é ansiedade na bíblia",0,10,saude-mental,"Saúde Mental",ansiedade,t,"2026-04-13 08:38:40.522707+00",,autocomplete,"2026-04-13 08:38:40.522707+00"
c2a12cc0-cf78-48e4-ad8f-5dbc292e3bcf,"sintomas de ansiedade grave",8650,52,saude-mental,"Saúde Mental",ansiedade,t,"2026-03-28 00:08:45.453336+00",,pytrends,"2026-03-28 00:08:45.453336+00"
c2e2461e-8d40-4c16-b350-4badb9ab2108,"tratamento para anemia ferropriva",0,10,alimentacao,Alimentação,anemia,t,"2026-04-13 08:40:38.397737+00",,autocomplete,"2026-04-13 08:40:38.397737+00"
c2e69129-01a0-46a2-8fe2-051abc282913,"sintomas de candidíase na garganta",0,60,menopausa,Menopausa,candidíase,t,"2026-04-13 08:40:43.957484+00",,autocomplete,"2026-04-13 08:40:43.957484+00"
c2edc589-bcc6-46cb-95e5-8a5e19cee0e8,"como prevenir alzheimer e demencia",0,10,saude-mental,"Saúde Mental",alzheimer,t,"2026-04-13 08:43:15.769569+00",,autocomplete,"2026-04-13 08:43:15.769569+00"
c2ee805f-918d-4be0-9d79-424cde869f6d,"depressão causas e tratamento",0,10,saude-mental,"Saúde Mental",depressão,t,"2026-04-13 08:38:46.093196+00",,autocomplete,"2026-04-13 08:38:46.093196+00"
c308c0ab-8f0d-48e2-a2c3-db3fe677795d,"anorexia nervosa tratamento africa do sul",0,10,saude-mental,"Saúde Mental","anorexia nervosa",t,"2026-04-13 08:43:04.555328+00",,autocomplete,"2026-04-13 08:43:04.555328+00"
c31663fb-7689-4091-8444-74b7f9f381b1,"tratamento para ansiedade generalizada",0,10,saude-mental,"Saúde Mental",ansiedade,t,"2026-04-13 08:38:40.522707+00",,autocomplete,"2026-04-13 08:38:40.522707+00"
c31e49d3-cca9-43d3-ac12-3ec11c1dffdd,"como prevenir a diabetes tipo 1 e 2",0,10,alimentacao,Alimentação,"diabetes tipo 2",t,"2026-04-13 08:42:47.656406+00",,autocomplete,"2026-04-13 08:42:47.656406+00"
c31efb96-dd47-4396-ab3c-78ab8ebe991f,"causas e sintomas de lúpus",0,10,emergentes,Emergentes,lúpus,t,"2026-04-13 08:42:25.267323+00",,autocomplete,"2026-04-13 08:42:25.267323+00"
c333f975-909f-4677-a67b-d70e46fbf3d4,"sintomas de alzheimer aos 50 anos",0,80,saude-mental,"Saúde Mental",alzheimer,t,"2026-04-13 08:43:15.769569+00",,autocomplete,"2026-04-13 08:43:15.769569+00"
c339d597-f842-4086-b1f0-01bf7545c042,"tratamento de osteoporose",250,100,menopausa,Menopausa,osteoporose,t,"2026-04-06 08:03:18.173981+00",,pytrends,"2026-04-06 08:03:18.173981+00"
c35a5ae6-1cac-4e8f-bb85-1d10e548ef46,"sintomas diabetes tipo 2 tratamento",0,10,alimentacao,Alimentação,"diabetes tipo 2",t,"2026-04-13 08:42:47.656406+00",,autocomplete,"2026-04-13 08:42:47.656406+00"
c3709bf1-8765-4387-a96a-0b4380b686ba,"candidíase causas",0,10,menopausa,Menopausa,candidíase,t,"2026-04-13 08:40:43.957484+00",,autocomplete,"2026-04-13 08:40:43.957484+00"
c37606ed-47cf-46ee-90cc-9e202c0486bf,"o que é colesterol alto em criança",0,10,alimentacao,Alimentação,"colesterol alto",t,"2026-04-13 08:40:04.811683+00",,autocomplete,"2026-04-13 08:40:04.811683+00"
c3a38642-81c9-4c21-abf9-a2077797f145,"burnout tratamento natural",0,10,saude-mental,"Saúde Mental",burnout,t,"2026-04-13 08:38:34.941684+00",,autocomplete,"2026-04-13 08:38:34.941684+00"
c3ac3220-5988-44e1-9ba1-ea49b97410df,"transtorno panico tratamento",0,10,saude-mental,"Saúde Mental",pânico,t,"2026-04-13 08:39:31.045213+00",,autocomplete,"2026-04-13 08:39:31.045213+00"
c3b34ad1-6210-4269-9344-b62289de0bae,"como tratar refluxo gastroesofágico em adulto",0,25,alimentacao,Alimentação,"refluxo gastroesofágico",t,"2026-04-13 08:40:32.807623+00",,autocomplete,"2026-04-13 08:40:32.807623+00"
c3cc07ad-ffa1-4335-81c2-12774484b9ba,"melhor tratamento para refluxo gastroesofágico",0,10,alimentacao,Alimentação,"refluxo gastroesofágico",t,"2026-04-13 08:40:32.807623+00",,autocomplete,"2026-04-13 08:40:32.807623+00"
c3d4fc10-744e-4c47-85ad-99166c0411fb,"avc tratamento em casa",0,10,emergentes,Emergentes,avc,t,"2026-04-13 08:41:12.052215+00",,autocomplete,"2026-04-13 08:41:12.052215+00"
c3d81f46-1ca8-4459-9b9e-d00fabb9c759,"como tratar os sintomas da menopausa sem reposição hormonal",0,85,menopausa,Menopausa,"menopausa sintomas",t,"2026-04-13 08:37:16.281981+00",,autocomplete,"2026-04-13 08:37:16.281981+00"
c3f3cb8d-df39-41f5-a149-bb18a7d08a01,"como tratar avc transitorio",0,20,emergentes,Emergentes,avc,t,"2026-04-13 08:41:12.052215+00",,autocomplete,"2026-04-13 08:41:12.052215+00"
c4303deb-3040-4e7c-a3a3-b682e931ef74,"candidíase tratamento pomada",0,10,menopausa,Menopausa,candidíase,t,"2026-04-13 08:40:43.957484+00",,autocomplete,"2026-04-13 08:40:43.957484+00"
c4306fcb-73bd-417d-9bc1-cf460922ac3a,"o que é considerado colesterol alto",0,10,alimentacao,Alimentação,"colesterol alto",t,"2026-04-13 08:40:04.811683+00",,autocomplete,"2026-04-13 08:40:04.811683+00"
c4416f27-2e9f-4eb8-a395-21d00cc76da9,"como tratar intolerância a lactose de forma natural",0,40,alimentacao,Alimentação,"intolerância à lactose",t,"2026-04-13 08:43:43.801483+00",,autocomplete,"2026-04-13 08:43:43.801483+00"
c44dfbda-b103-4b23-a207-f0b887aeaad7,"maiores causas de suicídio no mundo",0,35,saude-mental,"Saúde Mental",suicídio,t,"2026-04-13 08:42:36.442374+00",,autocomplete,"2026-04-13 08:42:36.442374+00"
c454eb07-5666-42b6-982a-7765f46e8e29,"é normal ter candidíase no final da gravidez",0,10,menopausa,Menopausa,candidíase,t,"2026-04-13 08:40:43.957484+00",,autocomplete,"2026-04-13 08:40:43.957484+00"
c4568229-fd59-4610-a421-37dfea2068f4,"sintomas de refluxo gastroesofágico remedio",0,55,alimentacao,Alimentação,"refluxo gastroesofágico",t,"2026-04-13 08:40:32.807623+00",,autocomplete,"2026-04-13 08:40:32.807623+00"
c45f9bab-b64b-4bcc-9956-27533efdb33b,"o que causa cancro da mama",0,25,menopausa,Menopausa,"cancro da mama",t,"2026-04-13 08:40:55.173287+00",,autocomplete,"2026-04-13 08:40:55.173287+00"
c47329ea-8c95-4ff8-9d96-a17446e367bd,"o que é jejum intermitente e como funciona",0,75,alimentacao,Alimentação,"jejum intermitente",t,"2026-04-13 08:36:37.089218+00",,autocomplete,"2026-04-13 08:36:37.089218+00"
c478607d-ba99-46b1-a0c9-666a62fd5108,"o que é suicídio altruísta",0,55,saude-mental,"Saúde Mental",suicídio,t,"2026-03-30 08:17:53.149095+00",,autocomplete,"2026-03-30 08:17:53.149095+00"
c482d647-668d-440c-9b90-ae02cadaf686,"é normal ter endometriose na adolescência",0,10,menopausa,Menopausa,endometriose,t,"2026-04-13 08:40:10.397854+00",,autocomplete,"2026-04-13 08:40:10.397854+00"
c4a675ee-546d-4c40-9f9e-60ac457e8616,"burnout principais causas",0,10,saude-mental,"Saúde Mental",burnout,t,"2026-04-13 08:38:34.941684+00",,autocomplete,"2026-04-13 08:38:34.941684+00"
c4af7395-5d0d-4cdf-93c1-a36dbe170603,"o que são competências socioemocionais na educação infantil",0,55,saude-mental,"Saúde Mental","competências socioemocionais",t,"2026-04-13 08:41:28.934623+00",,autocomplete,"2026-04-13 08:41:28.934623+00"
c4c578cb-2a9d-48d5-97ce-cc49bf3f51a1,"menopausa precoce quais as causas",0,10,menopausa,Menopausa,"menopausa precoce",t,"2026-03-30 08:16:41.428929+00",,autocomplete,"2026-03-30 08:16:41.428929+00"
c4c89b35-6b0b-457f-8791-d31aaeced682,"tratamento para libido na menopausa",0,65,menopausa,Menopausa,"libido menopausa",t,"2026-04-13 08:38:18.065121+00",,autocomplete,"2026-04-13 08:38:18.065121+00"
c4e13c81-8913-45d0-8692-2377b42ade72,"anemia microcitica hipocromica",4900,52,alimentacao,Alimentação,anemia,f,"2026-03-28 00:21:06.900923+00",,pytrends,"2026-03-28 00:21:06.900923+00"
c4e749a5-cb08-4068-9fc1-a7cd996ea397,"o que é lúpus sistêmico",0,10,emergentes,Emergentes,lúpus,t,"2026-04-13 08:42:25.267323+00",,autocomplete,"2026-04-13 08:42:25.267323+00"
c4ec17e5-ffb3-4093-bce5-53c0d28a23bf,"é normal ganhar peso na menopausa",0,50,menopausa,Menopausa,"peso na menopausa",t,"2026-04-13 08:38:29.321032+00",,autocomplete,"2026-04-13 08:38:29.321032+00"
c4ed9790-7bb3-445c-9ca0-7d1a54ced1c1,"como tratar osteoporose na lombar",0,20,menopausa,Menopausa,osteoporose,t,"2026-04-13 08:36:53.898281+00",,autocomplete,"2026-04-13 08:36:53.898281+00"
c50c85ac-06af-4fb7-9b5f-48613a7f3197,"depressão causas sintomas tratamentos diagnóstico e prevenção",0,10,saude-mental,"Saúde Mental",depressão,t,"2026-04-13 08:38:46.093196+00",,autocomplete,"2026-04-13 08:38:46.093196+00"
c51dca8e-7cea-47c1-89b5-6d9c5b909079,"o que é diabetes tipo 2 e tipo 1",0,10,alimentacao,Alimentação,"diabetes tipo 2",t,"2026-04-13 08:42:47.656406+00",,autocomplete,"2026-04-13 08:42:47.656406+00"
c52d746d-465f-4943-b0c4-93c190471840,"incontinência urinária funcional sintomas",0,10,menopausa,Menopausa,"incontinência urinária",t,"2026-04-13 08:42:42.043868+00",,autocomplete,"2026-04-13 08:42:42.043868+00"
c54a8675-28d0-45e4-be2a-8f4afc9a6114,"causas candidiase esofagica",0,10,menopausa,Menopausa,candidíase,t,"2026-04-13 08:40:43.957484+00",,autocomplete,"2026-04-13 08:40:43.957484+00"
c54e191d-87e7-40c7-a663-c669afde8ffc,"o que é enxaqueca hemiplégica",0,10,saude-mental,"Saúde Mental",enxaqueca,t,"2026-04-13 08:43:55.008487+00",,autocomplete,"2026-04-13 08:43:55.008487+00"
c5636426-4019-4059-8861-a30505969f8f,"ataque de pânico causas",0,10,saude-mental,"Saúde Mental",pânico,t,"2026-03-30 08:14:30.022367+00",,autocomplete,"2026-03-30 08:14:30.022367+00"
c5727ef9-0b03-4aa6-8486-16f9ef8817bd,"sintomas de pre diabetes em crianças",0,70,alimentacao,Alimentação,pré-diabetes,t,"2026-03-30 08:21:04.408072+00",,autocomplete,"2026-03-30 08:21:04.408072+00"
c5958365-fbe4-4b0f-90c7-9fc52fc3d32a,"exame osteoporose",140,100,menopausa,Menopausa,osteoporose,f,"2026-03-23 07:27:39.847636+00",,pytrends,"2026-03-27 18:34:47.925931+00"
c59bcd42-4bce-4d32-918d-a70c1cb55f1d,"pré diabetes tem sintomas",0,10,alimentacao,Alimentação,pré-diabetes,t,"2026-04-13 08:42:08.372884+00",,autocomplete,"2026-04-13 08:42:08.372884+00"
c5c4b69d-27b7-407f-aeb8-38995220ca70,"endometriose causas espirituais",0,10,menopausa,Menopausa,endometriose,t,"2026-04-13 08:40:10.397854+00",,autocomplete,"2026-04-13 08:40:10.397854+00"
c5c5adc0-63d8-4403-ab81-92ae0b03e83a,"causas de tdah em adultos",0,10,saude-mental,"Saúde Mental","TDAH adulto",t,"2026-04-13 08:39:53.572317+00",,autocomplete,"2026-04-13 08:39:53.572317+00"
c5cc2247-e6b7-4191-bb98-e03859a99227,"tratamento para depressão refratária",0,10,saude-mental,"Saúde Mental",depressão,t,"2026-04-13 08:38:46.093196+00",,autocomplete,"2026-04-13 08:38:46.093196+00"
c5f6a394-9765-401a-ab2a-a9830d22213b,"os quatro e meia olá solidão",250,76,saude-mental,"Saúde Mental",solidão,f,"2026-03-28 00:09:47.571099+00",,pytrends,"2026-03-28 00:09:47.571099+00"
c61168f0-8446-4011-9faa-562355a9ad7f,"é normal mulher ter endometriose",0,10,menopausa,Menopausa,endometriose,t,"2026-04-13 08:40:10.397854+00",,autocomplete,"2026-04-13 08:40:10.397854+00"
c614b9a9-048c-4cfb-8667-54fb73bb4415,"o que causa o colesterol alto",9999,92,alimentacao,Alimentação,"colesterol alto",t,"2026-03-23 07:40:25.01851+00",,pytrends,"2026-03-27 18:34:47.925931+00"
c6158b74-977e-4082-a5b6-e61dff8439fe,"sintomas de colesterol alto no sangue",0,55,alimentacao,Alimentação,"colesterol alto",t,"2026-04-13 08:40:04.811683+00",,autocomplete,"2026-04-13 08:40:04.811683+00"
c61c6eb9-1cea-4280-8814-103911b6d264,"tem como prevenir a demência",0,10,saude-mental,"Saúde Mental",demência,t,"2026-04-13 08:40:27.20613+00",,autocomplete,"2026-04-13 08:40:27.20613+00"
c620554b-df5c-46e5-a633-a3a320d328fd,"como tratar vírus nipah",0,65,emergentes,Emergentes,"vírus nipah",t,"2026-04-13 08:38:12.456348+00",,autocomplete,"2026-04-13 08:38:12.456348+00"
c62bc4c2-e747-4105-ad56-5d80dc846d14,"cancro da mama avançado sintomas",0,10,menopausa,Menopausa,"cancro da mama",t,"2026-04-13 08:40:55.173287+00",,autocomplete,"2026-04-13 08:40:55.173287+00"
c63be97a-8699-4f2a-9e27-de2b7550995f,"automutilação tratamento medicamentoso",0,25,saude-mental,"Saúde Mental",automutilação,t,"2026-04-13 08:36:42.692925+00",,autocomplete,"2026-04-13 08:36:42.692925+00"
c6433d0d-7030-4cb3-92ab-6bb2c35d6dae,"candidíase sintomas na boca",0,10,menopausa,Menopausa,candidíase,t,"2026-04-13 08:40:43.957484+00",,autocomplete,"2026-04-13 08:40:43.957484+00"
c6484d52-a2b8-4243-944e-7de9bd4606ee,"é normal ter anemia na menopausa",0,10,alimentacao,Alimentação,anemia,t,"2026-04-13 08:40:38.397737+00",,autocomplete,"2026-04-13 08:40:38.397737+00"
c65cfc6c-77af-42f9-834d-8a7703305189,"suores noturnos causas",9999,100,menopausa,Menopausa,"suores noturnos",f,"2026-04-06 08:04:31.893877+00",,pytrends,"2026-04-06 08:04:31.893877+00"
c6668df8-513c-4941-809b-cae5249bb926,"como prevenir crise de enxaqueca",0,10,saude-mental,"Saúde Mental",enxaqueca,t,"2026-04-13 08:43:55.008487+00",,autocomplete,"2026-04-13 08:43:55.008487+00"
c68594c7-ef02-46e2-a33f-805b6c7becc6,"alimentos ultraprocessados causas",0,45,alimentacao,Alimentação,ultraprocessados,t,"2026-04-13 08:37:33.154402+00",,autocomplete,"2026-04-13 08:37:33.154402+00"
c6a75dc3-6791-4302-a441-97c37dbe67c0,"é normal ter candidíase após a menstruação",0,10,menopausa,Menopausa,candidíase,t,"2026-04-13 08:40:43.957484+00",,autocomplete,"2026-04-13 08:40:43.957484+00"
c6c265c8-97b7-43bf-a5ee-25927a6b5f57,"causas de enxaqueca com aura",0,10,saude-mental,"Saúde Mental",enxaqueca,t,"2026-04-13 08:43:55.008487+00",,autocomplete,"2026-04-13 08:43:55.008487+00"
c6cce1be-7472-441d-908b-48ead901a146,"ansiedade tratamentos alternativos",0,10,saude-mental,"Saúde Mental",ansiedade,t,"2026-04-13 08:38:40.522707+00",,autocomplete,"2026-04-13 08:38:40.522707+00"
c6ce85f2-98ab-4d97-96ff-f86c270a299b,"tratamento para candidíase com fluconazol",0,10,menopausa,Menopausa,candidíase,t,"2026-04-13 08:40:43.957484+00",,autocomplete,"2026-04-13 08:40:43.957484+00"
c6cf34e4-2909-4242-b659-4a3fd605770e,"alzheimer tratamento medicamentoso",0,10,saude-mental,"Saúde Mental",alzheimer,t,"2026-04-13 08:43:15.769569+00",,autocomplete,"2026-04-13 08:43:15.769569+00"
c6d80ae4-4cbd-431d-a77e-297b42da3351,"como tratar osteoporose em idosos",0,35,menopausa,Menopausa,osteoporose,t,"2026-04-13 08:36:53.898281+00",,autocomplete,"2026-04-13 08:36:53.898281+00"
c6e037e7-4b5c-4946-abed-c39762872900,"como tratar lupus no sangue",0,25,emergentes,Emergentes,lúpus,t,"2026-04-13 08:42:25.267323+00",,autocomplete,"2026-04-13 08:42:25.267323+00"
c6f45673-518d-477f-8d4c-c48fd1c1fff4,"depressão sintomas físicos",0,10,saude-mental,"Saúde Mental",depressão,t,"2026-04-13 08:38:46.093196+00",,autocomplete,"2026-04-13 08:38:46.093196+00"
c6fe70b5-d14e-4a14-9fa5-6f637030242a,"colesterol alto sintomas olhos",0,10,alimentacao,Alimentação,"colesterol alto",t,"2026-04-13 08:40:04.811683+00",,autocomplete,"2026-04-13 08:40:04.811683+00"
c7092b13-81a4-4351-b751-527520a37fb9,"o que é pré-diabetes",0,25,alimentacao,Alimentação,pré-diabetes,t,"2026-04-13 08:42:08.372884+00",,autocomplete,"2026-04-13 08:42:08.372884+00"
c70f42fb-01c1-4ee6-b70a-51ae3c630b23,"o que é incontinência urinária em cachorro",0,10,menopausa,Menopausa,"incontinência urinária",t,"2026-04-13 08:42:42.043868+00",,autocomplete,"2026-04-13 08:42:42.043868+00"
c717d0ac-a30b-411a-b68d-ae1d811791b5,"sintomas de incontinência urinária na gravidez",0,80,menopausa,Menopausa,"incontinência urinária",t,"2026-04-13 08:42:42.043868+00",,autocomplete,"2026-04-13 08:42:42.043868+00"
c71fc740-ec96-4827-bdb5-d11227814abe,"diabetes tipo 2 causas",0,10,alimentacao,Alimentação,"diabetes tipo 2",t,"2026-04-13 08:42:47.656406+00",,autocomplete,"2026-04-13 08:42:47.656406+00"
c72853a0-7a17-4b39-b295-44682bf1555d,"o que é avc hemorragico",0,10,emergentes,Emergentes,avc,t,"2026-04-13 08:41:12.052215+00",,autocomplete,"2026-04-13 08:41:12.052215+00"
c72a0680-26ff-4d30-a98b-d3d2f4d18eb3,"sindrome intestino irritavel tratamento medicamentoso pdf",0,10,alimentacao,Alimentação,"síndrome de intestino irritável",t,"2026-04-13 08:40:49.538553+00",,autocomplete,"2026-04-13 08:40:49.538553+00"
c74555e4-edf4-41df-93af-bd9e582972d3,"intolerância ao glúten sintomas graves",0,10,alimentacao,Alimentação,"intolerância ao glúten",t,"2026-04-13 08:37:05.051837+00",,autocomplete,"2026-04-13 08:37:05.051837+00"
c74e8b21-aa70-483c-9907-4bc41e13b70c,"o que é ansiedade e depressão",0,10,saude-mental,"Saúde Mental",ansiedade,t,"2026-04-13 08:38:40.522707+00",,autocomplete,"2026-04-13 08:38:40.522707+00"
c760c250-e1b2-4687-9ac9-d2c37d6d643c,"o que é anemia",0,10,alimentacao,Alimentação,anemia,t,"2026-04-13 08:40:38.397737+00",,autocomplete,"2026-04-13 08:40:38.397737+00"
c77dd62f-66b3-48f1-b481-01aae799b09a,"stress cpu online",1600,52,saude-mental,"Saúde Mental",stress,f,"2026-03-30 08:09:19.495077+00",,pytrends,"2026-03-30 08:09:19.495077+00"
c78859f1-570e-4504-8e95-9f78ab5270aa,"como se escreve alzheimer",3750,76,saude-mental,"Saúde Mental",alzheimer,t,"2026-04-06 08:14:12.553439+00",,pytrends,"2026-04-06 08:14:12.553439+00"
c7a35ce1-59ac-4060-b346-e6c765416a21,"sindrome do intestino irritavel tratamento natural",0,10,alimentacao,Alimentação,"síndrome de intestino irritável",t,"2026-04-13 08:40:49.538553+00",,autocomplete,"2026-04-13 08:40:49.538553+00"
c7cbedc7-deb2-47d5-b43f-6dec4488ea93,"endometriose tratamento fisioterapeutico",0,10,menopausa,Menopausa,endometriose,t,"2026-04-13 08:40:10.397854+00",,autocomplete,"2026-04-13 08:40:10.397854+00"
c7d67f9e-47ad-4857-9781-66fb16a7c600,"tratamento para ansiedade e depressão",0,10,saude-mental,"Saúde Mental",ansiedade,t,"2026-04-13 08:38:40.522707+00",,autocomplete,"2026-04-13 08:38:40.522707+00"
c7f2d72f-48b6-4159-bf36-0d2b03be3f05,"insônia causas espirituais",0,10,saude-mental,"Saúde Mental",insónia,t,"2026-04-13 08:39:19.763922+00",,autocomplete,"2026-04-13 08:39:19.763922+00"
c7f781ce-b7b2-4d6b-abce-7fc10de6acda,"como tratar alergias alimentares",0,85,alimentacao,Alimentação,"alergias alimentares",t,"2026-04-13 08:37:10.663708+00",,autocomplete,"2026-04-13 08:37:10.663708+00"
c7f89701-3ba7-42c6-8aaa-f8a92114d2c3,"sintomas de demência alcoólica",0,55,saude-mental,"Saúde Mental",demência,t,"2026-04-13 08:40:27.20613+00",,autocomplete,"2026-04-13 08:40:27.20613+00"
c7fb456b-e05c-4cf8-a514-da577e840424,"pre diabetes tratamento repetir exame",0,10,alimentacao,Alimentação,pré-diabetes,t,"2026-04-13 08:42:08.372884+00",,autocomplete,"2026-04-13 08:42:08.372884+00"
c7fedd2c-6f61-4cf4-a22c-9dd937c16db5,"são causas de demência exceto",0,10,saude-mental,"Saúde Mental",demência,t,"2026-04-13 08:40:27.20613+00",,autocomplete,"2026-04-13 08:40:27.20613+00"
c82c9c77-884b-4a5b-92d6-7ca1e3fedc5d,"anemia cura",50,10,alimentacao,Alimentação,anemia,f,"2026-04-13 08:29:36.237329+00",,pytrends,"2026-04-13 08:29:36.237329+00"
c83a546c-ee75-4640-87c6-4b4e2334b00b,"tratamento para endometriose no ovário",0,10,menopausa,Menopausa,endometriose,t,"2026-04-13 08:40:10.397854+00",,autocomplete,"2026-04-13 08:40:10.397854+00"
c882ee7f-be14-4e63-9555-23afd37b3b8d,"causas de enxaqueca vestibular",0,10,saude-mental,"Saúde Mental",enxaqueca,t,"2026-04-13 08:43:55.008487+00",,autocomplete,"2026-04-13 08:43:55.008487+00"
c884b7b8-a1ac-48f2-bb47-a9ea2616264c,"ansiedade sintomas em crianças",0,10,saude-mental,"Saúde Mental",ansiedade,t,"2026-04-13 08:38:40.522707+00",,autocomplete,"2026-04-13 08:38:40.522707+00"
c89135bc-1e82-42a2-8228-3ce675473ac5,"como tratar alzheimer com fisioterapia",0,20,saude-mental,"Saúde Mental",alzheimer,t,"2026-04-13 08:43:15.769569+00",,autocomplete,"2026-04-13 08:43:15.769569+00"
c89256c6-df16-4ebb-b3a2-10e2359de621,"como tratar tdah adulto",0,50,saude-mental,"Saúde Mental","TDAH adulto",t,"2026-04-13 08:39:53.572317+00",,autocomplete,"2026-04-13 08:39:53.572317+00"
c8956f79-de3c-4d8d-a00b-623877138618,"qual o cancro da mama mais perigoso",0,10,menopausa,Menopausa,"cancro da mama",t,"2026-03-30 08:19:52.655088+00",,autocomplete,"2026-03-30 08:19:52.655088+00"
c8a3ab3f-5260-47aa-ac90-03c07a3bd1cc,"tratamento para colesterol alto em cães",0,10,alimentacao,Alimentação,"colesterol alto",t,"2026-04-13 08:40:04.811683+00",,autocomplete,"2026-04-13 08:40:04.811683+00"
c8b4c4b0-ef83-449a-86e2-33c53ffbf0b2,"o que é demência alcoólica",0,10,saude-mental,"Saúde Mental",demência,t,"2026-04-13 08:40:27.20613+00",,autocomplete,"2026-04-13 08:40:27.20613+00"
c8b9688a-72e3-4917-a646-5ec30244a683,"candida auris imagens",9999,28,emergentes,Emergentes,"candida auris",f,"2026-04-13 08:33:16.338095+00",,pytrends,"2026-04-13 08:33:16.338095+00"
c8c41571-6553-41ee-b4b4-f1e616ed5101,"o que as doenças cardiovasculares podem causar",0,40,emergentes,Emergentes,"doenças cardiovasculares",t,"2026-04-13 08:43:21.329264+00",,autocomplete,"2026-04-13 08:43:21.329264+00"
c8d30c5a-d3bc-4d8e-998e-17751e6211ac,"sindrome do intestino irritavel causas psicologicas",0,10,alimentacao,Alimentação,"síndrome de intestino irritável",t,"2026-04-13 08:40:49.538553+00",,autocomplete,"2026-04-13 08:40:49.538553+00"
c8dead62-2e29-434e-9e70-d254333d2b08,"como tratar burnout sozinho",0,35,saude-mental,"Saúde Mental",burnout,t,"2026-04-13 08:38:34.941684+00",,autocomplete,"2026-04-13 08:38:34.941684+00"
c8f9a752-93cc-404b-b6b2-4959ed7c738d,"depressão sintomas",0,10,saude-mental,"Saúde Mental",depressão,t,"2026-04-13 08:38:46.093196+00",,autocomplete,"2026-04-13 08:38:46.093196+00"
c90a0651-8d6f-40ec-899a-777f78cef100,"tratamento medicamentoso para refluxo gastroesofágico",0,10,alimentacao,Alimentação,"refluxo gastroesofágico",t,"2026-04-13 08:40:32.807623+00",,autocomplete,"2026-04-13 08:40:32.807623+00"
c91efaaa-7d86-467e-9cbd-f4edc3b0f3bd,"lupus causas e consequencias",0,10,emergentes,Emergentes,lúpus,t,"2026-04-13 08:42:25.267323+00",,autocomplete,"2026-04-13 08:42:25.267323+00"
c92e84e1-b4dd-429c-8e1f-3ae06fa25151,"sintomas de burnout teste",9999,92,saude-mental,"Saúde Mental",burnout,t,"2026-03-30 08:00:22.557375+00",,pytrends,"2026-03-30 08:00:22.557375+00"
c93db9ad-1631-419d-8691-ec5361d62097,"alzheimer sintomas avançados",0,10,saude-mental,"Saúde Mental",alzheimer,t,"2026-04-13 08:43:15.769569+00",,autocomplete,"2026-04-13 08:43:15.769569+00"
c95db1bc-21a7-4bfe-a5e9-81d5fb8700a1,"virus nipah sintomas e transmissão",0,10,emergentes,Emergentes,"vírus nipah",t,"2026-04-13 08:38:12.456348+00",,autocomplete,"2026-04-13 08:38:12.456348+00"
c95eb717-54f6-495d-8e3c-24c9b4115785,"como tratar la sepsis en perros",0,20,emergentes,Emergentes,sepsis,t,"2026-04-13 08:41:00.80186+00",,autocomplete,"2026-04-13 08:41:00.80186+00"
c977a918-bd36-4e73-bcb7-2d469e1e9791,"tratamento para endometriose",0,10,menopausa,Menopausa,endometriose,t,"2026-04-13 08:40:10.397854+00",,autocomplete,"2026-04-13 08:40:10.397854+00"
c97bd623-c2b2-42d7-8034-5d37253edb16,"como tratar falta de libido na menopausa",0,90,menopausa,Menopausa,"libido menopausa",t,"2026-04-13 08:38:18.065121+00",,autocomplete,"2026-04-13 08:38:18.065121+00"
c97ce682-34fc-4065-8251-9482b6b49cc6,"resistencia antibioticos causas",0,45,emergentes,Emergentes,"resistência antibióticos",t,"2026-04-13 08:42:19.657825+00",,autocomplete,"2026-04-13 08:42:19.657825+00"
c9afe591-815d-4144-a53a-4f875f08350f,"sintomas de avc isquêmico",0,65,emergentes,Emergentes,avc,t,"2026-04-13 08:41:12.052215+00",,autocomplete,"2026-04-13 08:41:12.052215+00"
c9bc6c55-6b8d-409d-b36a-5d130943b079,"tdah adulto sintomas",0,10,saude-mental,"Saúde Mental","TDAH adulto",t,"2026-04-13 08:39:53.572317+00",,autocomplete,"2026-04-13 08:39:53.572317+00"
c9cb0a7a-2077-4438-a313-52f62345bcc7,"como prevenir avcs",0,10,emergentes,Emergentes,avc,t,"2026-04-13 08:41:12.052215+00",,autocomplete,"2026-04-13 08:41:12.052215+00"
c9e8b8b9-7a67-498a-b389-9ca1ff109995,"como prevenir demencia y alzheimer",0,10,saude-mental,"Saúde Mental",demência,t,"2026-04-13 08:40:27.20613+00",,autocomplete,"2026-04-13 08:40:27.20613+00"
ca2480c8-39a2-429c-9fe4-d5b8666c9fda,"como tratar fobia social em casa",0,45,saude-mental,"Saúde Mental","fobia social",t,"2026-04-13 08:41:17.653799+00",,autocomplete,"2026-04-13 08:41:17.653799+00"
ca2d02bb-5e9b-4a3c-97cb-f850bca57e76,"é normal ter ansiedade no final da gravidez",0,10,saude-mental,"Saúde Mental",ansiedade,t,"2026-04-13 08:38:40.522707+00",,autocomplete,"2026-04-13 08:38:40.522707+00"
ca4abc54-bdd0-415f-8aa5-8a50f4b9e89c,"cuáles son las causas de la fobia social",0,10,saude-mental,"Saúde Mental","fobia social",t,"2026-04-13 08:41:17.653799+00",,autocomplete,"2026-04-13 08:41:17.653799+00"
ca5bd5e3-42e4-4228-8677-483dd4625425,"como prevenir a ansiedade infantil",0,10,saude-mental,"Saúde Mental",ansiedade,t,"2026-04-13 08:38:40.522707+00",,autocomplete,"2026-04-13 08:38:40.522707+00"
ca78d3ef-7e9a-4120-aad9-7a62ebdc26e5,"como se prevenir da ansiedade",0,10,saude-mental,"Saúde Mental",ansiedade,t,"2026-04-13 08:38:40.522707+00",,autocomplete,"2026-04-13 08:38:40.522707+00"
ca8a096a-33c7-4c36-af99-edb05a81ed27,"cancro da mama tratamento",0,10,menopausa,Menopausa,"cancro da mama",t,"2026-04-13 08:40:55.173287+00",,autocomplete,"2026-04-13 08:40:55.173287+00"
caaf18a0-11af-4bcb-ab37-38c2d62717dc,"o vírus nipah tem cura",0,20,emergentes,Emergentes,"vírus nipah",t,"2026-04-13 08:38:12.456348+00",,autocomplete,"2026-04-13 08:38:12.456348+00"
cab13a07-c642-4b5f-b35b-79655b20033d,"sintomas de pânico",0,100,saude-mental,"Saúde Mental",pânico,t,"2026-04-13 08:39:31.045213+00",,autocomplete,"2026-04-13 08:39:31.045213+00"
caccfb35-cb24-40e2-97d5-79173daa39ec,"é normal ter anemia depois da dengue",0,10,alimentacao,Alimentação,anemia,t,"2026-04-13 08:40:38.397737+00",,autocomplete,"2026-04-13 08:40:38.397737+00"
cad861d2-98af-4c9b-8b32-2cd283c856cb,"o que é anemia crônica",0,10,alimentacao,Alimentação,anemia,t,"2026-04-13 08:40:38.397737+00",,autocomplete,"2026-04-13 08:40:38.397737+00"
caea26b3-eb93-45af-8c11-4d5e84cb2ae5,"menopausa precoce sintomas 32 anos",0,10,menopausa,Menopausa,"menopausa precoce",t,"2026-04-13 08:37:50.002306+00",,autocomplete,"2026-04-13 08:37:50.002306+00"
caf50146-d37f-44ed-8d3a-e61e77d2e1e8,"depressão pedro",250,10,saude-mental,"Saúde Mental",depressão,f,"2026-03-23 07:30:10.1117+00",,pytrends,"2026-03-27 18:34:47.925931+00"
cb01e3e8-fe98-488c-b86d-7980cef1ae08,"insonia sintomas fisicos",0,10,saude-mental,"Saúde Mental",insónia,t,"2026-04-13 08:39:19.763922+00",,autocomplete,"2026-04-13 08:39:19.763922+00"
cb028d7d-5540-493c-a187-2b581016fcea,"é normal ter colesterol alto",0,10,alimentacao,Alimentação,"colesterol alto",t,"2026-04-13 08:40:04.811683+00",,autocomplete,"2026-04-13 08:40:04.811683+00"
cb3eca56-060b-4fed-8f53-8b48f8976784,"o que é suicídio social",0,65,saude-mental,"Saúde Mental",suicídio,t,"2026-04-13 08:42:36.442374+00",,autocomplete,"2026-04-13 08:42:36.442374+00"
cb65bd7d-7641-45b7-9e94-4f8093d64838,"com quantos anos é normal ter alzheimer",0,10,saude-mental,"Saúde Mental",alzheimer,t,"2026-04-13 08:43:15.769569+00",,autocomplete,"2026-04-13 08:43:15.769569+00"
cba81027-95ed-4b9a-a33d-d3aef3f7a14f,"candida auris o que é sintomas",9999,36,emergentes,Emergentes,"candida auris",f,"2026-04-13 08:33:16.338095+00",,pytrends,"2026-04-13 08:33:16.338095+00"
cba94ded-ae6c-4c13-9b0b-ad6faa17cefe,"síndrome do intestino irritável tratamento para dor neuropática",0,10,alimentacao,Alimentação,"síndrome de intestino irritável",t,"2026-04-13 08:40:49.538553+00",,autocomplete,"2026-04-13 08:40:49.538553+00"
cbab53ff-6b86-4912-9ee0-f6c9dff2983c,"como prevenir la diabetes tipo 2 en niños",0,10,alimentacao,Alimentação,"diabetes tipo 2",t,"2026-04-13 08:42:47.656406+00",,autocomplete,"2026-04-13 08:42:47.656406+00"
cbc687e0-443e-4659-8a1f-83103ad6020e,"causas de osteoporose em homens",0,10,menopausa,Menopausa,osteoporose,t,"2026-04-13 08:36:53.898281+00",,autocomplete,"2026-04-13 08:36:53.898281+00"
cbd49135-a164-4c51-8cc5-19c5b8f2d315,"o que é avc transitório",0,10,emergentes,Emergentes,avc,t,"2026-04-13 08:41:12.052215+00",,autocomplete,"2026-04-13 08:41:12.052215+00"
cbe3ae9f-1322-4afc-8fa1-973fead40d7f,"o que é osteoporose nos ossos",0,10,menopausa,Menopausa,osteoporose,t,"2026-04-13 08:36:53.898281+00",,autocomplete,"2026-04-13 08:36:53.898281+00"
cbed72d0-492b-4431-8b39-139f5ec93b10,"o que é um gerenciador de dependências",0,65,saude-mental,"Saúde Mental",dependências,t,"2026-03-30 08:20:04.623814+00",,autocomplete,"2026-03-30 08:20:04.623814+00"
cc18a4dc-b808-4926-94a4-24790ef093a8,"como tratar estresse e ansiedade",0,40,saude-mental,"Saúde Mental",stress,t,"2026-04-13 08:40:21.587655+00",,autocomplete,"2026-04-13 08:40:21.587655+00"
cc1a396b-03ac-4aac-afe7-cf8c7701b753,"é normal ter enxaqueca",0,10,saude-mental,"Saúde Mental",enxaqueca,t,"2026-04-13 08:43:55.008487+00",,autocomplete,"2026-04-13 08:43:55.008487+00"
cc1afa0b-b76b-49f4-98b8-2908f8f3963b,"tratamento para colesterol alto sintomas",0,10,alimentacao,Alimentação,"colesterol alto",t,"2026-04-13 08:40:04.811683+00",,autocomplete,"2026-04-13 08:40:04.811683+00"
cc4dc0a4-238f-4aa2-990c-e320419b7ec4,"como tratar incontinência urinária masculina",0,35,menopausa,Menopausa,"incontinência urinária",t,"2026-04-13 08:42:42.043868+00",,autocomplete,"2026-04-13 08:42:42.043868+00"
cc58a510-bc5d-4de0-b69e-418430571d3c,"solidão causas e consequências",0,10,saude-mental,"Saúde Mental",solidão,t,"2026-04-13 08:38:51.66098+00",,autocomplete,"2026-04-13 08:38:51.66098+00"
cc6f1db9-cca1-4f2b-aab4-6e8511449dfe,"colesterol alto sintomas e tratamento",0,10,alimentacao,Alimentação,"colesterol alto",t,"2026-04-13 08:40:04.811683+00",,autocomplete,"2026-04-13 08:40:04.811683+00"
cc7d58b9-33e2-4e46-bccf-e8ff95f794fa,"avc isquêmico tem cura",9999,92,emergentes,Emergentes,avc,f,"2026-03-30 08:05:39.827249+00",,pytrends,"2026-03-30 08:05:39.827249+00"
cc8e4cf5-3191-43b9-a063-fac6a8eb014e,"o que é superfungo candida auris",0,55,emergentes,Emergentes,"candida auris",t,"2026-04-13 08:42:30.835875+00",,autocomplete,"2026-04-13 08:42:30.835875+00"
cc97473b-5798-4965-8142-a3d0686ef65b,"o que é estresse pós-traumático",0,10,saude-mental,"Saúde Mental",stress,t,"2026-04-13 08:40:21.587655+00",,autocomplete,"2026-04-13 08:40:21.587655+00"
cc9782a1-64f5-43e8-92e7-5c49f750e834,"o que é tdah adulto sintomas",0,10,saude-mental,"Saúde Mental","TDAH adulto",t,"2026-04-13 08:39:53.572317+00",,autocomplete,"2026-04-13 08:39:53.572317+00"
cc98d6f7-5179-44c9-a55a-b051f4367d3e,"candidíase tratamento comprimido",0,10,menopausa,Menopausa,candidíase,t,"2026-04-13 08:40:43.957484+00",,autocomplete,"2026-04-13 08:40:43.957484+00"
cc9d2888-76e7-418f-95c6-886f785773de,"osteoporose tratamento sus",0,10,menopausa,Menopausa,osteoporose,t,"2026-04-13 08:36:53.898281+00",,autocomplete,"2026-04-13 08:36:53.898281+00"
cc9fba99-6312-4bca-a680-9833c8b3eee0,"incontinência urinária tratamento natural",0,10,menopausa,Menopausa,"incontinência urinária",t,"2026-04-13 08:42:42.043868+00",,autocomplete,"2026-04-13 08:42:42.043868+00"
ccc613bf-893c-4682-bbc3-cf2e8ce5d1f1,"jejum intermitente para perder peso",9999,100,alimentacao,Alimentação,"jejum intermitente",f,"2026-03-23 07:32:32.355449+00",,pytrends,"2026-03-27 18:34:47.925931+00"
ccc6ca7c-68c0-45e3-b0ea-085aa915feb6,"depressão tratamento tcc",0,10,saude-mental,"Saúde Mental",depressão,t,"2026-04-13 08:38:46.093196+00",,autocomplete,"2026-04-13 08:38:46.093196+00"
cce2d2ae-eb7f-4f5c-9ce6-53f35aa3c46b,"causas de incontinência urinária em cadelas",0,10,menopausa,Menopausa,"incontinência urinária",t,"2026-04-13 08:42:42.043868+00",,autocomplete,"2026-04-13 08:42:42.043868+00"
cd0827f9-6435-4dee-9db2-2748527a2179,"o que é burnout sintomas",0,10,saude-mental,"Saúde Mental",burnout,t,"2026-04-13 08:38:34.941684+00",,autocomplete,"2026-04-13 08:38:34.941684+00"
cd2e9973-2dcb-4213-a1c9-a12649424a6b,"é normal ter crise de pânico",0,10,saude-mental,"Saúde Mental",pânico,t,"2026-04-13 08:39:31.045213+00",,autocomplete,"2026-04-13 08:39:31.045213+00"
cd3ce684-d517-4ef5-9f15-4dd1a4f61aff,"o que é osteoporose e como tratar",0,10,menopausa,Menopausa,osteoporose,t,"2026-04-13 08:36:53.898281+00",,autocomplete,"2026-04-13 08:36:53.898281+00"
cd4ecb82-1e53-4cdc-af9f-14385b574f20,"avc tratamento hospitalar",0,10,emergentes,Emergentes,avc,t,"2026-04-13 08:41:12.052215+00",,autocomplete,"2026-04-13 08:41:12.052215+00"
cd6621e8-5083-46c5-b86a-90c271ff7020,"o que é endometriose",50,10,menopausa,Menopausa,endometriose,t,"2026-03-23 07:41:17.864547+00",,pytrends,"2026-03-27 18:34:47.925931+00"
cd73a91b-5e16-4c55-aabe-8fcd3b6bff9a,"tratamento para endometriose e adenomiose",0,10,menopausa,Menopausa,endometriose,t,"2026-04-13 08:40:10.397854+00",,autocomplete,"2026-04-13 08:40:10.397854+00"
cd745c61-e241-460b-9096-3c1fe1b36034,"fobia social sintomas fisicos",0,10,saude-mental,"Saúde Mental","fobia social",t,"2026-04-13 08:41:17.653799+00",,autocomplete,"2026-04-13 08:41:17.653799+00"
cd822433-77a4-4181-bc7c-e41748248837,"diabetes tipo 2 tem tratamento",0,10,alimentacao,Alimentação,"diabetes tipo 2",t,"2026-04-13 08:42:47.656406+00",,autocomplete,"2026-04-13 08:42:47.656406+00"
cd88112e-1a10-4ca1-a41e-7a7670e06f66,"como prevenir la incontinencia urinaria en hombres",0,10,menopausa,Menopausa,"incontinência urinária",t,"2026-04-13 08:42:42.043868+00",,autocomplete,"2026-04-13 08:42:42.043868+00"
cd986d68-1a68-4068-ba88-305a68499b9c,"ptsd sintomas",0,10,saude-mental,"Saúde Mental",PTSD,t,"2026-04-13 08:39:36.686137+00",,autocomplete,"2026-04-13 08:39:36.686137+00"
cdb63605-5a7e-4e6f-a150-b7fc864ca402,"marta depressão",6800,28,saude-mental,"Saúde Mental",depressão,f,"2026-03-28 00:09:26.967333+00",,pytrends,"2026-03-28 00:09:26.967333+00"
cdb82650-68d6-4d70-b670-b0e8d5a91463,"causas de incontinência urinária em cães machos",0,10,menopausa,Menopausa,"incontinência urinária",t,"2026-04-13 08:42:42.043868+00",,autocomplete,"2026-04-13 08:42:42.043868+00"
cdbc9862-afbe-4941-a568-03354893637b,"insonia tratamento farmacologico",0,10,saude-mental,"Saúde Mental",insónia,t,"2026-04-13 08:39:19.763922+00",,autocomplete,"2026-04-13 08:39:19.763922+00"
cdd808ba-44fe-4241-8915-fc68110fa0da,"o que é diabetes tipo 2",0,10,alimentacao,Alimentação,"diabetes tipo 2",t,"2026-04-13 08:42:47.656406+00",,autocomplete,"2026-04-13 08:42:47.656406+00"
cde1676c-666f-4bd2-b800-7b675feab3b3,"stress gatos tratamento",0,10,saude-mental,"Saúde Mental",stress,t,"2026-04-13 08:40:21.587655+00",,autocomplete,"2026-04-13 08:40:21.587655+00"
ce0ba284-2b3e-4ef8-9313-4d640196235a,"sintomas de sepse abdominal",0,55,emergentes,Emergentes,sepsis,t,"2026-04-13 08:41:00.80186+00",,autocomplete,"2026-04-13 08:41:00.80186+00"
ce1554a6-1d46-4507-8fa6-5df6ac0b2928,"como prevenir candidiase tomando antibiotico",0,10,menopausa,Menopausa,candidíase,t,"2026-04-13 08:40:43.957484+00",,autocomplete,"2026-04-13 08:40:43.957484+00"
ce3b3c0a-e454-4657-bbb3-a02492ee1da5,"como prevenir o suicídio entre os jovens",0,10,saude-mental,"Saúde Mental",suicídio,t,"2026-04-13 08:42:36.442374+00",,autocomplete,"2026-04-13 08:42:36.442374+00"
ce422d03-8035-4b48-8411-fa4ba0ebaeb7,"demencia tratamento pdf",0,10,saude-mental,"Saúde Mental",demência,t,"2026-04-13 08:40:27.20613+00",,autocomplete,"2026-04-13 08:40:27.20613+00"
ce4adb04-324c-4f2c-a9c8-311edb3e9c70,"incontinencia urinaria causas emocionales",0,10,menopausa,Menopausa,"incontinência urinária",t,"2026-04-13 08:42:42.043868+00",,autocomplete,"2026-04-13 08:42:42.043868+00"
ce761ce2-b211-4296-a3f5-e42dbb5fd7f3,"sintomas de candidíase na língua",0,55,menopausa,Menopausa,candidíase,t,"2026-03-30 08:19:46.737092+00",,autocomplete,"2026-03-30 08:19:46.737092+00"
ce8aab38-2613-42e4-9541-e3eea2e993fa,"o'que é cicatriz de automutilação",0,40,saude-mental,"Saúde Mental",automutilação,t,"2026-04-13 08:36:42.692925+00",,autocomplete,"2026-04-13 08:36:42.692925+00"
ce8d5f38-b40a-44f8-a21c-cacc10087f34,"causas do cancro da mama pdf",0,10,menopausa,Menopausa,"cancro da mama",t,"2026-04-13 08:40:55.173287+00",,autocomplete,"2026-04-13 08:40:55.173287+00"
ce8f36c1-1631-47f4-9c06-261fc1254553,"avc esquemico",300,52,emergentes,Emergentes,avc,f,"2026-04-06 08:10:42.850302+00",,pytrends,"2026-04-06 08:10:42.850302+00"
cea1932b-2fae-4a58-b088-53094aa6b20a,"anemia sintomas no corpo",0,10,alimentacao,Alimentação,anemia,t,"2026-04-13 08:40:38.397737+00",,autocomplete,"2026-04-13 08:40:38.397737+00"
ceb7d98a-1253-4cfe-9f30-857af1c3e9da,"o que diabetes tipo 2 causa",0,10,alimentacao,Alimentação,"diabetes tipo 2",t,"2026-04-13 08:42:47.656406+00",,autocomplete,"2026-04-13 08:42:47.656406+00"
cecb74a1-0108-4e77-8e55-945477b55a8a,"como prevenir osteoporose",0,10,menopausa,Menopausa,osteoporose,t,"2026-04-13 08:36:53.898281+00",,autocomplete,"2026-04-13 08:36:53.898281+00"
cedffb22-5950-49a5-9e8c-5657bd245311,"como tratar pré diabetes infantil",0,45,alimentacao,Alimentação,pré-diabetes,t,"2026-04-13 08:42:08.372884+00",,autocomplete,"2026-04-13 08:42:08.372884+00"
cee3960c-7b14-4e72-8a7a-26d2e857eeeb,"pânico causas",0,10,saude-mental,"Saúde Mental",pânico,t,"2026-04-13 08:39:31.045213+00",,autocomplete,"2026-04-13 08:39:31.045213+00"
cee4e49e-039b-4142-ae0e-1a4c172985f8,"tratamento anorexia nervosa africa do sul",0,20,saude-mental,"Saúde Mental","anorexia nervosa",t,"2026-04-13 08:43:04.555328+00",,autocomplete,"2026-04-13 08:43:04.555328+00"
cefde7da-1850-451c-a3f3-8ac6bea88a97,"panico tratamento",0,10,saude-mental,"Saúde Mental",pânico,t,"2026-04-13 08:39:31.045213+00",,autocomplete,"2026-04-13 08:39:31.045213+00"
cf0587db-9615-4f3b-9729-2af3d52bad78,"enxaqueca sintomas e causas",0,10,saude-mental,"Saúde Mental",enxaqueca,t,"2026-04-13 08:43:55.008487+00",,autocomplete,"2026-04-13 08:43:55.008487+00"
cf148a0e-6b8b-476d-9c41-d877cb277b61,"o que é perda de libido na menopausa",0,70,menopausa,Menopausa,"libido menopausa",t,"2026-03-28 00:22:14.79915+00",,autocomplete,"2026-03-28 00:22:14.79915+00"
cf513560-deb4-4578-a78b-f3333b681061,"como tratar automutilação",0,100,saude-mental,"Saúde Mental",automutilação,t,"2026-04-13 08:36:42.692925+00",,autocomplete,"2026-04-13 08:36:42.692925+00"
cf63b6ed-bc58-484f-8fca-1973b47beb33,"como tratar resistencia a antibioticos",0,95,emergentes,Emergentes,"resistência antibióticos",t,"2026-04-13 08:42:19.657825+00",,autocomplete,"2026-04-13 08:42:19.657825+00"
cf79990a-d371-4fb6-bdb2-8b51c5a6cccc,"sintomas de diabetes tipo 2 tem cura",0,95,alimentacao,Alimentação,"diabetes tipo 2",t,"2026-04-13 08:42:47.656406+00",,autocomplete,"2026-04-13 08:42:47.656406+00"
cf978085-17dc-4d5b-92c2-dfed9d1a748a,"o que é solidão na bíblia",0,50,saude-mental,"Saúde Mental",solidão,t,"2026-04-13 08:38:51.66098+00",,autocomplete,"2026-04-13 08:38:51.66098+00"
cf9ce6f3-118d-4d3f-a132-923b56d390b4,"causas de alzheimer infantil",0,10,saude-mental,"Saúde Mental",alzheimer,t,"2026-04-13 08:43:15.769569+00",,autocomplete,"2026-04-13 08:43:15.769569+00"
cfa2390d-fab5-4270-8846-191e94fb8875,"como prevenir enxaqueca com aura",0,10,saude-mental,"Saúde Mental",enxaqueca,t,"2026-04-13 08:43:55.008487+00",,autocomplete,"2026-04-13 08:43:55.008487+00"
cfa5ed6e-db42-498c-b4fb-46d94151aec5,"tratamento homeopático para refluxo gastroesofágico",0,10,alimentacao,Alimentação,"refluxo gastroesofágico",t,"2026-04-13 08:40:32.807623+00",,autocomplete,"2026-04-13 08:40:32.807623+00"
cfb39782-a5f1-4542-95dd-a9569a88c199,"o que é sepse abdominal",0,10,emergentes,Emergentes,sepsis,t,"2026-04-13 08:41:00.80186+00",,autocomplete,"2026-04-13 08:41:00.80186+00"
cfbafcca-8acc-4ffe-8f7f-743db35b7bf6,"tratamento natural para intolerância à lactose",0,10,alimentacao,Alimentação,"intolerância à lactose",t,"2026-04-13 08:43:43.801483+00",,autocomplete,"2026-04-13 08:43:43.801483+00"
cfc7856a-8ec4-4d24-b953-fb443895e86d,"depressão em portugal",90,10,saude-mental,"Saúde Mental",depressão,f,"2026-03-30 07:59:07.198788+00",,pytrends,"2026-03-30 07:59:07.198788+00"
d0210f4e-242b-47d5-a861-fee6718317cc,"causas de candidíase na boca",0,10,menopausa,Menopausa,candidíase,t,"2026-04-13 08:40:43.957484+00",,autocomplete,"2026-04-13 08:40:43.957484+00"
d02ac6f2-f5b1-4ec2-b54d-f1c095d28643,"sintomas de candidíase feminina",0,70,menopausa,Menopausa,candidíase,t,"2026-04-13 08:40:43.957484+00",,autocomplete,"2026-04-13 08:40:43.957484+00"
d034443f-9455-47ca-ac8c-e1e254a51e7a,"stress infantil causas sintomas e soluções",0,10,saude-mental,"Saúde Mental",stress,t,"2026-04-13 08:40:21.587655+00",,autocomplete,"2026-04-13 08:40:21.587655+00"
d0526c83-b473-4c60-911e-423c43171f69,"anemia hemolitica auto imune",2850,36,alimentacao,Alimentação,anemia,f,"2026-03-28 00:21:06.900923+00",,pytrends,"2026-03-28 00:21:06.900923+00"
d06a1940-cb83-4b1d-b673-0436a10d3753,"candidíase tratamento gestante",0,10,menopausa,Menopausa,candidíase,t,"2026-04-13 08:40:43.957484+00",,autocomplete,"2026-04-13 08:40:43.957484+00"
d06e0ba1-3789-4b65-9814-d084bc6dab6a,"endometriose causas e tratamento",0,10,menopausa,Menopausa,endometriose,t,"2026-04-13 08:40:10.397854+00",,autocomplete,"2026-04-13 08:40:10.397854+00"
d0704a6c-e8e2-4e44-9896-70ee0217f0a8,"tratamento para alergias alimentares",0,65,alimentacao,Alimentação,"alergias alimentares",t,"2026-04-13 08:37:10.663708+00",,autocomplete,"2026-04-13 08:37:10.663708+00"
d08ee5c0-1113-493a-a6d4-3a3b6f691b4c,"como tratar enxaqueca vestibular",0,30,saude-mental,"Saúde Mental",enxaqueca,t,"2026-04-13 08:43:55.008487+00",,autocomplete,"2026-04-13 08:43:55.008487+00"
d0a03843-2ec2-4d07-ad4e-906806e67f8e,"sintomas de sepse em criança",0,80,emergentes,Emergentes,sepsis,t,"2026-04-13 08:41:00.80186+00",,autocomplete,"2026-04-13 08:41:00.80186+00"
d0b53365-f4f9-4840-a442-78622620507d,"o que causa anemia",70,10,alimentacao,Alimentação,anemia,t,"2026-03-30 08:09:53.80659+00",,pytrends,"2026-03-30 08:09:53.80659+00"
d0bcab0e-9047-415d-bf89-f41ee9d976de,"long covid sintomas y tratamiento",0,75,emergentes,Emergentes,"long covid",t,"2026-04-13 08:38:06.844002+00",,autocomplete,"2026-04-13 08:38:06.844002+00"
d0c46548-2c57-4e76-a655-78b3435843c5,"enxaqueca tratamentos alternativos",0,10,saude-mental,"Saúde Mental",enxaqueca,t,"2026-04-13 08:43:55.008487+00",,autocomplete,"2026-04-13 08:43:55.008487+00"
d0fd9c72-744f-44ad-989e-a239a4a66285,"enxaqueca tratamento crise",0,10,saude-mental,"Saúde Mental",enxaqueca,t,"2026-04-13 08:43:55.008487+00",,autocomplete,"2026-04-13 08:43:55.008487+00"
d11a12f2-f6e1-4e43-aea3-cff8ff2bc959,"como prevenir vírus nipah",0,10,emergentes,Emergentes,"vírus nipah",t,"2026-04-13 08:38:12.456348+00",,autocomplete,"2026-04-13 08:38:12.456348+00"
d15c708b-553c-4bec-9ba1-a8b160a59ec5,"sintomas de osteoporose",9999,100,menopausa,Menopausa,osteoporose,t,"2026-03-28 00:13:47.374635+00",,pytrends,"2026-03-28 00:13:47.374635+00"
d169e184-deef-4840-84f8-30f2306a6413,"o que é sepse no sangue",0,10,emergentes,Emergentes,sepsis,t,"2026-04-13 08:41:00.80186+00",,autocomplete,"2026-04-13 08:41:00.80186+00"
d17e8fa4-9349-4b3c-b10d-9dfc0184e2c8,"fobia social tratamento natural",0,10,saude-mental,"Saúde Mental","fobia social",t,"2026-04-13 08:41:17.653799+00",,autocomplete,"2026-04-13 08:41:17.653799+00"
d18dbd12-f5fa-4272-89ed-81641e85bcd5,"doenças cardiovasculares principais causas",0,10,emergentes,Emergentes,"doenças cardiovasculares",t,"2026-04-13 08:43:21.329264+00",,autocomplete,"2026-04-13 08:43:21.329264+00"
d18e2edb-740f-4eca-a52a-7e757b94943c,"demencia vs alzheimer",9999,92,saude-mental,"Saúde Mental",alzheimer,f,"2026-03-30 08:07:05.928237+00",,pytrends,"2026-03-30 08:07:05.928237+00"
d1e80aad-a1e5-43de-aa52-65487ccaee7b,"o'que é surto de sarampo",0,95,emergentes,Emergentes,"sarampo surto",t,"2026-04-13 08:39:47.958027+00",,autocomplete,"2026-04-13 08:39:47.958027+00"
d2052940-e61b-47bf-8595-57b5258e29bf,"sepsis causas en español",0,10,emergentes,Emergentes,sepsis,t,"2026-04-13 08:41:00.80186+00",,autocomplete,"2026-04-13 08:41:00.80186+00"
d2127f10-d2e5-4fc6-9b1e-94dbb87d512c,"tratamento para endometriose sem anticoncepcional",0,10,menopausa,Menopausa,endometriose,t,"2026-04-13 08:40:10.397854+00",,autocomplete,"2026-04-13 08:40:10.397854+00"
d21f0402-8043-47a6-bd8d-bf79d4912dbd,"sintomas de anorexia nervosa em crianças",0,90,saude-mental,"Saúde Mental","anorexia nervosa",t,"2026-03-30 08:18:28.948568+00",,autocomplete,"2026-03-30 08:18:28.948568+00"
d228785d-4078-4412-b48e-c387f5b5c371,"sintomas de alcoolismo agudo",0,80,saude-mental,"Saúde Mental",alcoolismo,t,"2026-04-13 08:43:49.404375+00",,autocomplete,"2026-04-13 08:43:49.404375+00"
d23f8673-6afb-485b-9b6f-de540cdb2b70,"100 sintomas de ansiedade",9999,68,saude-mental,"Saúde Mental",ansiedade,f,"2026-03-30 07:58:55.195023+00",,pytrends,"2026-03-30 07:58:55.195023+00"
d275247d-cc7e-4517-981f-33a2c918e58e,"como tratar menopausa precoce naturalmente",0,45,menopausa,Menopausa,"menopausa precoce",t,"2026-04-13 08:37:50.002306+00",,autocomplete,"2026-04-13 08:37:50.002306+00"
d2ab4026-5451-41f3-b9cf-5e7e31b8c0f2,"como tratar pré-diabetes",0,50,alimentacao,Alimentação,pré-diabetes,t,"2026-04-13 08:42:08.372884+00",,autocomplete,"2026-04-13 08:42:08.372884+00"
d303f636-1b39-46d7-bbaf-825927eb02a9,"refluxo gastroesofágico sintomas graves",0,10,alimentacao,Alimentação,"refluxo gastroesofágico",t,"2026-03-30 08:19:28.922122+00",,autocomplete,"2026-03-30 08:19:28.922122+00"
d30d2598-b7d7-411e-ac69-b71b2da0e570,"como tratar menopausa precoce",0,50,menopausa,Menopausa,"menopausa precoce",t,"2026-04-13 08:37:50.002306+00",,autocomplete,"2026-04-13 08:37:50.002306+00"
d317fe82-8470-43b8-a10f-31de7c1d76df,"sintomas de cancro da mama",90,84,menopausa,Menopausa,"cancro da mama",t,"2026-03-28 00:21:38.105256+00",,pytrends,"2026-03-28 00:21:38.105256+00"
d3194c18-3ae3-47b3-bd11-d38a59f31114,"sintomas de intolerância ao glúten no intestino",0,60,alimentacao,Alimentação,"intolerância ao glúten",t,"2026-04-13 08:37:05.051837+00",,autocomplete,"2026-04-13 08:37:05.051837+00"
d31aef58-aa05-4b65-a952-da9aa994d52f,"tratamento para candidíase masculina",0,10,menopausa,Menopausa,candidíase,t,"2026-04-13 08:40:43.957484+00",,autocomplete,"2026-04-13 08:40:43.957484+00"
d328578a-2197-4734-aacd-8515ef100b15,"ansiedade causas biologicas",0,10,saude-mental,"Saúde Mental",ansiedade,t,"2026-04-13 08:38:40.522707+00",,autocomplete,"2026-04-13 08:38:40.522707+00"
d3349bce-d504-49af-b18f-15b3125b7b5e,"sepse sintomas tem cura",0,10,emergentes,Emergentes,sepsis,t,"2026-04-13 08:41:00.80186+00",,autocomplete,"2026-04-13 08:41:00.80186+00"
d334dabe-27f4-4142-8f84-94f1cf8ade2e,"crise de enxaqueca",90,28,saude-mental,"Saúde Mental",enxaqueca,f,"2026-04-06 08:08:13.385846+00",,pytrends,"2026-04-06 08:08:13.385846+00"
d335498e-aa7b-4594-8601-0f57307bf21b,"nuno markl segundo avc",60,10,emergentes,Emergentes,avc,f,"2026-03-23 07:36:16.114067+00",,pytrends,"2026-03-27 18:34:47.925931+00"
d3394a08-3a18-49af-8ee4-66043b27da78,"tratamento nutricional anorexia nervosa",0,25,saude-mental,"Saúde Mental","anorexia nervosa",t,"2026-04-13 08:43:04.555328+00",,autocomplete,"2026-04-13 08:43:04.555328+00"
d3444958-c92c-4b95-af35-40013790c3da,"tratamento para insónia",0,10,saude-mental,"Saúde Mental",insónia,t,"2026-04-13 08:39:19.763922+00",,autocomplete,"2026-04-13 08:39:19.763922+00"
d36ffb04-270f-40d4-8dab-439bfbde050c,"sintomas de intolerância a lactose da dor de cabeça",0,55,alimentacao,Alimentação,"intolerância à lactose",t,"2026-04-13 08:43:43.801483+00",,autocomplete,"2026-04-13 08:43:43.801483+00"
d3874c95-b52a-4545-b319-39b6b5fdc75d,"o que é demência em idoso",0,10,saude-mental,"Saúde Mental",demência,t,"2026-04-13 08:40:27.20613+00",,autocomplete,"2026-04-13 08:40:27.20613+00"
d389adf6-9720-47fc-b809-f4a27299e18b,"lupus tratamento nutricional",0,10,emergentes,Emergentes,lúpus,t,"2026-04-13 08:42:25.267323+00",,autocomplete,"2026-04-13 08:42:25.267323+00"
d39c058a-dd55-4649-94bd-4e67b75eb705,"cancro da mama tratamento hormonal",0,10,menopausa,Menopausa,"cancro da mama",t,"2026-04-13 08:40:55.173287+00",,autocomplete,"2026-04-13 08:40:55.173287+00"
d3a73365-5b59-4dcd-9a19-7d50f738fd00,"avc causas emocionais",0,10,emergentes,Emergentes,avc,t,"2026-04-13 08:41:12.052215+00",,autocomplete,"2026-04-13 08:41:12.052215+00"
d3a936f7-47f4-4935-905b-dfba815f5a9b,"como tratar candidíase na boca",0,25,menopausa,Menopausa,candidíase,t,"2026-04-13 08:40:43.957484+00",,autocomplete,"2026-04-13 08:40:43.957484+00"
d3b0d1a6-c180-4eec-9ec1-527991bbcfc6,"o que é ansiedade segundo a bíblia",0,10,saude-mental,"Saúde Mental",ansiedade,t,"2026-03-30 08:13:36.389284+00",,autocomplete,"2026-03-30 08:13:36.389284+00"
d3d320a2-b273-4d43-8264-fa08fd500f21,"ansiedade causas espirituais",0,10,saude-mental,"Saúde Mental",ansiedade,t,"2026-04-13 08:38:40.522707+00",,autocomplete,"2026-04-13 08:38:40.522707+00"
d3d9054e-a668-4487-9dd0-64337d949c25,"tratamento para avc hemorrágico",0,10,emergentes,Emergentes,avc,t,"2026-04-13 08:41:12.052215+00",,autocomplete,"2026-04-13 08:41:12.052215+00"
d3da7abb-3b7d-4577-ac20-b6040cc7fa97,"intolerância a lactose sintomas duram quanto tempo",0,10,alimentacao,Alimentação,"intolerância à lactose",t,"2026-04-13 08:43:43.801483+00",,autocomplete,"2026-04-13 08:43:43.801483+00"
d3f53eae-dd2f-4560-861f-0a283abfc62b,"sindrome de ovario policístico sintomas español",0,50,menopausa,Menopausa,"síndrome do ovário poliquístico",t,"2026-04-13 08:43:26.930582+00",,autocomplete,"2026-04-13 08:43:26.930582+00"
d408f9d7-9a84-468d-9462-efed271ef38f,"diabetes tipo 2 causas e fatores de risco",0,10,alimentacao,Alimentação,"diabetes tipo 2",t,"2026-04-13 08:42:47.656406+00",,autocomplete,"2026-04-13 08:42:47.656406+00"
d40bacc2-95df-4aaa-a584-ba58770eea98,"o que é candidíase",0,10,menopausa,Menopausa,candidíase,t,"2026-04-13 08:40:43.957484+00",,autocomplete,"2026-04-13 08:40:43.957484+00"
d414bd1d-4362-4160-9138-ba77e8e44a37,"como tratar crise de pânico",0,20,saude-mental,"Saúde Mental",pânico,t,"2026-04-13 08:39:31.045213+00",,autocomplete,"2026-04-13 08:39:31.045213+00"
d41f1354-f4e4-40a5-915b-756bf23c1d1c,"como prevenir alzheimer precoce",0,10,saude-mental,"Saúde Mental",alzheimer,t,"2026-04-13 08:43:15.769569+00",,autocomplete,"2026-04-13 08:43:15.769569+00"
d435a918-4cbb-4732-846e-fdc36083a124,"o'que é carboidratos ultraprocessados",0,75,alimentacao,Alimentação,ultraprocessados,t,"2026-04-13 08:37:33.154402+00",,autocomplete,"2026-04-13 08:37:33.154402+00"
d43deee8-3725-4ad6-a566-f60af7a5312d,"tratamento para incontinência urinária em idosos",0,10,menopausa,Menopausa,"incontinência urinária",t,"2026-04-13 08:42:42.043868+00",,autocomplete,"2026-04-13 08:42:42.043868+00"
d443cf76-8509-44fa-9e56-63fb9f1ab921,"o cancro da mama tem cura",0,15,menopausa,Menopausa,"cancro da mama",t,"2026-04-13 08:40:55.173287+00",,autocomplete,"2026-04-13 08:40:55.173287+00"
d445f220-be6d-45bf-a18a-69b2da7c9911,"sintomas de intolerância ao glúten na mulher",0,65,alimentacao,Alimentação,"intolerância ao glúten",t,"2026-04-13 08:37:05.051837+00",,autocomplete,"2026-04-13 08:37:05.051837+00"
d4475983-eb79-4a65-999b-e4d4a0838226,"sindrome do intestino irritavel causas emocionais",0,10,alimentacao,Alimentação,"síndrome de intestino irritável",t,"2026-04-13 08:40:49.538553+00",,autocomplete,"2026-04-13 08:40:49.538553+00"
d448fe52-9942-431c-a5c5-a06869b237d7,"tratamento hormonal cancro da mama",0,10,menopausa,Menopausa,"cancro da mama",t,"2026-04-13 08:40:55.173287+00",,autocomplete,"2026-04-13 08:40:55.173287+00"
d4575833-0b0e-49f0-870d-f302e52b9540,"causas de insonia cronica",0,10,saude-mental,"Saúde Mental",insónia,t,"2026-04-13 08:39:19.763922+00",,autocomplete,"2026-04-13 08:39:19.763922+00"
d46063c6-c524-4b3f-8c2b-0fffab0535ce,"alzheimer causas e consequencias",0,10,saude-mental,"Saúde Mental",alzheimer,t,"2026-04-13 08:43:15.769569+00",,autocomplete,"2026-04-13 08:43:15.769569+00"
d47089d9-7c5a-4de3-b3fd-1893f7609d47,"doenças cardiovasculares e pulmonares sintomas",0,10,emergentes,Emergentes,"doenças cardiovasculares",t,"2026-03-30 08:18:11.00638+00",,autocomplete,"2026-03-30 08:18:11.00638+00"
d47fae74-77c7-48cd-8d4f-a2974cba1350,"como tratar osteoporose na coluna",0,45,menopausa,Menopausa,osteoporose,t,"2026-04-13 08:36:53.898281+00",,autocomplete,"2026-04-13 08:36:53.898281+00"
d4820c12-e000-459a-8114-d9cd272022b0,"incontinência urinária tratamento endoscópico injeção",0,10,menopausa,Menopausa,"incontinência urinária",t,"2026-04-13 08:42:42.043868+00",,autocomplete,"2026-04-13 08:42:42.043868+00"
d482c3ac-dab0-4890-8066-40ef285391f3,"é normal ter insônia na menopausa",0,10,saude-mental,"Saúde Mental",insónia,t,"2026-04-13 08:39:19.763922+00",,autocomplete,"2026-04-13 08:39:19.763922+00"
d4a369ce-624d-429d-b6e5-6cc646f9dade,"solidão crônica sintomas",0,10,saude-mental,"Saúde Mental",solidão,t,"2026-04-13 08:38:51.66098+00",,autocomplete,"2026-04-13 08:38:51.66098+00"
d4a5d99a-100d-4b60-a960-2dfa0de07957,"burnout tratamento remedio",0,10,saude-mental,"Saúde Mental",burnout,t,"2026-04-13 08:38:34.941684+00",,autocomplete,"2026-04-13 08:38:34.941684+00"
d4ab8f00-3b6a-4510-b0b7-38cc225d37d5,"é normal ter enxaqueca no período menstrual",0,10,saude-mental,"Saúde Mental",enxaqueca,t,"2026-04-13 08:43:55.008487+00",,autocomplete,"2026-04-13 08:43:55.008487+00"
d4be28db-c041-438c-acb1-8bb0a57bf007,"tratamento para ansiedade",0,10,saude-mental,"Saúde Mental",ansiedade,t,"2026-04-13 08:38:40.522707+00",,autocomplete,"2026-04-13 08:38:40.522707+00"
d4e5e7cc-6ab1-4cd4-ae93-ededbf5b11cd,"pré diabetes infantil sintomas",0,10,alimentacao,Alimentação,pré-diabetes,t,"2026-04-13 08:42:08.372884+00",,autocomplete,"2026-04-13 08:42:08.372884+00"
d4ea18d4-e604-40af-b5b6-f63ffffe2bb2,"fratura de estresse tratamento",0,10,saude-mental,"Saúde Mental",stress,t,"2026-04-13 08:40:21.587655+00",,autocomplete,"2026-04-13 08:40:21.587655+00"
d4f1a2db-c707-45f6-8457-65eda60b621e,"quais sintomas de candida auris",0,95,emergentes,Emergentes,"candida auris",t,"2026-04-13 08:42:30.835875+00",,autocomplete,"2026-04-13 08:42:30.835875+00"
d507de14-d8e8-4252-af9f-4949252ae28d,"anemia falsiforme",3150,44,alimentacao,Alimentação,anemia,f,"2026-03-30 08:09:53.80659+00",,pytrends,"2026-03-30 08:09:53.80659+00"
d5293805-8536-4ebb-a73c-bc5f38178f94,"como tratar uma pessoa com fobia social",0,10,saude-mental,"Saúde Mental","fobia social",t,"2026-04-13 08:41:17.653799+00",,autocomplete,"2026-04-13 08:41:17.653799+00"
d5300fdf-0048-465b-ae8b-f31b9c85efaa,"sintomas de incontinência urinária em idosos",0,65,menopausa,Menopausa,"incontinência urinária",t,"2026-04-13 08:42:42.043868+00",,autocomplete,"2026-04-13 08:42:42.043868+00"
d56358a2-fa2f-4a28-b078-0073af31cd96,"incontinência urinária cachorro sintomas",0,10,menopausa,Menopausa,"incontinência urinária",t,"2026-04-13 08:42:42.043868+00",,autocomplete,"2026-04-13 08:42:42.043868+00"
d5688cdf-6228-487e-be34-573e13f6588f,"o que é doença celíaca em criança",0,25,alimentacao,Alimentação,"doença celíaca",t,"2026-04-13 08:43:38.203977+00",,autocomplete,"2026-04-13 08:43:38.203977+00"
d5750e80-973d-4431-87ea-f87c8acb90d5,"o que é jejum intermitente 14 10",0,45,alimentacao,Alimentação,"jejum intermitente",t,"2026-03-30 08:15:23.853289+00",,autocomplete,"2026-03-30 08:15:23.853289+00"
d57d8cd1-351d-4121-b3e3-fd3ea8493560,"sintomas de avc em homem",0,75,emergentes,Emergentes,avc,t,"2026-04-13 08:41:12.052215+00",,autocomplete,"2026-04-13 08:41:12.052215+00"
d586d2c4-d1ec-46bc-851f-c51e3ae248b7,"é normal ter depressão",0,10,saude-mental,"Saúde Mental",depressão,t,"2026-04-13 08:38:46.093196+00",,autocomplete,"2026-04-13 08:38:46.093196+00"
d5c1f687-4bcb-441d-a388-9cc3f18c9466,"novo virus candida auris sintomas",0,10,emergentes,Emergentes,"candida auris",t,"2026-03-30 08:17:23.181315+00",,autocomplete,"2026-03-30 08:17:23.181315+00"
d5c23efe-272c-4828-b5c6-8ec9206b0c32,"o que é necessário para preservar a saúde mental no trabalho",0,80,saude-mental,"Saúde Mental","saúde mental no trabalho",t,"2026-03-30 08:20:22.498146+00",,autocomplete,"2026-03-30 08:20:22.498146+00"
d5c4c0ff-274b-4ed4-bb54-8fbbe76202fe,"como tratar demência vascular",0,40,saude-mental,"Saúde Mental",demência,t,"2026-04-13 08:40:27.20613+00",,autocomplete,"2026-04-13 08:40:27.20613+00"
d5d05e33-3de1-45b5-b44a-d2f04da55467,"o que é alcoolismo funcional",0,10,saude-mental,"Saúde Mental",alcoolismo,t,"2026-04-13 08:43:49.404375+00",,autocomplete,"2026-04-13 08:43:49.404375+00"
d5eb839e-5e4d-4b58-99b4-4089d388eefe,"sintomas de pré-diabetes tipo 2",0,90,alimentacao,Alimentação,pré-diabetes,t,"2026-04-13 08:42:08.372884+00",,autocomplete,"2026-04-13 08:42:08.372884+00"
d5ec6eab-ef01-409e-82bc-40b90b5138cd,"causas de insonia em bebe",0,10,saude-mental,"Saúde Mental",insónia,t,"2026-04-13 08:39:19.763922+00",,autocomplete,"2026-04-13 08:39:19.763922+00"
d5fa73e3-c509-48d3-9ae4-accda17268ca,"sindrome de ovario poliquistico causas y consecuencias",0,10,menopausa,Menopausa,"síndrome do ovário poliquístico",t,"2026-04-13 08:43:26.930582+00",,autocomplete,"2026-04-13 08:43:26.930582+00"
d625d97b-e17d-4393-b59c-bf162b4e70a5,"fobia social melhor tratamento",0,10,saude-mental,"Saúde Mental","fobia social",t,"2026-04-13 08:41:17.653799+00",,autocomplete,"2026-04-13 08:41:17.653799+00"
d62b5978-968b-4afd-83cb-d3d2da59b99e,"o que é perturbação bipolar",0,100,saude-mental,"Saúde Mental","perturbação bipolar",t,"2026-04-13 08:42:58.898509+00",,autocomplete,"2026-04-13 08:42:58.898509+00"
d63a68fe-b236-48a6-918e-2463ecca15ad,"fobia social tem tratamento",0,10,saude-mental,"Saúde Mental","fobia social",t,"2026-04-13 08:41:17.653799+00",,autocomplete,"2026-04-13 08:41:17.653799+00"
d63d9108-5992-448f-900f-b27d1aac8270,"o'que é automutilação em adolescentes",0,55,saude-mental,"Saúde Mental",automutilação,t,"2026-04-06 08:15:41.431083+00",,autocomplete,"2026-04-06 08:15:41.431083+00"
d64136d4-2552-4b58-8029-2af1ab39255a,"o que é colesterol alto no sangue",0,10,alimentacao,Alimentação,"colesterol alto",t,"2026-04-13 08:40:04.811683+00",,autocomplete,"2026-04-13 08:40:04.811683+00"
d64589ca-d95b-452a-b3d8-46849a032ea5,"sintomas de alergias alimentares em crianças",0,95,alimentacao,Alimentação,"alergias alimentares",t,"2026-04-13 08:37:10.663708+00",,autocomplete,"2026-04-13 08:37:10.663708+00"
d6490c95-46d7-4a24-a633-1e4f332015c6,"o que é cancro da mama triplo negativo",0,40,menopausa,Menopausa,"cancro da mama",t,"2026-04-13 08:40:55.173287+00",,autocomplete,"2026-04-13 08:40:55.173287+00"
d66bcbfa-1085-4ad1-a1d2-41b18c246903,"osteoporose causas secundarias",0,10,menopausa,Menopausa,osteoporose,t,"2026-04-13 08:36:53.898281+00",,autocomplete,"2026-04-13 08:36:53.898281+00"
d6701911-def0-428e-9130-4ac4cd10993f,"como tratar incontinência urinária de urgência",0,15,menopausa,Menopausa,"incontinência urinária",t,"2026-04-13 08:42:42.043868+00",,autocomplete,"2026-04-13 08:42:42.043868+00"
d678c75a-20f1-4b01-9bd4-9eaf1223c35d,"obesidade infantil causas",0,10,alimentacao,Alimentação,"obesidade infantil",t,"2026-04-13 08:36:59.449865+00",,autocomplete,"2026-04-13 08:36:59.449865+00"
d69e856f-ecf2-4e85-9d0a-dcd9d1550c8d,"tratamento para colesterol alto natural",0,10,alimentacao,Alimentação,"colesterol alto",t,"2026-04-13 08:40:04.811683+00",,autocomplete,"2026-04-13 08:40:04.811683+00"
d6a5e6aa-bc1a-4953-8ac5-cfa8aff8b8f6,"existe tratamento para doença celíaca",0,10,alimentacao,Alimentação,"doença celíaca",t,"2026-04-13 08:43:38.203977+00",,autocomplete,"2026-04-13 08:43:38.203977+00"
d6ad0266-1d2b-4ade-9c05-708225e325f4,"causas reversíveis de demência",0,10,saude-mental,"Saúde Mental",demência,t,"2026-04-13 08:40:27.20613+00",,autocomplete,"2026-04-13 08:40:27.20613+00"
d6adb846-21bd-45ce-a469-4f4fece7133a,"anemia sintomas e causas",0,10,alimentacao,Alimentação,anemia,t,"2026-04-13 08:40:38.397737+00",,autocomplete,"2026-04-13 08:40:38.397737+00"
d6ce8957-270f-41ab-82fa-2ceb29979389,"causas de intolerância à lactose",0,10,alimentacao,Alimentação,"intolerância à lactose",t,"2026-04-13 08:43:43.801483+00",,autocomplete,"2026-04-13 08:43:43.801483+00"
d6ea3b80-677e-4e0c-ba62-d297d82008fc,"causas de candidíase masculina",0,10,menopausa,Menopausa,candidíase,t,"2026-04-13 08:40:43.957484+00",,autocomplete,"2026-04-13 08:40:43.957484+00"
d6f3bd05-26ab-4420-8a6a-744435ff4384,"osteoporose tratamento medicamentoso",0,10,menopausa,Menopausa,osteoporose,t,"2026-04-13 08:36:53.898281+00",,autocomplete,"2026-04-13 08:36:53.898281+00"
d71078b7-9c52-412d-8186-ba705949a2a1,endometriosis,140,10,menopausa,Menopausa,endometriose,f,"2026-03-28 00:20:14.303314+00",,pytrends,"2026-03-28 00:20:14.303314+00"
d71eef39-cf30-4d30-b803-763d2ff4325c,"como prevenir intolerância à lactose",0,10,alimentacao,Alimentação,"intolerância à lactose",t,"2026-04-13 08:43:43.801483+00",,autocomplete,"2026-04-13 08:43:43.801483+00"
d7209b98-ec08-40fb-a75c-377163b005b7,"como tratar burnout na tcc",0,15,saude-mental,"Saúde Mental",burnout,t,"2026-04-13 08:38:34.941684+00",,autocomplete,"2026-04-13 08:38:34.941684+00"
d7408c3f-9025-418e-92f1-66b42b5f80f5,"como tratar avc silencioso",0,15,emergentes,Emergentes,avc,t,"2026-04-13 08:41:12.052215+00",,autocomplete,"2026-04-13 08:41:12.052215+00"
d7448ae4-3bd0-4a30-90b6-97abc33cecd2,"anel anti stress",1900,76,saude-mental,"Saúde Mental",stress,f,"2026-03-28 00:20:35.250674+00",,pytrends,"2026-03-28 00:20:35.250674+00"
d7649087-37d2-4718-8219-7e7bd0b93724,"colesterol alto causas geneticas",0,10,alimentacao,Alimentação,"colesterol alto",t,"2026-04-13 08:40:04.811683+00",,autocomplete,"2026-04-13 08:40:04.811683+00"
d7778123-3a0e-4bc8-8b6c-d92381080fdc,"como tratar doenças cardiovasculares",0,80,emergentes,Emergentes,"doenças cardiovasculares",t,"2026-04-13 08:43:21.329264+00",,autocomplete,"2026-04-13 08:43:21.329264+00"
d7805c25-af43-4ee3-b629-eede61740eb3,"obesidade infantil causas e consequências",0,10,alimentacao,Alimentação,"obesidade infantil",t,"2026-04-13 08:36:59.449865+00",,autocomplete,"2026-04-13 08:36:59.449865+00"
d7d9ac2e-b5df-409d-a977-736c5ac42c46,"colesterol alto causas e tratamento",0,10,alimentacao,Alimentação,"colesterol alto",t,"2026-04-13 08:40:04.811683+00",,autocomplete,"2026-04-13 08:40:04.811683+00"
d7e1deac-b8c7-4e85-b3dd-2efc70d92bba,"alzheimer causas neurologicas",0,10,saude-mental,"Saúde Mental",alzheimer,t,"2026-04-13 08:43:15.769569+00",,autocomplete,"2026-04-13 08:43:15.769569+00"
d7ecb8d8-bfef-4183-b2aa-b29c749b0a0f,"causas de síndrome do intestino irritável",0,10,alimentacao,Alimentação,"síndrome de intestino irritável",t,"2026-04-13 08:40:49.538553+00",,autocomplete,"2026-04-13 08:40:49.538553+00"
d7ee73bd-d203-4ee9-9aaf-ca2a59f2ea94,"o que é cancro da mama pdf",0,30,menopausa,Menopausa,"cancro da mama",t,"2026-04-13 08:40:55.173287+00",,autocomplete,"2026-04-13 08:40:55.173287+00"
d7f169aa-870f-4725-b9e8-390cc1b3096c,"sintomas de anorexia nervosa infantil",0,90,saude-mental,"Saúde Mental","anorexia nervosa",t,"2026-04-13 08:43:04.555328+00",,autocomplete,"2026-04-13 08:43:04.555328+00"
d7f36903-3b0d-4853-ae70-bc646ed991bf,"tratamento para demência",0,10,saude-mental,"Saúde Mental",demência,t,"2026-04-13 08:40:27.20613+00",,autocomplete,"2026-04-13 08:40:27.20613+00"
d81b2cb4-a5c7-480a-9990-5d5663baa22c,"sintomas de diabetes tipo 2 em crianças",0,85,alimentacao,Alimentação,"diabetes tipo 2",t,"2026-04-13 08:42:47.656406+00",,autocomplete,"2026-04-13 08:42:47.656406+00"
d850d2cf-3ba4-4860-abfc-1b2040306e34,"como prevenir o suicídio texto",0,10,saude-mental,"Saúde Mental",suicídio,t,"2026-04-13 08:42:36.442374+00",,autocomplete,"2026-04-13 08:42:36.442374+00"
d85f4150-b42f-4657-bdbb-f44cf8141ed6,"tratamento para refluxo gastroesofágico infantil",0,10,alimentacao,Alimentação,"refluxo gastroesofágico",t,"2026-04-13 08:40:32.807623+00",,autocomplete,"2026-04-13 08:40:32.807623+00"
d86b6bd4-c598-42d2-b859-9dc6f722baf6,"tratamento tdah adulto sus",0,10,saude-mental,"Saúde Mental","TDAH adulto",t,"2026-04-13 08:39:53.572317+00",,autocomplete,"2026-04-13 08:39:53.572317+00"
d86d136b-74d4-418a-8675-0558eef55223,"sintomas de tomar suplementos alimentares",0,100,alimentacao,Alimentação,"suplementos alimentares",t,"2026-04-13 08:36:48.294408+00",,autocomplete,"2026-04-13 08:36:48.294408+00"
d878ddb7-1e95-4765-b131-df1142aa62f4,"como tratar enxaqueca em casa",0,20,saude-mental,"Saúde Mental",enxaqueca,t,"2026-04-13 08:43:55.008487+00",,autocomplete,"2026-04-13 08:43:55.008487+00"
d888e4d0-09ed-4a88-9af8-f261827548dc,"causas de demência frontotemporal",0,10,saude-mental,"Saúde Mental",demência,t,"2026-04-13 08:40:27.20613+00",,autocomplete,"2026-04-13 08:40:27.20613+00"
d8923427-9fe7-46b6-89ac-83d09761b5dd,"pre diabetes causas sintomas e prevenção",0,10,alimentacao,Alimentação,pré-diabetes,t,"2026-04-13 08:42:08.372884+00",,autocomplete,"2026-04-13 08:42:08.372884+00"
d89fea1e-4824-41c5-940c-550dac57a576,"sintomas de enxaqueca",0,100,saude-mental,"Saúde Mental",enxaqueca,t,"2026-04-13 08:43:55.008487+00",,autocomplete,"2026-04-13 08:43:55.008487+00"
d8b85163-bba9-49e2-8cf3-d0d563de6188,"refluxo gastroesofágico sintomas",40,76,alimentacao,Alimentação,"refluxo gastroesofágico",f,"2026-04-06 08:09:17.317989+00",,pytrends,"2026-04-06 08:09:17.317989+00"
d8d0943f-8c08-44ea-abb9-64dc500dbd21,"como tratar anemia grave",0,10,alimentacao,Alimentação,anemia,t,"2026-04-13 08:40:38.397737+00",,autocomplete,"2026-04-13 08:40:38.397737+00"
d90a7b5b-0470-4d9e-8c9d-5c7a187cf500,"anorexia nervosa tratamento medicamentoso",0,10,saude-mental,"Saúde Mental","anorexia nervosa",t,"2026-04-13 08:43:04.555328+00",,autocomplete,"2026-04-13 08:43:04.555328+00"
d9226bd7-ab95-4c2e-a13a-6926a79c1994,"o que é um burnout",50,44,saude-mental,"Saúde Mental",burnout,t,"2026-03-30 08:00:22.557375+00",,pytrends,"2026-03-30 08:00:22.557375+00"
d9398d9e-7585-47fb-a4d8-82760f5f5052,"resistencia a los antibióticos causas y consecuencias",0,35,emergentes,Emergentes,"resistência antibióticos",t,"2026-04-13 08:42:19.657825+00",,autocomplete,"2026-04-13 08:42:19.657825+00"
d961139b-1b34-4ced-bd5c-48e4116d245d,"ansiedade sintomas fortes",0,10,saude-mental,"Saúde Mental",ansiedade,t,"2026-04-13 08:38:40.522707+00",,autocomplete,"2026-04-13 08:38:40.522707+00"
d967fb9b-1e0a-4316-9751-4fda7bad6918,"anemia causas espirituales",0,10,alimentacao,Alimentação,anemia,t,"2026-04-13 08:40:38.397737+00",,autocomplete,"2026-04-13 08:40:38.397737+00"
d971ad9a-bbbd-40ce-83d8-caa789dee647,"incontinência urinária tratamento remedio",0,10,menopausa,Menopausa,"incontinência urinária",t,"2026-03-30 08:17:35.146647+00",,autocomplete,"2026-03-30 08:17:35.146647+00"
d978e4a6-b4b1-449d-aeb3-0dfb4421851e,"tdah sintomas adulto tratamento",0,10,saude-mental,"Saúde Mental","TDAH adulto",t,"2026-04-13 08:39:53.572317+00",,autocomplete,"2026-04-13 08:39:53.572317+00"
d97aa53d-30aa-47e7-aa75-e0f6232ba24b,"o que é anemia falciforme",0,10,alimentacao,Alimentação,anemia,t,"2026-04-13 08:40:38.397737+00",,autocomplete,"2026-04-13 08:40:38.397737+00"
d981f9ed-20d7-4a1d-aa29-d376e12e6d05,"o que é fobia social sintomas",0,10,saude-mental,"Saúde Mental","fobia social",t,"2026-04-13 08:41:17.653799+00",,autocomplete,"2026-04-13 08:41:17.653799+00"
d98204f9-7923-419b-b337-b73df783753f,"intolerância ao glúten sintomas",9999,100,alimentacao,Alimentação,"intolerância ao glúten",f,"2026-04-06 08:02:36.144763+00",,pytrends,"2026-04-06 08:02:36.144763+00"
d9a3aa7c-9705-4dfe-a986-1f3fff2951ca,"burnout sintomas teste",0,10,saude-mental,"Saúde Mental",burnout,t,"2026-04-13 08:38:34.941684+00",,autocomplete,"2026-04-13 08:38:34.941684+00"
d9a3adbf-2a40-40c1-9feb-7afb224cddd4,"como tratar síndrome de intestino irritável",0,50,alimentacao,Alimentação,"síndrome de intestino irritável",t,"2026-04-13 08:40:49.538553+00",,autocomplete,"2026-04-13 08:40:49.538553+00"
d9a3b95e-d15d-4fbf-b243-2a363afd0e1d,"como prevenir alzheimer e parkinson",0,10,saude-mental,"Saúde Mental",alzheimer,t,"2026-04-13 08:43:15.769569+00",,autocomplete,"2026-04-13 08:43:15.769569+00"
d9a7d89f-7658-4b34-b545-03e72131756a,"sindrome ovario poliquistico sintomas psicologicos",0,35,menopausa,Menopausa,"síndrome do ovário poliquístico",t,"2026-04-13 08:43:26.930582+00",,autocomplete,"2026-04-13 08:43:26.930582+00"
d9c9770a-e1b3-4ab9-addd-1f0349c7ad73,"tratamento medicamentoso para obesidade infantil",0,15,alimentacao,Alimentação,"obesidade infantil",t,"2026-04-13 08:36:59.449865+00",,autocomplete,"2026-04-13 08:36:59.449865+00"
d9e06c79-81ff-4f28-953a-7ec5588ed132,"escala avc",200,20,emergentes,Emergentes,avc,f,"2026-03-30 08:05:39.827249+00",,pytrends,"2026-03-30 08:05:39.827249+00"
d9ed264d-ab3a-430a-9ea3-7d374a0094d9,"o que é candidiase de repetição",0,10,menopausa,Menopausa,candidíase,t,"2026-04-13 08:40:43.957484+00",,autocomplete,"2026-04-13 08:40:43.957484+00"
da021596-f651-4ea3-8cdf-70f9ea4fd1e3,"tratamento para stress",0,10,saude-mental,"Saúde Mental",stress,t,"2026-04-13 08:40:21.587655+00",,autocomplete,"2026-04-13 08:40:21.587655+00"
da08830c-31bd-4b5c-951b-1ad97676ab37,"o que é doenças cardiovasculares",0,75,emergentes,Emergentes,"doenças cardiovasculares",t,"2026-04-13 08:43:21.329264+00",,autocomplete,"2026-04-13 08:43:21.329264+00"
da0b9e00-b8ac-4609-b8f1-6bf9a7a09385,"enxaqueca causas espirituais",0,10,saude-mental,"Saúde Mental",enxaqueca,t,"2026-04-13 08:43:55.008487+00",,autocomplete,"2026-04-13 08:43:55.008487+00"
da41877f-9ad9-417a-a863-6594af5d6677,"candida auris sintomas na pele",9999,20,emergentes,Emergentes,"candida auris",f,"2026-04-13 08:33:16.338095+00",,pytrends,"2026-04-13 08:33:16.338095+00"
da598ced-3389-486a-8b3d-a327c6da2a5a,"alzheimer sintomas finais",0,10,saude-mental,"Saúde Mental",alzheimer,t,"2026-04-13 08:43:15.769569+00",,autocomplete,"2026-04-13 08:43:15.769569+00"
da6db728-fc4e-4fa8-9750-3eb7b981cb13,"osteoporose tratamento pdf",0,10,menopausa,Menopausa,osteoporose,t,"2026-04-13 08:36:53.898281+00",,autocomplete,"2026-04-13 08:36:53.898281+00"
da96ec6a-2176-4544-9615-ec51f85d31b2,"musica anti stress",1300,68,saude-mental,"Saúde Mental",stress,f,"2026-03-28 00:20:35.250674+00",,pytrends,"2026-03-28 00:20:35.250674+00"
da9b5a86-46a3-46bc-836e-57d002833248,"como tratar una sepsis urinaria",0,25,emergentes,Emergentes,sepsis,t,"2026-04-13 08:41:00.80186+00",,autocomplete,"2026-04-13 08:41:00.80186+00"
dac12a4a-b57a-41cd-99c9-5a456d91117e,"von mises stress",9950,84,saude-mental,"Saúde Mental",stress,f,"2026-03-30 08:09:19.495077+00",,pytrends,"2026-03-30 08:09:19.495077+00"
db28831f-be6f-45dd-b3c5-b8d13474cd0b,"tratamento para anemia hemolitica",0,10,alimentacao,Alimentação,anemia,t,"2026-04-13 08:40:38.397737+00",,autocomplete,"2026-04-13 08:40:38.397737+00"
db339cfa-13bb-4bb4-9856-710585499b00,"causas de colesterol alto alimentos",0,10,alimentacao,Alimentação,"colesterol alto",t,"2026-04-13 08:40:04.811683+00",,autocomplete,"2026-04-13 08:40:04.811683+00"
db4d311c-bfc1-4abc-a75c-a9499cb67f96,"é normal ter ansiedade do nada",0,10,saude-mental,"Saúde Mental",ansiedade,t,"2026-04-13 08:38:40.522707+00",,autocomplete,"2026-04-13 08:38:40.522707+00"
db5014bc-49f9-4c4b-aee4-6c146e4fe625,"tratamento para alzheimer",0,10,saude-mental,"Saúde Mental",alzheimer,t,"2026-04-13 08:43:15.769569+00",,autocomplete,"2026-04-13 08:43:15.769569+00"
db6498fc-0dac-48b0-ae27-5021e63aeb5c,"causas de alzheimer precoce",0,10,saude-mental,"Saúde Mental",alzheimer,t,"2026-04-13 08:43:15.769569+00",,autocomplete,"2026-04-13 08:43:15.769569+00"
db6b764f-aac9-49df-900a-8de3aff391f6,"o que é estresse emocional",0,10,saude-mental,"Saúde Mental",stress,t,"2026-04-13 08:40:21.587655+00",,autocomplete,"2026-04-13 08:40:21.587655+00"
db6d21f4-554b-478b-bcb7-0fcb408f35c4,"terapia de casal",50,84,saude-mental,"Saúde Mental","terapia online",f,"2026-03-23 07:32:11.307005+00",,pytrends,"2026-03-27 18:34:47.925931+00"
db9275ac-48bd-4335-b9c8-efea56186713,"dependências administrativas o que é",0,60,saude-mental,"Saúde Mental",dependências,t,"2026-04-13 08:41:06.439839+00",,autocomplete,"2026-04-13 08:41:06.439839+00"
db978d36-b269-45a3-b00d-5256f3a2596f,"burnout sintomas cid",0,10,saude-mental,"Saúde Mental",burnout,t,"2026-04-13 08:38:34.941684+00",,autocomplete,"2026-04-13 08:38:34.941684+00"
dbc1ef16-9f05-4ef9-b40b-ccd5ce4713ef,"pre diabetes sintomas como tratar",0,10,alimentacao,Alimentação,pré-diabetes,t,"2026-04-13 08:42:08.372884+00",,autocomplete,"2026-04-13 08:42:08.372884+00"
dbe2e3c4-7eb2-40b1-a5d3-82aa308acadb,"sintomas de sepse por infecção urinária",0,70,emergentes,Emergentes,sepsis,t,"2026-04-13 08:41:00.80186+00",,autocomplete,"2026-04-13 08:41:00.80186+00"
dbe9e589-eb57-4739-8866-97a6d187f67d,"o que significa burnout",4050,68,saude-mental,"Saúde Mental",burnout,t,"2026-03-23 07:31:17.719219+00",,pytrends,"2026-03-27 18:34:47.925931+00"
dbf0395b-693b-4bfd-a90c-d0d452c23f9b,"refluxo gastroesofágico tratamento caseiro",0,10,alimentacao,Alimentação,"refluxo gastroesofágico",t,"2026-04-13 08:40:32.807623+00",,autocomplete,"2026-04-13 08:40:32.807623+00"
dbf4a04c-a6ea-4dc4-bed8-e6a6ccc14b9e,"é normal ter enxaqueca na menstruação",0,10,saude-mental,"Saúde Mental",enxaqueca,t,"2026-04-13 08:43:55.008487+00",,autocomplete,"2026-04-13 08:43:55.008487+00"
dc057ae2-0fa2-4d03-b33e-ba29d7567f1f,"o que é candida auris",9999,76,emergentes,Emergentes,"candida auris",t,"2026-04-13 08:33:16.338095+00",,pytrends,"2026-04-13 08:33:16.338095+00"
dc092d24-aa16-4401-9213-47c59eef0c96,"osteoporose causas e fatores de risco",0,10,menopausa,Menopausa,osteoporose,t,"2026-04-13 08:36:53.898281+00",,autocomplete,"2026-04-13 08:36:53.898281+00"
dc140a1a-c779-427f-9bed-ec274984adad,"como tratar candidiase de repetição",0,40,menopausa,Menopausa,candidíase,t,"2026-04-13 08:40:43.957484+00",,autocomplete,"2026-04-13 08:40:43.957484+00"
dc3bccd3-1a93-4ed5-a7ba-c82a4b221928,"como prevenir insônia no idoso",0,10,saude-mental,"Saúde Mental",insónia,t,"2026-04-13 08:39:19.763922+00",,autocomplete,"2026-04-13 08:39:19.763922+00"
dc556bb8-e0e2-4a2e-b650-5dba266ae64f,"como tratar depressão sem remédio",0,40,saude-mental,"Saúde Mental",depressão,t,"2026-04-13 08:38:46.093196+00",,autocomplete,"2026-04-13 08:38:46.093196+00"
dc72e4ed-39b6-4047-b727-10c5c63de340,"alergias alimentares sintomas",0,55,alimentacao,Alimentação,"alergias alimentares",t,"2026-04-13 08:37:10.663708+00",,autocomplete,"2026-04-13 08:37:10.663708+00"
dc8f44c8-0b4a-43e3-bbfe-15746f85de2a,"é normal ter insonia todos os dias",0,10,saude-mental,"Saúde Mental",insónia,t,"2026-04-13 08:39:19.763922+00",,autocomplete,"2026-04-13 08:39:19.763922+00"
dc96c5eb-1388-4aec-9e30-657516d14793,"burnout sintomas no trabalho",0,10,saude-mental,"Saúde Mental",burnout,t,"2026-04-13 08:38:34.941684+00",,autocomplete,"2026-04-13 08:38:34.941684+00"
dca51bb2-b9f6-45d7-8b8c-bb6e72bfc285,"lupus causas geneticas",0,10,emergentes,Emergentes,lúpus,t,"2026-04-13 08:42:25.267323+00",,autocomplete,"2026-04-13 08:42:25.267323+00"
dcbcc28a-98a9-47c7-8421-827bdb9d004f,"gripe aviária h5n1 sintomas",0,95,emergentes,Emergentes,"gripe aviária H5N1",t,"2026-04-13 08:39:14.147203+00",,autocomplete,"2026-04-13 08:39:14.147203+00"
dccb5080-5e71-4058-b976-fbf3a37fdcea,"cardápio jejum intermitente 16h pdf",9999,92,alimentacao,Alimentação,"jejum intermitente",f,"2026-03-30 08:02:12.393982+00",,pytrends,"2026-03-30 08:02:12.393982+00"
dcd41c1d-8c96-4252-949f-a9500700a2b4,"como prevenir crise de ansiedade",0,10,saude-mental,"Saúde Mental",ansiedade,t,"2026-04-13 08:38:40.522707+00",,autocomplete,"2026-04-13 08:38:40.522707+00"
dcda9001-ae95-442f-b6c0-c98d8f34efbd,"é normal ter ansiedade na gravidez",0,10,saude-mental,"Saúde Mental",ansiedade,t,"2026-04-13 08:38:40.522707+00",,autocomplete,"2026-04-13 08:38:40.522707+00"
dce9c042-8355-4c34-8a4d-9d684401a867,"é normal ter insonia no final da gravidez",0,10,saude-mental,"Saúde Mental",insónia,t,"2026-04-13 08:39:19.763922+00",,autocomplete,"2026-04-13 08:39:19.763922+00"
dcf936ac-54e4-4929-bc7d-93654b55927e,"toast avc",9999,76,emergentes,Emergentes,avc,f,"2026-04-06 08:10:42.850302+00",,pytrends,"2026-04-06 08:10:42.850302+00"
dd24492d-363c-4489-bfa9-b9b95521a814,"como tratar insônia crônica",0,45,saude-mental,"Saúde Mental",insónia,t,"2026-04-13 08:39:19.763922+00",,autocomplete,"2026-04-13 08:39:19.763922+00"
dd26fb4c-37bd-48f2-b7b4-d75a85f2b73f,"tem como prevenir endometriose",0,10,menopausa,Menopausa,endometriose,t,"2026-04-13 08:40:10.397854+00",,autocomplete,"2026-04-13 08:40:10.397854+00"
dd32462a-283f-4eb6-92f3-9cf078c3d67d,"enxaqueca sintomas remedios",0,10,saude-mental,"Saúde Mental",enxaqueca,t,"2026-04-13 08:43:55.008487+00",,autocomplete,"2026-04-13 08:43:55.008487+00"
dd378459-1954-400c-b6a6-ea552a6599ed,"como passar enxaqueca",5550,60,saude-mental,"Saúde Mental",enxaqueca,t,"2026-03-28 00:18:52.271444+00",,pytrends,"2026-03-28 00:18:52.271444+00"
dd503210-30a9-4487-be97-0f2d62c54de4,"o que é sepse neonatal",0,10,emergentes,Emergentes,sepsis,t,"2026-04-13 08:41:00.80186+00",,autocomplete,"2026-04-13 08:41:00.80186+00"
dd8c1680-12f5-4c48-9838-59521ceb8198,"tratamento sintomas menopausa",0,50,menopausa,Menopausa,"menopausa sintomas",t,"2026-04-13 08:37:16.281981+00",,autocomplete,"2026-04-13 08:37:16.281981+00"
dd933b88-eb46-47e2-b931-2c9885380320,"enxaqueca causas mais comuns",0,10,saude-mental,"Saúde Mental",enxaqueca,t,"2026-03-28 00:28:01.679719+00",,autocomplete,"2026-03-28 00:28:01.679719+00"
ddb6b539-d183-44f9-8db9-2b2f75afb072,"adrenal stress support",1250,36,saude-mental,"Saúde Mental",stress,f,"2026-03-30 08:09:19.495077+00",,pytrends,"2026-03-30 08:09:19.495077+00"
ddd58e54-0612-4c06-9c36-bbd438c45ae7,"lupus tratamento inicial",0,10,emergentes,Emergentes,lúpus,t,"2026-03-30 08:17:29.204312+00",,autocomplete,"2026-03-30 08:17:29.204312+00"
dddb86f5-aa4f-40fa-ba39-8bd823d5e532,"é normal ter ansiedade na menstruação",0,10,saude-mental,"Saúde Mental",ansiedade,t,"2026-04-13 08:38:40.522707+00",,autocomplete,"2026-04-13 08:38:40.522707+00"
dddfa687-d3ff-4c78-9d75-378ea3a95996,"como tratar endometriose e adenomiose",0,20,menopausa,Menopausa,endometriose,t,"2026-04-13 08:40:10.397854+00",,autocomplete,"2026-04-13 08:40:10.397854+00"
dde227c6-c1b0-48e4-a99b-b435de95e28c,"como tratar endometriose sem remedio",0,10,menopausa,Menopausa,endometriose,t,"2026-04-13 08:40:10.397854+00",,autocomplete,"2026-04-13 08:40:10.397854+00"
ddf3a612-b717-4ee6-844b-e8664caf7155,"sintomas da terapia hormonal",0,100,menopausa,Menopausa,"terapia hormonal",t,"2026-04-13 08:37:21.896373+00",,autocomplete,"2026-04-13 08:37:21.896373+00"
de080cc0-ec9a-4663-89cf-f48405517f54,"causas de diabetes tipo 2",0,10,alimentacao,Alimentação,"diabetes tipo 2",t,"2026-04-13 08:42:47.656406+00",,autocomplete,"2026-04-13 08:42:47.656406+00"
de0867d0-bed7-4c35-bf0e-1e18b0e73f82,"terapia cognitiva comportamental online",9999,100,saude-mental,"Saúde Mental","terapia online",f,"2026-03-30 08:01:39.997801+00",,pytrends,"2026-03-30 08:01:39.997801+00"
de5d85e3-15bd-472c-8219-cb15199f118a,"doença celíaca sintomas e tratamento",0,10,alimentacao,Alimentação,"doença celíaca",t,"2026-04-13 08:43:38.203977+00",,autocomplete,"2026-04-13 08:43:38.203977+00"
de65d79a-996d-45ef-abb3-1a5099abca75,"sindrome de ovario poliquistico sintomas emocionales",0,25,menopausa,Menopausa,"síndrome do ovário poliquístico",t,"2026-04-13 08:43:26.930582+00",,autocomplete,"2026-04-13 08:43:26.930582+00"
de6f5013-70cb-4b9d-8ca3-a64135514ff9,"sintomas de avc",0,100,emergentes,Emergentes,avc,t,"2026-04-13 08:41:12.052215+00",,autocomplete,"2026-04-13 08:41:12.052215+00"
de81e982-902f-4ac3-b173-10a0805de486,"intolerância a lactose sintomas em bebe",0,10,alimentacao,Alimentação,"intolerância à lactose",t,"2026-04-13 08:43:43.801483+00",,autocomplete,"2026-04-13 08:43:43.801483+00"
dea5cc43-c48e-4973-82f0-52520eaa780a,"intolerancia ao gluten sintomas e tratamento",0,10,alimentacao,Alimentação,"intolerância ao glúten",t,"2026-04-13 08:37:05.051837+00",,autocomplete,"2026-04-13 08:37:05.051837+00"
dec4d68a-1b96-4719-91a3-e160bd4a98be,"tem tratamento para menopausa precoce",0,10,menopausa,Menopausa,"menopausa precoce",t,"2026-04-13 08:37:50.002306+00",,autocomplete,"2026-04-13 08:37:50.002306+00"
dec73940-cdbe-417a-ac7b-8bf87ee53c66,"como tratar síndrome do pânico em casa",0,10,saude-mental,"Saúde Mental",pânico,t,"2026-04-13 08:39:31.045213+00",,autocomplete,"2026-04-13 08:39:31.045213+00"
deccdb9e-ba9e-4fa6-a803-dffbfe1121c2,"intolerância à lactose sintomas na pele",0,10,alimentacao,Alimentação,"intolerância à lactose",t,"2026-04-13 08:43:43.801483+00",,autocomplete,"2026-04-13 08:43:43.801483+00"
df02cd5f-c935-4293-98ba-ca0ca80dcce2,"sintomas de refluxo gastroesofágico em crianças",0,85,alimentacao,Alimentação,"refluxo gastroesofágico",t,"2026-04-13 08:40:32.807623+00",,autocomplete,"2026-04-13 08:40:32.807623+00"
df09d111-22c5-4513-a825-44fdade08106,"como acalmar a ansiedade",350,10,saude-mental,"Saúde Mental",ansiedade,t,"2026-03-28 00:08:45.453336+00",,pytrends,"2026-03-28 00:08:45.453336+00"
df0dd721-9e13-439d-8d67-5f841a49bee9,"causas de insonia",0,10,saude-mental,"Saúde Mental",insónia,t,"2026-04-13 08:39:19.763922+00",,autocomplete,"2026-04-13 08:39:19.763922+00"
df0de221-ab16-456d-b35f-4e57d7260626,"virus candida auris",9999,52,emergentes,Emergentes,"candida auris",f,"2026-04-06 08:12:48.386574+00",,pytrends,"2026-04-06 08:12:48.386574+00"
df2cedc4-2319-4133-99b3-5125586ddf01,"sintomas de alzheimer avançado",0,70,saude-mental,"Saúde Mental",alzheimer,t,"2026-04-13 08:43:15.769569+00",,autocomplete,"2026-04-13 08:43:15.769569+00"
df3597d4-a23c-4a23-96c3-f48c37dcc7d9,"sindrome do panico causas",0,10,saude-mental,"Saúde Mental",pânico,t,"2026-04-13 08:39:31.045213+00",,autocomplete,"2026-04-13 08:39:31.045213+00"
df4be193-6d0a-4018-8f0e-012579243ae8,"demência sintomas psicóticos",0,10,saude-mental,"Saúde Mental",demência,t,"2026-04-13 08:40:27.20613+00",,autocomplete,"2026-04-13 08:40:27.20613+00"
df68bbda-1fe2-4fb1-b8cf-68bdc1d97d75,"demencia sintomas graves",0,10,saude-mental,"Saúde Mental",demência,t,"2026-04-13 08:40:27.20613+00",,autocomplete,"2026-04-13 08:40:27.20613+00"
df6922e9-c67c-4eab-8373-92490e793a62,"doença celiaca tratamento medicamentoso",0,10,alimentacao,Alimentação,"doença celíaca",t,"2026-04-13 08:43:38.203977+00",,autocomplete,"2026-04-13 08:43:38.203977+00"
df717018-0d71-4242-846e-0aa167f865e7,"o que é fobia social em crianças",0,10,saude-mental,"Saúde Mental","fobia social",t,"2026-04-13 08:41:17.653799+00",,autocomplete,"2026-04-13 08:41:17.653799+00"
df7aa170-f9b1-4172-ad1a-82f2c25a2391,"crise panico tratamento",0,10,saude-mental,"Saúde Mental",pânico,t,"2026-04-13 08:39:31.045213+00",,autocomplete,"2026-04-13 08:39:31.045213+00"
dfb2ffdd-f8a3-4e3c-8564-5de900cda067,"anemia ferropriva sintomas",9999,84,alimentacao,Alimentação,anemia,f,"2026-03-28 00:21:06.900923+00",,pytrends,"2026-03-28 00:21:06.900923+00"
dfbf5ff7-cec7-441e-b1db-31358f8ab1e4,"é normal ter ansiedade sem motivo",0,10,saude-mental,"Saúde Mental",ansiedade,t,"2026-04-13 08:38:40.522707+00",,autocomplete,"2026-04-13 08:38:40.522707+00"
dfbfd62c-a884-414b-b9d6-b0e33256474d,"o'que é automutilação suicida",0,50,saude-mental,"Saúde Mental",automutilação,t,"2026-03-30 08:15:17.899457+00",,autocomplete,"2026-03-30 08:15:17.899457+00"
dfc89b65-766e-4d9c-b6dd-e6b6c25d89f1,"o que é colesterol alto",0,10,alimentacao,Alimentação,"colesterol alto",t,"2026-04-13 08:40:04.811683+00",,autocomplete,"2026-04-13 08:40:04.811683+00"
dfce8da3-b163-45bc-9368-0c6ad39c767e,"tratamento para alcoolismo sus",0,10,saude-mental,"Saúde Mental",alcoolismo,t,"2026-03-30 08:18:40.935919+00",,autocomplete,"2026-03-30 08:18:40.935919+00"
dffa1c6c-d432-4573-8dd2-c36c27cc6f49,"causas de fobia social",0,10,saude-mental,"Saúde Mental","fobia social",t,"2026-04-13 08:41:17.653799+00",,autocomplete,"2026-04-13 08:41:17.653799+00"
dffffad0-774c-4b19-a1ec-925f595dd20e,"insonia causas emocionais",0,10,saude-mental,"Saúde Mental",insónia,t,"2026-04-13 08:39:19.763922+00",,autocomplete,"2026-04-13 08:39:19.763922+00"
e00515bb-62c5-4163-848a-4bdda7b93793,"tdah sintomas adulto teste gratuito",0,10,saude-mental,"Saúde Mental","TDAH adulto",t,"2026-04-13 08:39:53.572317+00",,autocomplete,"2026-04-13 08:39:53.572317+00"
e00d9fc3-f2f0-4302-8dbd-9f8cf237fa34,"sintomas de avc feminino",0,90,emergentes,Emergentes,avc,t,"2026-04-13 08:41:12.052215+00",,autocomplete,"2026-04-13 08:41:12.052215+00"
e020f27a-63db-4910-a27b-6d784fe064fb,"como tratar libido na menopausa",0,95,menopausa,Menopausa,"libido menopausa",t,"2026-04-13 08:38:18.065121+00",,autocomplete,"2026-04-13 08:38:18.065121+00"
e0323d05-09a3-406f-8e84-87f46756b51a,"alzheimer sintomas iniciais idade",0,10,saude-mental,"Saúde Mental",alzheimer,t,"2026-04-13 08:43:15.769569+00",,autocomplete,"2026-04-13 08:43:15.769569+00"
e04cc35b-0346-4ed3-9e9f-cd8e263e97c3,"o que é considerado menopausa precoce",0,25,menopausa,Menopausa,"menopausa precoce",t,"2026-04-13 08:37:50.002306+00",,autocomplete,"2026-04-13 08:37:50.002306+00"
e04cee0c-519f-4b2d-a001-294e7ce54edb,"depressão causas e consequências",0,10,saude-mental,"Saúde Mental",depressão,t,"2026-04-13 08:38:46.093196+00",,autocomplete,"2026-04-13 08:38:46.093196+00"
e052c651-e596-4ef1-a975-9a4863122177,"como prevenir sepsis",0,10,emergentes,Emergentes,sepsis,t,"2026-04-13 08:41:00.80186+00",,autocomplete,"2026-04-13 08:41:00.80186+00"
e0591914-3326-47bc-9d47-26a0593f398d,agorafobia,1150,44,saude-mental,"Saúde Mental",ansiedade,f,"2026-03-23 07:29:16.489625+00",,pytrends,"2026-03-27 18:34:47.925931+00"
e0660ee8-0b27-4cfe-a23c-e2fb8b7c7b73,"causas de demencia rapidamente progressiva",0,10,saude-mental,"Saúde Mental",demência,t,"2026-04-13 08:40:27.20613+00",,autocomplete,"2026-04-13 08:40:27.20613+00"
e0ad2e41-3443-4180-86c9-35763d3c9aca,"sintomas de diabetes tipo 2 alta",0,80,alimentacao,Alimentação,"diabetes tipo 2",t,"2026-04-13 08:42:47.656406+00",,autocomplete,"2026-04-13 08:42:47.656406+00"
e0b998f8-d46b-4b0c-adcf-e8f7a4bcd063,"como tratar anemia em criança",0,25,alimentacao,Alimentação,anemia,t,"2026-04-13 08:40:38.397737+00",,autocomplete,"2026-04-13 08:40:38.397737+00"
e0c805be-406f-4cd6-b370-28aeca46752a,"incontinencia urinaria causas psicologicas",0,10,menopausa,Menopausa,"incontinência urinária",t,"2026-04-13 08:42:42.043868+00",,autocomplete,"2026-04-13 08:42:42.043868+00"
e0dc121a-d11b-495e-80b2-9aa2e2b2f86d,"o que é refluxo gastroesofágico",0,10,alimentacao,Alimentação,"refluxo gastroesofágico",t,"2026-04-13 08:40:32.807623+00",,autocomplete,"2026-04-13 08:40:32.807623+00"
e0de5132-d861-490b-a03f-3b57f1c07746,"sintomas alcoolismo funcional",0,55,saude-mental,"Saúde Mental",alcoolismo,t,"2026-04-13 08:43:49.404375+00",,autocomplete,"2026-04-13 08:43:49.404375+00"
e0f0a696-2143-4c43-9527-2fe5132d548c,"como tratar burnout de forma natural",0,30,saude-mental,"Saúde Mental",burnout,t,"2026-04-13 08:38:34.941684+00",,autocomplete,"2026-04-13 08:38:34.941684+00"
e0f17574-ef4c-43ce-a4bf-bae1831bb987,"como prevenir alzheimer canino",0,10,saude-mental,"Saúde Mental",alzheimer,t,"2026-04-13 08:43:15.769569+00",,autocomplete,"2026-04-13 08:43:15.769569+00"
e0fc9cb1-0bd9-4ed4-b1a6-e306cfa28478,"é normal ter insonia na gravidez",0,10,saude-mental,"Saúde Mental",insónia,t,"2026-04-13 08:39:19.763922+00",,autocomplete,"2026-04-13 08:39:19.763922+00"
e0fe3cb2-dd10-40ce-beaf-bdb47d3629ad,"o que é alcoolismo",0,15,saude-mental,"Saúde Mental",alcoolismo,t,"2026-04-13 08:43:49.404375+00",,autocomplete,"2026-04-13 08:43:49.404375+00"
e102bd48-ac82-43b2-acf1-54f5f458eb3e,"incontinência urinária masculina",110,76,menopausa,Menopausa,"incontinência urinária",f,"2026-03-23 07:37:08.67347+00",,pytrends,"2026-03-27 18:34:47.925931+00"
e13d81ad-8e68-40de-b2ae-93bc6f3245da,"sintomas superfungo candida auris",0,90,emergentes,Emergentes,"candida auris",t,"2026-04-13 08:42:30.835875+00",,autocomplete,"2026-04-13 08:42:30.835875+00"
e14c30e0-8fb8-4224-bb11-796f322124e9,"lidl near me",9999,100,saude-mental,"Saúde Mental",stress,f,"2026-03-23 07:41:28.797479+00",,pytrends,"2026-03-27 18:34:47.925931+00"
e17674b4-074b-4059-8cfe-8ab3211b58a2,"o que é enxaqueca com aura",0,10,saude-mental,"Saúde Mental",enxaqueca,t,"2026-04-13 08:43:55.008487+00",,autocomplete,"2026-04-13 08:43:55.008487+00"
e181a1a0-04b2-448f-bfd6-06b7f2f99618,"diabetes tipo 2 causas e consequencias",0,10,alimentacao,Alimentação,"diabetes tipo 2",t,"2026-04-13 08:42:47.656406+00",,autocomplete,"2026-04-13 08:42:47.656406+00"
e1b77777-d0bb-4113-a047-a3d1e4412347,"intolerância ao glúten sintomas em criança",0,10,alimentacao,Alimentação,"intolerância ao glúten",t,"2026-04-13 08:37:05.051837+00",,autocomplete,"2026-04-13 08:37:05.051837+00"
e1bd35d0-521b-4988-aa2b-c1d9de3b8f65,"o que é incontinência urinária",0,10,menopausa,Menopausa,"incontinência urinária",t,"2026-04-13 08:42:42.043868+00",,autocomplete,"2026-04-13 08:42:42.043868+00"
e1beec5a-e10a-4d4b-bcd4-89f035688d0d,"como tratar enxaqueca",0,50,saude-mental,"Saúde Mental",enxaqueca,t,"2026-04-13 08:43:55.008487+00",,autocomplete,"2026-04-13 08:43:55.008487+00"
e1c627f0-14fc-4b48-8295-e53eebfebcdb,"principais causas do cancro da mama",0,10,menopausa,Menopausa,"cancro da mama",t,"2026-04-13 08:40:55.173287+00",,autocomplete,"2026-04-13 08:40:55.173287+00"
e1f837ab-c46d-48e1-ac30-ae119c66c111,"intolerancia a lactose causas sintomas e tratamento",0,10,alimentacao,Alimentação,"intolerância à lactose",t,"2026-04-13 08:43:43.801483+00",,autocomplete,"2026-04-13 08:43:43.801483+00"
e1f9a42e-e64c-45f2-8678-16269e4598bc,"burnout sintomas",0,10,saude-mental,"Saúde Mental",burnout,t,"2026-04-13 08:38:34.941684+00",,autocomplete,"2026-04-13 08:38:34.941684+00"
e1fb0d48-270c-42a2-9959-3dacc088ee8f,"como prevenir la incontinencia urinaria femenina",0,10,menopausa,Menopausa,"incontinência urinária",t,"2026-04-13 08:42:42.043868+00",,autocomplete,"2026-04-13 08:42:42.043868+00"
e20c59a3-6169-454a-82b5-8c54cfec7140,"ansiedade tratamento pdf",0,10,saude-mental,"Saúde Mental",ansiedade,t,"2026-04-13 08:38:40.522707+00",,autocomplete,"2026-04-13 08:38:40.522707+00"
e217bab6-6a7b-46d4-a46e-78afc0f650ef,"o que são doenças cardiovasculares quais são as mais comuns",0,60,emergentes,Emergentes,"doenças cardiovasculares",t,"2026-04-13 08:43:21.329264+00",,autocomplete,"2026-04-13 08:43:21.329264+00"
e2185702-114e-4339-9b37-6cd914ff58aa,"lúpus sintomas fotos",0,10,emergentes,Emergentes,lúpus,t,"2026-04-13 08:42:25.267323+00",,autocomplete,"2026-04-13 08:42:25.267323+00"
e21fd877-044c-4482-9f80-cbeb59181074,"fungos candida auris",9999,92,emergentes,Emergentes,"candida auris",f,"2026-04-13 08:33:16.338095+00",,pytrends,"2026-04-13 08:33:16.338095+00"
e2216fbb-6eb7-4f3a-8ab0-1a0ecdee540a,"como prevenir colesterol alto",0,10,alimentacao,Alimentação,"colesterol alto",t,"2026-04-13 08:40:04.811683+00",,autocomplete,"2026-04-13 08:40:04.811683+00"
e224067a-02cf-4e24-acc8-387eae3a2f99,"depressão sintomas fisicos e psicologicos",0,10,saude-mental,"Saúde Mental",depressão,t,"2026-04-13 08:38:46.093196+00",,autocomplete,"2026-04-13 08:38:46.093196+00"
e2274190-5cb6-4bde-8396-1e74e1576822,"pre menopausa precoce sintomas",0,10,menopausa,Menopausa,"menopausa precoce",t,"2026-04-13 08:37:50.002306+00",,autocomplete,"2026-04-13 08:37:50.002306+00"
e23beca2-87d1-4249-9b45-7d27ed122ddf,"o que e endometriose",120,60,menopausa,Menopausa,endometriose,t,"2026-04-06 08:08:45.246752+00",,pytrends,"2026-04-06 08:08:45.246752+00"
e26cefae-7f66-4d03-a3a2-b744e7dd4d73,"alcoólismo sintomas",0,10,saude-mental,"Saúde Mental",alcoolismo,t,"2026-04-13 08:43:49.404375+00",,autocomplete,"2026-04-13 08:43:49.404375+00"
e29c60a6-a270-40d4-875d-0faa2cae6749,"sintomas de refluxo gastroesofágico em bebe",0,80,alimentacao,Alimentação,"refluxo gastroesofágico",t,"2026-04-13 08:40:32.807623+00",,autocomplete,"2026-04-13 08:40:32.807623+00"
e2aecac3-63be-446b-ac16-9b063e40f15e,"teste burnout",9999,92,saude-mental,"Saúde Mental",burnout,f,"2026-04-06 08:00:17.154548+00",,pytrends,"2026-04-06 08:00:17.154548+00"
e2c3f54f-c975-4fd9-b749-8ca6161af466,"o que falar sobre saúde mental no trabalho",0,90,saude-mental,"Saúde Mental","saúde mental no trabalho",t,"2026-04-13 08:41:34.56973+00",,autocomplete,"2026-04-13 08:41:34.56973+00"
e2c546c0-35e5-4179-a111-08312a227670,"terapia hormonal tratamento cancer",0,40,menopausa,Menopausa,"terapia hormonal",t,"2026-04-13 08:37:21.896373+00",,autocomplete,"2026-04-13 08:37:21.896373+00"
e2d3a5b5-a548-44aa-b55e-c784172dd17a,"doença celíaca sintomas fezes",0,10,alimentacao,Alimentação,"doença celíaca",t,"2026-03-30 08:18:46.887709+00",,autocomplete,"2026-03-30 08:18:46.887709+00"
e2d6f812-1ecc-4f07-87d7-1e7723f4e6ce,"o que é avc ocular",0,10,emergentes,Emergentes,avc,t,"2026-04-13 08:41:12.052215+00",,autocomplete,"2026-04-13 08:41:12.052215+00"
e30ea0aa-1e77-4de0-97c7-c238b1818658,"dia da incontinência urinária",9999,100,menopausa,Menopausa,"incontinência urinária",f,"2026-03-30 08:06:11.747346+00",,pytrends,"2026-03-30 08:06:11.747346+00"
e3222414-b62c-49fa-bc16-14e8a92cca73,"candidíase cutânea tratamento",5000,44,menopausa,Menopausa,candidíase,f,"2026-04-06 08:09:49.492291+00",,pytrends,"2026-04-06 08:09:49.492291+00"
e33b04ac-82bc-42fe-a2a6-390ffa32fe49,"sintomas de estresse",0,100,saude-mental,"Saúde Mental",stress,t,"2026-04-13 08:40:21.587655+00",,autocomplete,"2026-04-13 08:40:21.587655+00"
e345e7c3-6e7b-4db5-bef1-59d06eb28990,"colesterol alto tratamento nutricional",0,10,alimentacao,Alimentação,"colesterol alto",t,"2026-04-13 08:40:04.811683+00",,autocomplete,"2026-04-13 08:40:04.811683+00"
e3658227-f494-45f3-bd65-01c5fe8f2f87,"sintomas de menopausa precoce aos 33 anos",0,80,menopausa,Menopausa,"menopausa precoce",t,"2026-04-13 08:37:50.002306+00",,autocomplete,"2026-04-13 08:37:50.002306+00"
e39d61a1-d855-4533-88e7-799c7f0d5861,"burnout sintomas tratamento",0,10,saude-mental,"Saúde Mental",burnout,t,"2026-04-13 08:38:34.941684+00",,autocomplete,"2026-04-13 08:38:34.941684+00"
e3a37461-e89b-4f43-b793-3a0ef3803210,"sintomas de síndrome do intestino irritável em crianças",0,55,alimentacao,Alimentação,"síndrome de intestino irritável",t,"2026-04-13 08:40:49.538553+00",,autocomplete,"2026-04-13 08:40:49.538553+00"
e3b850b3-d854-4639-afa1-d4c9efaf2727,"sintomas de sepse pulmonar",0,65,emergentes,Emergentes,sepsis,t,"2026-04-13 08:41:00.80186+00",,autocomplete,"2026-04-13 08:41:00.80186+00"
e3baab21-f664-4613-840a-f24efdaabb7e,"o que previne doenças cardiovasculares",0,50,emergentes,Emergentes,"doenças cardiovasculares",t,"2026-04-13 08:43:21.329264+00",,autocomplete,"2026-04-13 08:43:21.329264+00"
e3cafa91-39a0-4ea9-b881-cbfb6fc56af3,"candida auris sintomas e transmissão",0,10,emergentes,Emergentes,"candida auris",t,"2026-04-13 08:42:30.835875+00",,autocomplete,"2026-04-13 08:42:30.835875+00"
e3cc0586-c0f5-461b-98c1-c80a97f656f8,"candidíase causas e tratamento",0,10,menopausa,Menopausa,candidíase,t,"2026-04-13 08:40:43.957484+00",,autocomplete,"2026-04-13 08:40:43.957484+00"
e3da2960-22d3-4a9b-9188-d0707ccf57bb,"refluxo gastroesofágico tratamento cirúrgico hérnia de hiato por videolaparoscopia",0,10,alimentacao,Alimentação,"refluxo gastroesofágico",t,"2026-04-13 08:40:32.807623+00",,autocomplete,"2026-04-13 08:40:32.807623+00"
e4201830-2aac-48f0-9bc3-13aa2b2b1409,"tratamento para osteoporose em idosos",0,10,menopausa,Menopausa,osteoporose,t,"2026-04-13 08:36:53.898281+00",,autocomplete,"2026-04-13 08:36:53.898281+00"
e4928ca6-d532-4246-a541-82ba8a9bcfc4,"sintomas de fobia social grave",0,70,saude-mental,"Saúde Mental","fobia social",t,"2026-04-13 08:41:17.653799+00",,autocomplete,"2026-04-13 08:41:17.653799+00"
e494e9a0-9ec5-4ec8-ac21-be0fda6280f0,"o que e um avc",120,28,emergentes,Emergentes,avc,t,"2026-04-06 08:10:42.850302+00",,pytrends,"2026-04-06 08:10:42.850302+00"
e49fb0d6-02de-46e1-9606-4f6dfbf553d0,"causas da enxaqueca",250,10,saude-mental,"Saúde Mental",enxaqueca,t,"2026-03-30 08:08:36.559366+00",,pytrends,"2026-03-30 08:08:36.559366+00"
e4e2a892-b6fc-4740-be89-b7025b6f252f,"tratamento demencia vascular",0,10,saude-mental,"Saúde Mental",demência,t,"2026-04-13 08:40:27.20613+00",,autocomplete,"2026-04-13 08:40:27.20613+00"
e4eb6c96-2d32-4521-a861-26490f1c204c,"tratamento alcoolismo sao jose do rio preto",0,10,saude-mental,"Saúde Mental",alcoolismo,t,"2026-04-13 08:43:49.404375+00",,autocomplete,"2026-04-13 08:43:49.404375+00"
e4f704ce-e5b9-45a3-8a15-48ec653e5622,"pré menopausa sintomas e tratamentos",0,20,menopausa,Menopausa,"menopausa sintomas",t,"2026-04-13 08:37:16.281981+00",,autocomplete,"2026-04-13 08:37:16.281981+00"
e521031d-2224-41de-8e79-33cac56915ff,"como.se.prevenir da candida auris",0,10,emergentes,Emergentes,"candida auris",t,"2026-04-13 08:42:30.835875+00",,autocomplete,"2026-04-13 08:42:30.835875+00"
e528b2ed-d403-4eec-8c2c-308ad0a2c2c1,"ptsd causas",0,10,saude-mental,"Saúde Mental",PTSD,t,"2026-04-13 08:39:36.686137+00",,autocomplete,"2026-04-13 08:39:36.686137+00"
e52d9114-ad69-4519-961a-3b2274fadf39,"doença celíaca tem tratamento",0,10,alimentacao,Alimentação,"doença celíaca",t,"2026-04-13 08:43:38.203977+00",,autocomplete,"2026-04-13 08:43:38.203977+00"
e53b741e-c13d-428e-9d61-fc1e9d96d717,"o que é jejum intermitente 16/8",0,65,alimentacao,Alimentação,"jejum intermitente",t,"2026-04-13 08:36:37.089218+00",,autocomplete,"2026-04-13 08:36:37.089218+00"
e5480bbf-fae0-4672-bf1f-9251970f7acd,"virus nipah sintomas 2026",0,10,emergentes,Emergentes,"vírus nipah",t,"2026-04-13 08:38:12.456348+00",,autocomplete,"2026-04-13 08:38:12.456348+00"
e5553bad-dd81-4d3d-920d-433e13187281,"existe tratamento para intolerancia ao gluten",0,10,alimentacao,Alimentação,"intolerância ao glúten",t,"2026-04-13 08:37:05.051837+00",,autocomplete,"2026-04-13 08:37:05.051837+00"
e55c718d-1826-4bee-bc2d-ed26debb8bab,"lúpus sintomas na pele",0,10,emergentes,Emergentes,lúpus,t,"2026-04-13 08:42:25.267323+00",,autocomplete,"2026-04-13 08:42:25.267323+00"
e56a3334-6c31-4cad-b375-436f02287711,"o que é alcoolismo na adolescência",0,10,saude-mental,"Saúde Mental",alcoolismo,t,"2026-04-13 08:43:49.404375+00",,autocomplete,"2026-04-13 08:43:49.404375+00"
e57dad4d-8005-42ed-8aa3-eb307bb76903,"alzheimer fase terminal morte",1200,28,saude-mental,"Saúde Mental",alzheimer,f,"2026-03-30 08:07:05.928237+00",,pytrends,"2026-03-30 08:07:05.928237+00"
e58aacab-d5c6-44aa-9c38-d6ed794d8356,"como tratar sepse grave",0,35,emergentes,Emergentes,sepsis,t,"2026-04-13 08:41:00.80186+00",,autocomplete,"2026-04-13 08:41:00.80186+00"
e58c195e-7f75-4da5-8a98-fa7a47172a26,"tratamento estresse",0,10,saude-mental,"Saúde Mental",stress,t,"2026-04-13 08:40:21.587655+00",,autocomplete,"2026-04-13 08:40:21.587655+00"
e5a14a2f-c2ac-4bd7-b2b9-71d2c65203a2,"enxaqueca causas e tratamento",0,10,saude-mental,"Saúde Mental",enxaqueca,t,"2026-04-13 08:43:55.008487+00",,autocomplete,"2026-04-13 08:43:55.008487+00"
e5ce226e-464c-49f7-9005-eeb198c65f6b,"o que tomar síndrome do intestino irritável",0,15,alimentacao,Alimentação,"síndrome de intestino irritável",t,"2026-04-13 08:40:49.538553+00",,autocomplete,"2026-04-13 08:40:49.538553+00"
e5f38ef8-86a8-4804-8e1c-9108977c7c1b,"tratamento para diabetes mellitus tipo 2",0,10,alimentacao,Alimentação,"diabetes tipo 2",t,"2026-04-13 08:42:47.656406+00",,autocomplete,"2026-04-13 08:42:47.656406+00"
e60b3e93-82e6-45ed-ae66-8c8e3b144db6,"depressão sintomas iniciais",0,10,saude-mental,"Saúde Mental",depressão,t,"2026-04-13 08:38:46.093196+00",,autocomplete,"2026-04-13 08:38:46.093196+00"
e6195c6d-b8ad-4178-9a86-84cd309907f0,"sintomas solidão e depressão",0,90,saude-mental,"Saúde Mental",solidão,t,"2026-04-13 08:38:51.66098+00",,autocomplete,"2026-04-13 08:38:51.66098+00"
e623a963-dc64-46e6-a114-26e798af4ee6,"lupus tratamento fisioterapeutico",0,10,emergentes,Emergentes,lúpus,t,"2026-04-13 08:42:25.267323+00",,autocomplete,"2026-04-13 08:42:25.267323+00"
e634882a-0491-4d25-89b9-274a43772cc3,"alzheimer fase terminal sintomas",1200,68,saude-mental,"Saúde Mental",alzheimer,f,"2026-03-28 00:17:08.70989+00",,pytrends,"2026-03-28 00:17:08.70989+00"
e63ad3e2-c6a8-4eaa-bf0e-0179896996e6,"causas de ansiedade em jovens",0,10,saude-mental,"Saúde Mental",ansiedade,t,"2026-04-13 08:38:40.522707+00",,autocomplete,"2026-04-13 08:38:40.522707+00"
e640c0a8-22e4-4ea1-991d-dc732a8fa4a4,"tratamento para ansiedade sem remedio",0,10,saude-mental,"Saúde Mental",ansiedade,t,"2026-04-13 08:38:40.522707+00",,autocomplete,"2026-04-13 08:38:40.522707+00"
e6489ac2-2343-4a6f-a121-5006f9b3ccf4,"tratamento para depressão com choque",0,10,saude-mental,"Saúde Mental",depressão,t,"2026-04-13 08:38:46.093196+00",,autocomplete,"2026-04-13 08:38:46.093196+00"
e65ee7bb-f253-4eeb-9a6d-22ae0a1aa727,"causas diabetes tipo 2.pdf",0,10,alimentacao,Alimentação,"diabetes tipo 2",t,"2026-03-30 08:17:59.10124+00",,autocomplete,"2026-03-30 08:17:59.10124+00"
e68590b8-cff7-431e-baac-a27e4c32e39f,"o que é sepse grave",0,10,emergentes,Emergentes,sepsis,t,"2026-04-13 08:41:00.80186+00",,autocomplete,"2026-04-13 08:41:00.80186+00"
e68f9d9a-31ea-4e02-8c94-845507e5b885,"causas sepsis neonatal",0,10,emergentes,Emergentes,sepsis,t,"2026-04-13 08:41:00.80186+00",,autocomplete,"2026-04-13 08:41:00.80186+00"
e6917bfc-4757-44ad-b3e1-c1b7acd77cef,"como tratar o'suicídio",0,100,saude-mental,"Saúde Mental",suicídio,t,"2026-04-13 08:42:36.442374+00",,autocomplete,"2026-04-13 08:42:36.442374+00"
e6a8c49a-d542-48ae-9b5d-2a867eb64843,"ansiedade tratamento caseiro",0,10,saude-mental,"Saúde Mental",ansiedade,t,"2026-04-13 08:38:40.522707+00",,autocomplete,"2026-04-13 08:38:40.522707+00"
e6b6887c-5247-48a1-871f-de16f5a91fb0,"como prevenir la incontinencia urinaria en el embarazo",0,10,menopausa,Menopausa,"incontinência urinária",t,"2026-04-13 08:42:42.043868+00",,autocomplete,"2026-04-13 08:42:42.043868+00"
e6bd4de8-538d-4c82-b1ab-0cc12020b2bf,"existe tratamento para diabetes tipo 2",0,10,alimentacao,Alimentação,"diabetes tipo 2",t,"2026-04-13 08:42:47.656406+00",,autocomplete,"2026-04-13 08:42:47.656406+00"
e6cc3282-935e-4459-950b-dce4e1cc30e1,"sintomas de anemia grave",9999,44,alimentacao,Alimentação,anemia,t,"2026-04-06 08:09:28.02802+00",,pytrends,"2026-04-06 08:09:28.02802+00"
e6d574a0-8699-4f59-a88c-2c3ce6781888,"principais causas de burnout",0,10,saude-mental,"Saúde Mental",burnout,t,"2026-04-13 08:38:34.941684+00",,autocomplete,"2026-04-13 08:38:34.941684+00"
e6d87928-e02e-4d2a-84c9-5b531564a1ef,"bola antistress",8250,68,saude-mental,"Saúde Mental",stress,f,"2026-03-30 08:09:19.495077+00",,pytrends,"2026-03-30 08:09:19.495077+00"
e6e04f5b-0766-425c-932e-ec604c29bf7e,"calopsita automutilação tratamento",0,20,saude-mental,"Saúde Mental",automutilação,t,"2026-04-13 08:36:42.692925+00",,autocomplete,"2026-04-13 08:36:42.692925+00"
e6fa766a-15bd-4107-810f-584e95789421,"como tratar e prevenir candidíase",0,10,menopausa,Menopausa,candidíase,t,"2026-04-13 08:40:43.957484+00",,autocomplete,"2026-04-13 08:40:43.957484+00"
e700bdd4-b8cd-453e-8cf3-f417a59c4f3b,"osteoporose causas sintomas tratamento e prevenção",0,10,menopausa,Menopausa,osteoporose,t,"2026-04-13 08:36:53.898281+00",,autocomplete,"2026-04-13 08:36:53.898281+00"
e706d1ad-d7fe-4da1-9896-0a71297a552e,"causas de sepsis obstetrica",0,10,emergentes,Emergentes,sepsis,t,"2026-04-13 08:41:00.80186+00",,autocomplete,"2026-04-13 08:41:00.80186+00"
e715b577-924d-4dc2-b82f-ea90f66aa234,"incontinência urinária causas sintomas e tratamento",0,10,menopausa,Menopausa,"incontinência urinária",t,"2026-04-13 08:42:42.043868+00",,autocomplete,"2026-04-13 08:42:42.043868+00"
e717d0f8-8914-454c-9833-072bbf74cc72,"cancro da mama sintomas iniciais",9999,100,menopausa,Menopausa,"cancro da mama",f,"2026-04-06 08:10:00.347905+00",,pytrends,"2026-04-06 08:10:00.347905+00"
e71c11f3-6d81-45ce-942e-890bd8c29acc,"principais causas de osteoporose",0,10,menopausa,Menopausa,osteoporose,t,"2026-04-13 08:36:53.898281+00",,autocomplete,"2026-04-13 08:36:53.898281+00"
e72fd5f8-ab5c-4a1d-971f-f3dfca5758f9,"colesterol alto sintomas tratamento",0,10,alimentacao,Alimentação,"colesterol alto",t,"2026-04-13 08:40:04.811683+00",,autocomplete,"2026-04-13 08:40:04.811683+00"
e745ff52-e2ff-45bd-8be8-f43df9231920,"tratamento para insonia grave",0,10,saude-mental,"Saúde Mental",insónia,t,"2026-04-13 08:39:19.763922+00",,autocomplete,"2026-04-13 08:39:19.763922+00"
e74c1ab4-5552-41a7-8136-47516df8d6d6,"sintomas de enxaqueca forte",0,95,saude-mental,"Saúde Mental",enxaqueca,t,"2026-04-13 08:43:55.008487+00",,autocomplete,"2026-04-13 08:43:55.008487+00"
e7858406-1e26-4c06-9d25-17368919d64e,"diabetes tipo 2 causas e tratamento",0,10,alimentacao,Alimentação,"diabetes tipo 2",t,"2026-04-13 08:42:47.656406+00",,autocomplete,"2026-04-13 08:42:47.656406+00"
e785a8b2-4328-43f8-b15f-605db532c66e,"tratamento cancro da mama triplo negativo",0,10,menopausa,Menopausa,"cancro da mama",t,"2026-04-13 08:40:55.173287+00",,autocomplete,"2026-04-13 08:40:55.173287+00"
e7b5a923-d313-4bb8-bdf1-d7d2986105e2,"tratamento para insónias",0,10,saude-mental,"Saúde Mental",insónia,t,"2026-03-30 08:14:18.110583+00",,autocomplete,"2026-03-30 08:14:18.110583+00"
e7d0307a-b6c8-45f4-ae71-cd22142cd025,"signs of anemia",9999,92,alimentacao,Alimentação,anemia,f,"2026-04-06 08:09:28.02802+00",,pytrends,"2026-04-06 08:09:28.02802+00"
e7e590dd-f3da-4f52-8462-230fea6ab0da,"sintomas de endometriose no útero",0,70,menopausa,Menopausa,endometriose,t,"2026-04-13 08:40:10.397854+00",,autocomplete,"2026-04-13 08:40:10.397854+00"
e7f31790-a2dd-4ed1-ab76-d068ea963998,"o que é dieta mediterrânica",0,100,alimentacao,Alimentação,"dieta mediterrânica",t,"2026-03-30 08:15:11.934891+00",,autocomplete,"2026-03-30 08:15:11.934891+00"
e7f978e0-1fbc-40ce-8587-a0e17f78cc10,"burnout sintomas físicos",0,10,saude-mental,"Saúde Mental",burnout,t,"2026-04-13 08:38:34.941684+00",,autocomplete,"2026-04-13 08:38:34.941684+00"
e8309034-e5ac-40f8-b016-a90198483ec2,"lúpus sintomas tratamento",0,10,emergentes,Emergentes,lúpus,t,"2026-03-30 08:17:29.204312+00",,autocomplete,"2026-03-30 08:17:29.204312+00"
e84483ee-fc0f-4edc-9e98-944afd8a87b4,"o que é endometriose umbilical",0,10,menopausa,Menopausa,endometriose,t,"2026-04-13 08:40:10.397854+00",,autocomplete,"2026-04-13 08:40:10.397854+00"
e85af538-1532-40f3-917d-b7adc8417b48,"colesterol bom alto",60,84,alimentacao,Alimentação,"colesterol alto",f,"2026-04-06 08:08:23.966538+00",,pytrends,"2026-04-06 08:08:23.966538+00"
e875c73e-b43b-4324-985b-b02472ee8db8,"como tratar enxaqueca na gravidez",0,10,saude-mental,"Saúde Mental",enxaqueca,t,"2026-04-13 08:43:55.008487+00",,autocomplete,"2026-04-13 08:43:55.008487+00"
e89c5a59-0fa3-4306-af03-ac9a26ce0683,"sindrome do ovario poliquistico sintomas",0,55,menopausa,Menopausa,"síndrome do ovário poliquístico",t,"2026-04-13 08:43:26.930582+00",,autocomplete,"2026-04-13 08:43:26.930582+00"
e8a9c9b0-8ad6-47e3-b830-022bdbcafbb8,"causas de obesidade infantil",0,40,alimentacao,Alimentação,"obesidade infantil",t,"2026-04-13 08:36:59.449865+00",,autocomplete,"2026-04-13 08:36:59.449865+00"
e8bec24b-eea7-4daf-8948-a35524d3f953,"menopausa precoce sintomas quantos anos",0,10,menopausa,Menopausa,"menopausa precoce",t,"2026-04-13 08:37:50.002306+00",,autocomplete,"2026-04-13 08:37:50.002306+00"
e8d5b63d-bc8c-4a89-a64c-7fe1a6886f13,"como prevenir alcoolismo",0,10,saude-mental,"Saúde Mental",alcoolismo,t,"2026-04-13 08:43:49.404375+00",,autocomplete,"2026-04-13 08:43:49.404375+00"
e90d24b4-c3b3-4c9b-bc36-826fde7ddab6,"tratamento para insonia e ansiedade",0,10,saude-mental,"Saúde Mental",insónia,t,"2026-04-13 08:39:19.763922+00",,autocomplete,"2026-04-13 08:39:19.763922+00"
e91fd901-2e15-4235-b656-2c091eebf9ca,"o que é burnout no trabalho",0,10,saude-mental,"Saúde Mental",burnout,t,"2026-04-13 08:38:34.941684+00",,autocomplete,"2026-04-13 08:38:34.941684+00"
e94821c3-98e3-494b-8b96-dbda5190f6d6,"osteoporose tem cura",9999,100,menopausa,Menopausa,osteoporose,f,"2026-03-30 08:03:49.636348+00",,pytrends,"2026-03-30 08:03:49.636348+00"
e9535932-449f-4eb8-9676-5d6542d3efcb,"tratamento para candidíase",0,10,menopausa,Menopausa,candidíase,t,"2026-04-13 08:40:43.957484+00",,autocomplete,"2026-04-13 08:40:43.957484+00"
e96a882e-5bfd-4874-ab6c-5fd2d13ae607,"tratamento burnout remedio",0,10,saude-mental,"Saúde Mental",burnout,t,"2026-04-13 08:38:34.941684+00",,autocomplete,"2026-04-13 08:38:34.941684+00"
e9a9eeda-328b-416e-802b-2d91504bdfe0,"como tratar dermatite de estresse",0,35,saude-mental,"Saúde Mental",stress,t,"2026-04-13 08:40:21.587655+00",,autocomplete,"2026-04-13 08:40:21.587655+00"
e9b43f30-fdd9-4e45-8784-a64d7ff9070b,"tratamento para colesterol alto",0,10,alimentacao,Alimentação,"colesterol alto",t,"2026-04-13 08:40:04.811683+00",,autocomplete,"2026-04-13 08:40:04.811683+00"
e9cb4d0d-2e90-44f0-bd09-350f42a8a647,"possíveis causas de suicídio",0,30,saude-mental,"Saúde Mental",suicídio,t,"2026-04-13 08:42:36.442374+00",,autocomplete,"2026-04-13 08:42:36.442374+00"
e9cc4a82-98a9-457e-8b50-cbf1a0299a63,"ministro avc",9999,100,emergentes,Emergentes,avc,f,"2026-03-23 07:36:16.1136+00",,pytrends,"2026-03-27 18:34:47.925931+00"
e9e525b6-7c62-4fac-a63d-ea52e478606a,"endometriose tratamento medicamentoso",0,10,menopausa,Menopausa,endometriose,t,"2026-04-13 08:40:10.397854+00",,autocomplete,"2026-04-13 08:40:10.397854+00"
e9f6ac3c-f5e5-427d-a3d6-4730dd7f112c,"tdah desatento adulto sintomas",0,10,saude-mental,"Saúde Mental","TDAH adulto",t,"2026-04-13 08:39:53.572317+00",,autocomplete,"2026-04-13 08:39:53.572317+00"
e9fb43ea-84c2-4852-8597-2ac3a07bae0d,"como tratar solidão",0,80,saude-mental,"Saúde Mental",solidão,t,"2026-04-13 08:38:51.66098+00",,autocomplete,"2026-04-13 08:38:51.66098+00"
e9ffe4aa-9e23-4306-9ea8-f9eaf3642fb2,"lúpus sintomas como pega",0,10,emergentes,Emergentes,lúpus,t,"2026-04-13 08:42:25.267323+00",,autocomplete,"2026-04-13 08:42:25.267323+00"
ea1723a6-6db1-4b02-8fba-3b1e742d7dd2,"intolerancia a lactose causas e sintomas",0,10,alimentacao,Alimentação,"intolerância à lactose",t,"2026-04-13 08:43:43.801483+00",,autocomplete,"2026-04-13 08:43:43.801483+00"
ea1c4014-b5c6-40bf-aece-713cd5a3fe55,"como tratar alzheimer canino",0,45,saude-mental,"Saúde Mental",alzheimer,t,"2026-04-13 08:43:15.769569+00",,autocomplete,"2026-04-13 08:43:15.769569+00"
eacec727-1d48-490e-a622-c2af298411d5,"vitamina b12",40,10,alimentacao,Alimentação,anemia,f,"2026-03-28 00:21:06.900923+00",,pytrends,"2026-03-28 00:21:06.900923+00"
eaecf62b-e251-4373-ad9c-3874fbbc43dc,"sintomas de endometriose",0,100,menopausa,Menopausa,endometriose,t,"2026-04-13 08:40:10.397854+00",,autocomplete,"2026-04-13 08:40:10.397854+00"
eaf045af-661e-4d7b-b7cf-ce47398715c6,"como tratar alzheimer no início",0,35,saude-mental,"Saúde Mental",alzheimer,t,"2026-04-13 08:43:15.769569+00",,autocomplete,"2026-04-13 08:43:15.769569+00"
eaf844b4-9a22-4498-8a74-df53d6428a93,"tratamento para lupus cutaneo",0,10,emergentes,Emergentes,lúpus,t,"2026-04-13 08:42:25.267323+00",,autocomplete,"2026-04-13 08:42:25.267323+00"
eb013a9d-8c46-4405-89f6-b5e1feed2d6b,"pré diabetes tratamento pdf",0,10,alimentacao,Alimentação,pré-diabetes,t,"2026-04-13 08:42:08.372884+00",,autocomplete,"2026-04-13 08:42:08.372884+00"
eb02bb97-28e1-4cea-861e-3cede33cd009,"o que é enxaqueca ocular",0,10,saude-mental,"Saúde Mental",enxaqueca,t,"2026-04-13 08:43:55.008487+00",,autocomplete,"2026-04-13 08:43:55.008487+00"
eb153f0c-ab90-4349-8201-c9c887f53425,"prolia osteoporose",9999,92,menopausa,Menopausa,osteoporose,f,"2026-03-30 08:03:49.636348+00",,pytrends,"2026-03-30 08:03:49.636348+00"
eb1dc11e-1789-443a-8f4e-1beb5f32d1e9,"anemia perniciosa sintomas",2150,36,alimentacao,Alimentação,anemia,f,"2026-04-13 08:29:36.237329+00",,pytrends,"2026-04-13 08:29:36.237329+00"
eb413686-39c4-4eff-9866-9b652aedaa0e,"endometriose intestinal",50,10,menopausa,Menopausa,endometriose,f,"2026-03-30 08:09:08.445079+00",,pytrends,"2026-03-30 08:09:08.445079+00"
eb8a04f8-f50e-41db-8717-e795a673d661,"diabetes tipo 2 causas sintomas e tratamento",0,10,alimentacao,Alimentação,"diabetes tipo 2",t,"2026-04-13 08:42:47.656406+00",,autocomplete,"2026-04-13 08:42:47.656406+00"
eba81528-76b1-4c4a-977b-6198d89b94d2,"o que é osteoporose sintomas",0,10,menopausa,Menopausa,osteoporose,t,"2026-04-13 08:36:53.898281+00",,autocomplete,"2026-04-13 08:36:53.898281+00"
ebbaae50-1f08-4e90-ae14-e3d07e7b4821,"tratamento para colesterol alto remedio",0,10,alimentacao,Alimentação,"colesterol alto",t,"2026-04-13 08:40:04.811683+00",,autocomplete,"2026-04-13 08:40:04.811683+00"
ebd01435-0e0c-459c-96f4-57948cfd7ba3,"sintomas de ansiedade no corpo feminino",0,75,saude-mental,"Saúde Mental",ansiedade,t,"2026-04-13 08:38:40.522707+00",,autocomplete,"2026-04-13 08:38:40.522707+00"
ebecce18-7698-46b5-b989-9f4b4c99f0dc,"sintomas de tdah em jovens adultos",0,55,saude-mental,"Saúde Mental","TDAH adulto",t,"2026-04-13 08:39:53.572317+00",,autocomplete,"2026-04-13 08:39:53.572317+00"
ec16963b-0b4a-42d0-bc8e-bca707c73c91,"sepse sintomas como pega",0,10,emergentes,Emergentes,sepsis,t,"2026-04-13 08:41:00.80186+00",,autocomplete,"2026-04-13 08:41:00.80186+00"
ec30f60a-bc79-4891-84f8-a238cf611007,"tratamento para enxaqueca com topiramato",0,10,saude-mental,"Saúde Mental",enxaqueca,t,"2026-04-13 08:43:55.008487+00",,autocomplete,"2026-04-13 08:43:55.008487+00"
ec4599cc-80f9-46aa-91cb-eb6821c5a90e,"insônia sintomas tireoide",0,10,saude-mental,"Saúde Mental",insónia,t,"2026-04-13 08:39:19.763922+00",,autocomplete,"2026-04-13 08:39:19.763922+00"
ec472d6b-0e52-42bc-991b-2597daf0ca6d,"burnout causas y consecuencias",0,10,saude-mental,"Saúde Mental",burnout,t,"2026-04-13 08:38:34.941684+00",,autocomplete,"2026-04-13 08:38:34.941684+00"
ec4a84f6-2e17-4207-8aee-321aa09e19aa,"ptsd en perros sintomas",0,10,saude-mental,"Saúde Mental",PTSD,t,"2026-04-13 08:39:36.686137+00",,autocomplete,"2026-04-13 08:39:36.686137+00"
ec4bd654-6441-49cb-90c2-a817ee515185,"sintomas de alzheimer tem cura",0,55,saude-mental,"Saúde Mental",alzheimer,t,"2026-04-13 08:43:15.769569+00",,autocomplete,"2026-04-13 08:43:15.769569+00"
ec53c1a4-9005-4736-bea1-7b9a330a2a6c,"solidão tratamento",0,10,saude-mental,"Saúde Mental",solidão,t,"2026-04-13 08:38:51.66098+00",,autocomplete,"2026-04-13 08:38:51.66098+00"
ec622d4c-7a05-4132-96a1-ab7072f88415,"o que é demencia senil",0,10,saude-mental,"Saúde Mental",demência,t,"2026-04-13 08:40:27.20613+00",,autocomplete,"2026-04-13 08:40:27.20613+00"
ec655028-6576-4f5b-84aa-ccab80c38471,"causas de sepsis en recien nacido",0,10,emergentes,Emergentes,sepsis,t,"2026-04-13 08:41:00.80186+00",,autocomplete,"2026-04-13 08:41:00.80186+00"
ec6fa517-6e56-4ddf-8ecc-289b97a730ff,"é normal ter enxaqueca na tpm",0,10,saude-mental,"Saúde Mental",enxaqueca,t,"2026-04-13 08:43:55.008487+00",,autocomplete,"2026-04-13 08:43:55.008487+00"
ec70b79b-80fc-49bd-8f74-9d47eb916b85,"o que é colesterol alto o que causa",0,10,alimentacao,Alimentação,"colesterol alto",t,"2026-04-13 08:40:04.811683+00",,autocomplete,"2026-04-13 08:40:04.811683+00"
ec7b71cc-2556-412a-b9f1-3d926750649d,"intolerância ao glúten sintomas",0,10,alimentacao,Alimentação,"intolerância ao glúten",t,"2026-04-13 08:37:05.051837+00",,autocomplete,"2026-04-13 08:37:05.051837+00"
ec8af241-0981-46a8-954c-35cad308454d,"o que é jejum intermitente metabólico",0,85,alimentacao,Alimentação,"jejum intermitente",t,"2026-04-13 08:36:37.089218+00",,autocomplete,"2026-04-13 08:36:37.089218+00"
eca2d098-f35b-45a5-9b43-7c6ad1e9163f,"tratamento burnout scielo",0,10,saude-mental,"Saúde Mental",burnout,t,"2026-04-13 08:38:34.941684+00",,autocomplete,"2026-04-13 08:38:34.941684+00"
ecc477f8-5bb8-4ca3-b4ab-3373d117f242,"o que é alcoolismo resumo",0,10,saude-mental,"Saúde Mental",alcoolismo,t,"2026-04-13 08:43:49.404375+00",,autocomplete,"2026-04-13 08:43:49.404375+00"
eccc2a9c-ce08-487e-a07c-0f4287ca29cb,"insonia tratamento pdf",0,10,saude-mental,"Saúde Mental",insónia,t,"2026-04-13 08:39:19.763922+00",,autocomplete,"2026-04-13 08:39:19.763922+00"
ecd55b6b-f8fa-4c5c-a9ef-9804ce86ca88,laparoscopia,200,10,menopausa,Menopausa,endometriose,f,"2026-03-23 07:41:17.864311+00",,pytrends,"2026-03-27 18:34:47.925931+00"
ecdb5279-63d0-478c-8d7d-a838ada1c27d,"o que é refluxo gastroesofágico na gravidez",0,10,alimentacao,Alimentação,"refluxo gastroesofágico",t,"2026-04-13 08:40:32.807623+00",,autocomplete,"2026-04-13 08:40:32.807623+00"
eceda230-4d92-491d-9276-ce6bbd252c75,escitalopram,160,10,saude-mental,"Saúde Mental",ansiedade,f,"2026-03-28 00:08:45.453336+00",,pytrends,"2026-03-28 00:08:45.453336+00"
ed107872-594e-45be-b200-913a526b0c5f,"como prevenir ansiedade e depressão",0,10,saude-mental,"Saúde Mental",ansiedade,t,"2026-04-13 08:38:40.522707+00",,autocomplete,"2026-04-13 08:38:40.522707+00"
ed2334b6-8acf-4d6f-942b-003a5ac73980,"botox para enxaqueca",120,10,saude-mental,"Saúde Mental",enxaqueca,f,"2026-03-30 08:08:36.559366+00",,pytrends,"2026-03-30 08:08:36.559366+00"
ed46148c-bf48-48d2-9238-454b632f0943,"tratamento natural para fobia social",0,10,saude-mental,"Saúde Mental","fobia social",t,"2026-04-13 08:41:17.653799+00",,autocomplete,"2026-04-13 08:41:17.653799+00"
ed4cdb24-04da-4f00-8e38-94c5d985a0a0,"doença celíaca causas",0,10,alimentacao,Alimentação,"doença celíaca",t,"2026-04-13 08:43:38.203977+00",,autocomplete,"2026-04-13 08:43:38.203977+00"
ed5efcac-24eb-4b3a-893c-bf62818dd300,"alcoolismo sintomas e causas",0,10,saude-mental,"Saúde Mental",alcoolismo,t,"2026-04-13 08:43:49.404375+00",,autocomplete,"2026-04-13 08:43:49.404375+00"
ed62f5b6-5c23-43e9-901e-0774a7a01bdc,"sintomas dos primeiros dias de jejum intermitente",0,95,alimentacao,Alimentação,"jejum intermitente",t,"2026-04-13 08:36:37.089218+00",,autocomplete,"2026-04-13 08:36:37.089218+00"
ed73679f-e7e2-4c99-a9bd-1b3367d2ba9a,"como tratar demência em idoso",0,45,saude-mental,"Saúde Mental",demência,t,"2026-04-13 08:40:27.20613+00",,autocomplete,"2026-04-13 08:40:27.20613+00"
ed78eb00-1ef6-45e6-a006-ff08bc04c487,"o que é produtos ultraprocessados",0,85,alimentacao,Alimentação,ultraprocessados,t,"2026-04-13 08:37:33.154402+00",,autocomplete,"2026-04-13 08:37:33.154402+00"
eda84564-f8a8-46bf-8752-514546cb5ab0,"doenças cardiovasculares tratamento e prevenção",0,10,emergentes,Emergentes,"doenças cardiovasculares",t,"2026-04-13 08:43:21.329264+00",,autocomplete,"2026-04-13 08:43:21.329264+00"
edd3090e-45a9-452c-9d75-4f7cfe16b836,"o que é doença celíaca é contagiosa",0,20,alimentacao,Alimentação,"doença celíaca",t,"2026-04-13 08:43:38.203977+00",,autocomplete,"2026-04-13 08:43:38.203977+00"
edf9b49c-95e4-446a-b251-ad67b399ed3c,"stress cronico tratamento",0,10,saude-mental,"Saúde Mental",stress,t,"2026-04-13 08:40:21.587655+00",,autocomplete,"2026-04-13 08:40:21.587655+00"
edfb03df-4b3f-46b1-b5ed-014830bea2aa,"como se prevenir candidíase",0,10,menopausa,Menopausa,candidíase,t,"2026-04-13 08:40:43.957484+00",,autocomplete,"2026-04-13 08:40:43.957484+00"
ee0ce0ef-8834-4b04-b70e-b9ac4c599ebb,"o que é dependência na faculdade",0,65,saude-mental,"Saúde Mental",dependências,t,"2026-04-13 08:41:06.439839+00",,autocomplete,"2026-04-13 08:41:06.439839+00"
ee14ca18-bcb3-407b-9acf-0906ad2a09d4,"o que é bom tomar para menopausa precoce",0,10,menopausa,Menopausa,"menopausa precoce",t,"2026-04-13 08:37:50.002306+00",,autocomplete,"2026-04-13 08:37:50.002306+00"
ee15bf0e-77de-4aaf-8060-0e0fc415c309,"sintomas de menopausa precoce aos 38 anos",0,95,menopausa,Menopausa,"menopausa precoce",t,"2026-04-13 08:37:50.002306+00",,autocomplete,"2026-04-13 08:37:50.002306+00"
ee1a2340-89cd-4679-ae35-28a20ea2c78a,"o que tomar para tdah adulto",0,10,saude-mental,"Saúde Mental","TDAH adulto",t,"2026-03-30 08:14:59.998432+00",,autocomplete,"2026-03-30 08:14:59.998432+00"
ee357b24-7da9-406e-8d33-d97bf58f0ec7,"diabetes tipo 2 causas y consecuencias",0,10,alimentacao,Alimentação,"diabetes tipo 2",t,"2026-04-13 08:42:47.656406+00",,autocomplete,"2026-04-13 08:42:47.656406+00"
ee357f1c-eb4d-48fb-9e24-79578f5b2558,"causas osteoporose precoce",0,10,menopausa,Menopausa,osteoporose,t,"2026-04-13 08:36:53.898281+00",,autocomplete,"2026-04-13 08:36:53.898281+00"
ee393a85-bfa3-423c-ba06-8d3223bebd27,"sinais de anemia",100,10,alimentacao,Alimentação,anemia,f,"2026-04-06 08:09:28.02802+00",,pytrends,"2026-04-06 08:09:28.02802+00"
ee3d2ce4-d5cf-4b6d-9e13-ba9cfabaa8a4,"como se prevenir virus nipah",0,10,emergentes,Emergentes,"vírus nipah",t,"2026-03-28 00:22:26.142112+00",,autocomplete,"2026-03-28 00:22:26.142112+00"
ee646850-b4c3-4efb-a3a8-45596a0f5562,"como tratar osteoporose grave",0,15,menopausa,Menopausa,osteoporose,t,"2026-04-13 08:36:53.898281+00",,autocomplete,"2026-04-13 08:36:53.898281+00"
ee90af47-ad98-4b56-8805-b34ddcfaa6d1,"sintomas de alergias alimentares",0,100,alimentacao,Alimentação,"alergias alimentares",t,"2026-04-13 08:37:10.663708+00",,autocomplete,"2026-04-13 08:37:10.663708+00"
eeab1e75-7df2-43fa-9ddf-16102efcaf31,"osteoporose tratamento",0,10,menopausa,Menopausa,osteoporose,t,"2026-04-13 08:36:53.898281+00",,autocomplete,"2026-04-13 08:36:53.898281+00"
eeb3d137-1dd7-45be-b22f-c533c9e1903f,"o que é fobia social",0,10,saude-mental,"Saúde Mental","fobia social",t,"2026-04-13 08:41:17.653799+00",,autocomplete,"2026-04-13 08:41:17.653799+00"
eeb683ee-6473-4dd5-be4d-5b9f31798474,"panico sintomas e sinais",0,10,saude-mental,"Saúde Mental",pânico,t,"2026-04-13 08:39:31.045213+00",,autocomplete,"2026-04-13 08:39:31.045213+00"
eeb73787-30a9-461c-bed2-f3a2e608d903,"lúpus tratamento",0,10,emergentes,Emergentes,lúpus,t,"2026-04-13 08:42:25.267323+00",,autocomplete,"2026-04-13 08:42:25.267323+00"
eec7b124-8483-4c67-811c-2d69d17d032d,"como tratar panico noturno",0,40,saude-mental,"Saúde Mental",pânico,t,"2026-04-13 08:39:31.045213+00",,autocomplete,"2026-04-13 08:39:31.045213+00"
eede89a0-c63f-482a-bd76-05e579061db2,"o que é fobia social como tratar",0,10,saude-mental,"Saúde Mental","fobia social",t,"2026-04-13 08:41:17.653799+00",,autocomplete,"2026-04-13 08:41:17.653799+00"
eeec37b7-d4da-46f0-a5ad-ee0253743125,"como tratar fobia social e medo de ser julgado",0,25,saude-mental,"Saúde Mental","fobia social",t,"2026-04-13 08:41:17.653799+00",,autocomplete,"2026-04-13 08:41:17.653799+00"
eeef0f3a-225d-4718-b0ab-328e899649d2,"sintomas de candidíase na boca",0,90,menopausa,Menopausa,candidíase,t,"2026-04-13 08:40:43.957484+00",,autocomplete,"2026-04-13 08:40:43.957484+00"
eef9fa70-eea7-4801-ae7e-606774bb4463,"osteoporose tratamento alendronato",0,10,menopausa,Menopausa,osteoporose,t,"2026-04-13 08:36:53.898281+00",,autocomplete,"2026-04-13 08:36:53.898281+00"
ef13e67d-29ba-4035-9246-4126841aaba5,"endometriose causas psicologicas",0,10,menopausa,Menopausa,endometriose,t,"2026-04-13 08:40:10.397854+00",,autocomplete,"2026-04-13 08:40:10.397854+00"
ef3b6d08-6c06-4359-95e6-016caeadba0c,"como tratar em long covid",0,95,emergentes,Emergentes,"long covid",t,"2026-04-13 08:38:06.844002+00",,autocomplete,"2026-04-13 08:38:06.844002+00"
ef4d1a12-b380-47b0-86bb-8cae0d168992,"o que intolerância à lactose não pode comer",0,10,alimentacao,Alimentação,"intolerância à lactose",t,"2026-04-13 08:43:43.801483+00",,autocomplete,"2026-04-13 08:43:43.801483+00"
ef4e45d7-2080-43e4-949a-0a97b8e9ec90,"o que significa candidíase",7150,68,menopausa,Menopausa,candidíase,t,"2026-03-23 07:34:51.181439+00",,pytrends,"2026-03-27 18:34:47.925931+00"
ef508c05-a919-4f9f-96e0-05a984f776ef,"refluxo gastroesofágico tratamento",170,76,alimentacao,Alimentação,"refluxo gastroesofágico",f,"2026-03-30 08:09:42.308033+00",,pytrends,"2026-03-30 08:09:42.308033+00"
ef552690-17bb-4f3e-9e46-746c63a48b50,"sintomas de alzheimer",0,100,saude-mental,"Saúde Mental",alzheimer,t,"2026-04-13 08:43:15.769569+00",,autocomplete,"2026-04-13 08:43:15.769569+00"
ef658004-641a-42bb-b720-dc543a7c21c7,"sintomas de anemia na gravidez",0,90,alimentacao,Alimentação,anemia,t,"2026-04-13 08:40:38.397737+00",,autocomplete,"2026-04-13 08:40:38.397737+00"
ef7affc0-ed38-4fb5-b195-c295b55fc145,"vichy stress resist 72h",9999,92,saude-mental,"Saúde Mental",stress,f,"2026-03-30 08:09:19.495077+00",,pytrends,"2026-03-30 08:09:19.495077+00"
efa6d03e-a361-48ad-b4be-8ab6c37da5bf,"causas comuns de pânico",0,10,saude-mental,"Saúde Mental",pânico,t,"2026-04-13 08:39:31.045213+00",,autocomplete,"2026-04-13 08:39:31.045213+00"
efc80c3f-2413-4338-aa50-befec6acb43c,"o que é suores noturnos",0,75,menopausa,Menopausa,"suores noturnos",t,"2026-04-13 08:37:44.379314+00",,autocomplete,"2026-04-13 08:37:44.379314+00"
efef4c20-0539-4e4d-9584-9b6784f19f78,"cancro da mama tratamento inovador",0,10,menopausa,Menopausa,"cancro da mama",t,"2026-04-13 08:40:55.173287+00",,autocomplete,"2026-04-13 08:40:55.173287+00"
eff4aa8c-b856-4a80-82c5-3c3e52cf4c83,"signs of burnout",750,52,saude-mental,"Saúde Mental",burnout,f,"2026-04-06 08:00:17.154548+00",,pytrends,"2026-04-06 08:00:17.154548+00"
effacebb-d364-49ac-8dd4-3a731449f6b4,"anemia hemolitica",40,10,alimentacao,Alimentação,anemia,f,"2026-04-13 08:29:36.237329+00",,pytrends,"2026-04-13 08:29:36.237329+00"
f022d342-76e0-4894-8d72-d853867e8cbc,"o que é doença celíaca no estômago",0,10,alimentacao,Alimentação,"doença celíaca",t,"2026-03-30 08:18:46.887709+00",,autocomplete,"2026-03-30 08:18:46.887709+00"
f02b040a-f240-42e7-bcb8-29e3876e229f,"causas de colesterol alto em caes",0,10,alimentacao,Alimentação,"colesterol alto",t,"2026-04-13 08:40:04.811683+00",,autocomplete,"2026-04-13 08:40:04.811683+00"
f04183a2-96d1-4671-9986-08bde477b69d,"sintomas de insônia o que pode ser",0,65,saude-mental,"Saúde Mental",insónia,t,"2026-04-13 08:39:19.763922+00",,autocomplete,"2026-04-13 08:39:19.763922+00"
f0427c70-d3a5-44dc-b9ba-09263dfa4879,"o que é alzheimer no idoso",0,10,saude-mental,"Saúde Mental",alzheimer,t,"2026-04-13 08:43:15.769569+00",,autocomplete,"2026-04-13 08:43:15.769569+00"
f0483988-4c50-43e9-a606-e76b839f67e0,"resistencia antibióticos causas",0,40,emergentes,Emergentes,"resistência antibióticos",t,"2026-04-13 08:42:19.657825+00",,autocomplete,"2026-04-13 08:42:19.657825+00"
f086fc4c-d86f-4fc4-9816-e376d7ce8b71,"como combater a anemia",1700,20,alimentacao,Alimentação,anemia,t,"2026-03-30 08:09:53.80659+00",,pytrends,"2026-03-30 08:09:53.80659+00"
f0b85742-4e0a-4664-8fa6-015f5e3b0e7a,"doença celíaca sintomas neurológicos",0,10,alimentacao,Alimentação,"doença celíaca",t,"2026-04-13 08:43:38.203977+00",,autocomplete,"2026-04-13 08:43:38.203977+00"
f0d4f5ab-6122-457b-85ec-a4c1480e517f,"o que é endometriose",0,10,menopausa,Menopausa,endometriose,t,"2026-04-13 08:40:10.397854+00",,autocomplete,"2026-04-13 08:40:10.397854+00"
f0da2f40-83a2-4ad5-aad9-d5460a1112c4,"medicação para enxaqueca",9999,84,saude-mental,"Saúde Mental",enxaqueca,f,"2026-04-06 08:08:13.385846+00",,pytrends,"2026-04-06 08:08:13.385846+00"
f0e5311a-3f06-4cb5-a5b6-f29aeaa336cb,"existe tratamento para anorexia nervosa",0,35,saude-mental,"Saúde Mental","anorexia nervosa",t,"2026-04-13 08:43:04.555328+00",,autocomplete,"2026-04-13 08:43:04.555328+00"
f0ec0b38-d18a-4987-854f-63598e9debca,"tratamento para refluxo gastroesofágico",0,10,alimentacao,Alimentação,"refluxo gastroesofágico",t,"2026-04-13 08:40:32.807623+00",,autocomplete,"2026-04-13 08:40:32.807623+00"
f0ecd63e-38d6-407c-9129-54413545dc73,"avc sintomas mulher",0,10,emergentes,Emergentes,avc,t,"2026-04-13 08:41:12.052215+00",,autocomplete,"2026-04-13 08:41:12.052215+00"
f10c9a60-3b80-44c6-9e9d-513113b605b9,"avc sintomas em idosos",0,10,emergentes,Emergentes,avc,t,"2026-04-13 08:41:12.052215+00",,autocomplete,"2026-04-13 08:41:12.052215+00"
f1222eb2-f67d-4e0e-b896-56e9e9048347,"tem como tratar menopausa precoce",0,40,menopausa,Menopausa,"menopausa precoce",t,"2026-04-13 08:37:50.002306+00",,autocomplete,"2026-04-13 08:37:50.002306+00"
f123eb1f-7aab-4be1-80b6-57af38245a75,"como tratar colesterol alto genetico",0,10,alimentacao,Alimentação,"colesterol alto",t,"2026-04-13 08:40:04.811683+00",,autocomplete,"2026-04-13 08:40:04.811683+00"
f1245b92-574e-4181-bc77-3e213e7bd723,"como prevenir endometriose",0,10,menopausa,Menopausa,endometriose,t,"2026-04-13 08:40:10.397854+00",,autocomplete,"2026-04-13 08:40:10.397854+00"
f159e840-82ef-470e-9f1c-4cbb85a1e0c6,"sindrome do intestino irritavel tratamento homeopatico",0,10,alimentacao,Alimentação,"síndrome de intestino irritável",t,"2026-04-13 08:40:49.538553+00",,autocomplete,"2026-04-13 08:40:49.538553+00"
f160aa2c-7896-4725-8a5a-d5939901ab5a,"endometriose pode engravidar",9999,76,menopausa,Menopausa,endometriose,f,"2026-03-28 00:20:14.303314+00",,pytrends,"2026-03-28 00:20:14.303314+00"
f1695ffa-ed71-4b65-9bed-1dd9a03de877,"causas de depressão profunda",0,10,saude-mental,"Saúde Mental",depressão,t,"2026-03-30 08:13:42.31111+00",,autocomplete,"2026-03-30 08:13:42.31111+00"
f1ad5f78-0bea-4325-807e-fb019820be15,"o'que é endometriose",2250,68,menopausa,Menopausa,endometriose,f,"2026-04-06 08:08:45.246752+00",,pytrends,"2026-04-06 08:08:45.246752+00"
f1cafde8-5caa-425d-a414-e5cd9ff9e9f1,"o que é endometriose profunda",0,10,menopausa,Menopausa,endometriose,t,"2026-04-13 08:40:10.397854+00",,autocomplete,"2026-04-13 08:40:10.397854+00"
f1e65f1e-83c8-4362-bd17-3e15a7dd2d34,"fatores de risco avc",9999,84,emergentes,Emergentes,avc,f,"2026-03-30 08:05:39.827249+00",,pytrends,"2026-03-30 08:05:39.827249+00"
f1e8d721-5216-4054-b11a-cdb7ae0a5144,"o que é burnout carro",0,10,saude-mental,"Saúde Mental",burnout,t,"2026-04-13 08:38:34.941684+00",,autocomplete,"2026-04-13 08:38:34.941684+00"
f1f22636-83ff-41ca-b8c6-4f740a4a08bc,"o que é endometriose profunda",9999,84,menopausa,Menopausa,endometriose,t,"2026-03-30 08:09:08.445079+00",,pytrends,"2026-03-30 08:09:08.445079+00"
f2033c9e-6c28-4c64-9579-b3ad86b54829,"tratamento para candidiase de repetição com fluconazol",0,10,menopausa,Menopausa,candidíase,t,"2026-03-30 08:19:46.737092+00",,autocomplete,"2026-03-30 08:19:46.737092+00"
f21cac73-08e3-4566-9043-95e7cd63e936,"principais sintomas alcoolismo",0,10,saude-mental,"Saúde Mental",alcoolismo,t,"2026-04-13 08:43:49.404375+00",,autocomplete,"2026-04-13 08:43:49.404375+00"
f22ce9a2-7a21-44bf-878b-80abdba3b4ca,"como prevenir diabetes mellitus tipo 2",0,10,alimentacao,Alimentação,"diabetes tipo 2",t,"2026-04-13 08:42:47.656406+00",,autocomplete,"2026-04-13 08:42:47.656406+00"
f23e4534-25d2-4c27-9337-91621b8ba0e2,"a gente mira no amor e acerta na solidão",120,76,saude-mental,"Saúde Mental",solidão,f,"2026-04-06 08:05:57.102584+00",,pytrends,"2026-04-06 08:05:57.102584+00"
f245c552-b020-471e-9803-b86084f610b9,"como prevenir obesidade infantil",0,10,alimentacao,Alimentação,"obesidade infantil",t,"2026-04-13 08:36:59.449865+00",,autocomplete,"2026-04-13 08:36:59.449865+00"
f26d65e4-59ce-48f4-9804-b2c6063ad53c,"o que é lúpus na pele",0,10,emergentes,Emergentes,lúpus,t,"2026-04-13 08:42:25.267323+00",,autocomplete,"2026-04-13 08:42:25.267323+00"
f2784892-cbf9-432d-9e17-dc22d197dccb,"sintomas de sepse",0,100,emergentes,Emergentes,sepsis,t,"2026-04-13 08:41:00.80186+00",,autocomplete,"2026-04-13 08:41:00.80186+00"
f2ad9548-746e-4ef7-b552-356337d8d609,"como tratar sepse",0,40,emergentes,Emergentes,sepsis,t,"2026-04-13 08:41:00.80186+00",,autocomplete,"2026-04-13 08:41:00.80186+00"
f2c25078-5333-4d5e-a932-775acb8b588f,"colesterol alto sintomas tontura e dor de cabeça",0,10,alimentacao,Alimentação,"colesterol alto",t,"2026-04-13 08:40:04.811683+00",,autocomplete,"2026-04-13 08:40:04.811683+00"
f30372ef-000a-4cc1-b53d-8f03db72634c,"sintomas de ansiedade e estresse",0,85,saude-mental,"Saúde Mental",ansiedade,t,"2026-04-13 08:38:40.522707+00",,autocomplete,"2026-04-13 08:38:40.522707+00"
f3075b8f-6fcf-4020-a950-f2ed30d57b25,"tratamento tdah adulto pdf",0,10,saude-mental,"Saúde Mental","TDAH adulto",t,"2026-04-13 08:39:53.572317+00",,autocomplete,"2026-04-13 08:39:53.572317+00"
f30bd2ac-51df-4a7b-a579-9118b0cded9c,"como tratar demência em cães idosos",0,30,saude-mental,"Saúde Mental",demência,t,"2026-04-13 08:40:27.20613+00",,autocomplete,"2026-04-13 08:40:27.20613+00"
f30f3a9c-ec63-4a3e-bf3d-fd9fbdbc3b4f,"o que é síndrome do intestino irritável causa",0,30,alimentacao,Alimentação,"síndrome de intestino irritável",t,"2026-04-13 08:40:49.538553+00",,autocomplete,"2026-04-13 08:40:49.538553+00"
f36a0745-27e6-4fd8-b6ec-8c119923ddc0,"sintomas de incontinência urinária em cachorro",0,85,menopausa,Menopausa,"incontinência urinária",t,"2026-04-13 08:42:42.043868+00",,autocomplete,"2026-04-13 08:42:42.043868+00"
f36a9977-4ec5-4040-92c1-2954fe391e25,"sintomas stress mental",0,10,saude-mental,"Saúde Mental",stress,t,"2026-04-13 08:40:21.587655+00",,autocomplete,"2026-04-13 08:40:21.587655+00"
f3852f79-4165-40f7-95a7-3dbeb7fdddd8,"sintomas de sop sindrome do ovario poliquístico",0,85,menopausa,Menopausa,"síndrome do ovário poliquístico",t,"2026-04-13 08:43:26.930582+00",,autocomplete,"2026-04-13 08:43:26.930582+00"
f38cc4c8-8ae4-4bce-83d1-596706bee809,"cancro da mama causas e sintomas",0,10,menopausa,Menopausa,"cancro da mama",t,"2026-04-13 08:40:55.173287+00",,autocomplete,"2026-04-13 08:40:55.173287+00"
f38d63ef-9ebd-418c-aa81-6b50a2061c1b,"o que tomar para perder peso na menopausa",0,80,menopausa,Menopausa,"peso na menopausa",t,"2026-04-13 08:38:29.321032+00",,autocomplete,"2026-04-13 08:38:29.321032+00"
f3a76ecb-d92b-450f-9c9e-9bef85c606cd,"tratamento para alcoolismo",0,10,saude-mental,"Saúde Mental",alcoolismo,t,"2026-04-13 08:43:49.404375+00",,autocomplete,"2026-04-13 08:43:49.404375+00"
f3c244d2-96f0-4f4c-8230-d53b82a2b53e,"o que é colesterol alto no exame de sangue",0,10,alimentacao,Alimentação,"colesterol alto",t,"2026-04-13 08:40:04.811683+00",,autocomplete,"2026-04-13 08:40:04.811683+00"
f3cfd27d-b296-4642-9012-c97f331cabfd,"é normal ter sangramento com endometriose",0,10,menopausa,Menopausa,endometriose,t,"2026-04-13 08:40:10.397854+00",,autocomplete,"2026-04-13 08:40:10.397854+00"
f405e81d-6101-466a-a486-8ad740c12fb0,"solidão frases",9999,92,saude-mental,"Saúde Mental",solidão,f,"2026-04-06 08:05:57.102584+00",,pytrends,"2026-04-06 08:05:57.102584+00"
f41c5123-f5dc-4748-a06d-5e618f90f05c,"como prevenir demência e alzheimer",0,10,saude-mental,"Saúde Mental",demência,t,"2026-04-13 08:40:27.20613+00",,autocomplete,"2026-04-13 08:40:27.20613+00"
f43a76d8-20bb-42a2-8551-31fe0024463d,"insonia causas e sintomas",0,10,saude-mental,"Saúde Mental",insónia,t,"2026-04-13 08:39:19.763922+00",,autocomplete,"2026-04-13 08:39:19.763922+00"
f46ae17d-2130-4030-9aba-049bdc8ccc5d,"colesterol alto sintomas homem",0,10,alimentacao,Alimentação,"colesterol alto",t,"2026-04-13 08:40:04.811683+00",,autocomplete,"2026-04-13 08:40:04.811683+00"
f494f753-a7e2-48c3-8b4a-d731fbfdfb78,"tratamento para alcoolismo em salvador",0,10,saude-mental,"Saúde Mental",alcoolismo,t,"2026-04-13 08:43:49.404375+00",,autocomplete,"2026-04-13 08:43:49.404375+00"
f4b2894a-46c2-4f30-99cf-09141b428787,"enxaqueca tratamento natural",0,10,saude-mental,"Saúde Mental",enxaqueca,t,"2026-04-13 08:43:55.008487+00",,autocomplete,"2026-04-13 08:43:55.008487+00"
f4bc2f6f-7366-45a0-8645-27c9ed4627dc,"tratamento para demência vascular",0,10,saude-mental,"Saúde Mental",demência,t,"2026-04-13 08:40:27.20613+00",,autocomplete,"2026-04-13 08:40:27.20613+00"
f4d2d777-810f-4edc-b5a5-9bac037543f1,"endometriose sintomas dor nas costas",0,10,menopausa,Menopausa,endometriose,t,"2026-04-13 08:40:10.397854+00",,autocomplete,"2026-04-13 08:40:10.397854+00"
f4d8c486-cf6f-410e-b302-6c41bee21206,"tratamento para osteoporose no quadril",0,10,menopausa,Menopausa,osteoporose,t,"2026-04-13 08:36:53.898281+00",,autocomplete,"2026-04-13 08:36:53.898281+00"
f4fbb334-d94b-49d0-ac5e-2069a73cac2e,"é normal ter enxaqueca antes da menstruação",0,10,saude-mental,"Saúde Mental",enxaqueca,t,"2026-04-13 08:43:55.008487+00",,autocomplete,"2026-04-13 08:43:55.008487+00"
f50fc7d0-73c4-44e1-9d93-7ddee856fd31,"alzheimer sintomas iniciais",0,10,saude-mental,"Saúde Mental",alzheimer,t,"2026-04-13 08:43:15.769569+00",,autocomplete,"2026-04-13 08:43:15.769569+00"
f51aa79a-0e29-419e-be2b-b3634ec5127a,"como prevenir doenças cardiovasculares",9999,92,emergentes,Emergentes,"doenças cardiovasculares",t,"2026-03-30 08:07:16.582656+00",,pytrends,"2026-03-30 08:07:16.582656+00"
f52b7a76-98b5-4e5d-b626-84b78b8d0f7a,"sintomas de pânico do medo",0,80,saude-mental,"Saúde Mental",pânico,t,"2026-04-13 08:39:31.045213+00",,autocomplete,"2026-04-13 08:39:31.045213+00"
f558ab33-2984-4a12-a059-349bee55dcc4,"como prevenir lupus eritematoso sistemico",0,10,emergentes,Emergentes,lúpus,t,"2026-04-13 08:42:25.267323+00",,autocomplete,"2026-04-13 08:42:25.267323+00"
f56c7e4a-9f8a-4380-bf94-641bad0eb490,"obesidade infantil tratamento pdf",0,10,alimentacao,Alimentação,"obesidade infantil",t,"2026-03-30 08:15:35.780263+00",,autocomplete,"2026-03-30 08:15:35.780263+00"
f5a07c6b-afc6-49fc-ae55-0b025273ffa2,"causas de estresse e ansiedade",0,10,saude-mental,"Saúde Mental",stress,t,"2026-04-13 08:40:21.587655+00",,autocomplete,"2026-04-13 08:40:21.587655+00"
f5bdaee6-aa04-4446-9c60-6376f4c3bc4b,"crises de ansiedade sintomas",2850,68,saude-mental,"Saúde Mental",ansiedade,f,"2026-03-23 07:29:16.48952+00",,pytrends,"2026-03-27 18:34:47.925931+00"
f5f23b6a-3940-48ee-bc1a-f2a75133e65c,"sintomas de depressão em cachorro",0,65,saude-mental,"Saúde Mental",depressão,t,"2026-04-13 08:38:46.093196+00",,autocomplete,"2026-04-13 08:38:46.093196+00"
f5f55adc-0ea7-4158-a307-a69c99a4a84a,"como tratar o refluxo gastroesofágico",9999,68,alimentacao,Alimentação,"refluxo gastroesofágico",t,"2026-03-28 00:20:56.393699+00",,pytrends,"2026-03-28 00:20:56.393699+00"
f5fd2adb-0d85-49c9-bd8c-0da02ab9167c,"incontinência urinária causas",0,10,menopausa,Menopausa,"incontinência urinária",t,"2026-04-13 08:42:42.043868+00",,autocomplete,"2026-04-13 08:42:42.043868+00"
f612c498-7ba4-49e3-b22c-c90ab0ef9309,"como prevenir a osteoporose na terceira idade",0,10,menopausa,Menopausa,osteoporose,t,"2026-04-13 08:36:53.898281+00",,autocomplete,"2026-04-13 08:36:53.898281+00"
f615d918-6fc1-43ef-8c9c-4fb19387e45d,"google o que é menopausa precoce",0,20,menopausa,Menopausa,"menopausa precoce",t,"2026-04-13 08:37:50.002306+00",,autocomplete,"2026-04-13 08:37:50.002306+00"
f61f0ae0-48cd-40f9-902c-5b0c9b2ba100,"refluxo gastroesofágico drge causas",0,10,alimentacao,Alimentação,"refluxo gastroesofágico",t,"2026-04-13 08:40:32.807623+00",,autocomplete,"2026-04-13 08:40:32.807623+00"
f63e158d-11c3-4c58-93a3-96336c685df6,"refluxo gastroesofágico causas",0,10,alimentacao,Alimentação,"refluxo gastroesofágico",t,"2026-04-13 08:40:32.807623+00",,autocomplete,"2026-04-13 08:40:32.807623+00"
f657bb87-f8d0-4156-b74e-7882027cd58c,"endometriose tratamento",0,10,menopausa,Menopausa,endometriose,t,"2026-04-13 08:40:10.397854+00",,autocomplete,"2026-04-13 08:40:10.397854+00"
f672307e-ebc2-41a0-ae32-ed322b1a36e7,"como tratar lupus no couro cabeludo",0,10,emergentes,Emergentes,lúpus,t,"2026-04-13 08:42:25.267323+00",,autocomplete,"2026-04-13 08:42:25.267323+00"
f67dbe32-68bb-4065-a802-a731c09f6f0a,"sintomas de sepse em bebe",0,60,emergentes,Emergentes,sepsis,t,"2026-04-13 08:41:00.80186+00",,autocomplete,"2026-04-13 08:41:00.80186+00"
f6838e35-9b1e-4726-8bc8-d5a304a763be,"avc causas sintomas e tratamento",0,10,emergentes,Emergentes,avc,t,"2026-04-13 08:41:12.052215+00",,autocomplete,"2026-04-13 08:41:12.052215+00"
f69e23aa-0498-46e4-ae78-d6639d3d8eeb,"como tratar intolerância ao glúten",0,55,alimentacao,Alimentação,"intolerância ao glúten",t,"2026-04-13 08:37:05.051837+00",,autocomplete,"2026-04-13 08:37:05.051837+00"
f6cec9d1-e3ab-4ee0-b061-34baabcf0ffe,"avc sintomas antes",0,10,emergentes,Emergentes,avc,t,"2026-04-13 08:41:12.052215+00",,autocomplete,"2026-04-13 08:41:12.052215+00"
f6d9bcce-221e-49b7-acf1-c4acafb8b467,"causas de incontinência urinária em cães",0,10,menopausa,Menopausa,"incontinência urinária",t,"2026-04-13 08:42:42.043868+00",,autocomplete,"2026-04-13 08:42:42.043868+00"
f6db1984-267a-4302-be46-82602574ec2e,"sintomas de burnout teste",0,95,saude-mental,"Saúde Mental",burnout,t,"2026-04-13 08:38:34.941684+00",,autocomplete,"2026-04-13 08:38:34.941684+00"
f6dcf5c0-3289-485a-9cf9-df3144e5d635,"o que é a pirâmide da dieta mediterrânica",0,95,alimentacao,Alimentação,"dieta mediterrânica",t,"2026-04-13 08:36:31.430429+00",,autocomplete,"2026-04-13 08:36:31.430429+00"
f6f0a524-be41-4095-9269-957431419241,"avc tratamento imediato",0,10,emergentes,Emergentes,avc,t,"2026-04-13 08:41:12.052215+00",,autocomplete,"2026-04-13 08:41:12.052215+00"
f7264b8b-cede-4f70-a6a5-6a04828390a6,"como tratar alcoolismo em casa",0,45,saude-mental,"Saúde Mental",alcoolismo,t,"2026-04-13 08:43:49.404375+00",,autocomplete,"2026-04-13 08:43:49.404375+00"
f72d9668-d5f4-401a-aee7-18b42d1a1e05,"tratamento cancro da mama radioterapia",0,10,menopausa,Menopausa,"cancro da mama",t,"2026-04-13 08:40:55.173287+00",,autocomplete,"2026-04-13 08:40:55.173287+00"
f73ea6cf-8cac-444d-91d7-1ea4a2627c9b,"como tratar insonia severa",0,35,saude-mental,"Saúde Mental",insónia,t,"2026-04-13 08:39:19.763922+00",,autocomplete,"2026-04-13 08:39:19.763922+00"
f74e609d-5cbf-436c-9f95-ad7091ce287c,"demencia causas y sintomas",0,10,saude-mental,"Saúde Mental",demência,t,"2026-04-13 08:40:27.20613+00",,autocomplete,"2026-04-13 08:40:27.20613+00"
f7632012-27ca-48c3-b7d1-0191005f630e,"nova depressão",500,10,saude-mental,"Saúde Mental",depressão,f,"2026-04-06 08:05:46.502433+00",,pytrends,"2026-04-06 08:05:46.502433+00"
f766188a-6dd0-49eb-864a-0d45d551bdb9,"causas de avc isquemico",0,10,emergentes,Emergentes,avc,t,"2026-04-13 08:41:12.052215+00",,autocomplete,"2026-04-13 08:41:12.052215+00"
f7928c36-25ff-425a-bc1d-3585f74dc4c1,"é normal ter depressão com 12 anos",0,10,saude-mental,"Saúde Mental",depressão,t,"2026-04-13 08:38:46.093196+00",,autocomplete,"2026-04-13 08:38:46.093196+00"
f7aa61ba-981b-4b86-b1dd-7ba188c7be22,"como prevenir anemia en niños",0,10,alimentacao,Alimentação,anemia,t,"2026-04-13 08:40:38.397737+00",,autocomplete,"2026-04-13 08:40:38.397737+00"
f7bbfb10-b60f-4711-bab5-55292b0c0232,"como prevenir a saúde mental no trabalho",0,60,saude-mental,"Saúde Mental","saúde mental no trabalho",t,"2026-04-13 08:41:34.56973+00",,autocomplete,"2026-04-13 08:41:34.56973+00"
f7c2a4c2-403b-4a28-b510-4f90c55099c1,"ptsd tratamento",0,10,saude-mental,"Saúde Mental",PTSD,t,"2026-04-13 08:39:36.686137+00",,autocomplete,"2026-04-13 08:39:36.686137+00"
f7cad11e-5e70-480f-9e30-f728c0330693,"enxaqueca tratamento",0,10,saude-mental,"Saúde Mental",enxaqueca,t,"2026-04-13 08:43:55.008487+00",,autocomplete,"2026-04-13 08:43:55.008487+00"
f7de0352-18b1-4917-a198-346b74695bcd,"é normal ter endometriose e não menstruar",0,10,menopausa,Menopausa,endometriose,t,"2026-04-13 08:40:10.397854+00",,autocomplete,"2026-04-13 08:40:10.397854+00"
f7faf40d-9199-4b30-8c83-a0c4e05e7e84,"o que é pânico social",0,10,saude-mental,"Saúde Mental",pânico,t,"2026-04-13 08:39:31.045213+00",,autocomplete,"2026-04-13 08:39:31.045213+00"
f7fc9001-a53a-490f-88ae-9eb9d1072402,"melhor tratamento para tdah adulto",0,10,saude-mental,"Saúde Mental","TDAH adulto",t,"2026-04-13 08:39:53.572317+00",,autocomplete,"2026-04-13 08:39:53.572317+00"
f8003814-7407-4f81-ab84-1d537b651561,"como tratar fobia social",0,50,saude-mental,"Saúde Mental","fobia social",t,"2026-04-13 08:41:17.653799+00",,autocomplete,"2026-04-13 08:41:17.653799+00"
f8164125-5063-4346-a72b-c6bd3a1cc775,"anemia hemolítica",150,10,alimentacao,Alimentação,anemia,f,"2026-03-28 00:21:06.900923+00",,pytrends,"2026-03-28 00:21:06.900923+00"
f82a0d61-0fe9-43a8-a55d-db2fc2a09dfd,"causas de diabetes tipo 1 y 2",0,10,alimentacao,Alimentação,"diabetes tipo 2",t,"2026-04-13 08:42:47.656406+00",,autocomplete,"2026-04-13 08:42:47.656406+00"
f82f3d51-176f-4efa-b998-c905eb649b76,"causas candidiase de repeticao",0,10,menopausa,Menopausa,candidíase,t,"2026-04-13 08:40:43.957484+00",,autocomplete,"2026-04-13 08:40:43.957484+00"
f84749a4-6242-4c9e-81c6-4a3cddfe15dd,"sintomas de cancro da mama doi",0,75,menopausa,Menopausa,"cancro da mama",t,"2026-04-13 08:40:55.173287+00",,autocomplete,"2026-04-13 08:40:55.173287+00"
f84773cb-c187-4d1b-b67c-de29ae3cafe4,"sintomas de avc homem",3050,60,emergentes,Emergentes,avc,t,"2026-04-13 08:30:45.927315+00",,pytrends,"2026-04-13 08:30:45.927315+00"
f85244d6-8048-47e4-bc2c-f460da5c4334,"o que diabetes tipo 2 pode comer",0,10,alimentacao,Alimentação,"diabetes tipo 2",t,"2026-04-13 08:42:47.656406+00",,autocomplete,"2026-04-13 08:42:47.656406+00"
f873b03c-4ea9-4d48-94aa-fb036020ac41,"o que é automutilação infantil",0,65,saude-mental,"Saúde Mental",automutilação,t,"2026-04-13 08:36:42.692925+00",,autocomplete,"2026-04-13 08:36:42.692925+00"
f88772fc-33a5-432b-ba48-fef565f9efc5,"o que é anemia aplástica",0,10,alimentacao,Alimentação,anemia,t,"2026-04-13 08:40:38.397737+00",,autocomplete,"2026-04-13 08:40:38.397737+00"
f8877aff-ab9a-4f73-9889-890ac08fd31d,"o que é alzheimer doença",0,10,saude-mental,"Saúde Mental",alzheimer,t,"2026-04-13 08:43:15.769569+00",,autocomplete,"2026-04-13 08:43:15.769569+00"
f88f3336-45d7-498a-9465-60f79e577948,"sintomas menopausa sintomas",0,100,menopausa,Menopausa,"menopausa sintomas",t,"2026-04-13 08:37:16.281981+00",,autocomplete,"2026-04-13 08:37:16.281981+00"
f88fb6b7-c47c-45e0-aef8-7cbec5555492,"síndrome do pânico tratamento",0,10,saude-mental,"Saúde Mental",pânico,t,"2026-04-13 08:39:31.045213+00",,autocomplete,"2026-04-13 08:39:31.045213+00"
f89d85bc-6cab-4406-bf88-2890cd82a0e0,"tratamento alternativo para síndrome do intestino irritável",0,10,alimentacao,Alimentação,"síndrome de intestino irritável",t,"2026-04-13 08:40:49.538553+00",,autocomplete,"2026-04-13 08:40:49.538553+00"
f89fc9d9-d77f-4ffc-bd9f-60814a9d6ebc,"é normal ter endometriose na menopausa",0,10,menopausa,Menopausa,endometriose,t,"2026-04-13 08:40:10.397854+00",,autocomplete,"2026-04-13 08:40:10.397854+00"
f8b6715f-13a9-4e66-95ab-789bc5b5ff59,"causas de avc em jovens",0,10,emergentes,Emergentes,avc,t,"2026-04-13 08:41:12.052215+00",,autocomplete,"2026-04-13 08:41:12.052215+00"
f8c27f2c-8265-437b-905c-7690695c37cb,"causas de sepsis urinaria",0,10,emergentes,Emergentes,sepsis,t,"2026-04-13 08:41:00.80186+00",,autocomplete,"2026-04-13 08:41:00.80186+00"
f8cb81de-f37d-45bb-be0e-ca09f3a8d5a1,"o que é permitido na dieta cetogenica",0,70,alimentacao,Alimentação,"dieta cetogénica",t,"2026-04-13 08:37:55.594739+00",,autocomplete,"2026-04-13 08:37:55.594739+00"
f8cca4d0-1199-4292-9969-7efdbe3706ea,"tratamento para incontinência urinária a laser",0,10,menopausa,Menopausa,"incontinência urinária",t,"2026-04-13 08:42:42.043868+00",,autocomplete,"2026-04-13 08:42:42.043868+00"
f8d0e12a-15b2-4cb4-bd12-0f9384d4526d,"tratamento para anemia",0,10,alimentacao,Alimentação,anemia,t,"2026-04-13 08:40:38.397737+00",,autocomplete,"2026-04-13 08:40:38.397737+00"
f8df6666-a116-45aa-bbc2-b8a9474782d8,"o que é incontinência urinária mista",0,10,menopausa,Menopausa,"incontinência urinária",t,"2026-04-13 08:42:42.043868+00",,autocomplete,"2026-04-13 08:42:42.043868+00"
f8eb02e0-611c-4180-82c7-1807fe00d769,"burnout revenge",2300,68,saude-mental,"Saúde Mental",burnout,f,"2026-04-06 08:00:17.154548+00",,pytrends,"2026-04-06 08:00:17.154548+00"
f90e1d4e-f69c-4da6-b9a8-b08e853b1558,"tratamento para incontinência urinária de urgência",0,10,menopausa,Menopausa,"incontinência urinária",t,"2026-04-13 08:42:42.043868+00",,autocomplete,"2026-04-13 08:42:42.043868+00"
f918a2c8-f5bb-4461-8952-8cbe21ca56b7,"candida auris sinais e sintomas",0,10,emergentes,Emergentes,"candida auris",t,"2026-04-13 08:42:30.835875+00",,autocomplete,"2026-04-13 08:42:30.835875+00"
f93a0d10-516f-4f21-b741-2f197912fcb5,"o que é endometriose sintomas",70,10,menopausa,Menopausa,endometriose,t,"2026-03-23 07:41:17.864432+00",,pytrends,"2026-03-27 18:34:47.925931+00"
f94c566b-a75e-4be3-80d7-a149e01cd71e,"alzheimer sintomas iniciais",130,44,saude-mental,"Saúde Mental",alzheimer,f,"2026-04-06 08:14:12.553439+00",,pytrends,"2026-04-06 08:14:12.553439+00"
f967b7ba-ddaf-4674-86ef-99a1e42f4f5c,"tratamento para insonia em idosos",0,10,saude-mental,"Saúde Mental",insónia,t,"2026-04-13 08:39:19.763922+00",,autocomplete,"2026-04-13 08:39:19.763922+00"
f96da571-6781-4824-9f97-fcdba4fe8ddb,"principales causas de stress",0,10,saude-mental,"Saúde Mental",stress,t,"2026-04-13 08:40:21.587655+00",,autocomplete,"2026-04-13 08:40:21.587655+00"
f97790e6-6e28-4950-964e-506aee6463ab,"incontinência urinária sintomas iniciais",0,10,menopausa,Menopausa,"incontinência urinária",t,"2026-04-13 08:42:42.043868+00",,autocomplete,"2026-04-13 08:42:42.043868+00"
f97bc2d9-d5d1-4986-8a02-acbe2617dfec,"causas de ansiedade em idosos",0,10,saude-mental,"Saúde Mental",ansiedade,t,"2026-04-13 08:38:40.522707+00",,autocomplete,"2026-04-13 08:38:40.522707+00"
f97e06cf-0be1-4b2f-b921-035ebd2aac46,"causas de anemia megaloblastica",0,10,alimentacao,Alimentação,anemia,t,"2026-04-13 08:40:38.397737+00",,autocomplete,"2026-04-13 08:40:38.397737+00"
f99fafce-db1d-47cc-9079-ec3ff3c2b026,"o que é incontinência urinária noturna",0,10,menopausa,Menopausa,"incontinência urinária",t,"2026-04-13 08:42:42.043868+00",,autocomplete,"2026-04-13 08:42:42.043868+00"
f9a4983c-b26a-46ad-a1bd-a6e7caefa3ad,"causas de alzheimer",0,10,saude-mental,"Saúde Mental",alzheimer,t,"2026-04-13 08:43:15.769569+00",,autocomplete,"2026-04-13 08:43:15.769569+00"
f9c36d96-b71e-412e-9491-e74c8c96c582,"lúpus o que é",50,68,emergentes,Emergentes,lúpus,f,"2026-04-06 08:12:58.949254+00",,pytrends,"2026-04-06 08:12:58.949254+00"
f9d0748b-1a7b-423b-b6f9-8de6f6fc6685,"principais causas de obesidade infantil",0,35,alimentacao,Alimentação,"obesidade infantil",t,"2026-04-13 08:36:59.449865+00",,autocomplete,"2026-04-13 08:36:59.449865+00"
f9d7b2d9-8288-4227-b2e7-96f293d17993,"candidíase feminina fotos",9999,84,menopausa,Menopausa,candidíase,f,"2026-04-06 08:09:49.492291+00",,pytrends,"2026-04-06 08:09:49.492291+00"
f9f28c06-bea7-4446-a238-133aa638b113,"o que anorexia nervosa causa",0,60,saude-mental,"Saúde Mental","anorexia nervosa",t,"2026-04-13 08:43:04.555328+00",,autocomplete,"2026-04-13 08:43:04.555328+00"
fa18672b-0846-48a2-8996-ceb5e83152ec,"osteoporose tratamento medicamento",0,10,menopausa,Menopausa,osteoporose,t,"2026-03-30 08:16:17.628387+00",,autocomplete,"2026-03-30 08:16:17.628387+00"
fa1f84c8-b487-473c-bba6-c1b459db4079,"intolerancia ao gluten sintomas coceira",0,10,alimentacao,Alimentação,"intolerância ao glúten",t,"2026-04-13 08:37:05.051837+00",,autocomplete,"2026-04-13 08:37:05.051837+00"
fa311c9b-6364-4aa7-8ed0-9e3ecec9becc,"tratamento para colesterol alto e triglicérides",0,10,alimentacao,Alimentação,"colesterol alto",t,"2026-04-13 08:40:04.811683+00",,autocomplete,"2026-04-13 08:40:04.811683+00"
fa400e36-40f9-4216-a905-0dfb9d3d682f,"sintomas de síndrome do intestino irritável fezes finas",0,60,alimentacao,Alimentação,"síndrome de intestino irritável",t,"2026-04-13 08:40:49.538553+00",,autocomplete,"2026-04-13 08:40:49.538553+00"
fa475fcb-8b78-4190-afe9-067bbbfc2e67,"como se puede prevenir la diabetes mellitus tipo 2",0,10,alimentacao,Alimentação,"diabetes tipo 2",t,"2026-04-13 08:42:47.656406+00",,autocomplete,"2026-04-13 08:42:47.656406+00"
fa480ecf-d752-411f-a4d8-290b529d3c21,"o que é suicídio",0,95,saude-mental,"Saúde Mental",suicídio,t,"2026-04-13 08:42:36.442374+00",,autocomplete,"2026-04-13 08:42:36.442374+00"
fa9dd030-126f-4cb3-a8b9-7a6756ae96f6,"como prevenir anemia falciforme",0,10,alimentacao,Alimentação,anemia,t,"2026-04-13 08:40:38.397737+00",,autocomplete,"2026-04-13 08:40:38.397737+00"
fa9f5da3-181e-4433-b9cc-478cca792209,"causas de avc ocular",0,10,emergentes,Emergentes,avc,t,"2026-04-13 08:41:12.052215+00",,autocomplete,"2026-04-13 08:41:12.052215+00"
faa39dcd-4948-4c5f-b2fd-9f2bef2c18ad,"é normal jovem ter avc",0,10,emergentes,Emergentes,avc,t,"2026-04-13 08:41:12.052215+00",,autocomplete,"2026-04-13 08:41:12.052215+00"
fabae791-59ca-482b-ad31-a682aa8d9f0f,"enxaqueca hemiplégica",110,12,saude-mental,"Saúde Mental",enxaqueca,f,"2026-03-23 07:40:03.267225+00",,pytrends,"2026-03-27 18:34:47.925931+00"
faca7bad-5bb4-4dc7-97c0-852f10243b2b,"tratamento para demencia alcoolica",0,10,saude-mental,"Saúde Mental",demência,t,"2026-03-30 08:19:22.975025+00",,autocomplete,"2026-03-30 08:19:22.975025+00"
fad7fd25-c5f7-4dcd-9c1a-f84fb16be033,"anemia da sono",3600,36,alimentacao,Alimentação,anemia,f,"2026-03-23 07:34:29.01384+00",,pytrends,"2026-03-27 18:34:47.925931+00"
fb21e731-054e-4674-a822-97f1a4465b6a,"como tratar endometriose na bexiga",0,30,menopausa,Menopausa,endometriose,t,"2026-04-13 08:40:10.397854+00",,autocomplete,"2026-04-13 08:40:10.397854+00"
fb28cbf5-3265-4ccf-9021-943bbbfdbb6b,"sepsis que es causas y sintomas",0,10,emergentes,Emergentes,sepsis,t,"2026-04-13 08:41:00.80186+00",,autocomplete,"2026-04-13 08:41:00.80186+00"
fb4765dd-ccf0-4b74-b6b8-a72399c13b59,"como prevenir anemia hemolítica",0,10,alimentacao,Alimentação,anemia,t,"2026-04-13 08:40:38.397737+00",,autocomplete,"2026-04-13 08:40:38.397737+00"
fb5678a0-c0a7-42f1-a574-b168d7c592f8,"sintomas de menopáusa precoce",0,100,menopausa,Menopausa,"menopausa precoce",t,"2026-04-13 08:37:50.002306+00",,autocomplete,"2026-04-13 08:37:50.002306+00"
fb67ce7a-c8e8-4af0-9804-f05d292d2c89,"stress shielding",9750,76,saude-mental,"Saúde Mental",stress,f,"2026-03-30 08:09:19.495077+00",,pytrends,"2026-03-30 08:09:19.495077+00"
fb6fa40c-f84f-48bf-b86a-059259d2a90f,"tratamento para avc transitório",0,10,emergentes,Emergentes,avc,t,"2026-04-13 08:41:12.052215+00",,autocomplete,"2026-04-13 08:41:12.052215+00"
fb70eb25-9a42-4175-89cb-4c4835c6a3bf,"burnout tratamento psicológico",0,10,saude-mental,"Saúde Mental",burnout,t,"2026-04-13 08:38:34.941684+00",,autocomplete,"2026-04-13 08:38:34.941684+00"
fb774d18-86eb-4fdd-a5a4-566232f0b8a7,"how to reduce stress",700,76,saude-mental,"Saúde Mental",stress,f,"2026-04-06 08:08:56.141499+00",,pytrends,"2026-04-06 08:08:56.141499+00"
fb79481b-e414-4170-95f2-43deb7bea205,"surto de candida auris sintomas",0,80,emergentes,Emergentes,"candida auris",t,"2026-04-13 08:42:30.835875+00",,autocomplete,"2026-04-13 08:42:30.835875+00"
fb944ca8-1708-441f-bf6d-60e0cf1ec766,"é normal ter endometriose",0,10,menopausa,Menopausa,endometriose,t,"2026-04-13 08:40:10.397854+00",,autocomplete,"2026-04-13 08:40:10.397854+00"
fba0451c-08da-46aa-9e68-388868f02c42,"candidiase causas sintomas prevenção e tratamento",0,10,menopausa,Menopausa,candidíase,t,"2026-04-13 08:40:43.957484+00",,autocomplete,"2026-04-13 08:40:43.957484+00"
fbc5dfbe-f5a9-4960-9a03-b571375dcc31,"causas do suicídio de getúlio vargas",0,25,saude-mental,"Saúde Mental",suicídio,t,"2026-03-30 08:17:53.149095+00",,autocomplete,"2026-03-30 08:17:53.149095+00"
fbd0c47d-00b1-41f4-9bbf-b51632270c03,"endometriose causas",0,10,menopausa,Menopausa,endometriose,t,"2026-04-13 08:40:10.397854+00",,autocomplete,"2026-04-13 08:40:10.397854+00"
fbdcd44f-3544-428f-b2d6-3c701804cd57,"o que é anemia megaloblástica",0,10,alimentacao,Alimentação,anemia,t,"2026-04-13 08:40:38.397737+00",,autocomplete,"2026-04-13 08:40:38.397737+00"
fbe41ee6-fe4c-4dac-97de-18110ba91bae,"pre diabetes sintomas tratamento",0,10,alimentacao,Alimentação,pré-diabetes,t,"2026-04-13 08:42:08.372884+00",,autocomplete,"2026-04-13 08:42:08.372884+00"
fbe92e21-5591-4acc-9462-1094dfa7b885,"o que é intolerância à lactose pode causar",0,15,alimentacao,Alimentação,"intolerância à lactose",t,"2026-04-13 08:43:43.801483+00",,autocomplete,"2026-04-13 08:43:43.801483+00"
fbf51699-b6ae-410f-b026-8a3b007d92dc,"jejum intermitente 16h emagrece quantos quilos por semana",9999,84,alimentacao,Alimentação,"jejum intermitente",f,"2026-03-28 00:11:52.776734+00",,pytrends,"2026-03-28 00:11:52.776734+00"
fbfd2f03-dbeb-4ade-bbb8-fb52a63d4f61,"refluxo gastroesofágico o que é",300,68,alimentacao,Alimentação,"refluxo gastroesofágico",f,"2026-03-23 07:34:18.332101+00",,pytrends,"2026-03-27 18:34:47.925931+00"
fbffcd97-9afa-4055-9031-25befdca8c33,"tratamento para lúpus na pele",0,10,emergentes,Emergentes,lúpus,t,"2026-04-13 08:42:25.267323+00",,autocomplete,"2026-04-13 08:42:25.267323+00"
fc316850-4fa9-48b0-82fb-1ca6d45b37bc,"o que é insônia terminal",0,10,saude-mental,"Saúde Mental",insónia,t,"2026-04-13 08:39:19.763922+00",,autocomplete,"2026-04-13 08:39:19.763922+00"
fc3a1ab0-08b0-4810-95cd-10c69b3241ce,"causas de morte por alcoolismo",0,10,saude-mental,"Saúde Mental",alcoolismo,t,"2026-04-13 08:43:49.404375+00",,autocomplete,"2026-04-13 08:43:49.404375+00"
fc41bf68-4b5a-4fe6-82cb-3dfd5b97d8ff,"como se prevenir do burnout",0,10,saude-mental,"Saúde Mental",burnout,t,"2026-04-13 08:38:34.941684+00",,autocomplete,"2026-04-13 08:38:34.941684+00"
fc43e301-21cf-4ba5-a82a-0949f8d8389f,"causas de lupus cutaneo",0,10,emergentes,Emergentes,lúpus,t,"2026-04-13 08:42:25.267323+00",,autocomplete,"2026-04-13 08:42:25.267323+00"
fc5fb892-4220-4ba8-b934-de886f0721f5,"existe tratamento para fobia social",0,10,saude-mental,"Saúde Mental","fobia social",t,"2026-04-13 08:41:17.653799+00",,autocomplete,"2026-04-13 08:41:17.653799+00"
fc782f68-63e9-4598-9a8f-c3370e6f19eb,"sintomas de avc em idoso",0,70,emergentes,Emergentes,avc,t,"2026-04-13 08:41:12.052215+00",,autocomplete,"2026-04-13 08:41:12.052215+00"
fca8184f-3a3b-4097-a954-e49fb90db97a,"o que caracteriza anorexia nervosa",0,55,saude-mental,"Saúde Mental","anorexia nervosa",t,"2026-04-13 08:43:04.555328+00",,autocomplete,"2026-04-13 08:43:04.555328+00"
fcb19333-41bb-431d-b0f3-3d67ee3e290c,"perturbação bipolar tratamento",0,85,saude-mental,"Saúde Mental","perturbação bipolar",t,"2026-04-13 08:42:58.898509+00",,autocomplete,"2026-04-13 08:42:58.898509+00"
fd0c5930-4c09-4954-ba7e-c409539f59fd,"sintomas de intolerância a lactose na gravidez",0,70,alimentacao,Alimentação,"intolerância à lactose",t,"2026-04-13 08:43:43.801483+00",,autocomplete,"2026-04-13 08:43:43.801483+00"
fd106995-26d5-4a26-925e-4a19e2da6f02,"sintomas de fobia social",0,100,saude-mental,"Saúde Mental","fobia social",t,"2026-04-13 08:41:17.653799+00",,autocomplete,"2026-04-13 08:41:17.653799+00"
fd10bea0-d91d-4c20-8446-923e859f5887,"adenomiose o que é",9999,100,menopausa,Menopausa,endometriose,f,"2026-03-28 00:20:14.303314+00",,pytrends,"2026-03-28 00:20:14.303314+00"
fd2c446a-6d96-4bb9-b592-8166e687277f,"osteoporose sintomas dor nas costas",0,10,menopausa,Menopausa,osteoporose,t,"2026-04-13 08:36:53.898281+00",,autocomplete,"2026-04-13 08:36:53.898281+00"
fd3cf81a-fbd2-4889-a74b-5cd76edc7258,"sepsis.causas y consecuencias",0,10,emergentes,Emergentes,sepsis,t,"2026-04-13 08:41:00.80186+00",,autocomplete,"2026-04-13 08:41:00.80186+00"
fd3d917a-d018-4268-bf03-ebc0fe419978,"tratamento para endometriose profunda",0,10,menopausa,Menopausa,endometriose,t,"2026-04-13 08:40:10.397854+00",,autocomplete,"2026-04-13 08:40:10.397854+00"
fd3e321e-293a-4707-bbb2-6eed20d63d08,"causas de demencia precoce",0,10,saude-mental,"Saúde Mental",demência,t,"2026-04-13 08:40:27.20613+00",,autocomplete,"2026-04-13 08:40:27.20613+00"
fd5a3172-033b-495f-9ac1-5c4151ece349,"é normal ter avc",0,10,emergentes,Emergentes,avc,t,"2026-04-13 08:41:12.052215+00",,autocomplete,"2026-04-13 08:41:12.052215+00"
fd603f25-3bf7-4f84-8587-a5aa07c32fed,"como tratar crise de doença celíaca",0,50,alimentacao,Alimentação,"doença celíaca",t,"2026-04-13 08:43:38.203977+00",,autocomplete,"2026-04-13 08:43:38.203977+00"
fd6366a0-5f58-460c-8ce7-462a25ac2367,"anemia em gatos",5550,36,alimentacao,Alimentação,anemia,f,"2026-04-06 08:09:28.02802+00",,pytrends,"2026-04-06 08:09:28.02802+00"
fd6a4905-639c-409d-b923-f91ef59a2321,"suicídio causas e consequências pdf",0,10,saude-mental,"Saúde Mental",suicídio,t,"2026-04-13 08:42:36.442374+00",,autocomplete,"2026-04-13 08:42:36.442374+00"
fd821306-7c62-4e15-bf52-766448fa9249,"sintomas do vírus nipah da índia",0,80,emergentes,Emergentes,"vírus nipah",t,"2026-04-13 08:38:12.456348+00",,autocomplete,"2026-04-13 08:38:12.456348+00"
fd8d330a-72c6-45fe-a83a-5cf0176b47ee,"alcoolismo tratamento pdf",0,10,saude-mental,"Saúde Mental",alcoolismo,t,"2026-04-13 08:43:49.404375+00",,autocomplete,"2026-04-13 08:43:49.404375+00"
fd8ffd59-1913-4025-9918-b2df164288eb,"tratamento alcoolismo psiquiatra",0,10,saude-mental,"Saúde Mental",alcoolismo,t,"2026-04-13 08:43:49.404375+00",,autocomplete,"2026-04-13 08:43:49.404375+00"
fd93dda7-39ef-4485-adc5-d54356413a8b,"tratamento para lúpus eritematoso",0,10,emergentes,Emergentes,lúpus,t,"2026-04-13 08:42:25.267323+00",,autocomplete,"2026-04-13 08:42:25.267323+00"
fda27959-0940-47a4-8e55-8032c69547c9,"como tratar burnout na terapia",0,25,saude-mental,"Saúde Mental",burnout,t,"2026-04-13 08:38:34.941684+00",,autocomplete,"2026-04-13 08:38:34.941684+00"
fde40b69-a274-45c3-8f7f-8ad0156006f7,"como prevenir a síndrome de burnout na enfermagem",0,10,saude-mental,"Saúde Mental",burnout,t,"2026-04-13 08:38:34.941684+00",,autocomplete,"2026-04-13 08:38:34.941684+00"
fe0371af-fa98-48e9-b8b3-9d01615b84ce,"como curar enxaqueca",9999,100,saude-mental,"Saúde Mental",enxaqueca,t,"2026-04-13 08:36:05.931314+00",,pytrends,"2026-04-13 08:36:05.931314+00"
fe167cc0-4591-49f2-90a4-fc29097cc1a5,fluconazol,170,10,menopausa,Menopausa,candidíase,f,"2026-03-28 00:21:27.712069+00",,pytrends,"2026-03-28 00:21:27.712069+00"
fe1d5a17-824b-47bc-ac38-ef528673aa6c,"tratamento para fobia social tcc",0,10,saude-mental,"Saúde Mental","fobia social",t,"2026-04-13 08:41:17.653799+00",,autocomplete,"2026-04-13 08:41:17.653799+00"
fe2ab699-96fe-4bb2-8201-61a8524ed6d3,"tratamento para endometriose profunda engorda",0,10,menopausa,Menopausa,endometriose,t,"2026-04-13 08:40:10.397854+00",,autocomplete,"2026-04-13 08:40:10.397854+00"
fe44d264-7b31-4072-817f-5c875322f005,"síndrome do ovário policístico sintomas",0,100,menopausa,Menopausa,"síndrome do ovário poliquístico",t,"2026-04-13 08:43:26.930582+00",,autocomplete,"2026-04-13 08:43:26.930582+00"
fe4c0b00-22ce-4161-819f-20ef53c92af7,"o que é bom para intolerância à lactose",0,10,alimentacao,Alimentação,"intolerância à lactose",t,"2026-04-13 08:43:43.801483+00",,autocomplete,"2026-04-13 08:43:43.801483+00"
fe4c75de-296c-41c5-8a0b-cb5f5bff9b11,"anemia causas e tratamento",0,10,alimentacao,Alimentação,anemia,t,"2026-04-13 08:40:38.397737+00",,autocomplete,"2026-04-13 08:40:38.397737+00"
fe7c2829-a3d7-45ab-a494-8208e6d6117d,"incontinência urinária tratamento fisioterapêutico",0,10,menopausa,Menopausa,"incontinência urinária",t,"2026-04-13 08:42:42.043868+00",,autocomplete,"2026-04-13 08:42:42.043868+00"
fe9413c7-364d-4d51-87f5-39cfda047443,"sintomas de ansiedade no corpo feminino",650,28,saude-mental,"Saúde Mental",ansiedade,t,"2026-03-30 07:58:55.195023+00",,pytrends,"2026-03-30 07:58:55.195023+00"
feae91d1-5484-43f7-a1f9-442db476932d,"avc isquêmico",110,10,emergentes,Emergentes,avc,f,"2026-04-13 08:30:45.927315+00",,pytrends,"2026-04-13 08:30:45.927315+00"
feb85ff4-3bd4-4dae-8695-57949f76a9c2,"causas de insonia inicial",0,10,saude-mental,"Saúde Mental",insónia,t,"2026-04-13 08:39:19.763922+00",,autocomplete,"2026-04-13 08:39:19.763922+00"
fed5abe2-4b65-4215-a841-e5b3030a5361,"como tratar panico de elevador",0,35,saude-mental,"Saúde Mental",pânico,t,"2026-04-13 08:39:31.045213+00",,autocomplete,"2026-04-13 08:39:31.045213+00"
fed6f57a-7dbd-42ed-920a-e3d69fae65f2,"depressão causas",0,10,saude-mental,"Saúde Mental",depressão,t,"2026-04-13 08:38:46.093196+00",,autocomplete,"2026-04-13 08:38:46.093196+00"
fee097fa-dffc-4900-a084-836681a3e610,"causas de incontinencia urinaria repentina",0,10,menopausa,Menopausa,"incontinência urinária",t,"2026-03-30 08:17:35.146647+00",,autocomplete,"2026-03-30 08:17:35.146647+00"
ff09b6ae-a796-4b12-9bd5-c05651cd76d8,"sintomas de anemia forte",0,55,alimentacao,Alimentação,anemia,t,"2026-04-13 08:40:38.397737+00",,autocomplete,"2026-04-13 08:40:38.397737+00"
ff71ec80-defe-440b-8e68-de581ea2e047,"insônia causas e tratamento",0,10,saude-mental,"Saúde Mental",insónia,t,"2026-04-13 08:39:19.763922+00",,autocomplete,"2026-04-13 08:39:19.763922+00"
ff83837c-a007-4ca5-b1b0-c77540a226dd,"tem tratamento para tdah adulto",0,10,saude-mental,"Saúde Mental","TDAH adulto",t,"2026-04-13 08:39:53.572317+00",,autocomplete,"2026-04-13 08:39:53.572317+00"
ff870a63-3ac3-4099-8d6a-7521490c6855,"o cancro da mama é hereditário",0,10,menopausa,Menopausa,"cancro da mama",t,"2026-04-13 08:40:55.173287+00",,autocomplete,"2026-04-13 08:40:55.173287+00"
ff8f4206-640f-4f52-bbb0-7d713ed2b2c3,"como tratar anemia falciforme",0,20,alimentacao,Alimentação,anemia,t,"2026-04-13 08:40:38.397737+00",,autocomplete,"2026-04-13 08:40:38.397737+00"
ffac3dd0-d1b9-43e2-af7e-7bf9e8cea44e,"sintomas de demência e alzheimer",0,60,saude-mental,"Saúde Mental",demência,t,"2026-04-13 08:40:27.20613+00",,autocomplete,"2026-04-13 08:40:27.20613+00"
ffb32973-e4b4-4b0f-bfc3-8cedd2c0c8b8,"touca enxaqueca",150,20,saude-mental,"Saúde Mental",enxaqueca,f,"2026-03-23 07:40:03.267191+00",,pytrends,"2026-03-27 18:34:47.925931+00"
ffba2477-185c-47f3-9973-25220e9e6df2,"triptanos para enxaqueca",190,52,saude-mental,"Saúde Mental",enxaqueca,f,"2026-04-13 08:36:05.931314+00",,pytrends,"2026-04-13 08:36:05.931314+00"
ffbde065-8557-4096-bf84-2ed53fd248e5,"é normal ter candidiase antes da menstruação",0,10,menopausa,Menopausa,candidíase,t,"2026-04-13 08:40:43.957484+00",,autocomplete,"2026-04-13 08:40:43.957484+00"
ffc98dde-f5bf-4e35-9f9d-cc624b9c51e0,"tratamento natural para menopausa precoce",0,10,menopausa,Menopausa,"menopausa precoce",t,"2026-04-13 08:37:50.002306+00",,autocomplete,"2026-04-13 08:37:50.002306+00"
ffe4ab1a-fc98-4988-a654-eb39f33ceaea,"intolerância ao glúten tratamento",0,10,alimentacao,Alimentação,"intolerância ao glúten",t,"2026-04-13 08:37:05.051837+00",,autocomplete,"2026-04-13 08:37:05.051837+00"
fff9256a-6d8a-4917-b286-efeacc530a59,"burnout tratamento medicamentoso",0,10,saude-mental,"Saúde Mental",burnout,t,"2026-04-13 08:38:34.941684+00",,autocomplete,"2026-04-13 08:38:34.941684+00"
ffff19e0-12a5-45c8-a48c-113d59c4fc24,"como se prevenir da diabetes tipo 2",0,10,alimentacao,Alimentação,"diabetes tipo 2",t,"2026-04-13 08:42:47.656406+00",,autocomplete,"2026-04-13 08:42:47.656406+00"