id,title,outlet,date,url,related_term,created_at,source_type,keyword_id
0000f09d-8ddf-4bb4-b88e-5f0258449005,"5 Vinkkiä Jackpottien Valloittamiseen Rizk Casinolla","SP Enfermagem de Saúde Familiar",2026-03-19,https://spesf.pt/5-vinkkia-jackpottien-valloittamiseen-rizk-casinolla/,"síndrome de intestino irritável","2026-04-10 06:00:57.104762+00",institucional,
001df82a-c6c6-4183-8f8f-63365ee9f6f1,"<![CDATA[Ex-toureiro espanhol morre subitamente no dia em que fazia 55 anos ]]>","Notícias ao Minuto",2026-08-28,https://www.noticiasaominuto.com/mundo/3042956/ex-toureiro-espanhol-morre-subitamente-no-dia-em-que-fazia-55-anos#utm_source=rss-ultima-hora&amp;utm_medium=rss&amp;utm_campaign=rssfeed,"refluxo gastroesofágico","2026-08-31 06:00:09.311004+00",media,
00287b6f-9e2d-4d93-a7da-1466a535fa63,"<![CDATA[Santa Clara fecha pré-época com 'chapa três' ao Arouca]]>","Notícias ao Minuto",2026-07-25,https://www.noticiasaominuto.com/desporto/3027333/santa-clara-fecha-pre-epoca-com-chapa-tres-ao-arouca#utm_source=rss-ultima-hora&amp;utm_medium=rss&amp;utm_campaign=rssfeed,"perturbação obsessivo-compulsiva","2026-07-27 06:00:07.629701+00",media,
002c7d3f-fb44-4263-b199-827abcff6898,"Candidatos ao Conselho de Opinião contestam financiamento",Observador,2026-04-14,https://observador.pt/2026/04/15/situacao-financeira-domina-audicao-dos-candidatos-ao-conselho-de-opiniao-da-rtp/,candidíase,"2026-04-15 06:00:06.456811+00",media,
00a0c9e7-b742-4bd6-b5fc-390ca02d9409,"<![CDATA[Partido dos Trabalhadores oficializa Lula como candidato presidencial]]>","Notícias ao Minuto",2026-08-02,https://www.noticiasaominuto.com/mundo/3031049/partido-dos-trabalhadores-oficializa-lula-como-candidato-presidencial#utm_source=rss-ultima-hora&amp;utm_medium=rss&amp;utm_campaign=rssfeed,candidíase,"2026-08-02 06:00:09.596979+00",media,
00b6e74f-b95f-4432-9bb3-7f2671a69707,"<![CDATA[Os candidatos à vitória no Mundial que podem estragar o sonho de Portugal]]>","Notícias ao Minuto",2026-06-09,https://www.noticiasaominuto.com/desporto/3002510/os-candidatos-a-vitoria-no-mundial-que-podem-estragar-o-sonho-de-portugal#utm_source=rss-ultima-hora&amp;utm_medium=rss&amp;utm_campaign=rssfeed,candidíase,"2026-06-10 06:00:05.688843+00",media,
00dc421d-f1af-48ae-aa12-6e6cdf6bc8da,"Spot4Dis: nova aplicação promove mobilidade inclusiva através do mapeamento de lugares de estacionamento","Sociedade Portuguesa de Esclerose Múltipla",2026-07-07,https://spem.pt/blog/2026/07/07/spot4dis-nova-aplicacao-promove-mobilidade-inclusiva-atraves-do-mapeamento-de-lugares-de-estacionamento/,"perturbações do espectro do autismo","2026-07-23 06:00:52.536397+00",institucional,
00df8942-7242-4ea9-a080-c0fb628b1919,"<![CDATA[CPLP. Brasil justifica candidatura à presidência com alternância regional]]>","Notícias ao Minuto",2026-07-11,https://www.noticiasaominuto.com/pais/3019965/cplp-brasil-justifica-candidatura-a-presidencia-com-alternancia-regional#utm_source=rss-ultima-hora&amp;utm_medium=rss&amp;utm_campaign=rssfeed,candidíase,"2026-07-12 06:00:08.606874+00",media,
00f24fcc-1ea6-4d70-a6c0-f97160c217bf,"<![CDATA[3 receitas de sopas frias para sobreviver aos dias quentes]]>","Notícias ao Minuto",2026-06-19,https://www.noticiasaominuto.com/lifestyle/3007922/3-receitas-de-sopas-frias-para-sobreviver-aos-dias-quentes#utm_source=rss-ultima-hora&amp;utm_medium=rss&amp;utm_campaign=rssfeed,"síndrome do ovário poliquístico","2026-06-21 06:00:24.958542+00",media,
01312950-a7fd-490c-80b1-e01f744d0218,"Sessões informativas sobre Qualidade do Ar Interior &#8211; 3ª edição 2026",INSA,2026-09-02,https://www.insa.min-saude.pt/sessoes-informativas-sobre-qualidade-do-ar-interior-3a-edicao-2026/,"poluição e saúde","2026-09-04 06:00:16.212111+00",institucional,
017461cf-f109-4c83-808c-149310d69e55,"5h. Mourinho regressa ao Real Madrid",Observador,2026-06-08,https://observador.pt/programas/noticiario/as-noticias-das-5h-1534/,candidíase,"2026-06-08 06:00:09.934682+00",media,
01920e9a-a923-4aa7-a0ec-18c92039306c,"<![CDATA[Lágrimas, stresse e notas de -3 (que não se percebem): As pautas no Porto]]>","Notícias ao Minuto",2026-07-18,https://www.noticiasaominuto.com/pais/3023631/lagrimas-stresse-e-notas-de-3-que-nao-se-percebem-as-pautas-no-porto#utm_source=rss-ultima-hora&amp;utm_medium=rss&amp;utm_campaign=rssfeed,ansiedade,"2026-07-20 06:00:12.191085+00",media,
01b23096-8747-44c0-8c48-8cf5fc3587f1,"<![CDATA[Utentes apelam a médicos para que receitem novos genéricos para diabetes]]>","Notícias ao Minuto",2026-08-11,https://www.noticiasaominuto.com/pais/3034880/utentes-apelam-a-medicos-para-que-receitem-novos-genericos-para-diabetes#utm_source=rss-ultima-hora&amp;utm_medium=rss&amp;utm_campaign=rssfeed,"diabetes tipo 2","2026-08-12 06:00:09.004678+00",media,
01b9554f-c899-49d9-b91f-e2626135f184,"<![CDATA[Greenpeace aponta para mil milhões por ano para prevenção de incêndios]]>","Notícias ao Minuto",2026-08-17,https://www.noticiasaominuto.com/mundo/3037698/greenpeace-aponta-para-mil-milhoes-por-ano-para-prevencao-de-incendios#utm_source=rss-ultima-hora&amp;utm_medium=rss&amp;utm_campaign=rssfeed,"perturbações do espectro do autismo","2026-08-19 06:00:15.699292+00",media,
01df6de5-df86-4533-b287-1c9510f6fc3e,"<![CDATA[Hong Kong promete rever alerta de stress térmico após recorde de temperatura]]>","Notícias ao Minuto",2026-08-11,https://www.noticiasaominuto.com/mundo/3034971/hong-kong-promete-rever-alerta-de-stress-termico-apos-recorde-de-temperatura#utm_source=rss-ultima-hora&amp;utm_medium=rss&amp;utm_campaign=rssfeed,ansiedade,"2026-08-13 06:00:12.208572+00",media,
022804d9-d0c2-48f1-873c-24f79da20b92,"<![CDATA[Candidato a secretário-geral Grossi quer ONU mais focada a negociar paz]]>","Notícias ao Minuto",2026-05-29,https://www.noticiasaominuto.com/mundo/2997902/candidato-a-secretario-geral-grossi-quer-onu-mais-focada-a-negociar-paz#utm_source=rss-ultima-hora&amp;utm_medium=rss&amp;utm_campaign=rssfeed,candidíase,"2026-05-30 06:00:10.38129+00",media,
0239ae5f-9d5a-4f1b-846b-a5c337dbd820,"<![CDATA[Ana Capeta falha playoff do Mundial2027 e tem época em risco na Juventus]]>","Notícias ao Minuto",2026-09-07,https://www.noticiasaominuto.com/desporto/3047791/ana-capeta-falha-play-off-do-mundial2027-e-tem-epoca-em-risco-na-juventus#utm_source=rss-ultima-hora&amp;utm_medium=rss&amp;utm_campaign=rssfeed,"perturbação obsessivo-compulsiva","2026-09-08 06:00:09.844586+00",media,
027830c8-0abe-4464-926a-55003d0d8240,"<![CDATA[Erro na limpeza cerebral pode ser uma causa comum de Alzheimer e ELA]]>","Notícias ao Minuto",2026-07-29,https://www.noticiasaominuto.com/lifestyle/3028862/erro-na-limpeza-cerebral-pode-ser-uma-causa-comum-de-alzheimer-e-ela#utm_source=rss-ultima-hora&amp;utm_medium=rss&amp;utm_campaign=rssfeed,alzheimer,"2026-07-30 06:00:41.97847+00",media,
028fc2a0-be10-4faa-b4b1-2f93cffeb6d4,"<![CDATA[João Félix imparável na nova época. Avançado volta a marcar pelo Al Nassr]]>","Notícias ao Minuto",2026-08-21,https://www.noticiasaominuto.com/desporto/3039810/joao-felix-imparavel-na-nova-epoca-avancado-volta-a-marcar-pelo-al-nassr#utm_source=rss-ultima-hora&amp;utm_medium=rss&amp;utm_campaign=rssfeed,"perturbação obsessivo-compulsiva","2026-08-22 06:00:09.293988+00",media,
0295400e-53a7-491d-8c99-e343ca198d50,"<![CDATA[""É comum pensar-se em stress, cansaço ou depressão antes da tiroide""]]>","Notícias ao Minuto",2026-05-25,https://www.noticiasaominuto.com/lifestyle/2995212/e-comum-pensar-se-em-stress-cansaco-ou-depressao-antes-da-tiroide#utm_source=rss-ultima-hora&amp;utm_medium=rss&amp;utm_campaign=rssfeed,ansiedade,"2026-05-26 06:00:09.324361+00",media,
02af5829-07a9-4af1-bcde-64714ca8acf7,"<![CDATA[MPLA? Pré-candidatos admitem impugnar candidatura de João Lourenço]]>","Notícias ao Minuto",2026-06-09,https://www.noticiasaominuto.com/mundo/3002791/mpla-pre-candidatos-admitem-impugnar-candidatura-de-joao-lourenco#utm_source=rss-ultima-hora&amp;utm_medium=rss&amp;utm_campaign=rssfeed,candidíase,"2026-06-10 06:00:05.688843+00",media,
02bde047-d69a-4510-a252-bd33c5d2d57d,"Mauricio fez de Ted e pôs o Lasso para a Missão Impossível",Observador,2026-06-13,https://observador.pt/2026/06/13/mauricio-inspirou-se-em-ted-e-colocou-o-lasso-para-dar-inicio-a-missao-impossivel-no-duelo-centenario-a-cronica-do-eua-paraguai/,"perturbação obsessivo-compulsiva","2026-06-13 06:00:07.113927+00",media,
02c83be3-bb4d-4a06-ac00-11c29b913462,"APA dá 100 mil euros à Galé Fontainhas após estragos",Observador,2026-04-23,https://observador.pt/2026/04/24/apa-financia-com-100-mil-euros-reabilitacao-da-praia-da-gale-fontainhas-apos-tempestades-baixarem-cota-em-mais-de-quatro-metros/,"perturbação obsessivo-compulsiva","2026-04-24 06:00:08.514018+00",media,
02ca5b1d-230c-4c4a-a8b2-579c24322e65,"“Vamos ficar de olhos abertos”: Comissão Europeia promove campanha pelos direitos das vítimas de crime",APAV,2026-08-12,https://apav.pt/vamos-ficar-de-olhos-abertos-comissao-europeia-promove-campanha-pelos-direitos-das-vitimas-de-crime/,"síndrome do ovário poliquístico","2026-08-16 06:01:01.808521+00",institucional,
02f8cbe4-5deb-4f8f-9c5b-37ee78fd2797,"Candidata ao Miss Brasil Europa 2026 visita a APAV",APAV,2026-09-03,https://apav.pt/candidata-ao-miss-brasil-europa-2026-visita-a-apav/,candidíase,"2026-09-09 06:01:08.363994+00",institucional,
0320f7aa-c36c-44bd-8be3-bfb91c97b084,"<![CDATA[Imigração de fora da OCDE é motor do PIB por trabalhador]]>","Notícias ao Minuto",2026-06-30,https://www.noticiasaominuto.com/economia/3013541/imigracao-de-fora-da-ocde-e-motor-do-pib-por-trabalhador#utm_source=rss-ultima-hora&amp;utm_medium=rss&amp;utm_campaign=rssfeed,"perturbação obsessivo-compulsiva","2026-07-01 06:00:13.168736+00",media,
034689c5-f908-40ec-8bfb-8805bf492cac,"<![CDATA[Política comercial de Trump é ""versão descarada"" do que Washington já fazia]]>","Notícias ao Minuto",2026-04-17,https://www.noticiasaominuto.com/economia/2974698/politica-comercial-de-trump-e-versao-descarada-do-que-washington-ja-fazia#utm_source=rss-ultima-hora&amp;utm_medium=rss&amp;utm_campaign=rssfeed,"refluxo gastroesofágico","2026-04-18 06:00:07.618753+00",media,
0346a8cb-3fda-453a-8b70-816697e48b68,"<![CDATA[Diabetes. Muita atenção a estes sinais na pele, nos olhos e pés]]>","Notícias ao Minuto",2026-06-09,https://www.noticiasaominuto.com/lifestyle/3002492/diabetes-muita-atencao-a-estes-sinais-na-pele-nos-olhos-e-pes#utm_source=rss-ultima-hora&amp;utm_medium=rss&amp;utm_campaign=rssfeed,"diabetes tipo 2","2026-06-10 06:00:05.688843+00",media,
03492af8-0326-4ffd-8a84-63e192921f75,"SAD 1662/2025 &#8211; Aquisição de Serviços de Cloud Computing &#8211; Término da 2ª Ronda de Qualificação de Candidatos",SPMS,2026-07-17,https://www.spms.min-saude.pt/2026/07/sad-1662-2025-aquisicao-de-servicos-de-cloud-computing-termino-da-2a-ronda-de-qualificacao-de-candidatos/,candidíase,"2026-07-19 06:00:18.77987+00",institucional,
0353e33a-3b4d-41b1-abc9-e2bcd205ddf3,"<![CDATA[3 hábitos diários que podem estar a aumentar os seus níveis de colesterol]]>","Notícias ao Minuto",2026-08-06,https://www.noticiasaominuto.com/lifestyle/3032923/3-habitos-diarios-que-podem-estar-a-aumentar-os-seus-niveis-de-colesterol#utm_source=rss-ultima-hora&amp;utm_medium=rss&amp;utm_campaign=rssfeed,"colesterol alto","2026-08-07 06:00:08.574076+00",media,
035f01a8-524e-4cc9-bf37-be9cb126c6eb,"<![CDATA[Leões da casa. Quem pode ter ganho pontos na pré-época do Sporting?]]>","Notícias ao Minuto",2026-08-03,https://www.noticiasaominuto.com/desporto/3030912/leoes-da-casa-quem-pode-ter-ganho-pontos-na-pre-epoca-do-sporting#utm_source=rss-ultima-hora&amp;utm_medium=rss&amp;utm_campaign=rssfeed,"perturbação obsessivo-compulsiva","2026-08-05 06:00:10.761498+00",media,
03ba83ca-8d31-4a17-af12-f8ae87060843,"<![CDATA[Navio naufragado da época romana descoberto em Itália]]>","Notícias ao Minuto",2026-08-08,https://www.noticiasaominuto.com/mundo/3033941/navio-naufragado-da-epoca-romana-descoberto-em-italia#utm_source=rss-ultima-hora&amp;utm_medium=rss&amp;utm_campaign=rssfeed,"perturbação obsessivo-compulsiva","2026-08-09 06:00:11.264131+00",media,
03c5ead1-5fce-4e33-94eb-e3c6108b9630,"<![CDATA[Mourinho à sua imagem disparou contra tudo e todos em época pelo Benfica]]>","Notícias ao Minuto",2026-06-09,https://www.noticiasaominuto.com/desporto/3002984/mourinho-a-sua-imagem-disparou-contra-tudo-e-todos-em-epoca-pelo-benfica#utm_source=rss-ultima-hora&amp;utm_medium=rss&amp;utm_campaign=rssfeed,"perturbação obsessivo-compulsiva","2026-06-10 06:00:05.688843+00",media,
03da0dae-6354-4fa7-a689-aab12294807b,"Long covid: novos estudos revelam danos cerebrais persistentes",Observador,2025-01-25,https://observador.pt/long-covid-cerebro,"long covid","2026-03-08 12:35:50.177732+00",media,
03e3cb52-069b-4b07-b6d7-115c6c38d7a9,"<![CDATA[Vício no YouTube? Empresa defende-se e diz que não é uma rede social]]>","Notícias ao Minuto",2026-07-16,https://www.noticiasaominuto.com/tech/3022445/vicio-no-youtube-empresa-defende-se-e-diz-que-nao-e-uma-rede-social#utm_source=rss-ultima-hora&amp;utm_medium=rss&amp;utm_campaign=rssfeed,dependências,"2026-07-17 06:00:10.134984+00",media,
0416e77f-79b9-4b01-b667-041f1bad0573,"O Uber da droga dos famosos",Observador,2026-06-08,https://observador.pt/programas/a-hist-ria-do-dia/o-uber-da-droga-dos-famosos/,"refluxo gastroesofágico","2026-06-08 06:00:09.934682+00",media,
04177588-f2e0-48f1-9a88-df2d9ed92e1a,"<![CDATA[Pastel de frango cremoso: Receita dos hot pockets americanos com legumes]]>","Notícias ao Minuto",2026-06-29,https://www.noticiasaominuto.com/lifestyle/3012839/pastel-de-frango-cremoso-receita-dos-hot-pockets-americanos-com-legumes#utm_source=rss-ultima-hora&amp;utm_medium=rss&amp;utm_campaign=rssfeed,"perturbação obsessivo-compulsiva","2026-06-30 06:00:14.244257+00",media,
0435b400-55b8-4d33-8a59-8ea49b5d1dd2,"<![CDATA[Colesterol alto? 3 coisas que os cardiologistas querem que pare de fazer]]>","Notícias ao Minuto",2026-08-22,https://www.noticiasaominuto.com/lifestyle/3037696/colesterol-alto-3-coisas-que-os-cardiologistas-querem-que-pare-de-fazer#utm_source=rss-ultima-hora&amp;utm_medium=rss&amp;utm_campaign=rssfeed,"colesterol alto","2026-08-25 06:00:08.032206+00",media,
04825d22-7ce5-4752-8971-8afda8f941e8,"&quot;Só uma hecatombe faz com que o Porto não ganhe campeonato&quot;",Observador,2026-04-19,https://observador.pt/programas/relat-rio-de-jogo/so-um-hecatombe-faz-com-que-o-porto-nao-ganhe-o-campeonato/,"perturbação obsessivo-compulsiva","2026-04-20 06:00:06.941151+00",media,
048ac45f-0498-4db8-b5b2-46c2b39a9b2f,"<![CDATA[Gil Vicente arranca preparação da época 2026/27 com um reforço]]>","Notícias ao Minuto",2026-06-29,https://www.noticiasaominuto.com/desporto/3013108/gil-vicente-arranca-preparacao-da-epoca-202627-com-um-reforco#utm_source=rss-ultima-hora&amp;utm_medium=rss&amp;utm_campaign=rssfeed,"perturbação obsessivo-compulsiva","2026-06-30 06:00:14.244257+00",media,
04cbc29a-d729-4e6c-9e27-5411ebc6bff5,"<![CDATA[Presidenciais no Brasil: Oficializada candidatura de Flávio Bolsonaro]]>","Notícias ao Minuto",2026-07-25,https://www.noticiasaominuto.com/mundo/3027409/presidenciais-no-brasil-oficializada-candidatura-de-flavio-bolsonaro#utm_source=rss-ultima-hora&amp;utm_medium=rss&amp;utm_campaign=rssfeed,candidíase,"2026-07-27 06:00:07.629701+00",media,
04d08be6-0f90-45d7-af71-7da27c385e11,"Lisboa indica rede de jardins e equipamentos para enfrentar o calor","Conselho Português para a Saúde e Ambiente",2026-07-03,https://cpsa.pt/noticias/portugal-noticias/lisboa-indica-rede-de-jardins-e-equipamentos-para-enfrentar-o-calor/,"calor extremo e saúde","2026-07-18 06:00:55.399798+00",institucional,
04e849a7-09a9-457c-a1ed-cba8a24fc21e,"<![CDATA[Infarmed dá parecer negativo a medicamentos inovadores para Alzheimer]]>","Notícias ao Minuto",2026-07-22,https://www.noticiasaominuto.com/pais/3025375/infarmed-da-parecer-negativo-a-medicamentos-inovadores-para-alzheimer#utm_source=rss-ultima-hora&amp;utm_medium=rss&amp;utm_campaign=rssfeed,alzheimer,"2026-07-24 06:00:08.480521+00",media,
05461583-1b24-43f6-af12-e5f6bbd53749,"Constitucional anula expulsão de Daniel Adrião do PS",Observador,2026-04-25,https://observador.pt/2026/04/25/tribunal-constitucional-anula-expulsao-de-daniel-adriao-que-tinha-sido-decidida-pelo-ps/,candidíase,"2026-04-26 06:00:06.983427+00",media,
0552b2b4-9223-4759-9db1-243bcf39fb93,"Mpox transmite-se pelo ar? Verificação de factos",Polígrafo,2025-03-04,https://poligrafo.sapo.pt/mpox-ar,"mpox portugal","2026-03-08 12:35:50.177732+00",factcheck,
056f44ba-45eb-4dea-a9fe-9066df15c142,"Bolsa de Investigação Projeto “Mobile Bio-lab to support first response in arbovirus outbreaks – MOBVEC”",INSA,2026-06-18,https://www.insa.min-saude.pt/bolsa-de-investigacao-projeto-mobile-bio-lab-to-support-first-response-in-arbovirus-outbreaks-mobvec-3/,candidíase,"2026-06-19 06:00:49.596594+00",institucional,
0574fba1-cee1-4242-a0f5-b960a038d77a,"Lisboa indica rede de jardins e equipamentos para enfrentar o calor","Conselho Português para a Saúde e Ambiente",2026-07-03,https://cpsa.pt/noticias/portugal-noticias/lisboa-indica-rede-de-jardins-e-equipamentos-para-enfrentar-o-calor/,"calor extremo e saúde","2026-07-17 06:01:19.315306+00",institucional,
05952a55-25ad-429e-bef9-1321b431db73,"Acessos Medicina. Diretor alvo de suspensão de um mês e meio",Observador,2026-09-10,https://observador.pt/programas/onde-para-o-caso/acessos-medicina-diretor-alvo-de-suspensao-de-um-mes-e-meio/,candidíase,"2026-09-10 06:00:04.385469+00",media,
059612bf-ea82-448a-9f0a-628000c11fed,"<![CDATA[Real Madrid fecha pré-época com vitória (e Bernardo Silva a titular)]]>","Notícias ao Minuto",2026-08-16,https://www.noticiasaominuto.com/desporto/3037312/real-madrid-fecha-pre-epoca-com-vitoria-e-bernardo-silva-a-titular#utm_source=rss-ultima-hora&amp;utm_medium=rss&amp;utm_campaign=rssfeed,"perturbação obsessivo-compulsiva","2026-08-17 06:00:10.187489+00",media,
05c53b83-5757-4d6f-b732-8add9ab8de42,"Pepa é o novo treinador do Estrela da Amadora para as próximas duas épocas",RTP,2026-06-12,https://www.rtp.pt/noticias/futebol-nacional/pepa-e-o-novo-treinador-do-estrela-da-amadora-para-as-proximas-duas-epocas_d1746834,"perturbação obsessivo-compulsiva","2026-06-13 06:00:07.909656+00",media,
05dae823-6165-4f03-9296-4a56eedc9511,"<![CDATA[Castro Almeida afirma que só falta resolver uma candidatura em Ourém]]>","Notícias ao Minuto",2026-06-20,https://www.noticiasaominuto.com/pais/3008642/castro-almeida-afirma-que-so-falta-resolver-uma-candidatura-em-ourem#utm_source=rss-ultima-hora&amp;utm_medium=rss&amp;utm_campaign=rssfeed,candidíase,"2026-06-21 06:00:24.958542+00",media,
05e25a36-3b0c-4bfa-ba43-e038270b914f,"<![CDATA[Novo medicamento pode ser a cura para a diabetes? Resultados surpreendem]]>","Notícias ao Minuto",2026-04-09,https://www.noticiasaominuto.com/lifestyle/2969601/novo-medicamento-pode-ser-a-cura-para-a-diabetes-resultados-surpreendem#utm_source=rss-ultima-hora&amp;utm_medium=rss&amp;utm_campaign=rssfeed,"diabetes tipo 2","2026-04-10 06:00:11.391883+00",media,
060e85f8-02da-48ce-a03a-e6847bc7bcc4,"<![CDATA[Pipoca Mais Doce forçada a adiar espetáculos ""por aconselhamento médico""]]>","Notícias ao Minuto",2026-09-11,https://www.noticiasaominuto.com/fama/3049800/pipoca-mais-doce-forcada-a-adiar-espetaculos-por-aconselhamento-medico#utm_source=rss-ultima-hora&amp;utm_medium=rss&amp;utm_campaign=rssfeed,"perturbação obsessivo-compulsiva","2026-09-14 06:00:12.111358+00",media,
064a0039-9b1f-46de-b52b-ed25ad32c9f0,"<![CDATA[Homem com ""enfarte do miocárdio"" resgatado pela Marinha nos Açores]]>","Notícias ao Minuto",2026-07-17,https://www.noticiasaominuto.com/pais/3023366/homem-com-enfarte-do-miocardio-resgatado-pela-marinha-nos-acores#utm_source=rss-ultima-hora&amp;utm_medium=rss&amp;utm_campaign=rssfeed,"doenças cardiovasculares","2026-07-20 06:00:12.191085+00",media,
0679f756-258e-4fa3-b396-6857bd2621aa,"<![CDATA[Chegar, ver e marcar. Eis o primeiro golo de Cristiano Ronaldo esta época]]>","Notícias ao Minuto",2026-08-21,https://www.noticiasaominuto.com/desporto/3039813/chegar-ver-e-marcar-eis-o-primeiro-golo-de-cristiano-ronaldo-esta-epoca#utm_source=rss-ultima-hora&amp;utm_medium=rss&amp;utm_campaign=rssfeed,"perturbação obsessivo-compulsiva","2026-08-22 06:00:09.293988+00",media,
06849139-d94a-4f14-b6e5-649f972dfd7f,"<![CDATA[Segunda fase do E-Lar conta com 60 mil candidaturas: Quantas foram pagas?]]>","Notícias ao Minuto",2026-05-19,https://www.noticiasaominuto.com/economia/2991822/segunda-fase-do-e-lar-conta-com-60-mil-candidaturas-quantas-foram-pagas#utm_source=rss-ultima-hora&amp;utm_medium=rss&amp;utm_campaign=rssfeed,candidíase,"2026-05-20 06:00:08.835469+00",media,
06badeea-84d1-4854-97c4-7382a804bd31,"3h. 40% dos profissionais foram vítimas de assédio laboral",Observador,2026-05-15,https://observador.pt/programas/noticiario/as-noticias-das-3h-2324/,solidão,"2026-05-15 06:00:05.82873+00",media,
06bb0f50-c32c-4a51-8e5f-b12d070d6c8f,"<![CDATA[Cabo Verde: Três candidatos disputam liderança do partido da oposição]]>","Notícias ao Minuto",2026-08-06,https://www.noticiasaominuto.com/mundo/3033050/cabo-verde-tres-candidatos-disputam-lideranca-do-partido-da-oposicao#utm_source=rss-ultima-hora&amp;utm_medium=rss&amp;utm_campaign=rssfeed,candidíase,"2026-08-07 06:00:08.574076+00",media,
06bebfdc-9fd1-4bf9-847c-99d344800f26,"15h Orgãos externos: alargdo prazo para listas candidatas",RTP,2026-04-02,https://www.rtp.pt/noticias/noticiario-antena1/15h-orgaos-externos-alargdo-prazo-para-listas-candidatas_a1_1731094,candidíase,"2026-04-03 06:00:24.660175+00",media,
06c9abfb-7772-420b-8448-8b271b062e8c,"CPSA contribui para declaração europeia que exige maior ação face a ondas de calor","Conselho Português para a Saúde e Ambiente",2026-07-24,https://cpsa.pt/noticias/cpsa-noticias/cpsa-declaracao-europeia-maior-acao-ondas-de-calor/,"calor extremo e saúde","2026-08-01 06:01:12.402331+00",institucional,
06cf2cb5-cdd1-4717-9704-2feece2bec00,"<![CDATA[Júlio Vieira de Castro anuncia candidatura às eleições do Vitória SC]]>","Notícias ao Minuto",2026-05-07,https://www.noticiasaominuto.com/desporto/2985633/julio-vieira-de-castro-anuncia-candidatura-as-eleicoes-do-vitoria-sc#utm_source=rss-ultima-hora&amp;utm_medium=rss&amp;utm_campaign=rssfeed,candidíase,"2026-05-08 06:00:08.82177+00",media,
06f07eca-c8dc-4b03-b088-e98761c731f5,"Que provas tenho de fazer? Um guia para esta época de exames e de acesso ao superior",Público,2026-06-15,https://www.publico.pt/2026/06/15/sociedade/noticia/provas-guia-epoca-exames-acesso-superior-2177488,"perturbação obsessivo-compulsiva","2026-06-15 06:00:46.352978+00",media,
071331c6-919c-43de-a122-b97191f2d7a9,"SPPSM apoia 2.ª edição da sessão formativa sobre Autismo e PHDA no Adulto","SP Psiquiatria e Saúde Mental",2026-06-01,https://www.sppsm.org/sppsm-apoia-2-a-edicao-da-sessao-formativa-sobre-autismo-e-phda-no-adulto/,"perturbações do espectro do autismo","2026-08-23 06:00:57.903932+00",institucional,
0724011c-561f-4863-b6bb-fabff760618b,"<![CDATA[Bugalho aponta ""hipocrisia"" ao PS e garante: ""Neves não é um problema""]]>","Notícias ao Minuto",2026-08-22,https://www.noticiasaominuto.com/politica/3039913/bugalho-aponta-hipocrisia-ao-ps-e-garante-neves-nao-e-um-problema#utm_source=rss-ultima-hora&amp;utm_medium=rss&amp;utm_campaign=rssfeed,"perturbação obsessivo-compulsiva","2026-08-23 06:00:14.075723+00",media,
07664d53-d3e2-45fd-ba9a-2052e73ef964,"<![CDATA[Bomba em Inglaterra. Guardiola vai deixar o Man. City no final da época]]>","Notícias ao Minuto",2026-05-18,https://www.noticiasaominuto.com/desporto/2992126/bomba-em-inglaterra-guardiola-deve-deixar-o-man-city-no-final-da-epoca#utm_source=rss-ultima-hora&amp;utm_medium=rss&amp;utm_campaign=rssfeed,"perturbação obsessivo-compulsiva","2026-05-19 06:00:06.176873+00",media,
07886574-1bc1-4f24-b5aa-1b32fa7949ab,"SPPSM apoia 2.ª edição da sessão formativa sobre Autismo e PHDA no Adulto","SP Psiquiatria e Saúde Mental",2026-06-01,https://www.sppsm.org/sppsm-apoia-2-a-edicao-da-sessao-formativa-sobre-autismo-e-phda-no-adulto/,"perturbações do espectro do autismo","2026-08-20 06:00:47.632198+00",institucional,
079d1e45-e294-48cb-a7e1-3a684b2a5d34,"<![CDATA[Intensidade e foco. FC Porto revela mais detalhes de 1.º dia de pré-época]]>","Notícias ao Minuto",2026-07-01,https://www.noticiasaominuto.com/desporto/3014639/intensidade-e-foco-fc-porto-revela-mais-detalhes-de-1-dia-de-pre-epoca#utm_source=rss-ultima-hora&amp;utm_medium=rss&amp;utm_campaign=rssfeed,"perturbação obsessivo-compulsiva","2026-07-02 06:00:06.429497+00",media,
07a95044-7554-4256-9a27-685742c5add5,"<![CDATA[Lula recebe Bachelet e reitera apoio à candidatura da chilena para ONU]]>","Notícias ao Minuto",2026-05-11,https://www.noticiasaominuto.com/mundo/2988127/lula-recebe-bachelet-e-reitera-apoio-a-candidatura-da-chilena-para-onu#utm_source=rss-ultima-hora&amp;utm_medium=rss&amp;utm_campaign=rssfeed,candidíase,"2026-05-12 06:00:06.86756+00",media,
07c75237-5ef5-4c0e-a458-ec05d8e9a9df,"<![CDATA[Nova época, mais oportunidades. Quem poderá sorrir se Mourinho sair?]]>","Notícias ao Minuto",2026-05-14,https://www.noticiasaominuto.com/desporto/2989198/nova-epoca-mais-oportunidades-quem-podera-sorrir-se-mourinho-sair#utm_source=rss-ultima-hora&amp;utm_medium=rss&amp;utm_campaign=rssfeed,"perturbação obsessivo-compulsiva","2026-05-15 06:00:09.033335+00",media,
07d09426-c66e-4c66-b505-eb5fe559efb5,"<![CDATA[Orçamento do Sporting para a época 2025/26 foi aprovado pelos sócios]]>","Notícias ao Minuto",2026-07-25,https://www.noticiasaominuto.com/desporto/3027484/orcamento-do-sporting-para-a-epoca-202526-foi-aprovado-pelos-socios#utm_source=rss-ultima-hora&amp;utm_medium=rss&amp;utm_campaign=rssfeed,"perturbação obsessivo-compulsiva","2026-07-26 06:00:07.731392+00",media,
07e47a09-5daa-45bc-9898-3ff7ced67e2d,"Spiny za 30 darmowych spinów bananas bahamas rejestrację: Odbierz darmowe bonusy jak i również graj smacznie automaty!","SP Enfermagem de Saúde Familiar",2026-06-30,https://spesf.pt/spiny-za-30-darmowych-spinow-bananas-bahamas-rejestracje-odbierz-darmowe-bonusy-jak-i-rowniez-graj-smacznie-automaty/,"perturbação obsessivo-compulsiva","2026-06-30 06:00:57.975366+00",institucional,
07f950ec-8bf4-47bf-957f-c2ca1c2526c2,"Lisboa: cidade armadilhada",Observador,2026-06-30,https://observador.pt/opiniao/lisboa-cidade-armadilhada/,"refluxo gastroesofágico","2026-07-01 06:00:11.591713+00",media,
0818daf5-b7ed-44ee-b878-40f0c0aa3f25,"3h. Ventura espera que o primeiro-ministro demita MAI",Observador,2026-07-23,https://observador.pt/programas/noticiario/as-noticias-das-3h-2384/,"perturbação obsessivo-compulsiva","2026-07-23 06:00:08.684195+00",media,
08568f68-c03f-4a10-ad12-12906c74213a,"Ordem dos Médicos alerta para falta de psiquiatras no SNS","Ordem dos Médicos",2025-03-05,https://ordemdosmedicos.pt/falta-psiquiatras,depressão,"2026-03-08 12:35:50.177732+00",institucional,
08b165f4-80f9-4670-a3ae-61700bda78d2,"<![CDATA[Glória. Um ano após tragédia, irmãs relembram morte dos pais: ""Pânico""]]>","Notícias ao Minuto",2026-09-03,https://www.noticiasaominuto.com/pais/3045960/gloria-um-ano-apos-tragedia-irmas-relembram-morte-dos-pais-panico#utm_source=rss-ultima-hora&amp;utm_medium=rss&amp;utm_campaign=rssfeed,pânico,"2026-09-06 06:00:05.47152+00",media,
08d3a2d4-bcd6-405b-9dcd-ca3b2c436855,"Linha 1411 apoiou mais de 12 mil pessoas nos primeiros seis meses",SPMS,2026-03-19,https://www.spms.min-saude.pt/2026/03/linha-1411-apoiou-mais-de-12-mil-pessoas-nos-primeiros-seis-meses/,suicídio,"2026-03-20 16:31:24.475693+00",institucional,
08e01e8a-6bc2-4004-b9bc-9894c472390f,"<![CDATA[Jantar ""Mar à Mesa"" promove candidatura de arte xávega à UNESCO]]>","Notícias ao Minuto",2026-09-06,https://www.noticiasaominuto.com/mundo/3047101/jantar-do-mar-a-mesa-na-caparica-promove-candidatura-de-arte-xavega-a-unesco#utm_source=rss-ultima-hora&amp;utm_medium=rss&amp;utm_campaign=rssfeed,candidíase,"2026-09-08 06:00:09.844586+00",media,
08e4cebe-077b-4c64-ab0d-829f90ea831b,"<![CDATA[Médico do FC Porto deixa garantia sobre enfarte de Casillas]]>","Notícias ao Minuto",2026-07-01,https://www.noticiasaominuto.com/desporto/3014702/medico-do-fc-porto-deixa-garantia-sobre-enfarte-de-casillas#utm_source=rss-ultima-hora&amp;utm_medium=rss&amp;utm_campaign=rssfeed,"doenças cardiovasculares","2026-07-02 06:00:06.429497+00",media,
08ebf3ee-1944-48a4-8dfd-55f753555268,"A malha do centeio: românticas memórias",Observador,2026-06-03,https://observador.pt/programas/a-historia-das-historias/a-malha-do-centeio-romanticas-memorias/,dependências,"2026-06-03 06:00:09.178373+00",media,
090e8b1b-ab14-4673-9fb8-d9dbfcaf58a3,"França: Incêndios florestais obrigam a retirar milhares",Observador,2026-07-02,https://observador.pt/2026/07/03/vaga-de-incendios-florestais-devasta-sul-de-franca-mais-de-3-000-retirados-e-8-700-hectares-queimados/,"perturbação obsessivo-compulsiva","2026-07-03 06:00:12.47244+00",media,
0911e371-6b38-4811-97f8-2cde60319edb,"5h Flávio Bolsonaro oficializa candidatura a presidente do Brasil",RTP,2026-07-26,https://www.rtp.pt/noticias/noticiario-antena1/5h-flavio-bolsonaro-oficializa-candidatura-a-presidente-do-brasil_a1_1755920,candidíase,"2026-07-26 06:00:06.931847+00",media,
092b51ba-e2e2-426c-8189-7bada5b1a509,"A Sopa dos Camaradas",Observador,2026-05-15,https://observador.pt/opiniao/a-sopa-dos-camaradas/,"síndrome do ovário poliquístico","2026-05-16 06:00:09.260445+00",media,
093aa790-8609-4b3d-b23e-c093b8a2911b,"<![CDATA[Oficial: Ruly García assina com o Tondela por duas épocas]]>","Notícias ao Minuto",2026-07-16,https://www.noticiasaominuto.com/desporto/3022612/oficial-ruly-garcia-assina-com-o-tondela-por-duas-epocas#utm_source=rss-ultima-hora&amp;utm_medium=rss&amp;utm_campaign=rssfeed,"perturbação obsessivo-compulsiva","2026-07-18 06:00:10.749625+00",media,
098af0b1-42cb-4900-85b5-64513e7590ac,"Fase de Apresentação de Candidaturas do SAD 2026/176 – Cadeiras de rodas e outros equipamentos",SPMS,2026-03-26,https://www.spms.min-saude.pt/2026/03/fase-de-apresentacao-de-candidaturas-do-sad-2026-176-cadeiras-de-rodas-e-outros-equipamentos/,candidíase,"2026-03-27 06:00:31.930523+00",institucional,
09a9cb2f-d397-4563-87bd-f3b42f41c59f,"<![CDATA[Esta erva aromática é barata, versátil e rica em vitaminas]]>","Notícias ao Minuto",2026-05-14,https://www.noticiasaominuto.com/lifestyle/2989847/esta-erva-aromatica-e-barata-versatil-e-rica-em-vitaminas#utm_source=rss-ultima-hora&amp;utm_medium=rss&amp;utm_campaign=rssfeed,"suplementos alimentares","2026-05-15 06:00:09.033335+00",media,
09d78aaf-3480-48b1-a149-59f1cc189f9c,"<![CDATA[Trabalha ao calor? DGS lança alerta para stress térmico nos próximos dias]]>","Notícias ao Minuto",2026-08-13,https://www.noticiasaominuto.com/pais/3036058/trabalha-ao-calor-dgs-lanca-alerta-para-stress-termico-nos-proximos-dias#utm_source=rss-ultima-hora&amp;utm_medium=rss&amp;utm_campaign=rssfeed,ansiedade,"2026-08-14 06:00:11.985508+00",media,
09f68026-e3f4-482c-9133-a17ca6916fe2,"Justiça abre a porta. Le Pen aproveita e anuncia candidatura",Observador,2026-07-07,https://observador.pt/especiais/justica-deixou-a-porta-aberta-a-uma-candidatura-e-le-pen-aproveitou-mas-corrida-vai-ser-feita-sempre-em-conjunto-com-jordan-bardella/,candidíase,"2026-07-08 06:00:16.025611+00",media,
0a29dd4a-9e42-4b7a-9dc5-edfddac0b3f6,"<![CDATA[Está de férias? Depressão ""atípica"" traz chuva, vento e agitação marítima]]>","Notícias ao Minuto",2026-08-20,https://www.noticiasaominuto.com/pais/3039121/esta-de-ferias-depressao-atipica-traz-chuva-vento-e-agitacao-maritima#utm_source=rss-ultima-hora&amp;utm_medium=rss&amp;utm_campaign=rssfeed,depressão,"2026-08-21 06:00:10.348707+00",media,
0a6a324e-19c0-4872-85d2-4b086f35e79a,"<![CDATA[Cientistas chineses querem tratar depressão com robôs de IA ]]>","Notícias ao Minuto",2026-08-28,https://www.noticiasaominuto.com/tech/3042741/cientistas-chineses-querem-tratar-depressao-com-robos-de-ia#utm_source=rss-ultima-hora&amp;utm_medium=rss&amp;utm_campaign=rssfeed,depressão,"2026-08-29 06:00:11.446272+00",media,
0a82beb5-80a6-4a12-9fff-4c2af463566c,"Instituto Ricardo Jorge promove II Conferência do Centro Colaborativo da OMS em Nutrição e Obesidade Infantil",INSA,2026-09-04,https://www.insa.min-saude.pt/instituto-ricardo-jorge-promove-ii-conferencia-do-centro-colaborativo-da-oms-em-nutricao-e-obesidade-infantil/,"obesidade infantil","2026-09-13 06:00:14.687589+00",institucional,
0a94604c-81aa-415c-9c3d-32fc18471379,"<![CDATA[""Não usem o autismo para se promoverem. É muito feio. Tenham mas é juízo""]]>","Notícias ao Minuto",2026-07-28,https://www.noticiasaominuto.com/fama/3028394/nao-usem-o-autismo-para-se-promoverem-e-muito-feio-tenham-mas-e-juizo#utm_source=rss-ultima-hora&amp;utm_medium=rss&amp;utm_campaign=rssfeed,"perturbações do espectro do autismo","2026-07-29 06:00:07.041086+00",media,
0aa7e6ab-ef76-4a32-bfe8-4d16f9a21e99,"Sharpen your game: Win big with these celebrated casino tricks","SP Enfermagem de Saúde Familiar",2026-06-26,https://spesf.pt/sharpen-your-game-win-big-with-these-celebrated-casino-tricks/,"síndrome do ovário poliquístico","2026-06-26 06:00:57.879902+00",institucional,
0aab31b7-23a9-4b77-bace-b1fb7c4461e9,"<![CDATA[Momento de pânico em autocarro quando rio transborda no Nepal. Veja]]>","Notícias ao Minuto",2026-08-26,https://www.noticiasaominuto.com/mundo/3041775/momento-de-panico-em-autocarro-quando-rio-transborda-no-nepal-veja#utm_source=rss-ultima-hora&amp;utm_medium=rss&amp;utm_campaign=rssfeed,pânico,"2026-08-27 06:00:12.714325+00",media,
0ad1d514-905e-4bfe-92b5-20222eaed2e5,"Quando o piloto automático não tem piloto",Observador,2026-05-02,https://observador.pt/opiniao/quando-o-piloto-automatico-nao-tem-piloto/,candidíase,"2026-05-03 06:00:08.401998+00",media,
0ada077d-6c92-40d8-be0b-da05016c10fe,"SPPSM lança 1.º Concurso de Expressão Artística","SP Psiquiatria e Saúde Mental",2026-06-12,https://www.sppsm.org/sppsm-lanca-1-o-concurso-de-expressao-artistica/,candidíase,"2026-06-13 06:00:44.092222+00",institucional,
0ae36636-7559-4e7d-8518-8ae8041916b6,"<![CDATA[Muita atenção! Sinal precoce de Alzheimer pode revelar-se no banho]]>","Notícias ao Minuto",2026-06-16,https://www.noticiasaominuto.com/lifestyle/3005834/muita-atencao-sinal-precoce-de-alzheimer-pode-revelar-se-no-banho#utm_source=rss-ultima-hora&amp;utm_medium=rss&amp;utm_campaign=rssfeed,alzheimer,"2026-06-17 06:00:07.436327+00",media,
0af2bd25-464f-4a78-9eea-a7e96bfb386a,"Módulo 2","Sociedade Portuguesa de Cardiologia",2026-04-08,https://spc.pt/curso-atualizacao-2026/modulo-2-2/,"perturbações do espectro do autismo","2026-04-11 06:00:43.798028+00",institucional,
0b187547-d8e1-4c20-8382-a41685081599,"IP3 reaberto após derrame de resina em Penacova",Observador,2026-07-24,https://observador.pt/2026/07/24/ip3-reaberto-em-todos-os-sentidos-apos-cinco-dias-de-corte-por-derrame-de-resina-em-penacova/,avc,"2026-07-25 06:00:05.272339+00",media,
0b80ecd0-36a2-40d4-aaea-dff314271ad8,"FC Porto campeão após época a liderar",RTP,2026-05-02,https://www.rtp.pt/noticias/fc-porto/fc-porto-campeao-apos-epoca-a-liderar_d1738570,"perturbação obsessivo-compulsiva","2026-05-03 06:00:09.337862+00",media,
0b853b70-0588-432a-a7e4-58376070ee02,"<![CDATA[Moldova. Sandu escolheu Vasile Tofan como candidato a primeiro-ministro]]>","Notícias ao Minuto",2026-07-11,https://www.noticiasaominuto.com/mundo/3020020/moldova-sandu-escolheu-vasile-tofan-como-candidato-a-primeiro-ministro#utm_source=rss-ultima-hora&amp;utm_medium=rss&amp;utm_campaign=rssfeed,candidíase,"2026-07-12 06:00:08.606874+00",media,
0b85c1be-4c3c-4bcd-948b-5df9e57a19c7,"Spot4Dis: nova aplicação promove mobilidade inclusiva através do mapeamento de lugares de estacionamento","Sociedade Portuguesa de Esclerose Múltipla",2026-07-07,https://spem.pt/blog/2026/07/07/spot4dis-nova-aplicacao-promove-mobilidade-inclusiva-atraves-do-mapeamento-de-lugares-de-estacionamento/,"perturbações do espectro do autismo","2026-07-25 06:00:53.922758+00",institucional,
0b9a6ef4-aa33-4688-9216-44d594027516,"<![CDATA[Cai de bancada e morre durante concerto. Fazia 25 anos de casamento]]>","Notícias ao Minuto",2026-06-22,https://www.noticiasaominuto.com/mundo/3009354/cai-de-bancada-e-morre-durante-concerto-fazia-25-anos-de-casamento#utm_source=rss-ultima-hora&amp;utm_medium=rss&amp;utm_campaign=rssfeed,"refluxo gastroesofágico","2026-06-23 06:00:12.64499+00",media,
0b9ee686-9f57-4f0e-8e61-29956ac3ea40,"<![CDATA[Gigantesca massa de gelo bloqueia a rota para Evereste pouco antes da época alta]]>","Notícias ao Minuto",2026-04-25,https://www.noticiasaominuto.com/mundo/2979164/gigantesca-massa-de-gelo-bloqueia-a-rota-para-evereste-pouco-antes-da-epoca-alta#utm_source=rss-ultima-hora&amp;utm_medium=rss&amp;utm_campaign=rssfeed,"perturbação obsessivo-compulsiva","2026-04-25 06:00:09.022742+00",media,
0bd77dd7-e1d1-406b-802f-6effc362296a,"Luva, máscara e um dérbi onde só sobrou a invencibilidade",Observador,2026-04-20,https://observador.pt/2026/04/20/luva-mascara-e-um-derbi-onde-so-sobrou-a-invencibilidade-sporting-e-benfica-voltam-a-empatar-na-fase-regular-do-campeonato/,"perturbação obsessivo-compulsiva","2026-04-21 06:00:05.148939+00",media,
0bd8eec8-5e59-4eff-be64-d4bdf14e1448,"<![CDATA[Livre critica candidatos do Chega ao Conselho de Opinião da RTP]]>","Notícias ao Minuto",2026-04-14,https://www.noticiasaominuto.com/politica/2972596/livre-critica-candidatos-do-chega-ao-conselho-de-opiniao-da-rtp#utm_source=rss-ultima-hora&amp;utm_medium=rss&amp;utm_campaign=rssfeed,candidíase,"2026-04-15 06:00:08.095381+00",media,
0be6a561-29c6-4526-9d12-7c3325a5f560,"Mundo não está preparado para nova pandemia",Observador,2026-05-19,https://observador.pt/2026/05/19/mundo-continua-mal-preparado-para-enfrentar-uma-pandemia-dizem-especialistas/,"long covid","2026-05-19 06:00:03.73867+00",media,
0c320e33-10a3-450f-bc25-11f101a45911,"Reunião integrar + 2025","SP Acidente Vascular Cerebral",2025-11-13,https://spavc.org/reuniao-integrar-2025/,avc,"2026-04-10 06:01:13.215451+00",institucional,
0c35f27f-40a9-4b63-9b74-ed9672161849,"Young Talents Contest 2027: Oportunidade Internacional para Internos","SP Medicina Interna",2026-09-12,https://www.spmi.pt/young-talents-contest-2027-oportunidade-internacional-para-internos/,candidíase,"2026-09-13 06:01:04.161572+00",institucional,
0c3b964c-00fb-43f5-8d0d-8fa4998682e9,"O apocalipse segundo o Sr. Juan e o Esquerda.Net",Observador,2026-04-19,https://observador.pt/opiniao/o-apocalipse-segundo-o-sr-juan-e-o-esquerda-net/,"perturbação obsessivo-compulsiva","2026-04-20 06:00:06.941151+00",media,
0c419ecb-cc80-41db-8d28-8de232f5e462,"André Cruz. &quot;Finais no Jamor são sempre difíceis&quot;",Observador,2026-05-22,https://observador.pt/programas/resposta-pronta/andre-cruz-finais-no-jamor-sao-sempre-dificeis/,"perturbação obsessivo-compulsiva","2026-05-22 06:00:06.0391+00",media,
0c8a576c-0b1a-4c00-b48a-5abcc5e6ef43,"<![CDATA[Árbitros boicotam trabalhos de início de época após áudios de Proença]]>","Notícias ao Minuto",2026-07-31,https://www.noticiasaominuto.com/desporto/3030506/arbitros-boicotam-trabalhos-de-inicio-de-epoca-apos-audios-de-proenca#utm_source=rss-ultima-hora&amp;utm_medium=rss&amp;utm_campaign=rssfeed,"perturbação obsessivo-compulsiva","2026-08-01 06:00:08.893027+00",media,
0c8b428e-ac16-481e-8c5a-bef4468a66d6,"25,3 milhões pagos a famílias afetadas pelas intempéries",Observador,2026-07-15,https://observador.pt/2026/07/16/ccdr-lvt-pagou-apoios-a-5-899-familias-afetadas-pelas-intemperies-mas-admite-nao-estar-preparada-para-tragedia-desta-dimensao/,candidíase,"2026-07-16 06:00:08.567686+00",media,
0cd8a389-c73a-4775-ae90-024887663eb3,"Lúcia Amaral justifica demissão com perda de autoridade",Observador,2026-06-08,https://observador.pt/2026/06/09/ex-ministra-da-administracao-interna-justificou-demissao-com-perda-de-autoridade/,depressão,"2026-06-09 06:00:08.385532+00",media,
0d1f66a9-70cc-40db-b725-89df037d9865,"<![CDATA[Rússia acusa candidatos franceses de usar ""ameaça russa"" em campanha]]>","Notícias ao Minuto",2026-08-25,https://www.noticiasaominuto.com/mundo/3041356/moscovo-acusa-candidatos-as-presidenciais-em-franca-de-invocarem-ameaca-russa-sem-razao#utm_source=rss-ultima-hora&amp;utm_medium=rss&amp;utm_campaign=rssfeed,candidíase,"2026-08-27 06:00:12.714325+00",media,
0d225272-c7f3-459e-971a-890d1085b316,"<![CDATA[A sua condução poderá prever risco de demência. Eis os sinais de alerta]]>","Notícias ao Minuto",2026-05-31,https://www.noticiasaominuto.com/lifestyle/2985433/a-sua-conducao-podera-prever-risco-de-demencia-eis-os-sinais-de-alerta#utm_source=rss-ultima-hora&amp;utm_medium=rss&amp;utm_campaign=rssfeed,demência,"2026-06-01 06:00:11.673805+00",media,
0d343022-0dbd-435c-beb4-60b13e4da6fa,"<![CDATA[Eclipse do Sporting quase fazia 'dói-dói', mas ferida levou três pontos]]>","Notícias ao Minuto",2026-08-15,https://www.noticiasaominuto.com/desporto/3036848/eclipse-do-sporting-quase-fazia-doi-doi-mas-ferida-levou-tres-pontos#utm_source=rss-ultima-hora&amp;utm_medium=rss&amp;utm_campaign=rssfeed,"refluxo gastroesofágico","2026-08-17 06:00:10.187489+00",media,
0d3e10c9-0b16-4185-a26a-d3031a11ba99,"Leonardo Buta deixa Rio Ave após final de empréstimo de meia época",RTP,2026-06-19,https://www.rtp.pt/noticias/futebol-nacional/leonardo-buta-deixa-rio-ave-apos-final-de-emprestimo-de-meia-epoca_d1748253,"perturbação obsessivo-compulsiva","2026-06-20 06:00:08.835869+00",media,
0d471dd3-4eb9-47ca-9000-6257bd162a44,"<![CDATA[Trincão admite frustração com empate, mas nega ""ansiedade"" na equipa ]]>","Notícias ao Minuto",2026-04-26,https://www.noticiasaominuto.com/desporto/2979845/trincao-admite-frustracao-com-empate-mas-nega-ansiedade-na-equipa#utm_source=rss-ultima-hora&amp;utm_medium=rss&amp;utm_campaign=rssfeed,ansiedade,"2026-04-27 06:00:09.617431+00",media,
0d931fef-67c1-4884-b228-92b80a573b00,"<![CDATA[Air France-KLM. Candidata à compra da TAP passa de lucro a prejuízo]]>","Notícias ao Minuto",2026-07-30,https://www.noticiasaominuto.com/economia/3029612/air-france-klm-candidata-a-compra-da-tap-passa-de-lucro-a-prejuizo#utm_source=rss-ultima-hora&amp;utm_medium=rss&amp;utm_campaign=rssfeed,candidíase,"2026-07-31 06:00:13.014067+00",media,
0dbcb95b-ce0d-4216-920b-b1f0cb3ca896,"<![CDATA[No Dia dos Avós, Igreja Católica apela ao combate à solidão dos idosos]]>","Notícias ao Minuto",2026-07-26,https://www.noticiasaominuto.com/pais/3027624/no-dia-dos-avos-igreja-catolica-apela-ao-combate-a-solidao-dos-idosos#utm_source=rss-ultima-hora&amp;utm_medium=rss&amp;utm_campaign=rssfeed,solidão,"2026-07-28 06:00:06.037697+00",media,
0dd6f054-3860-497b-934c-c49954cc7b99,"CPSA contribui para declaração europeia que exige maior ação face a ondas de calor","Conselho Português para a Saúde e Ambiente",2026-07-24,https://cpsa.pt/noticias/cpsa-noticias/cpsa-declaracao-europeia-maior-acao-ondas-de-calor/,"calor extremo e saúde","2026-08-06 06:00:59.339402+00",institucional,
0dfdd2b9-db13-444f-a61a-b582bba99123,"<![CDATA['Chapelada' no Paços de Ferreira-Feirense é candidata a golo da jornada]]>","Notícias ao Minuto",2026-05-03,https://www.noticiasaominuto.com/desporto/2983297/chapelada-no-pacos-de-ferreira-feirense-e-candidata-a-golo-da-jornada#utm_source=rss-ultima-hora&amp;utm_medium=rss&amp;utm_campaign=rssfeed,candidíase,"2026-05-04 06:00:09.672583+00",media,
0e3248fd-1d34-43fa-bc95-7bb30ac5d24d,"A maior vitória da época e o mesmo FC Porto de sempre",Público,2026-08-29,https://www.publico.pt/2026/08/29/desporto/cronica_de_jogo/maior-vitoria-epoca-fc-porto-2186476,"perturbação obsessivo-compulsiva","2026-08-30 06:00:08.32774+00",media,
0e4d7282-f8e2-41a5-aa4b-c161a0f8f103,"<![CDATA[Duplo homicida do ""Apeadeiro"" do Montijo roubou arma a inspetor da PJ]]>","Notícias ao Minuto",2026-05-18,https://www.noticiasaominuto.com/pais/2991791/duplo-homicida-do-apeadeiro-do-montijo-roubou-arma-a-inspetor-da-pj#utm_source=rss-ultima-hora&amp;utm_medium=rss&amp;utm_campaign=rssfeed,"perturbações do espectro do autismo","2026-05-19 06:00:06.176873+00",media,
0e5a900c-c77e-41e1-8c5f-311c87986bac,"<![CDATA[Robbie Williams diagnosticado com autismo. ""Explica muita coisa""]]>","Notícias ao Minuto",2026-08-15,https://www.noticiasaominuto.com/fama/3036923/robbie-williams-diagnosticado-com-autismo-explica-muita-coisa#utm_source=rss-ultima-hora&amp;utm_medium=rss&amp;utm_campaign=rssfeed,"perturbações do espectro do autismo","2026-08-17 06:00:10.187489+00",media,
0e648b5b-10fb-4892-9621-7cf11a3f6b5f,"<![CDATA[Marítimo ainda sem 'caras' novas inicia pré-época com 22 futebolistas]]>","Notícias ao Minuto",2026-07-01,https://www.noticiasaominuto.com/desporto/3014333/maritimo-ainda-sem-caras-novas-inicia-pre-epoca-com-22-futebolistas#utm_source=rss-ultima-hora&amp;utm_medium=rss&amp;utm_campaign=rssfeed,"perturbação obsessivo-compulsiva","2026-07-02 06:00:06.429497+00",media,
0e775661-84e6-433e-9f60-d2652ba75076,"Einzahlung bei RagingBullCasino.de: Schritt für Schritt – Review für Spieler aus Deutschland","SP Enfermagem de Saúde Familiar",2026-06-24,https://spesf.pt/einzahlung-bei-ragingbullcasino-de-schritt-fur-schritt-review-fur-spieler-aus-deutschland/,"síndrome do ovário poliquístico","2026-06-24 06:00:43.917614+00",institucional,
0e9fb613-1669-4020-8d51-27155ba508b5,"<![CDATA[Peaq Sportline: O maior SUV da Skoda na sua vertente mais desportiva]]>","Notícias ao Minuto",2026-06-24,https://www.noticiasaominuto.com/auto/3010585/peaq-sportline-o-maior-suv-da-skoda-na-sua-vertente-mais-desportiva#utm_source=rss-ultima-hora&amp;utm_medium=rss&amp;utm_campaign=rssfeed,"perturbações do espectro do autismo","2026-06-25 06:00:18.090096+00",media,
0eae80fd-a886-4049-b9bf-ffbd7bea06d8,"<![CDATA[""Tranquilidade de Cristiano Ronaldo vai importar em momentos de stress""]]>","Notícias ao Minuto",2026-06-13,https://www.noticiasaominuto.com/desporto/3004618/tranquilidade-de-cristiano-ronaldo-vai-importar-em-momentos-de-stress#utm_source=rss-ultima-hora&amp;utm_medium=rss&amp;utm_campaign=rssfeed,ansiedade,"2026-06-13 06:00:08.613791+00",media,
0ecd7ace-50a6-449f-99a7-1b3ce1e571ca,"<![CDATA[Callum Hudson-Odoi desfalca Forest de Vítor Pereira até ao final da época]]>","Notícias ao Minuto",2026-04-21,https://www.noticiasaominuto.com/desporto/2977018/callum-hudson-odoi-desfalca-forest-de-vitor-pereira-ate-ao-final-da-epoca#utm_source=rss-ultima-hora&amp;utm_medium=rss&amp;utm_campaign=rssfeed,"perturbação obsessivo-compulsiva","2026-04-22 06:00:12.405074+00",media,
0ed54164-7fe6-4902-8d9b-dcf6890fdf9b,"<![CDATA[Orçamento do Benfica para a época 2026/27 aprovado por 54,57%]]>","Notícias ao Minuto",2026-06-27,https://www.noticiasaominuto.com/desporto/3012401/orcamento-do-benfica-para-a-epoca-202627-aprovado-por-54-57#utm_source=rss-ultima-hora&amp;utm_medium=rss&amp;utm_campaign=rssfeed,"perturbação obsessivo-compulsiva","2026-06-28 06:00:12.190479+00",media,
0f03f367-43e9-461d-8237-0d99588d0a4b,"<![CDATA[Misturar medicamentos para o colesterol com esta bebida pode ser perigoso]]>","Notícias ao Minuto",2026-04-15,https://www.noticiasaominuto.com/lifestyle/2972828/misturar-medicamentos-para-o-colesterol-com-esta-bebida-pode-ser-perigoso#utm_source=rss-ultima-hora&amp;utm_medium=rss&amp;utm_campaign=rssfeed,"colesterol alto","2026-04-16 06:00:09.337214+00",media,
0f1305ef-ded7-401b-8d88-05cd104a02bd,"<![CDATA[FIFA desmente suborno de Infantino a Marrocos para apoio a recandidatura ]]>","Notícias ao Minuto",2026-08-05,https://www.noticiasaominuto.com/desporto/3032662/fifa-desmente-suborno-de-infantino-a-marrocos-para-apoio-a-recandidatura#utm_source=rss-ultima-hora&amp;utm_medium=rss&amp;utm_campaign=rssfeed,candidíase,"2026-08-07 06:00:08.574076+00",media,
0f2e39a3-e82a-42a7-b1bf-f8c112ec5b2b,"<![CDATA[CPLP. Brasil justifica candidatura à presidência com alternância regional]]>","Notícias ao Minuto",2026-07-11,https://www.noticiasaominuto.com/pais/3019965/cplp-brasil-justifica-candidatura-a-presidencia-com-alternancia-regional#utm_source=rss-ultima-hora&amp;utm_medium=rss&amp;utm_campaign=rssfeed,candidíase,"2026-07-14 06:00:07.455812+00",media,
0f5efdcf-ea5b-42ac-998b-2ab7a2df4c30,"Lei laboral ou o suicídio dos sindicatos",Observador,2026-04-13,https://observador.pt/opiniao/lei-laboral-ou-o-suicidio-dos-sindicatos/,suicídio,"2026-04-14 06:00:06.284817+00",media,
0f617b25-2b34-4012-9e50-600836d2b736,"<![CDATA[Detalhes da época especial de exames serão divulgados hoje]]>","Notícias ao Minuto",2026-07-21,https://www.noticiasaominuto.com/pais/3024763/detalhes-da-epoca-especial-de-exames-serao-divulgados-hoje#utm_source=rss-ultima-hora&amp;utm_medium=rss&amp;utm_campaign=rssfeed,"perturbação obsessivo-compulsiva","2026-07-22 06:00:06.724704+00",media,
0fa9b80d-ebb1-4ebf-8399-2cea049c4943,"Coimbra reabilita Centro de Interpretação do Paul de Arzila",Observador,2026-08-14,https://observador.pt/2026/08/15/coimbra-reabilita-centro-de-interpretacao-do-paul-de-arzila-com-fundo-ambiental/,candidíase,"2026-08-15 06:00:09.743724+00",media,
0fbcacdd-004b-4cbd-ab70-0fdde06a68c7,"<![CDATA[""Amei-me gorda e amo-me magra"", diz Deslandes após fã falar em hipocrisia]]>","Notícias ao Minuto",2026-09-02,https://www.noticiasaominuto.com/fama/3045380/amei-me-gorda-e-amo-me-magra-diz-deslandes-apos-fa-falar-em-hipocrisia#utm_source=rss-ultima-hora&amp;utm_medium=rss&amp;utm_campaign=rssfeed,"perturbação obsessivo-compulsiva","2026-09-04 06:00:10.110953+00",media,
0fbfb541-8e57-4701-b4ad-ca5b6196bd4c,"<![CDATA[Três jogos, três vitórias. Alverca soma e segue na pré-época]]>","Notícias ao Minuto",2026-07-17,https://www.noticiasaominuto.com/desporto/3023152/tres-jogos-tres-vitorias-alverca-soma-e-segue-na-pre-epoca#utm_source=rss-ultima-hora&amp;utm_medium=rss&amp;utm_campaign=rssfeed,"perturbação obsessivo-compulsiva","2026-07-20 06:00:12.191085+00",media,
0fd39eb3-aaff-474c-aa14-854ae2cee938,"<![CDATA[Candidato a ministro da Saúde da Hungria dá (mais 1) espetáculo de dança]]>","Notícias ao Minuto",2026-05-10,https://www.noticiasaominuto.com/mundo/2987283/candidato-a-ministro-da-saude-da-hungria-da-mais-1-espetaculo-de-danca#utm_source=rss-ultima-hora&amp;utm_medium=rss&amp;utm_campaign=rssfeed,candidíase,"2026-05-11 06:00:10.493089+00",media,
0fe0d155-6f07-49cf-846f-bb2b0b2bc4d2,"<![CDATA[Família Bolsonaro 'semeia' candidatos para preservar capital político]]>","Notícias ao Minuto",2026-08-29,https://www.noticiasaominuto.com/mundo/3043245/familia-bolsonaro-semeia-candidatos-para-preservar-capital-politico-no-brasil-sociologa#utm_source=rss-ultima-hora&amp;utm_medium=rss&amp;utm_campaign=rssfeed,candidíase,"2026-08-30 06:00:09.990253+00",media,
100036cf-368e-4451-9fc4-f79b8b29262a,"Miguel, dos treinos e exames do 12.º à estreia pela equipa A",Observador,2026-07-23,https://observador.pt/2026/07/23/miguel-figueiredo-dos-treinos-de-elite-e-exames-do-12-o-ano-a-estreia-pela-equipa-a-benfica-estreou-quarto-campeao-mundial-sub-17/,"perturbação obsessivo-compulsiva","2026-07-24 06:00:07.045536+00",media,
108fdeaa-bd23-4d01-ad8c-b1b111d575c2,"<![CDATA[Ex-ministro conservador será candidato a presidenciais francesas]]>","Notícias ao Minuto",2026-04-19,https://www.noticiasaominuto.com/mundo/2975717/ex-ministro-conservador-sera-candidato-a-presidenciais-francesas#utm_source=rss-ultima-hora&amp;utm_medium=rss&amp;utm_campaign=rssfeed,candidíase,"2026-04-20 06:00:08.412601+00",media,
10d9f482-9e6d-49c8-a590-22d7310b1de9,"16h Aguaceiros e trovoadas para os próximos dias. Depois de uns dias de calor acima da média para a época",RTP,2026-04-26,https://www.rtp.pt/noticias/noticiario-antena1/16h-aguaceiros-e-trovoadas-para-os-proximos-dias-depois-de-uns-dias-de-calor-acima-da-media-para-a-epoca_a1_1737077,"perturbação obsessivo-compulsiva","2026-04-27 06:00:09.036943+00",media,
110b2632-65fc-419b-9445-a4e335b19daf,"<![CDATA[Marco Silva chama 6 jovens à pré-época e Jaden Umeh é para 'rebentar']]>","Notícias ao Minuto",2026-06-19,https://www.noticiasaominuto.com/desporto/3007824/marco-silva-chama-6-jovens-a-pre-epoca-e-jaden-umeh-e-para-rebentar#utm_source=rss-ultima-hora&amp;utm_medium=rss&amp;utm_campaign=rssfeed,"perturbação obsessivo-compulsiva","2026-06-19 06:00:45.839366+00",media,
11292186-ea58-43cb-b73f-261c1cbaceee,"SPPSM apoia 2.ª edição da sessão formativa sobre Autismo e PHDA no Adulto","SP Psiquiatria e Saúde Mental",2026-06-01,https://www.sppsm.org/sppsm-apoia-2-a-edicao-da-sessao-formativa-sobre-autismo-e-phda-no-adulto/,"perturbações do espectro do autismo","2026-09-02 06:00:48.17915+00",institucional,
112eea18-eeb7-4bae-9e5f-fae3bd381822,"<![CDATA[Três equipas na Champions em 2027/28 é 'chamariz' de nova época]]>","Notícias ao Minuto",2026-08-06,https://www.noticiasaominuto.com/desporto/3032841/tres-equipas-na-champions-em-202728-e-chamariz-de-nova-epoca#utm_source=rss-ultima-hora&amp;utm_medium=rss&amp;utm_campaign=rssfeed,"perturbação obsessivo-compulsiva","2026-08-07 06:00:08.574076+00",media,
1164fa96-af41-40ed-9805-41e21675e6bc,"Mulheres zangadas",Observador,2026-06-21,https://observador.pt/opiniao/mulheres-zangadas/,ansiedade,"2026-06-22 06:00:04.884156+00",media,
1196c9fd-de55-4a6c-afa4-b42def27e40f,"<![CDATA[Estrela da Amadora inicia jogos de pré-época frente ao Torreense]]>","Notícias ao Minuto",2026-07-09,https://www.noticiasaominuto.com/desporto/3019032/estrela-da-amadora-inicia-jogos-de-pre-epoca-frente-ao-torreense#utm_source=rss-ultima-hora&amp;utm_medium=rss&amp;utm_campaign=rssfeed,"perturbação obsessivo-compulsiva","2026-07-10 06:00:11.52006+00",media,
11a4ced0-8257-4f3e-a0d7-78c3b1660615,"<![CDATA[Rio Ave cumpre objetivo manutenção em época com altos e baixos]]>","Notícias ao Minuto",2026-05-18,https://www.noticiasaominuto.com/desporto/2991586/rio-ave-cumpre-objetivo-manutencao-em-epoca-com-altos-e-baixos#utm_source=rss-ultima-hora&amp;utm_medium=rss&amp;utm_campaign=rssfeed,"perturbação obsessivo-compulsiva","2026-05-19 06:00:06.176873+00",media,
11aed645-27f8-4f95-a5d1-db4512000c83,"<![CDATA[Alimento barato ajuda a reduzir risco de Alzheimer, conclui estudo]]>","Notícias ao Minuto",2026-08-07,https://www.noticiasaominuto.com/lifestyle/3033413/alimento-barato-ajuda-a-reduzir-risco-de-alzheimer-conclui-estudo#utm_source=rss-ultima-hora&amp;utm_medium=rss&amp;utm_campaign=rssfeed,alzheimer,"2026-08-09 06:00:11.264131+00",media,
11c2cecd-376c-4312-be5c-2588f5e32ac2,"<![CDATA[Autor de ""Simpsons"" candidata-se à Casa Branca (e prevê queda de Trump)]]>","Notícias ao Minuto",2026-05-29,https://www.noticiasaominuto.com/mundo/2997832/autor-dos-simpsons-candidata-se-a-casa-branca-e-preve-queda-de-trump#utm_source=rss-ultima-hora&amp;utm_medium=rss&amp;utm_campaign=rssfeed,candidíase,"2026-05-30 06:00:10.38129+00",media,
11c486bb-bca6-49a4-9727-296f8abff7a3,"<![CDATA[Oficial: Mons Bassouamina assina pelo Marítimo por uma época]]>","Notícias ao Minuto",2026-09-03,https://www.noticiasaominuto.com/desporto/3045954/avancado-franco-congoles-mons-bassouamina-assina-pelo-maritimo-por-uma-epoca#utm_source=rss-ultima-hora&amp;utm_medium=rss&amp;utm_campaign=rssfeed,"perturbação obsessivo-compulsiva","2026-09-04 06:00:10.110953+00",media,
1202af10-3b2f-47f8-91d5-ea4366a7d12f,"<![CDATA[App permite monitorizar dispersão do fumo dos incêndios e qualidade do ar]]>","Notícias ao Minuto",2026-08-03,https://www.noticiasaominuto.com/tech/3031539/app-permite-monitorizar-dispersao-do-fumo-dos-incendios-e-qualidade-do-ar#utm_source=rss-ultima-hora&amp;utm_medium=rss&amp;utm_campaign=rssfeed,"poluição e saúde","2026-08-05 06:00:10.761498+00",media,
1238c89e-2303-4881-a95f-e88b35789043,"OMS monitoriza surto de gripe aviária na Europa",RTP,2026-02-05,https://rtp.pt/gripe-aviaria-europa-2026,"gripe aviária","2026-03-08 11:22:47.09953+00",media,
12451acc-b8eb-4619-8976-09bb9927503d,"Dia Mundial da Obesidade: O impacto do excesso de peso na saúde da coluna","Sociedade Portuguesa Patologia Coluna Vertebral",2026-02-27,https://sppcv.org/artigos-de-opiniao/dia-mundial-da-obesidade-o-impacto-do-excesso-de-peso-na-saude-da-coluna/,"diabetes tipo 2","2026-04-10 06:00:42.39863+00",institucional,
124c3582-7a23-40d6-b259-813c9b231e83,"Montenegro diz que o povo está farto de eleições",RTP,2026-05-23,https://www.rtp.pt/noticias/politica/montenegro-diz-que-o-povo-esta-farto-de-eleicoes_n1742996,candidíase,"2026-05-23 06:00:09.388221+00",media,
126b20bc-1145-4810-93bd-3ceb41a840d8,"<![CDATA[Pânico e destruição no momento em que sismo atinge aeroporto na Venezuela]]>","Notícias ao Minuto",2026-06-25,https://www.noticiasaominuto.com/mundo/3010979/panico-e-destruicao-no-momento-em-que-sismo-atinge-aeroporto-na-venezuela#utm_source=rss-ultima-hora&amp;utm_medium=rss&amp;utm_campaign=rssfeed,pânico,"2026-06-26 06:00:16.145972+00",media,
12b214dc-4f50-4c92-a8e8-5572b9e20250,"Young Talents Contest 2027: Oportunidade Internacional para Internos","SP Medicina Interna",2026-09-12,https://www.spmi.pt/young-talents-contest-2027-oportunidade-internacional-para-internos/,candidíase,"2026-09-14 06:00:52.574387+00",institucional,
12bee0cc-110f-40b1-99e8-293c58d56481,"Candidata ao Miss Brasil Europa 2026 visita a APAV",APAV,2026-09-03,https://apav.pt/candidata-ao-miss-brasil-europa-2026-visita-a-apav/,candidíase,"2026-09-04 06:01:00.684944+00",institucional,
12c5dc6e-925c-4e87-a0e2-9149019cddf6,"Insegurança Artificial II — A propósito do Mythos",Observador,2026-04-26,https://observador.pt/opiniao/inseguranca-artificial-ii-a-proposito-do-mythos/,"refluxo gastroesofágico","2026-04-27 06:00:08.371635+00",media,
12d63b5f-644f-4082-9c9f-1534ded634b0,"CPSA contribui para declaração europeia que exige maior ação face a ondas de calor","Conselho Português para a Saúde e Ambiente",2026-07-24,https://cpsa.pt/noticias/cpsa-noticias/cpsa-declaracao-europeia-maior-acao-ondas-de-calor/,"calor extremo e saúde","2026-08-04 06:01:00.404467+00",institucional,
12f72ddd-1bcb-4a06-b03a-2310f88d5e86,"Os inimigos de Luís Neves",Observador,2026-07-27,https://observador.pt/opiniao/os-inimigos-de-luis-neves/,"refluxo gastroesofágico","2026-07-28 06:00:04.556113+00",media,
13173fbd-9f81-4e3b-891d-7d246ebac863,"<![CDATA[Já se sabe quando começa a pré-época do Benfica]]>","Notícias ao Minuto",2026-05-25,https://www.noticiasaominuto.com/desporto/2995398/ja-se-sabe-quando-comeca-a-pre-epoca-do-benfica#utm_source=rss-ultima-hora&amp;utm_medium=rss&amp;utm_campaign=rssfeed,"perturbação obsessivo-compulsiva","2026-05-26 06:00:09.324361+00",media,
13767352-4f89-4406-90a0-5d9d8b58af96,"Candidaturas à Orquestra do Alentejo até 25 de setembro",Observador,2026-08-19,https://observador.pt/2026/08/20/dgartes-alarga-prazo-de-candidaturas-para-criacao-da-orquestra-regional-do-alentejo/,candidíase,"2026-08-20 06:00:07.651532+00",media,
13a3c690-e9b4-47d2-ae70-0264612868db,"<![CDATA[Mãe em depressão matou três filhos. Nas redes sociais, há outra teoria]]>","Notícias ao Minuto",2026-08-14,https://www.noticiasaominuto.com/mundo/3036528/mae-em-depressao-matou-tres-filhos-nas-redes-sociais-ha-outra-teoria#utm_source=rss-ultima-hora&amp;utm_medium=rss&amp;utm_campaign=rssfeed,depressão,"2026-08-17 06:00:10.187489+00",media,
13cb6d07-d487-46f9-b3af-08837dfdcb58,"<![CDATA[""Só acabou dentro de um caixão aos 52 anos. O vício é que o matou""]]>","Notícias ao Minuto",2026-06-05,https://www.noticiasaominuto.com/fama/3000858/so-acabou-dentro-de-um-caixao-aos-52-anos-o-vicio-e-que-o-matou#utm_source=rss-ultima-hora&amp;utm_medium=rss&amp;utm_campaign=rssfeed,dependências,"2026-06-06 06:00:10.764271+00",media,
14c9076d-9c49-4126-8127-c5331617d64e,"<![CDATA[Moçambique: Aproximação de supostos terroristas cria pânico em Macomia]]>","Notícias ao Minuto",2026-09-10,https://www.noticiasaominuto.com/mundo/3049377/mocambique-aproximacao-de-supostos-terroristas-cria-panico-em-macomia#utm_source=rss-ultima-hora&amp;utm_medium=rss&amp;utm_campaign=rssfeed,pânico,"2026-09-13 06:00:09.495425+00",media,
14e1cd95-7026-40b2-b5d1-086e7eef5fe7,"Santos populares animam 12 bairros da Guarda",Observador,2026-06-09,https://observador.pt/2026/06/10/santos-populares-chegam-a-12-bairros-da-guarda-em-16-dias-de-festa-com-marchas-gastronomia-e-sem-concursos/,dependências,"2026-06-10 06:00:03.882258+00",media,
14e321ff-9627-4b08-b635-c43990d07c67,"SPPSM apoia 2.ª edição da sessão formativa sobre Autismo e PHDA no Adulto","SP Psiquiatria e Saúde Mental",2026-06-01,https://www.sppsm.org/sppsm-apoia-2-a-edicao-da-sessao-formativa-sobre-autismo-e-phda-no-adulto/,"perturbações do espectro do autismo","2026-08-24 06:00:46.363003+00",institucional,
14fed67f-e00f-40dd-a305-8326275d8e21,"18h. IPMA coloca 17 distritos sob aviso amarelo",Observador,2026-05-09,https://observador.pt/programas/noticiario/as-noticias-das-18h-2039/,depressão,"2026-05-10 06:00:05.503204+00",media,
150e3699-5ac9-4fb3-9dc9-3c9476f9bacc,"<![CDATA[6 hábitos inofensivos que podem disfarçar ""grandes níveis de ansiedade""]]>","Notícias ao Minuto",2026-07-15,https://www.noticiasaominuto.com/lifestyle/3022116/6-habitos-inofensivos-que-podem-disfarcar-grandes-niveis-de-ansiedade#utm_source=rss-ultima-hora&amp;utm_medium=rss&amp;utm_campaign=rssfeed,ansiedade,"2026-07-17 06:00:10.134984+00",media,
15215658-9141-4d89-984f-f788e23e16c9,"<![CDATA[Muitos perguntaram a receita: ""Há quem não goste. Sopa tem sempre tomate""]]>","Notícias ao Minuto",2026-08-22,https://www.noticiasaominuto.com/fama/3039013/muitos-perguntaram-a-receita-ha-quem-nao-goste-sopa-tem-sempre-tomate#utm_source=rss-ultima-hora&amp;utm_medium=rss&amp;utm_campaign=rssfeed,"síndrome do ovário poliquístico","2026-08-25 06:00:08.032206+00",media,
153226ea-1d3a-4202-9634-e888edbe45b7,"&lt;em&gt;Kristin&lt;/em&gt;: câmaras avaliaram 73% dos pedidos de apoio a casas, 29 autarquias ainda a zeros",Público,2026-07-03,https://www.publico.pt/2026/07/03/politica/noticia/kristin-camaras-avaliaram-73-pedidos-apoio-casas-29-autarquias-zeros-2180305,candidíase,"2026-07-03 06:00:12.306803+00",media,
154ff0c0-563d-492f-8e8d-70378bcdd4c9,"<![CDATA[Está de férias? Depressão ""atípica"" traz chuva, vento e agitação marítima]]>","Notícias ao Minuto",2026-08-20,https://www.noticiasaominuto.com/pais/3039121/esta-de-ferias-depressao-atipica-traz-chuva-vento-e-agitacao-maritima#utm_source=rss-ultima-hora&amp;utm_medium=rss&amp;utm_campaign=rssfeed,depressão,"2026-08-23 06:00:14.075723+00",media,
15550e3a-94bb-4ba1-8685-ba59edf95fb5,"Mourinho deixou de ser opção, Jesus tornou-se a única via",Observador,2026-07-07,https://observador.pt/2026/07/07/mourinho-deixou-de-ser-opcao-a-sucessao-tornou-se-uma-opcao-unica-jorge-jesus-a-caminho-da-selecao/,candidíase,"2026-07-07 06:00:06.203533+00",media,
15838760-70cd-44e2-8cf6-436dfd75a58e,"<![CDATA[Desaconselhados banhos em praias de Penacova e Coimbra por derrame no IP3]]>","Notícias ao Minuto",2026-07-21,https://www.noticiasaominuto.com/pais/3025075/desaconselhados-banhos-em-praias-de-penacova-e-coimbra-por-derrame-no-ip3#utm_source=rss-ultima-hora&amp;utm_medium=rss&amp;utm_campaign=rssfeed,avc,"2026-07-22 06:00:06.724704+00",media,
15b0d66a-e2b9-4a97-a534-ede27bb43ed4,"Ondas de calor: líderes locais e regionais pedem mais dinheiro para mitigar os efeitos das alterações climáticas",RTP,2026-07-02,https://www.rtp.pt/noticias/pais/ondas-de-calor-lideres-locais-e-regionais-pedem-mais-dinheiro-para-mitigar-os-efeitos-das-alteracoes-climaticas_n1750971,"calor extremo e saúde","2026-07-03 06:00:13.219901+00",media,
15b8068b-dcd4-4582-8012-5378a5a04a35,"<![CDATA[Candidaturas à administração da RTP têm de ser apresentadas até 15 de setembro]]>","Notícias ao Minuto",2026-07-10,https://www.noticiasaominuto.com/pais/3019564/candidaturas-a-administracao-da-rtp-tem-de-ser-apresentadas-ate-15-de-setembro#utm_source=rss-ultima-hora&amp;utm_medium=rss&amp;utm_campaign=rssfeed,candidíase,"2026-07-11 06:00:11.060245+00",media,
15f2ae41-48e6-4435-b84e-7a121cd04d97,"<![CDATA[Candidaturas ao Superior terminam hoje. Há mais inscritos do que em 2025]]>","Notícias ao Minuto",2026-08-06,https://www.noticiasaominuto.com/pais/3032784/candidaturas-ao-superior-terminam-hoje-ha-mais-inscritos-do-que-em-2025#utm_source=rss-ultima-hora&amp;utm_medium=rss&amp;utm_campaign=rssfeed,candidíase,"2026-08-08 06:00:08.519628+00",media,
1611a030-67d1-4742-b25e-e1861c245902,"<![CDATA[6 dicas essenciais para uma estadia de hotel sem stress (ou imprevistos)]]>","Notícias ao Minuto",2026-06-12,https://www.noticiasaominuto.com/lifestyle/3004424/6-dicas-essenciais-para-uma-estadia-de-hotel-sem-stress-ou-imprevistos#utm_source=rss-ultima-hora&amp;utm_medium=rss&amp;utm_campaign=rssfeed,ansiedade,"2026-06-13 06:00:08.613791+00",media,
1617f0e9-63e7-4afc-be2d-d4552ce868c0,"<![CDATA[Vitória SC já tem data para começo de pré-época e estagia no Algarve]]>","Notícias ao Minuto",2026-06-28,https://www.noticiasaominuto.com/desporto/3012574/vitoria-sc-ja-tem-data-para-comeco-de-pre-epoca-e-estagia-no-algarve#utm_source=rss-ultima-hora&amp;utm_medium=rss&amp;utm_campaign=rssfeed,"perturbação obsessivo-compulsiva","2026-06-29 06:00:17.41872+00",media,
1620ee2b-4980-4490-a826-7d51e2645c43,"Lisboa indica rede de jardins e equipamentos para enfrentar o calor","Conselho Português para a Saúde e Ambiente",2026-07-03,https://cpsa.pt/noticias/portugal-noticias/lisboa-indica-rede-de-jardins-e-equipamentos-para-enfrentar-o-calor/,"calor extremo e saúde","2026-07-16 06:01:19.416766+00",institucional,
16237fa6-3a42-437a-9dfb-4f1bb2fb354c,"Instituto Ricardo Jorge promove II Conferência do Centro Colaborativo da OMS em Nutrição e Obesidade Infantil",INSA,2026-09-04,https://www.insa.min-saude.pt/instituto-ricardo-jorge-promove-ii-conferencia-do-centro-colaborativo-da-oms-em-nutricao-e-obesidade-infantil/,"obesidade infantil","2026-09-14 06:00:17.756993+00",institucional,
162d74c1-038a-44f8-baab-00e0ec38c3f2,"Porque chumbou o candidato do PS?",Observador,2026-04-17,https://observador.pt/programas/a-hist-ria-do-dia/porque-chumbou-o-candidato-do-ps/,candidíase,"2026-04-17 06:00:04.942086+00",media,
16495888-be03-48b0-9645-a06135495c11,"<![CDATA[1.º dia de candidaturas ao Superior: 10 mil alunos em 2025. Este ano? 304]]>","Notícias ao Minuto",2026-07-21,https://www.noticiasaominuto.com/pais/3025088/1-dia-de-candidaturas-ao-superior-10-mil-alunos-em-2025-este-ano-304#utm_source=rss-ultima-hora&amp;utm_medium=rss&amp;utm_campaign=rssfeed,candidíase,"2026-07-22 06:00:06.724704+00",media,
164b9512-5e4b-48eb-91e4-cea0d26783d4,"<![CDATA[Francisco Pimentel é o candidato social-democrata à liderança da UGT]]>","Notícias ao Minuto",2026-07-27,https://www.noticiasaominuto.com/economia/3028123/francisco-pimentel-e-o-candidato-social-democrata-a-lideranca-da-ugt#utm_source=rss-ultima-hora&amp;utm_medium=rss&amp;utm_campaign=rssfeed,candidíase,"2026-07-29 06:00:07.041086+00",media,
164e0f25-cd06-428f-8bf1-93633bba9334,"<![CDATA[Alerta em Braga. Niakaté tem rotura do tendão de Aquiles e falha época]]>","Notícias ao Minuto",2026-04-09,https://www.noticiasaominuto.com/desporto/2969813/alerta-em-braga-niakate-tem-rotura-do-tendao-de-aquiles-e-falha-epoca#utm_source=rss-ultima-hora&amp;utm_medium=rss&amp;utm_campaign=rssfeed,"perturbação obsessivo-compulsiva","2026-04-10 06:00:11.391883+00",media,
16837870-7ac3-4061-a723-93eb75075a50,"<![CDATA[Colesterol saudável: Saiba quais são os níveis recomendados]]>","Notícias ao Minuto",2026-08-17,https://www.noticiasaominuto.com/lifestyle/3036819/colesterol-saudavel-saiba-quais-sao-os-niveis-recomendados#utm_source=rss-ultima-hora&amp;utm_medium=rss&amp;utm_campaign=rssfeed,"colesterol alto","2026-08-18 06:00:08.695834+00",media,
16a3f67b-26c2-4805-ab15-de6d3fd1b3ea,"<![CDATA[Época balnear entre dia 30 deste mês e final de setembro no litoral alentejano]]>","Notícias ao Minuto",2026-05-06,https://www.noticiasaominuto.com/pais/2985134/epoca-balnear-entre-dia-30-deste-mes-e-final-de-setembro-no-litoral-alentejano#utm_source=rss-ultima-hora&amp;utm_medium=rss&amp;utm_campaign=rssfeed,"perturbação obsessivo-compulsiva","2026-05-07 06:00:10.312798+00",media,
16b81751-5ac4-4dd3-81dc-48670d63d190,"<![CDATA[Nutricionista recomenda erva aromática para se livrar do ""mau colesterol""]]>","Notícias ao Minuto",2026-08-12,https://www.noticiasaominuto.com/lifestyle/3035148/nutricionista-recomenda-erva-aromatica-para-se-livrar-do-mau-colesterol#utm_source=rss-ultima-hora&amp;utm_medium=rss&amp;utm_campaign=rssfeed,"colesterol alto","2026-08-12 06:00:09.004678+00",media,
16c2e601-3115-44d4-b6ef-7068d9f46ec0,"<![CDATA[Identificado condutor que causou pânico em contramão na Avenida Marginal]]>","Notícias ao Minuto",2026-06-10,https://www.noticiasaominuto.com/pais/3003288/identificado-condutor-que-causou-panico-em-contramao-na-avenida-marginal#utm_source=rss-ultima-hora&amp;utm_medium=rss&amp;utm_campaign=rssfeed,pânico,"2026-06-11 06:00:08.871782+00",media,
16c554ed-d666-4e87-9e8b-e8845f6d6ff9,"<![CDATA[Congresso do CDS arranca com votação da moção dos candidatos à liderança]]>","Notícias ao Minuto",2026-05-16,https://www.noticiasaominuto.com/politica/2990871/congresso-do-cds-arranca-com-votacao-da-mocao-dos-candidatos-a-lideranca#utm_source=rss-ultima-hora&amp;utm_medium=rss&amp;utm_campaign=rssfeed,candidíase,"2026-05-16 06:00:11.05527+00",media,
16e9a7ae-c58f-479c-8e24-919fc5ac3a74,"<![CDATA[Candidaturas ao prémio salarial continuam por abrir e não há explicações]]>","Notícias ao Minuto",2026-07-10,https://www.noticiasaominuto.com/economia/3019388/candidaturas-ao-premio-salarial-continuam-por-abrir-e-nao-ha-explicacoes#utm_source=rss-ultima-hora&amp;utm_medium=rss&amp;utm_campaign=rssfeed,candidíase,"2026-07-12 06:00:08.606874+00",media,
170d55e9-bf0f-4a1a-b65d-34f56ba01fdd,"<![CDATA[São João coloca botões de pânico virtuais nos consultórios]]>","Notícias ao Minuto",2026-05-22,https://www.noticiasaominuto.com/pais/2993786/sao-joao-coloca-botoes-de-panico-virtuais-nos-consultorios#utm_source=rss-ultima-hora&amp;utm_medium=rss&amp;utm_campaign=rssfeed,pânico,"2026-05-22 06:00:07.53249+00",media,
1712c232-403b-478a-85bd-e748027e4a0f,"<![CDATA[Candidaturas ao ensino superior arrancam a 20 de julho]]>","Notícias ao Minuto",2026-06-01,https://www.noticiasaominuto.com/pais/2999229/candidaturas-ao-ensino-superior-arrancam-a-20-de-julho#utm_source=rss-ultima-hora&amp;utm_medium=rss&amp;utm_campaign=rssfeed,candidíase,"2026-06-02 06:00:11.750406+00",media,
173836fb-2ab7-4a3c-b168-d4db104fe6b1,"&quot;O Benfica não teve a mesma fibra competitiva do Sporting.&quot;",Observador,2026-05-16,https://observador.pt/programas/relat-rio-de-jogo/o-benfica-nao-teve-a-mesma-fibra-competitiva-do-sporting/,"perturbação obsessivo-compulsiva","2026-05-17 06:00:09.32036+00",media,
1744d3a4-626d-4cca-86fa-fd9a10e4e11e,"<![CDATA[Ex-ministro acusado da morte de candidato à presidência extraditado]]>","Notícias ao Minuto",2026-08-29,https://www.noticiasaominuto.com/mundo/3043224/ex-ministro-acusado-da-morte-de-candidato-a-presidencia-extraditado#utm_source=rss-ultima-hora&amp;utm_medium=rss&amp;utm_campaign=rssfeed,candidíase,"2026-08-31 06:00:09.311004+00",media,
174a2664-68d1-4b8b-8871-6a731f7822e3,"<![CDATA[Debate televisivo com candidatos à liderança da ONU acontece hoje]]>","Notícias ao Minuto",2026-07-23,https://www.noticiasaominuto.com/mundo/3025791/debate-televisivo-com-candidatos-a-lideranca-da-onu-acontece-hoje#utm_source=rss-ultima-hora&amp;utm_medium=rss&amp;utm_campaign=rssfeed,candidíase,"2026-07-24 06:00:08.480521+00",media,
17683044-6907-41bd-8ee7-ad27822b99df,"<![CDATA[Oficial: Carvajal deixa o Real Madrid no final da época ao fim de 13 anos]]>","Notícias ao Minuto",2026-05-18,https://www.noticiasaominuto.com/desporto/2991847/oficial-carvajal-deixa-o-real-madrid-no-final-da-epoca-ao-fim-de-13-anos#utm_source=rss-ultima-hora&amp;utm_medium=rss&amp;utm_campaign=rssfeed,"perturbação obsessivo-compulsiva","2026-05-19 06:00:06.176873+00",media,
178f5a22-3a5f-4910-bef7-232b911cdcfb,"Parlamento debate PSU e vota candidatos para o TC",Observador,2026-06-12,https://observador.pt/liveblogs/parlamento-debate-psu-e-vota-candidatos-para-o-tribunal-constitucional/,candidíase,"2026-06-12 06:00:07.426987+00",media,
17aefa6c-6ac8-4a7c-b75e-aef564f3a38f,"23h Eleições na Colômbia: candidato de direita lidera contagem de votos",RTP,2026-06-21,https://www.rtp.pt/noticias/noticiario-antena1/23h-eleicoes-na-colombia-candidato-de-direita-lidera-contagem-de-votos_a1_1748583,candidíase,"2026-06-22 06:00:05.523032+00",media,
180bc96b-c5ac-4f6b-a373-f31b3c1680e8,"<![CDATA[Eleições diretas do PSD acontecem hoje. Montenegro é candidato único]]>","Notícias ao Minuto",2026-05-30,https://www.noticiasaominuto.com/politica/2998335/eleicoes-diretas-do-psd-acontecem-hoje-montenegro-e-candidato-unico#utm_source=rss-ultima-hora&amp;utm_medium=rss&amp;utm_campaign=rssfeed,candidíase,"2026-05-30 06:00:10.38129+00",media,
182e905d-eddb-4588-83a1-d76d7d8d321f,"16h Livre quer adiar candidaturas ao Ensino Superior",RTP,2026-07-12,https://www.rtp.pt/noticias/noticiario-antena1/16h-livre-quer-adiar-candidaturas-ao-ensino-superior_a1_1752859,candidíase,"2026-07-13 06:00:07.990165+00",media,
1830718b-c895-45ae-9c3a-a69cafa94ee1,"Enquanto uns se afundam na execução do PRR, há quem consiga",Observador,2026-06-01,https://observador.pt/opiniao/enquanto-uns-se-afundam-na-execucao-do-prr-ha-quem-consiga-nadar-contra-a-mare/,candidíase,"2026-06-02 06:00:09.745285+00",media,
186a4aad-35cc-41e0-b3e7-cd4b8dafd8df,"<![CDATA[Esta sandes ajuda a reduzir o colesterol. Demora 5 minutos a fazer]]>","Notícias ao Minuto",2026-05-11,https://www.noticiasaominuto.com/lifestyle/2987849/esta-sandes-ajuda-a-reduzir-o-colesterol-demora-5-minutos-a-fazer#utm_source=rss-ultima-hora&amp;utm_medium=rss&amp;utm_campaign=rssfeed,"colesterol alto","2026-05-12 06:00:06.86756+00",media,
188787d6-876d-455a-93d6-9a6ed0190ada,"<![CDATA[Pescador resgatado de navio ao largo da Terceira com sinais de enfarte]]>","Notícias ao Minuto",2026-08-28,https://www.noticiasaominuto.com/pais/3042872/pescador-resgatado-de-navio-ao-largo-da-terceira-com-sinais-de-enfarte#utm_source=rss-ultima-hora&amp;utm_medium=rss&amp;utm_campaign=rssfeed,"doenças cardiovasculares","2026-08-29 06:00:11.446272+00",media,
189910be-42b7-4607-b50a-1a7334d6faa7,"Burnout: a epidemia global do século XXI chegou aos portugueses",EXPRESSO,2024-07-30,https://expresso.pt/longevidade/2024-07-30-video-burnout-a-epidemia-global-do-seculo-xxi-chegou-aos-locais-de-trabalho-dos-portugueses-75d034b1,burnout,"2026-03-08 11:08:46.761027+00",media,
18c36c8b-dbe4-4c41-975c-6a0504d3889f,"<![CDATA[Ansiedade afeta 40% dos estudantes da Universidade de Lisboa]]>","Notícias ao Minuto",2026-05-05,https://www.noticiasaominuto.com/pais/2984458/ansiedade-afeta-40-dos-estudantes-da-universidade-de-lisboa#utm_source=rss-ultima-hora&amp;utm_medium=rss&amp;utm_campaign=rssfeed,ansiedade,"2026-05-06 06:00:08.912686+00",media,
18d0f409-3718-4d8a-bc04-829f722e2d6c,"<![CDATA[Este golo de William Gomes foi eleito o melhor da época 2025/26]]>","Notícias ao Minuto",2026-07-02,https://www.noticiasaominuto.com/desporto/3015517/golo-de-william-gomes-no-sporting-fc-porto-eleito-melhor-da-epoca-202526#utm_source=rss-ultima-hora&amp;utm_medium=rss&amp;utm_campaign=rssfeed,"perturbação obsessivo-compulsiva","2026-07-03 06:00:14.205479+00",media,
18d842d0-7ea2-491a-ab33-101052c8f6b8,"<![CDATA[Pedrógão: Depressão Kristin fez danos no Memorial a Vítimas de Incêndios]]>","Notícias ao Minuto",2026-06-16,https://www.noticiasaominuto.com/pais/3006270/pedrogao-depressao-kristin-fez-danos-no-memorial-a-vitimas-de-incendios#utm_source=rss-ultima-hora&amp;utm_medium=rss&amp;utm_campaign=rssfeed,depressão,"2026-06-17 06:00:07.436327+00",media,
18dfd592-2af9-4125-864b-42fcf3090d8f,"SAD 1621/2025 &#8211; Aquisição de Serviços de Cibersegurança &#124; Término da 2ª Ronda de Qualificação de Candidatos",SPMS,2026-06-12,https://www.spms.min-saude.pt/2026/06/sad-1621-2025-aquisicao-de-servicos-de-ciberseguranca-termino-da-2a-ronda-de-qualificacao-de-candidatos/,candidíase,"2026-06-13 06:00:17.270452+00",institucional,
18e505ad-555f-4185-8acb-ce28ef233869,"Homem condenado a 15 anos por planear atentado em concerto de Taylor Swift em Viena",Público,2026-05-29,https://www.publico.pt/2026/05/29/mundo/noticia/homem-condenado-15-anos-planear-atentado-concerto-taylor-swift-viena-2176421,pânico,"2026-05-29 06:00:11.5711+00",media,
1916c164-c0ca-4c82-820b-3ec735a04ee7,"<![CDATA[Benfica inicia pré-época. Marco Silva avalia 29 jogadores... e um reforço]]>","Notícias ao Minuto",2026-06-25,https://www.noticiasaominuto.com/desporto/3011043/benfica-inicia-pre-epoca-marco-silva-avalia-29-jogadores-e-um-reforco#utm_source=rss-ultima-hora&amp;utm_medium=rss&amp;utm_campaign=rssfeed,"perturbação obsessivo-compulsiva","2026-06-26 06:00:16.145972+00",media,
192dce55-a01b-4136-a81b-8918b1773be9,"<![CDATA[Perturbação obsessivo-compulsiva: Descoberto tratamento mais eficaz]]>","Notícias ao Minuto",2026-07-07,https://www.noticiasaominuto.com/lifestyle/3017557/perturbacao-obsessivo-compulsiva-descoberto-tratamento-mais-eficaz#utm_source=rss-ultima-hora&amp;utm_medium=rss&amp;utm_campaign=rssfeed,"perturbação obsessivo-compulsiva","2026-07-08 06:00:17.625893+00",media,
1942e8ba-d9fc-417d-b4a1-828e90d4625c,"<![CDATA[Navio naufragado da época romana descoberto em Itália]]>","Notícias ao Minuto",2026-08-08,https://www.noticiasaominuto.com/mundo/3033941/navio-naufragado-da-epoca-romana-descoberto-em-italia#utm_source=rss-ultima-hora&amp;utm_medium=rss&amp;utm_campaign=rssfeed,"perturbação obsessivo-compulsiva","2026-08-10 06:00:10.246201+00",media,
19542965-6201-4c89-be13-3d8d699c0d6c,"Fujimori diz que respeitará resultados de eleições no Peru",RTP,2026-06-08,https://www.rtp.pt/noticias/mundo/fujimori-diz-que-respeitara-resultados-de-eleicoes-no-peru_n1745838,candidíase,"2026-06-08 06:00:10.852813+00",media,
195e8641-2357-473d-af39-92e57f75cf2f,"<![CDATA[Gianni Infantino recandidata-se à presidência da FIFA em 2027]]>","Notícias ao Minuto",2026-05-01,https://www.noticiasaominuto.com/desporto/2982547/gianni-infantino-recandidata-se-a-presidencia-da-fifa-em-2027#utm_source=rss-ultima-hora&amp;utm_medium=rss&amp;utm_campaign=rssfeed,candidíase,"2026-05-01 06:00:08.294148+00",media,
19d23ade-1758-4328-ad0e-fbc66f332244,"<![CDATA[Charles Leclerc renova com a Ferrari ""para as próximas épocas""]]>","Notícias ao Minuto",2026-06-03,https://www.noticiasaominuto.com/auto/3000096/charles-leclerc-renova-com-a-ferrari-para-as-proximas-epocas#utm_source=rss-ultima-hora&amp;utm_medium=rss&amp;utm_campaign=rssfeed,"perturbação obsessivo-compulsiva","2026-06-04 06:00:12.178883+00",media,
19e871f6-b9c7-492d-b7db-56ba2ddc934c,"<![CDATA[Candidato da esquerda reconhece vitória da extrema-direita na Colômbia]]>","Notícias ao Minuto",2026-06-24,https://www.noticiasaominuto.com/mundo/3010693/candidato-da-esquerda-reconhece-vitoria-da-extrema-direita-na-colombia#utm_source=rss-ultima-hora&amp;utm_medium=rss&amp;utm_campaign=rssfeed,candidíase,"2026-06-25 06:00:18.090096+00",media,
1a0aa148-aa20-46e0-9647-9305640dc6e3,"<![CDATA[""Vamos ter ondas de calor cada vez mais frequentes e mais intensas""]]>","Notícias ao Minuto",2026-07-01,https://www.noticiasaominuto.com/pais/3014600/vamos-ter-ondas-de-calor-cada-vez-mais-frequentes-e-mais-intensas#utm_source=rss-ultima-hora&amp;utm_medium=rss&amp;utm_campaign=rssfeed,"calor extremo e saúde","2026-07-02 06:00:06.429497+00",media,
1a34b194-f525-4634-a9f4-3bd9494f8481,"<![CDATA[Michelle Bolsonaro apresentada como candidata ao Senado brasileiro]]>","Notícias ao Minuto",2026-08-03,https://www.noticiasaominuto.com/mundo/3031242/michelle-bolsonaro-apresentada-como-candidata-ao-senado-brasileiro#utm_source=rss-ultima-hora&amp;utm_medium=rss&amp;utm_campaign=rssfeed,candidíase,"2026-08-05 06:00:10.761498+00",media,
1a7ccc7a-776e-43e6-8379-ee1a15bdbadf,"<![CDATA[Soprano britânica Felicity Lott morre aos 79 anos]]>","Notícias ao Minuto",2026-05-17,https://www.noticiasaominuto.com/fama/2991452/soprano-britanica-felicity-lott-morre-aos-79-anos#utm_source=rss-ultima-hora&amp;utm_medium=rss&amp;utm_campaign=rssfeed,"síndrome do ovário poliquístico","2026-05-18 06:00:08.381765+00",media,
1a88d83e-0eac-452a-a760-d58707a71f2e,"IP3 continua hoje cortado nos dois sentidos em Penacova devido a derrame de resina",RTP,2026-07-21,https://www.rtp.pt/noticias/pais/ip3-continua-hoje-cortado-nos-dois-sentidos-em-penacova-devido-a-derrame-de-resina_n1754769,avc,"2026-07-21 06:00:06.09504+00",media,
1af2be27-9d48-4411-9afe-4e7bffd557de,"<![CDATA[Oficial: Paulinho Bóia despede-se do Nacional ao fim de uma época e meia]]>","Notícias ao Minuto",2026-06-24,https://www.noticiasaominuto.com/desporto/3010794/oficial-paulinho-boia-despede-se-do-nacional-ao-fim-de-uma-epoca-e-meia#utm_source=rss-ultima-hora&amp;utm_medium=rss&amp;utm_campaign=rssfeed,"perturbação obsessivo-compulsiva","2026-06-25 06:00:18.090096+00",media,
1b0d6c7d-5396-41a5-b85c-585de5dce7b6,"<![CDATA[10 alimentos que ajudam a reduzir o colesterol, segundo cardiologistas]]>","Notícias ao Minuto",2026-05-27,https://www.noticiasaominuto.com/lifestyle/2995638/10-alimentos-que-ajudam-a-reduzir-o-colesterol-segundo-cardiologistas#utm_source=rss-ultima-hora&amp;utm_medium=rss&amp;utm_campaign=rssfeed,"colesterol alto","2026-05-28 06:00:12.033939+00",media,
1b53c5c2-dd8f-4a4a-b7d7-ff51c7e35557,"<![CDATA[43 mil inscritos: Época especial de exames do Secundário começa hoje]]>","Notícias ao Minuto",2026-09-03,https://www.noticiasaominuto.com/pais/3045533/epoca-especial-de-exames-do-ensino-secundario-comeca-hoje#utm_source=rss-ultima-hora&amp;utm_medium=rss&amp;utm_campaign=rssfeed,"perturbação obsessivo-compulsiva","2026-09-04 06:00:10.110953+00",media,
1b654cc8-0846-403f-9763-47174e0c8410,"Obesidade infantil: Portugal entre os piores da Europa","CM Jornal",2025-02-05,https://www.cmjornal.pt/obesidade-infantil-europa,"obesidade infantil","2026-03-08 12:35:50.177732+00",media,
1b94ce0f-4a6e-4b16-854c-1bcbb8816a97,"<![CDATA[Presidente da Argentina Javier Milei diz que irá recandidatar-se em 2027]]>","Notícias ao Minuto",2026-04-24,https://www.noticiasaominuto.com/mundo/2978498/presidente-da-argentina-javier-milei-diz-que-ira-recandidatar-se-em-2027#utm_source=rss-ultima-hora&amp;utm_medium=rss&amp;utm_campaign=rssfeed,candidíase,"2026-04-24 06:00:10.111579+00",media,
1be17095-239f-4218-a08e-97b4b86f176d,"Dieta mediterrânica reduz risco de demência em 25%","Jornal de Notícias",2025-10-08,https://jn.pt/dieta-mediterranica-demencia,"jejum intermitente","2026-03-08 11:22:47.09953+00",media,
1bf1564a-3bdd-488f-83ff-84003d25a10d,"<![CDATA[À terceira foi de vez. Farense já sabe vencer na pré-época]]>","Notícias ao Minuto",2026-07-25,https://www.noticiasaominuto.com/desporto/3027334/a-terceira-foi-de-vez-farensa-ja-sabe-vencer-na-pre-epoca#utm_source=rss-ultima-hora&amp;utm_medium=rss&amp;utm_campaign=rssfeed,"perturbação obsessivo-compulsiva","2026-07-26 06:00:07.731392+00",media,
1bf3500b-0f15-4dd7-b0e6-ec12b8cefd26,"20º Congresso Português do AVC","SP Acidente Vascular Cerebral",2025-08-29,https://spavc.org/20o-congresso-portugues-do-avc/,avc,"2026-04-10 06:01:13.215451+00",institucional,
1bf5d8de-3da0-485d-9381-8ca3418d6cca,"Sessões informativas sobre Qualidade do Ar Interior &#8211; 3ª edição 2026",INSA,2026-09-02,https://www.insa.min-saude.pt/sessoes-informativas-sobre-qualidade-do-ar-interior-3a-edicao-2026/,"poluição e saúde","2026-09-03 06:00:20.791964+00",institucional,
1c17c6da-7137-4b8d-918f-f3e0db4ea57a,"<![CDATA[Má qualidade do ar subsiste nas zonas de maior tráfego rodoviário]]>","Notícias ao Minuto",2026-09-07,https://www.noticiasaominuto.com/pais/3047370/ma-qualidade-do-ar-subsiste-nas-zonas-de-maior-trafego-rodoviario#utm_source=rss-ultima-hora&amp;utm_medium=rss&amp;utm_campaign=rssfeed,"poluição e saúde","2026-09-09 06:00:06.936079+00",media,
1c376653-9fce-43dc-8df6-cea68d523254,"&quot;Pressão portista deu pouca margem ao Aston Villa&quot;",Observador,2026-07-25,https://observador.pt/programas/relat-rio-de-jogo/pressao-portista-deu-pouca-margem-ao-aston-villa/,"perturbação obsessivo-compulsiva","2026-07-26 06:00:06.131488+00",media,
1c6f3325-140d-4d4e-999b-bf86b6ea2718,"&quot;Aconteceram coisas estranhas. As imagens estão aí, é claro&quot;",Observador,2026-09-12,https://observador.pt/2026/09/12/aconteceram-coisas-estranhas-as-imagens-estao-ai-e-bastante-claro-farioli-fala-em-episodios-muito-estranhos-na-vitoria-em-rio-maior/,"perturbação obsessivo-compulsiva","2026-09-13 06:00:07.970824+00",media,
1c90dc0b-98ea-499d-95b1-136b217f5ffa,"<![CDATA[O exercício de 20 minutos que reduz (e muito) o risco de demência]]>","Notícias ao Minuto",2026-05-20,https://www.noticiasaominuto.com/lifestyle/2992332/o-exercicio-de-20-minutos-que-reduz-e-muito-o-risco-de-demencia#utm_source=rss-ultima-hora&amp;utm_medium=rss&amp;utm_campaign=rssfeed,demência,"2026-05-20 06:00:08.835469+00",media,
1cc298fa-c054-4a58-8fe0-e6731d7718a1,"Estudo detecta microplásticos em 90% das garrafas de água portuguesas",RTP,2025-07-22,https://rtp.pt/microplasticos-agua-portugal,microplásticos,"2026-03-08 11:22:47.09953+00",media,
1ce280bd-f5a1-4b17-8a85-1e8345ad4295,"<![CDATA[Oficial: Alfred Caicedo reforça Vizela por duas épocas]]>","Notícias ao Minuto",2026-07-24,https://www.noticiasaominuto.com/desporto/3026904/oficial-alfred-caicedo-reforca-vizela-por-duas-epocas#utm_source=rss-ultima-hora&amp;utm_medium=rss&amp;utm_campaign=rssfeed,"perturbação obsessivo-compulsiva","2026-07-25 06:00:06.989106+00",media,
1ce492a6-fac3-494b-b767-a75020fe7f05,"<![CDATA[Lança petição após namorado morrer por vício no jogo. 20 mil já assinaram]]>","Notícias ao Minuto",2026-05-27,https://www.noticiasaominuto.com/pais/2996345/lanca-peticao-apos-namorado-morrer-por-vicio-no-jogo-20-mil-ja-assinaram#utm_source=rss-ultima-hora&amp;utm_medium=rss&amp;utm_campaign=rssfeed,dependências,"2026-05-28 06:00:12.033939+00",media,
1d06c9e5-40f0-4d29-9e1c-80156a07ce70,"Michelle Bolsonaro apresentada como candidata ao Senado brasileiro",RTP,2026-08-03,https://www.rtp.pt/noticias/mundo/michelle-bolsonaro-apresentada-como-candidata-ao-senado-brasileiro_n1757355,candidíase,"2026-08-03 06:00:07.644474+00",media,
1d2d8958-3ac3-47bb-93d3-19b46e2da447,"<![CDATA[AR vota candidatos a quatro novos juízes do TC e a provedora de Justiça]]>","Notícias ao Minuto",2026-06-12,https://www.noticiasaominuto.com/politica/3004026/ar-vota-candidatos-a-quatro-novos-juizes-do-tc-e-a-provedora-de-justica#utm_source=rss-ultima-hora&amp;utm_medium=rss&amp;utm_campaign=rssfeed,candidíase,"2026-06-12 06:00:09.434369+00",media,
1d3520bd-5166-4e71-8b96-803b61e842b9,"O pai vai ter de ir para um lar",Observador,2026-06-01,https://observador.pt/opiniao/o-pai-vai-ter-de-ir-para-um-lar/,demência,"2026-06-02 06:00:09.745285+00",media,
1d5a3a75-f09b-4be7-aadd-10637641401f,"<![CDATA[Vitória de Peter Magyar na Hungria? Candidato ""cautelosamente otimista""]]>","Notícias ao Minuto",2026-04-12,https://www.noticiasaominuto.com/mundo/2971329/vitoria-de-peter-magyar-na-hungria-candidato-cautelosamente-otimista#utm_source=rss-ultima-hora&amp;utm_medium=rss&amp;utm_campaign=rssfeed,candidíase,"2026-04-13 06:00:10.488104+00",media,
1d5f3ecf-ef62-457b-809d-4b0e2ce46d95,"<![CDATA[Fumo afeta qualidade do ar em Nova Iorque dias antes da final do Mundial]]>","Notícias ao Minuto",2026-07-17,https://www.noticiasaominuto.com/mundo/3023171/fumo-afeta-qualidade-do-ar-em-nova-iorque-dias-antes-da-final-do-mundial#utm_source=rss-ultima-hora&amp;utm_medium=rss&amp;utm_campaign=rssfeed,"poluição e saúde","2026-07-19 06:00:08.057305+00",media,
1d70c2ec-0148-4892-bfb1-1ba699cba234,"CathStart -Curso de Simulação em Coronariografia Diagnóstica","Sociedade Portuguesa de Cardiologia",2026-09-04,https://spc.pt/arquivo-mensal/cathstart-curso-de-simulacao-em-coronariografia-diagnostica/,"terapia hormonal","2026-09-11 06:00:54.696391+00",institucional,
1d77f9a5-c0bc-491a-9f48-4063d8d3da03,"Politeama estreia &quot;Pocahontas&quot; em outubro",Observador,2026-08-11,https://observador.pt/2026/08/11/teatro-politeama-estreia-musical-pocahontas-a-princesa-india-em-outubro/,"perturbação obsessivo-compulsiva","2026-08-12 06:00:07.684133+00",media,
1daf4ce6-20fc-4cc8-bcdd-2b7cd96e0165,"“Vamos ficar de olhos abertos”: Comissão Europeia promove campanha pelos direitos das vítimas de crime",APAV,2026-08-12,https://apav.pt/vamos-ficar-de-olhos-abertos-comissao-europeia-promove-campanha-pelos-direitos-das-vitimas-de-crime/,"síndrome do ovário poliquístico","2026-08-19 06:01:04.508281+00",institucional,
1dd47091-359f-4bf0-b5c7-ee86323c4340,"00h Apoios Kristin: um terço das candidaturas para reconstrução de casas recusadas",RTP,2026-05-26,https://www.rtp.pt/noticias/noticiario-antena1/00h-apoios-kristin-um-terco-das-candidaturas-para-reconstrucao-de-casas-recusadas_a1_1743447,candidíase,"2026-05-26 06:00:08.64614+00",media,
1dd906f2-b184-4b67-809c-2468bc63f7c6,"<![CDATA[Maxi Araújo e Rodrigo Zalazar preparam assim a nova época no Sporting]]>","Notícias ao Minuto",2026-07-11,https://www.noticiasaominuto.com/desporto/3020107/maxi-araujo-e-rodrigo-zalazar-preparam-assim-a-nova-epoca-no-sporting#utm_source=rss-ultima-hora&amp;utm_medium=rss&amp;utm_campaign=rssfeed,"perturbação obsessivo-compulsiva","2026-07-14 06:00:07.455812+00",media,
1dfa90ab-921f-48b0-8fc3-fda2fc32bb67,"<![CDATA[Cascais abre época balnear na sexta-feira com 60 nadadores-salvadores]]>","Notícias ao Minuto",2026-04-30,https://www.noticiasaominuto.com/pais/2982266/cascais-abre-epoca-balnear-na-sexta-feira-com-60-nadadores-salvadores#utm_source=rss-ultima-hora&amp;utm_medium=rss&amp;utm_campaign=rssfeed,"perturbação obsessivo-compulsiva","2026-05-01 06:00:08.294148+00",media,
1e14af04-79d1-4c84-a528-7e31582f1411,"<![CDATA[Nova época, o mesmo motor. Froholdt resolve em Coimbra e dispara alarmes]]>","Notícias ao Minuto",2026-08-02,https://www.noticiasaominuto.com/desporto/3030965/nova-epoca-o-mesmo-motor-froholdt-resolve-em-coimbra-e-dispara-alarmes#utm_source=rss-ultima-hora&amp;utm_medium=rss&amp;utm_campaign=rssfeed,"perturbação obsessivo-compulsiva","2026-08-04 06:00:10.402023+00",media,
1e4e0b25-11a6-4644-aac4-2986ac8a1f20,"<![CDATA[Pepa: ""Acabei o jogo com azia, senti que poderíamos ter virado o jogo""]]>","Notícias ao Minuto",2026-08-08,https://www.noticiasaominuto.com/desporto/3034084/pepa-acabei-o-jogo-com-azia-senti-que-poderiamos-ter-virado-o-jogo#utm_source=rss-ultima-hora&amp;utm_medium=rss&amp;utm_campaign=rssfeed,"refluxo gastroesofágico","2026-08-09 06:00:11.264131+00",media,
1e68303f-8fbf-407e-9a6e-3e9fd09f5e2d,"<![CDATA[Missão pré-época: Quem ganhou terreno entre os reforços do Sporting?]]>","Notícias ao Minuto",2026-08-02,https://www.noticiasaominuto.com/desporto/3030904/missao-pre-epoca-quem-ganhou-terreno-entre-os-reforcos-do-sporting#utm_source=rss-ultima-hora&amp;utm_medium=rss&amp;utm_campaign=rssfeed,"perturbação obsessivo-compulsiva","2026-08-04 06:00:10.402023+00",media,
1e85d899-f39e-4072-a06a-d79b83f2d09d,"Sporting e Benfica não mudaram, o FC Porto é que foi melhor",Observador,2026-05-16,https://observador.pt/2026/05/16/sporting-e-benfica-nao-mudaram-o-fc-porto-e-que-foi-muito-melhor-como-ficaram-as-contas-da-primeira-liga-2025-26/,"refluxo gastroesofágico","2026-05-17 06:00:09.32036+00",media,
1eb9896b-dd82-43e6-b534-ae375272d755,"Lançamento da Linha Nacional de Prevenção do Suicídio e Apoio Psicológico","Coord. Nacional Saúde Mental",2025-09-05,https://saudemental.min-saude.pt/lancamento-da-linha-nacional-de-prevencao-do-suicidio-e-apoio-psicologico-2/,suicídio,"2026-03-20 16:31:26.319376+00",institucional,
1f4e7547-dd0a-4d4d-9f9f-fe0ab71274d9,"MPLA mantém estatutos no congresso de dezembro",Observador,2026-03-22,https://observador.pt/2026/03/22/mpla-nao-vai-alterar-estatutos-no-congresso-de-dezembro-e-reduz-comite-central-em-145/,candidíase,"2026-03-23 06:00:27.401017+00",media,
1f753d24-e56b-43a7-b75b-451427744b44,"Sophia de Mello Breyner defendeu na Constituinte a cultura e as pessoas com deficiência",RTP,2026-03-31,https://www.rtp.pt/noticias/cultura/sophia-de-mello-breyner-defendeu-na-constituinte-a-cultura-e-as-pessoas-com-deficiencia_n1730439,"síndrome do ovário poliquístico","2026-03-31 06:00:28.514109+00",media,
1f771bd6-a329-4874-be3a-78f32dd3249f,"<![CDATA[Israel acusa Sánchez de ""hipocrisia"" por propor que UE rompa acordo]]>","Notícias ao Minuto",2026-04-19,https://www.noticiasaominuto.com/mundo/2975566/israel-acusa-sanchez-de-hipocrisia-por-propor-que-ue-rompa-acordo#utm_source=rss-ultima-hora&amp;utm_medium=rss&amp;utm_campaign=rssfeed,"perturbação obsessivo-compulsiva","2026-04-20 06:00:08.412601+00",media,
1f79a0b2-876c-40d8-8d35-e8dc55bd2cc4,"<![CDATA[Ioannidis faz balanço da época e aponta ao futuro: ""Infelizmente...""]]>","Notícias ao Minuto",2026-05-31,https://www.noticiasaominuto.com/desporto/2998796/ioannidis-faz-balanco-da-epoca-e-aponta-ao-futuro-infelizmente#utm_source=rss-ultima-hora&amp;utm_medium=rss&amp;utm_campaign=rssfeed,"perturbação obsessivo-compulsiva","2026-06-01 06:00:11.673805+00",media,
1f9bbc4f-3c02-4c36-ac98-29e475239cf5,"Treinador garante Rio Ave &quot;com paixão&quot; para terminar a época",Observador,2026-05-15,https://observador.pt/2026/05/15/silaidopoulos-promete-rio-ave-com-agressividade-e-paixao-frente-ao-casa-pia-e-ja-planeia-a-proxima-temporada/,"perturbação obsessivo-compulsiva","2026-05-16 06:00:09.260445+00",media,
1f9fc622-1285-434a-b1da-1845aadd2c93,"Exames à porta: os sinais que os pais não devem ignorar!",Observador,2026-06-09,https://observador.pt/programas/tratar-da-saude/exames-a-porta-os-sinais-que-os-pais-nao-devem-ignorar/,ansiedade,"2026-06-09 06:00:08.385532+00",media,
1fa2eb66-e794-4b6d-a323-38c30cb31d3d,"O irregular funcionamento das instituições",Observador,2026-04-06,https://observador.pt/opiniao/o-irregular-funcionamento-das-instituicoes/,candidíase,"2026-04-07 06:00:11.320377+00",media,
1fc456e7-f258-4671-bc9c-95e62b60ac73,"3h. Governo articulou auditorias à PJ com Luís Neves",Observador,2026-08-08,https://observador.pt/programas/noticiario/as-noticias-das-3h-2399/,"perturbação obsessivo-compulsiva","2026-08-08 06:00:06.97896+00",media,
1fd2f2bb-ab74-483a-844d-04d2a462b3a2,"Campanha Nacional de Sensibilização para as Demências &#124; A demência pode esconder-se atrás da vida","Coord. Nacional Saúde Mental",2026-07-09,https://saudemental.min-saude.pt/campanha-nacional-de-sensibilizacao-para-as-demencias-a-demencia-pode-esconder-se-atras-da-vida/,demência,"2026-07-13 06:00:17.414093+00",institucional,
1ff960b9-8ebb-4f4d-b896-c0b9db1bd64a,"Palestina retira candidatura na ONU após alegada ameaça dos EUA de revogar vistos",RTP,2026-05-21,https://www.rtp.pt/noticias/mundo/palestina-retira-candidatura-na-onu-apos-alegada-ameaca-dos-eua-de-revogar-vistos_n1742752,candidíase,"2026-05-22 06:00:06.868902+00",media,
2010c90c-1abe-46af-b710-da9845c925dd,"<![CDATA[Sporting-Vitória SC: Só a 'vitamina milionária' pode curar a depressão]]>","Notícias ao Minuto",2026-05-04,https://www.noticiasaominuto.com/desporto/2983270/sporting-vitoria-sc-so-a-vitamina-milionaria-pode-curar-a-depressao#utm_source=rss-ultima-hora&amp;utm_medium=rss&amp;utm_campaign=rssfeed,depressão,"2026-05-04 06:00:09.672583+00",media,
2035cadd-a7ad-4373-9006-1e085807189a,"SPC media &#8211; 2026","Sociedade Portuguesa de Cardiologia",2026-03-27,https://spc.pt/spc/spc-media-2026/,"perturbação obsessivo-compulsiva","2026-04-10 06:00:50.414301+00",institucional,
203d07af-0ab5-4edc-897f-2fb44b7cdb02,"IA. Uso para a saúde aumenta risco de crença em mitos",Observador,2026-06-30,https://observador.pt/2026/06/30/estudo-conclui-que-quem-usa-ia-para-dicas-de-saude-tem-maior-probabilidade-de-acreditar-em-mitos-sobre-vacinas/,"perturbações do espectro do autismo","2026-07-01 06:00:11.591713+00",media,
20599aa1-8016-4b39-be70-909b72a958ae,"Campanha que salvam luzes","SP Acidente Vascular Cerebral",2025-11-13,https://spavc.org/campanha-que-salvam-luzes/,avc,"2026-04-10 06:01:13.215451+00",institucional,
207cc8f7-dee5-40b5-9c34-328fab665b4e,"<![CDATA[Jantar ""Mar à Mesa"" promove candidatura de arte xávega à UNESCO]]>","Notícias ao Minuto",2026-09-06,https://www.noticiasaominuto.com/mundo/3047101/jantar-do-mar-a-mesa-na-caparica-promove-candidatura-de-arte-xavega-a-unesco#utm_source=rss-ultima-hora&amp;utm_medium=rss&amp;utm_campaign=rssfeed,candidíase,"2026-09-07 06:00:16.483552+00",media,
2084e37b-9872-4875-9619-f46990ad45e1,"CathStart -Curso de Simulação em Coronariografia Diagnóstica","Sociedade Portuguesa de Cardiologia",2026-09-04,https://spc.pt/formacao/cathstart-curso-de-simulacao-em-coronariografia-diagnostica/,"terapia hormonal","2026-09-15 06:00:33.035509+00",institucional,
20bfff69-ecc7-4133-8300-c8c97d0ea880,"<![CDATA[Candidaturas à administração da RTP têm de ser apresentadas até 15 de setembro]]>","Notícias ao Minuto",2026-07-10,https://www.noticiasaominuto.com/pais/3019564/candidaturas-a-administracao-da-rtp-tem-de-ser-apresentadas-ate-15-de-setembro#utm_source=rss-ultima-hora&amp;utm_medium=rss&amp;utm_campaign=rssfeed,candidíase,"2026-07-12 06:00:08.606874+00",media,
20cf12a0-c737-493a-ab25-cecfe4538a06,"Lisboa indica rede de jardins e equipamentos para enfrentar o calor","Conselho Português para a Saúde e Ambiente",2026-07-03,https://cpsa.pt/noticias/portugal-noticias/lisboa-indica-rede-de-jardins-e-equipamentos-para-enfrentar-o-calor/,"calor extremo e saúde","2026-07-19 06:01:17.88409+00",institucional,
20f4145b-e368-4d81-93fb-9c97f3eaf336,"<![CDATA[Hospital de Aveiro faz operação inovadora a cancro da mama]]>","Notícias ao Minuto",2026-08-27,https://www.noticiasaominuto.com/pais/3042333/hospital-de-aveiro-faz-operacao-inovadora-a-cancro-da-mama#utm_source=rss-ultima-hora&amp;utm_medium=rss&amp;utm_campaign=rssfeed,"cancro da mama","2026-08-29 06:00:11.446272+00",media,
2100f927-51f4-4d08-9be3-5b9f975761b9,"Uns aguardam Palhinhas, outros apostam no futuro e presente",Observador,2026-08-26,https://observador.pt/programas/vamos-a-bola/uns-aguardam-palhinhas-outros-apostam-no-futuro-e-presente/,"perturbação obsessivo-compulsiva","2026-08-26 06:00:08.570208+00",media,
2102334c-8c5b-421b-93b2-2bb7a01261b5,"<![CDATA[Junho muito quente e seco e com duas ondas de calor]]>","Notícias ao Minuto",2026-07-09,https://www.noticiasaominuto.com/pais/3019050/junho-muito-quente-e-seco-e-com-duas-ondas-de-calor#utm_source=rss-ultima-hora&amp;utm_medium=rss&amp;utm_campaign=rssfeed,"calor extremo e saúde","2026-07-10 06:00:11.52006+00",media,
21180818-45e8-49f2-9ce8-bf0d6d021b28,"<![CDATA[5 mudanças que aceleram o metabolismo e reduzem risco de diabetes]]>","Notícias ao Minuto",2026-08-20,https://www.noticiasaominuto.com/lifestyle/3038663/5-mudancas-que-aceleram-o-metabolismo-e-reduzem-risco-de-diabetes#utm_source=rss-ultima-hora&amp;utm_medium=rss&amp;utm_campaign=rssfeed,"diabetes tipo 2","2026-08-21 06:00:10.348707+00",media,
211a47e5-8bfb-470f-a11e-f073d7f30bc7,"<![CDATA[Trump emite ordem para eliminar vestígios de ""ideologia marxista"" do Smithsonian]]>","Notícias ao Minuto",2026-07-26,https://www.noticiasaominuto.com/mundo/3027699/trump-emite-ordem-para-eliminar-vestigios-de-ideologia-marxista-do-smithsonian#utm_source=rss-ultima-hora&amp;utm_medium=rss&amp;utm_campaign=rssfeed,"terapia hormonal","2026-07-28 06:00:06.037697+00",media,
212b7a1a-e7ea-44dd-a482-814e6e78e41d,"<![CDATA[Leões da casa. Quem pode ter ganho pontos na pré-época do Sporting?]]>","Notícias ao Minuto",2026-08-03,https://www.noticiasaominuto.com/desporto/3030912/leoes-da-casa-quem-pode-ter-ganho-pontos-na-pre-epoca-do-sporting#utm_source=rss-ultima-hora&amp;utm_medium=rss&amp;utm_campaign=rssfeed,"perturbação obsessivo-compulsiva","2026-08-04 06:00:10.402023+00",media,
21522874-8db1-478c-99f1-6567f1ef8577,"O ajuste de contas ficou saldado: Sporting vence Supertaça",Observador,2026-09-05,https://observador.pt/2026/09/05/os-ajustes-de-contas-eram-dos-dois-lados-mas-so-um-ficou-com-tudo-saldado-sporting-vence-benfica-e-conquista-supertaca/,"perturbação obsessivo-compulsiva","2026-09-06 06:00:03.849694+00",media,
2159c5e5-0d1c-44ad-b5de-cfdda83e6b44,"Mortalidade por calor extremo abaixo das previsões: “Não vamos ter aumento muito significativo”, diz DGS",Público,2026-07-09,https://www.publico.pt/2026/07/09/sociedade/entrevista/mortalidade-calor-extremo-abaixo-previsoes-nao-vamos-aumento-significativo-dgs-2181041,"calor extremo e saúde","2026-07-09 06:00:11.411388+00",media,
217659cb-ffc5-47d2-904d-2ebe472b7122,"<![CDATA[Oficial: Joe Hodge ruma à Escócia após uma época no Tondela]]>","Notícias ao Minuto",2026-08-12,https://www.noticiasaominuto.com/desporto/3035443/oficial-joe-hodge-ruma-a-escocia-apos-uma-epoca-no-tondela#utm_source=rss-ultima-hora&amp;utm_medium=rss&amp;utm_campaign=rssfeed,"perturbação obsessivo-compulsiva","2026-08-13 06:00:12.208572+00",media,
217dff68-7c21-4eb8-ba53-ff46d1d906dc,"<![CDATA[Oficial: Gabriel Jesus assina pelo Barcelona por três épocas]]>","Notícias ao Minuto",2026-09-01,https://www.noticiasaominuto.com/desporto/3044599/oficial-gabriel-jesus-assina-pelo-barcelona-por-tres-epocas#utm_source=rss-ultima-hora&amp;utm_medium=rss&amp;utm_campaign=rssfeed,"perturbação obsessivo-compulsiva","2026-09-02 06:00:06.388454+00",media,
218bd410-075d-42f1-98e4-7f10297065a9,"<![CDATA[Candidatas à TAP já entregaram propostas: As intenções e o que se segue]]>","Notícias ao Minuto",2026-07-30,https://www.noticiasaominuto.com/economia/3029576/candidatas-a-tap-ja-entregaram-propostas-as-intencoes-e-o-que-se-segue#utm_source=rss-ultima-hora&amp;utm_medium=rss&amp;utm_campaign=rssfeed,candidíase,"2026-07-31 06:00:13.014067+00",media,
21c0f835-8aac-40f7-8196-480fa9bf52ff,"<![CDATA[Treinador de andebol do Sporting quebra silêncio após mulher sofrer AVC]]>","Notícias ao Minuto",2026-05-24,https://www.noticiasaominuto.com/fama/2994857/treinador-de-andebol-do-sporting-quebra-silencio-apos-mulher-sofrer-avc#utm_source=rss-ultima-hora&amp;utm_medium=rss&amp;utm_campaign=rssfeed,avc,"2026-05-25 06:00:10.037375+00",media,
21e76a01-c539-4bd8-9790-f165c62eca3a,"<![CDATA[""Dê um passo atrás"". Técnicas a priorizar durante uma crise de ansiedade]]>","Notícias ao Minuto",2026-04-18,https://www.noticiasaominuto.com/lifestyle/2969922/de-um-passo-atras-tecnicas-a-priorizar-durante-crise-de-ansiedade#utm_source=rss-ultima-hora&amp;utm_medium=rss&amp;utm_campaign=rssfeed,ansiedade,"2026-04-19 06:00:08.92347+00",media,
22074cca-01d1-41df-98de-85bd62ee217c,"<![CDATA[Portugal nos European Touch Championships com missão recorde… e especial]]>","Notícias ao Minuto",2026-07-15,https://www.noticiasaominuto.com/desporto/3021681/portugal-nos-european-touch-championships-com-missao-recorde-e-especial#utm_source=rss-ultima-hora&amp;utm_medium=rss&amp;utm_campaign=rssfeed,"perturbações do espectro do autismo","2026-07-16 06:00:10.26627+00",media,
2210ef8b-ebd3-4edd-83c6-8ecd67532ae6,"<![CDATA[PJ detém dois ""correios humanos"". Traziam cocaína de ""país sul-africano""]]>","Notícias ao Minuto",2026-07-25,https://www.noticiasaominuto.com/pais/3027384/pj-detem-dois-correios-humanos-traziam-cocaina-de-pais-sul-africano#utm_source=rss-ultima-hora&amp;utm_medium=rss&amp;utm_campaign=rssfeed,"refluxo gastroesofágico","2026-07-26 06:00:07.731392+00",media,
2235e629-9c73-4389-8fc1-b87b6c948c93,"<![CDATA[Ana Capeta falha playoff do Mundial2027 e tem época em risco na Juventus]]>","Notícias ao Minuto",2026-09-07,https://www.noticiasaominuto.com/desporto/3047791/ana-capeta-falha-play-off-do-mundial2027-e-tem-epoca-em-risco-na-juventus#utm_source=rss-ultima-hora&amp;utm_medium=rss&amp;utm_campaign=rssfeed,"perturbação obsessivo-compulsiva","2026-09-09 06:00:06.936079+00",media,
22476f4b-e696-495f-8ec7-e651cabfe575,"Nem o Velho do Restelo da UGT, nem o Paternalismo do Governo",Observador,2026-05-29,https://observador.pt/opiniao/nem-o-velho-do-restelo-da-ugt-nem-o-paternalismo-do-governo-portugal-precisa-de-uma-verdadeira-flexiseguranca/,dependências,"2026-05-30 06:00:08.8636+00",media,
224920f1-6ac6-4c58-acf1-e32b0cb25e75,"<![CDATA[Companhia de Teatro de Almada estreia ""Medida por Medida"" de Shakespeare]]>","Notícias ao Minuto",2026-08-22,https://www.noticiasaominuto.com/cultura/3039958/companhia-de-teatro-de-almada-estreia-medida-por-medida-de-shakespeare#utm_source=rss-ultima-hora&amp;utm_medium=rss&amp;utm_campaign=rssfeed,"perturbações do espectro do autismo","2026-08-24 06:00:11.840935+00",media,
2299f708-2885-4b52-957f-104fd24798bd,"<![CDATA[João Pedro Sousa vai treinar o Petro de Luanda na próxima época]]>","Notícias ao Minuto",2026-05-11,https://www.noticiasaominuto.com/desporto/2987834/joao-pedro-sousa-vai-treinar-o-petro-de-luanda-na-proxima-epoca#utm_source=rss-ultima-hora&amp;utm_medium=rss&amp;utm_campaign=rssfeed,"perturbação obsessivo-compulsiva","2026-05-12 06:00:06.86756+00",media,
22e64b19-a971-4e8c-a4be-04d92af0220c,"<![CDATA[Rio Ave arranca nova época com o mote da estabilidade]]>","Notícias ao Minuto",2026-08-05,https://www.noticiasaominuto.com/desporto/3032317/rio-ave-arranca-nova-epoca-com-o-mote-da-estabilidade#utm_source=rss-ultima-hora&amp;utm_medium=rss&amp;utm_campaign=rssfeed,"perturbação obsessivo-compulsiva","2026-08-06 06:00:11.012929+00",media,
2309f25f-35d8-4c7c-9707-ddfabbbddda6,"<![CDATA[""Vou vomitar"". Kika Cerqueira Gomes entra em pânico com Pierre Gasly ]]>","Notícias ao Minuto",2026-09-04,https://www.noticiasaominuto.com/fama/3046395/vou-vomitar-kika-cerqueira-gomes-entra-em-panico-com-pierre-gasly#utm_source=rss-ultima-hora&amp;utm_medium=rss&amp;utm_campaign=rssfeed,pânico,"2026-09-06 06:00:05.47152+00",media,
2314b689-82b5-4a4a-a6a2-4c2b6fdf9765,"&quot;Burnout&quot; nos Padres: não é moda, é um aviso",Observador,2026-05-30,https://observador.pt/opiniao/burnout-nos-padres-nao-e-moda-e-um-aviso/,burnout,"2026-05-31 06:00:09.052182+00",media,
235edbe8-f2f7-412b-b10c-4f1a3fa3b6d0,"<![CDATA[Programa vai preparar 100 mil pessoas para ondas de calor e incêndios]]>","Notícias ao Minuto",2026-08-10,https://www.noticiasaominuto.com/pais/3034718/programa-vai-preparar-100-mil-pessoas-para-ondas-de-calor-e-incendios#utm_source=rss-ultima-hora&amp;utm_medium=rss&amp;utm_campaign=rssfeed,"calor extremo e saúde","2026-08-11 06:00:14.460736+00",media,
237dd4f5-e374-43ba-8996-22c72e387331,"Candidato presidencial francês quer isolar Espanha",Observador,2026-04-20,https://observador.pt/2026/04/21/candidato-presidencial-frances-quer-isolar-espanha-na-europa-por-regularizar-500-mil-imigrantes-ilegais/,candidíase,"2026-04-21 06:00:05.148939+00",media,
238c8fb9-beab-496c-be04-44534fd6555b,"No Consensus Lisbon Spine Meeting 2026","Sociedade Portuguesa Patologia Coluna Vertebral",2025-12-05,https://sppcv.org/eventos/no-consensus-lisbon-spine-meeting-2026/,"perturbações do espectro do autismo","2026-04-11 06:00:35.244465+00",institucional,
23fece8b-9b3a-4394-8bc1-24aa60f35139,"<![CDATA[Férias acabaram? 7 dicas para o ajudar a voltar ao trabalho (sem stress)]]>","Notícias ao Minuto",2026-09-06,https://www.noticiasaominuto.com/lifestyle/3045671/ferias-acabaram-7-dicas-para-o-ajudar-a-voltar-ao-trabalho-sem-stress#utm_source=rss-ultima-hora&amp;utm_medium=rss&amp;utm_campaign=rssfeed,ansiedade,"2026-09-07 06:00:16.483552+00",media,
2405d940-aee7-46a4-98ae-e4d31165f036,"<![CDATA[Oposição cabo-verdiana apoia candidatura presidencial de ex-ministra]]>","Notícias ao Minuto",2026-08-29,https://www.noticiasaominuto.com/mundo/3043414/oposicao-cabo-verdiana-apoia-candidatura-presidencial-de-ex-ministra#utm_source=rss-ultima-hora&amp;utm_medium=rss&amp;utm_campaign=rssfeed,candidíase,"2026-08-31 06:00:09.311004+00",media,
240df3bb-eef5-4b39-82b8-a71584bb3bc7,"<![CDATA[""É a imagem da segunda parte que queremos levar para o resto da época""]]>","Notícias ao Minuto",2026-08-14,https://www.noticiasaominuto.com/desporto/3036838/e-a-imagem-da-segunda-parte-que-queremos-levar-para-o-resto-da-epoca#utm_source=rss-ultima-hora&amp;utm_medium=rss&amp;utm_campaign=rssfeed,"perturbação obsessivo-compulsiva","2026-08-17 06:00:10.187489+00",media,
240e57b1-cbc6-46ec-a99d-e038ca115dfb,"1ª fase de apresentação de candidaturas do SAD 2026/287 – Gases Medicinais",SPMS,2026-06-19,https://www.spms.min-saude.pt/2026/06/1a-fase-de-apresentacao-de-candidaturas-do-sad-2026-287-gases-medicinais/,candidíase,"2026-06-20 06:00:17.323609+00",institucional,
2411bb63-e08b-4167-aec2-d61cee8a0c9c,"Dobradinha da águia faz bater recorde de assistência no J...",Observador,2026-05-18,https://observador.pt/programas/vamos-a-bola/dobradinha-da-aguia-faz-bater-recorde-de-assistencia-no-jamor/,"perturbação obsessivo-compulsiva","2026-05-18 06:00:06.647575+00",media,
241d82c9-4169-4d7c-a06d-e3be4f6eb998,"<![CDATA[Canja de peixe! Aprenda uma receita diferente da icónica sopa]]>","Notícias ao Minuto",2026-07-14,https://www.noticiasaominuto.com/lifestyle/3021170/canja-de-peixe-aprenda-uma-receita-diferente-da-iconica-sopa#utm_source=rss-ultima-hora&amp;utm_medium=rss&amp;utm_campaign=rssfeed,"síndrome do ovário poliquístico","2026-07-16 06:00:10.26627+00",media,
2457f79b-6aa1-4575-a605-0a0ef43fe9aa,"<![CDATA[""A conversa mais dura"". Filho de Sandra Silva fala sobre Alzheimer da avó]]>","Notícias ao Minuto",2026-07-20,https://www.noticiasaominuto.com/fama/3024320/a-conversa-mais-dura-filho-de-sandra-silva-fala-sobre-alzheimer-da-avo#utm_source=rss-ultima-hora&amp;utm_medium=rss&amp;utm_campaign=rssfeed,alzheimer,"2026-07-21 06:00:06.718319+00",media,
2486704f-1bf9-4f1d-b233-49d0b22d10fd,"&quot;Likes&quot; e ansiedade: o custo oculto das redes sociais",Observador,2026-04-14,https://observador.pt/programas/tratar-da-saude/likes-e-ansiedade-o-custo-oculto-das-redes-sociais/,ansiedade,"2026-04-14 06:00:06.284817+00",media,
249a7ee6-e631-4a62-8e14-c06e2e6ec84f,"<![CDATA[Gabriel Attal oficializa candidatura às presidenciais francesas em 2027]]>","Notícias ao Minuto",2026-05-22,https://www.noticiasaominuto.com/mundo/2994050/gabriel-attal-oficializa-candidatura-as-presidenciais-francesas-em-2027#utm_source=rss-ultima-hora&amp;utm_medium=rss&amp;utm_campaign=rssfeed,candidíase,"2026-05-23 06:00:10.234888+00",media,
24a9d046-ec26-41d5-bb24-bfae85e32962,"<![CDATA['Siiiu'... e dança. Estádio do Al Nassr foi abaixo com golo de CR7]]>","Notícias ao Minuto",2026-09-10,https://www.noticiasaominuto.com/desporto/3049632/siiiu-e-danca-estadio-do-al-nassr-foi-abaixo-com-golo-de-cr7#utm_source=rss-ultima-hora&amp;utm_medium=rss&amp;utm_campaign=rssfeed,"síndrome de intestino irritável","2026-09-11 06:00:12.638031+00",media,
24c639df-5859-47fe-ae85-01eab2e757b5,"<![CDATA[O tipo de anemia que vitimou rei Harald não afeta só idosos!]]>","Notícias ao Minuto",2026-08-28,https://www.noticiasaominuto.com/lifestyle/3042584/tipo-de-anemia-que-deixa-rei-em-estado-muito-grave-nao-afeta-so-idosos#utm_source=rss-ultima-hora&amp;utm_medium=rss&amp;utm_campaign=rssfeed,anemia,"2026-08-29 06:00:11.446272+00",media,
24e11184-109a-4ef8-ae7a-411c11d18818,"<![CDATA[Capitão Hélder Tavares renova por mais uma época com o Tondela]]>","Notícias ao Minuto",2026-05-29,https://www.noticiasaominuto.com/desporto/2998157/capitao-helder-tavares-renova-por-mais-uma-epoca-com-o-tondela#utm_source=rss-ultima-hora&amp;utm_medium=rss&amp;utm_campaign=rssfeed,"perturbação obsessivo-compulsiva","2026-05-30 06:00:10.38129+00",media,
24efd081-c315-4e5b-a12b-c42159990db8,"<![CDATA[Exames: Comissão independente vai avaliar processo após época especial]]>","Notícias ao Minuto",2026-08-03,https://www.noticiasaominuto.com/pais/3031613/exames-comissao-independente-vai-avaliar-processo-apos-epoca-especial#utm_source=rss-ultima-hora&amp;utm_medium=rss&amp;utm_campaign=rssfeed,"perturbação obsessivo-compulsiva","2026-08-05 06:00:10.761498+00",media,
24f1607e-a99f-4d65-904b-c622eb1c822b,"União Africana recusa apoiar candidatura de Macky Sall à chefia da ONU",RTP,2026-03-27,https://www.rtp.pt/noticias/mundo/uniao-africana-recusa-apoiar-candidatura-de-macky-sall-a-chefia-da-onu_n1729771,candidíase,"2026-03-28 00:30:19.777818+00",media,
25516776-6581-448a-9b38-297e6636de41,"Kamala Harris, ex-vice dos EUA, admite nova candidatura à presidência",Público,2026-04-10,https://www.publico.pt/2026/04/10/mundo/noticia/kamala-harris-exvice-eua-admite-nova-candidatura-presidencia-2170886,candidíase,"2026-04-11 06:00:06.48968+00",media,
25791a74-047e-49f2-b5cc-9cfdb0bf0e09,"A hipocrisia nas relações com a Venezuela","Diário de Notícias",2026-04-10,https://www.dn.pt/opiniao-dn/a-hipocrisia-nas-relaes-com-a-venezuela,"perturbação obsessivo-compulsiva","2026-04-10 06:00:09.792445+00",media,
25a1eaa9-abcb-4dfe-8237-23d9c54a7f58,"A América vingou porque escolheu missões e não produtos",Observador,2026-05-10,https://observador.pt/opiniao/a-america-vingou-porque-escolheu-missoes-e-nao-produtos/,"refluxo gastroesofágico","2026-05-11 06:00:08.624508+00",media,
25a6c2e6-1c44-4eb7-a57d-60a6f3978b86,"<![CDATA[Legislativas russas contam com 80 candidatos independentes]]>","Notícias ao Minuto",2026-07-12,https://www.noticiasaominuto.com/mundo/3020326/legislativas-russas-contam-com-80-candidatos-independentes#utm_source=rss-ultima-hora&amp;utm_medium=rss&amp;utm_campaign=rssfeed,candidíase,"2026-07-13 06:00:08.60075+00",media,
25a8c448-cd21-4ef6-b8d7-4ce98097f780,"<![CDATA[Selecionador chileno coloca Portugal nos candidatos a vencer o Mundial]]>","Notícias ao Minuto",2026-06-05,https://www.noticiasaominuto.com/desporto/3001255/selecionador-chileno-coloca-portugal-nos-candidatos-a-vencer-o-mundial#utm_source=rss-ultima-hora&amp;utm_medium=rss&amp;utm_campaign=rssfeed,candidíase,"2026-06-06 06:00:10.764271+00",media,
25c91c01-bbbe-45c8-8685-7693311afeeb,"<![CDATA[Novo tratamento ajuda o cérebro a recuperar após AVC]]>","Notícias ao Minuto",2026-09-08,https://www.noticiasaominuto.com/lifestyle/3047945/novo-tratamento-ajuda-o-cerebro-a-recuperar-apos-avc#utm_source=rss-ultima-hora&amp;utm_medium=rss&amp;utm_campaign=rssfeed,avc,"2026-09-09 06:00:06.936079+00",media,
25ed1cd9-6247-430c-b1f1-4576ee41e4a3,"Aumentam os casos de Mpox: Portugal com 40 novas infeções",RTP,2025-03-03,https://www.rtp.pt/noticias/pais/aumentam-os-casos-de-mpox-portugal-com-40-novas-infecoes-nos-ultimos-dois-meses_n1709145,"mpox portugal","2026-03-08 11:08:46.761027+00",media,
25f44c22-f5fd-414f-ab53-5aceba849e59,"<![CDATA[Tonga nomeia diplomata equatoriana Ivonne A-Baki como candidata na ONU]]>","Notícias ao Minuto",2026-08-18,https://www.noticiasaominuto.com/mundo/3038234/tonga-nomeia-diplomata-equatoriana-ivonne-a-baki-como-candidata-na-onu#utm_source=rss-ultima-hora&amp;utm_medium=rss&amp;utm_campaign=rssfeed,candidíase,"2026-08-19 06:00:15.699292+00",media,
25fbd387-09e1-4afe-ae75-3d76bf717c5a,"Appeal and Clovers slot Wager totally free now!","SP Enfermagem de Saúde Familiar",2026-07-11,https://spesf.pt/appeal-and-clovers-slot-wager-totally-free-now/,"perturbações do espectro do autismo","2026-07-11 06:00:53.941686+00",institucional,
2620fd64-aab5-453b-850c-4fd29bbd62a7,"Basta de Comunicados: o que a Europa precisa",Observador,2026-08-11,https://observador.pt/opiniao/basta-de-comunicados-a-europa-precisa-de-avioes-europeus-misseis-abatidos-e-embaixadores-convocados/,"refluxo gastroesofágico","2026-08-12 06:00:07.684133+00",media,
2628f562-1e8f-4d59-8563-541a2a003c7b,"A nova lucidez é uma cegueira",Observador,2026-05-07,https://observador.pt/opiniao/a-nova-lucidez-e-uma-cegueira/,dependências,"2026-05-08 06:00:07.120957+00",media,
262b8c4b-baeb-4bf3-9d76-1292765d6b34,"<![CDATA[Sporting-Alverca: Leão em busca de dar a volta a início de época difícil]]>","Notícias ao Minuto",2026-08-22,https://www.noticiasaominuto.com/desporto/3039649/sporting-alverca-leao-em-busca-de-dar-a-volta-a-inicio-de-epoca-dificil#utm_source=rss-ultima-hora&amp;utm_medium=rss&amp;utm_campaign=rssfeed,"perturbação obsessivo-compulsiva","2026-08-23 06:00:14.075723+00",media,
26363d91-0226-49f3-9f3e-28cce8e8cf15,"<![CDATA[Tondela arranca época com vitória em casa frente ao Amarante]]>","Notícias ao Minuto",2026-08-08,https://www.noticiasaominuto.com/desporto/3034051/tondela-arranca-epoca-com-vitoria-em-casa-frente-ao-amarante#utm_source=rss-ultima-hora&amp;utm_medium=rss&amp;utm_campaign=rssfeed,"perturbação obsessivo-compulsiva","2026-08-09 06:00:11.264131+00",media,
265a7262-60ad-45e5-8e04-fff86ab33799,"<![CDATA[Rendimento real das famílias na OCDE desacelera no primeiro trimestre]]>","Notícias ao Minuto",2026-08-06,https://www.noticiasaominuto.com/economia/3033061/rendimento-real-das-familias-na-ocde-desacelera-no-primeiro-trimestre#utm_source=rss-ultima-hora&amp;utm_medium=rss&amp;utm_campaign=rssfeed,"perturbação obsessivo-compulsiva","2026-08-07 06:00:08.574076+00",media,
26736c55-a76d-49fb-8aac-06a84b0e06fa,"<![CDATA[Governo cria período excecional de candidaturas à conversão das vinhas]]>","Notícias ao Minuto",2026-09-10,https://www.noticiasaominuto.com/economia/3049263/governo-cria-periodo-excecional-de-candidaturas-a-conversao-das-vinhas#utm_source=rss-ultima-hora&amp;utm_medium=rss&amp;utm_campaign=rssfeed,candidíase,"2026-09-11 06:00:12.638031+00",media,
26a5bceb-de7f-4ec2-8ece-23ed2af14419,"A hipocrisia de um país que diz defender as mães",Observador,2026-04-14,https://observador.pt/opiniao/a-hipocrisia-de-um-pais-que-diz-defender-as-maes-enquanto-as-empurra-para-fora-do-mercado-de-trabalho/,"perturbação obsessivo-compulsiva","2026-04-15 06:00:06.456811+00",media,
26ae4a39-ba28-482c-9a02-5c81e1df6618,"<![CDATA[OCDE revê em baixa crescimento da economia portuguesa para 1,8% em 2026]]>","Notícias ao Minuto",2026-06-04,https://www.noticiasaominuto.com/economia/3000410/ocde-reve-em-baixa-crescimento-da-economia-portuguesa-para-1-8-em-2026#utm_source=rss-ultima-hora&amp;utm_medium=rss&amp;utm_campaign=rssfeed,"perturbação obsessivo-compulsiva","2026-06-05 06:00:13.377977+00",media,
26dd892c-2d3e-449e-b0e9-7742000baa41,"<![CDATA[Bugalho aponta ""hipocrisia"" ao PS e garante: ""Neves não é um problema""]]>","Notícias ao Minuto",2026-08-22,https://www.noticiasaominuto.com/politica/3039913/bugalho-aponta-hipocrisia-ao-ps-e-garante-neves-nao-e-um-problema#utm_source=rss-ultima-hora&amp;utm_medium=rss&amp;utm_campaign=rssfeed,"perturbação obsessivo-compulsiva","2026-08-22 06:00:09.293988+00",media,
26f32093-6cfe-437a-a92f-d05201389aec,"A morte e o diabo precisam de máscara?",Observador,2026-04-15,https://observador.pt/programas/a-nossa-cultura/a-morte-e-o-diabo-precisam-de-mascara/,dependências,"2026-04-15 06:00:06.456811+00",media,
272dd9fa-e313-4679-a588-770fa33d646a,"CathStart -Curso de Simulação em Coronariografia Diagnóstica","Sociedade Portuguesa de Cardiologia",2026-09-04,https://spc.pt/arquivo-mensal/cathstart-curso-de-simulacao-em-coronariografia-diagnostica/,"terapia hormonal","2026-09-06 06:00:49.165707+00",institucional,
2738f0a7-ae6c-4355-9995-a9f8447167a6,"Formalizada candidatura de Lula da Silva a quarto mandato como Presidente do Brasil",RTP,2026-08-02,https://www.rtp.pt/noticias/mundo/formalizada-candidatura-de-lula-da-silva-a-quarto-mandato-como-presidente-do-brasil_n1757318,candidíase,"2026-08-03 06:00:07.644474+00",media,
274ee562-1c54-40ec-85f9-b08a24be2f30,"O americano fantasma e o mordomo que tentou vender arte",Observador,2026-04-25,https://observador.pt/especiais/tinhamos-uma-mina-de-ouro-em-penalva-do-castelo-o-americano-fantasma-o-mordomo-que-lhe-mostrou-portugal-e-a-arte-a-caminho-de-franca/,"refluxo gastroesofágico","2026-04-26 06:00:06.983427+00",media,
278201c7-6003-4b22-bc7e-38cad70964ac,"Preço do borrego produzido no Alentejo cai ligeiramente nesta Páscoa",RTP,2026-04-02,https://www.rtp.pt/noticias/economia/preco-do-borrego-produzido-no-alentejo-cai-ligeiramente-nesta-pascoa_n1731099,"perturbação obsessivo-compulsiva","2026-04-03 06:00:24.660175+00",media,
2785291d-3923-4ac7-80c7-14b47aa74794,"<![CDATA[Tenha atenção! Estes 3 hábitos comuns podem aumentar o seu colesterol]]>","Notícias ao Minuto",2026-09-15,https://www.noticiasaominuto.com/lifestyle/3050944/tenha-atencao-estes-3-habitos-comuns-podem-aumentar-o-seu-colesterol#utm_source=rss-ultima-hora&amp;utm_medium=rss&amp;utm_campaign=rssfeed,"colesterol alto","2026-09-15 06:00:07.629104+00",media,
27cbe785-64cb-42ce-8886-3c637fc9ac67,"13 de Maio: o cruzamento entre Sagrado, História e agora",Observador,2026-05-12,https://observador.pt/opiniao/13-de-maio-o-cruzamento-entre-o-sagrado-a-historia-e-a-urgencia-do-agora/,ansiedade,"2026-05-13 06:00:09.7036+00",media,
27fdaab3-615b-417f-bc4a-77d8be135ff9,"A lição de um campeão europeu ao campeão nacional",Observador,2026-06-16,https://observador.pt/2026/06/16/a-licao-de-um-campeao-europeu-ao-campeao-nacional-sporting-goleia-benfica-e-empata-final-da-liga/,"perturbação obsessivo-compulsiva","2026-06-17 06:00:05.825467+00",media,
283796c1-89ee-47a1-9503-2df15525e9a3,"Webinar &#8211; Zona Norte","SP Acidente Vascular Cerebral",2025-09-24,https://spavc.org/webinar-tenecteplase-no-tratamento-do-avc-uma-nova-era-em-portugal-zona-norte/,avc,"2026-04-10 06:01:13.215451+00",institucional,
285abee9-a37d-4754-8d93-5a9d01d0ea96,"<![CDATA[Quer baixar o colesterol? 5 coisas que não deve fazer depois de jantar]]>","Notícias ao Minuto",2026-05-29,https://www.noticiasaominuto.com/lifestyle/2996571/quer-baixar-o-colesterol-5-coisas-que-nao-deve-fazer-depois-de-jantar#utm_source=rss-ultima-hora&amp;utm_medium=rss&amp;utm_campaign=rssfeed,"colesterol alto","2026-05-30 06:00:10.38129+00",media,
286775c1-89d5-4e7c-bb24-304e65d9150e,"<![CDATA[Kristin: Leiria encerra análise das 10.807 candidaturas recebidas]]>","Notícias ao Minuto",2026-08-28,https://www.noticiasaominuto.com/pais/3043106/mau-tempo-municipio-de-leiria-encerra-analise-das-10807-candidaturas-recebidas#utm_source=rss-ultima-hora&amp;utm_medium=rss&amp;utm_campaign=rssfeed,candidíase,"2026-08-30 06:00:09.990253+00",media,
286dcfdf-1cb9-4b7e-a28a-7447c1b2206e,"<![CDATA[Morreu a atriz Phyllida Law, mãe de Sophie e Emma Thompson]]>","Notícias ao Minuto",2026-08-19,https://www.noticiasaominuto.com/fama/3038427/morreu-a-mae-de-emma-e-sophie-thompson-a-tambem-atriz-phyllida-law#utm_source=rss-ultima-hora&amp;utm_medium=rss&amp;utm_campaign=rssfeed,"síndrome do ovário poliquístico","2026-08-20 06:00:08.999348+00",media,
288fbfbf-31a0-4c81-9103-68827bbeaa7d,"Neemias Queta promete &quot;focar&quot; atenção nos jogos da seleção e iniciar &quot;boa época&quot;",RTP,2026-08-18,https://www.rtp.pt/noticias/basquetebol/neemias-queta-promete-focar-atencao-nos-jogos-da-selecao-e-iniciar-boa-epoca_d1760233,"perturbação obsessivo-compulsiva","2026-08-19 06:00:15.072118+00",media,
2895659c-9fe4-4fd6-8241-223cbd039284,"“Nem tudo o que reluz é ouro”",Observador,2026-08-04,https://observador.pt/opiniao/nem-tudo-o-que-reluz-e-ouro/,alzheimer,"2026-08-05 06:00:09.012108+00",media,
28bd60d6-e7ca-4720-99d9-fab4076d1d81,"<![CDATA[Ex-ministra Joana Rosa anuncia candidatura à Presidência de Cabo Verde]]>","Notícias ao Minuto",2026-06-24,https://www.noticiasaominuto.com/mundo/3010640/ex-ministra-joana-rosa-anuncia-candidatura-a-presidencia-de-cabo-verde#utm_source=rss-ultima-hora&amp;utm_medium=rss&amp;utm_campaign=rssfeed,candidíase,"2026-06-25 06:00:18.090096+00",media,
28cacfcb-3add-4af6-8efc-7a2b7153ee29,"A festa azul e branca após a 25.ª Supertaça em imagens",Observador,2026-08-01,https://observador.pt/2026/08/02/o-branco-e-o-grena-no-meio-de-um-azul-em-comum-a-festa-do-fc-porto-apos-a-25-a-supertaca-em-imagens/,"perturbação obsessivo-compulsiva","2026-08-02 06:00:07.994836+00",media,
29071a11-f0c3-46f2-931b-86fd2bb73a40,"Instituto Ricardo Jorge promove II Conferência do Centro Colaborativo da OMS em Nutrição e Obesidade Infantil",INSA,2026-09-04,https://www.insa.min-saude.pt/instituto-ricardo-jorge-promove-ii-conferencia-do-centro-colaborativo-da-oms-em-nutricao-e-obesidade-infantil/,"obesidade infantil","2026-09-07 06:00:23.238162+00",institucional,
2915e5fb-f992-484b-adce-aa663ae07236,"Open Session &#124; Anemia: do impacto à intervenção","SP Medicina Interna",2026-04-29,https://www.spmi.pt/open-session-anemia-do-impacto-a-intervencao/,anemia,"2026-04-30 06:00:44.717585+00",institucional,
29247925-307d-4a70-8b83-3265501a4ae2,"<![CDATA[Debate com candidatos à sucessão de Guterres agendado para 23 de julho]]>","Notícias ao Minuto",2026-07-09,https://www.noticiasaominuto.com/mundo/3019220/debate-com-candidatos-a-sucessao-de-guterres-agendado-para-23-de-julho#utm_source=rss-ultima-hora&amp;utm_medium=rss&amp;utm_campaign=rssfeed,candidíase,"2026-07-10 06:00:11.52006+00",media,
293d3dd3-02d6-43e7-902f-d9fc9669e473,"Deputados britânicos chumbam proposta de legalização do suicídio assistido",RTP,2026-09-11,https://www.rtp.pt/noticias/mundo/deputados-britanicos-chumbam-proposta-de-legalizacao-do-suicidio-assistido_n1764873,suicídio,"2026-09-12 06:00:11.166927+00",media,
29454958-f9cf-4324-bad0-a102f089e1a2,"<![CDATA[CPLP. Brasil justifica candidatura à presidência com alternância regional]]>","Notícias ao Minuto",2026-07-11,https://www.noticiasaominuto.com/pais/3019965/cplp-brasil-justifica-candidatura-a-presidencia-com-alternancia-regional#utm_source=rss-ultima-hora&amp;utm_medium=rss&amp;utm_campaign=rssfeed,candidíase,"2026-07-13 06:00:08.60075+00",media,
296e749d-a7f9-4ccd-a61a-71b87d07c410,"<![CDATA[4 frutas que ajudam a reduzir o risco de cancro da mama]]>","Notícias ao Minuto",2026-06-04,https://www.noticiasaominuto.com/lifestyle/3000098/4-frutas-que-ajudam-a-reduzir-o-risco-de-cancro-da-mama#utm_source=rss-ultima-hora&amp;utm_medium=rss&amp;utm_campaign=rssfeed,"cancro da mama","2026-06-05 06:00:13.377977+00",media,
2973b1d9-622d-4e57-a8bd-d83573270714,"<![CDATA[Património Cultural Imaterial: Amolador do Bolhão com candidatura aceite]]>","Notícias ao Minuto",2026-05-10,https://www.noticiasaominuto.com/pais/2987234/patrimonio-cultural-imaterial-amolador-do-bolhao-com-candidatura-aceite#utm_source=rss-ultima-hora&amp;utm_medium=rss&amp;utm_campaign=rssfeed,candidíase,"2026-05-11 06:00:10.493089+00",media,
2982c9cc-7d04-4980-9a69-c54264e873e1,"O Renascimento do Dragão. Os sons do 31 do FC Porto",Observador,2026-05-02,https://observador.pt/programas/emissao-especial/o-renascimento-do-dragao-os-sons-do-31-do-fc-porto/,"perturbação obsessivo-compulsiva","2026-05-03 06:00:08.401998+00",media,
29bdbc2e-2bc1-4e8c-8117-95b8595d14f3,"Queixa de filho revela mais de 70 contas de Pinto da Costa",Observador,2026-06-12,https://observador.pt/2026/06/13/pinto-da-costa-tinha-mais-de-70-contas-em-portugal-e-parte-foi-esvaziada-antes-de-morrer-diz-filho-em-queixa-crime/,"refluxo gastroesofágico","2026-06-13 06:00:07.113927+00",media,
29be41ec-366c-4109-b019-200f875d49d2,"4h. Mourinho diz que vídeo com camisola do Real Madrid é IA",Observador,2026-06-04,https://observador.pt/programas/noticiario/as-noticias-das-4h-2306/,candidíase,"2026-06-04 06:00:10.21428+00",media,
29d641f9-bc17-4e66-87cd-a981b4c97030,"<![CDATA[Jorge Bom Jesus admite apoiar recandidatura de Carlos Vila Nova]]>","Notícias ao Minuto",2026-06-30,https://www.noticiasaominuto.com/mundo/3013851/jorge-bom-jesus-admite-apoiar-recandidatura-de-carlosvila-nova#utm_source=rss-ultima-hora&amp;utm_medium=rss&amp;utm_campaign=rssfeed,candidíase,"2026-07-01 06:00:13.168736+00",media,
29d67230-b980-4601-842d-7a85261696f6,"<![CDATA[Dia de Prevenção ao Suicídio. Kate Middleton usa brincos simbólicos]]>","Notícias ao Minuto",2026-09-11,https://www.noticiasaominuto.com/fama/3049846/dia-de-prevencao-ao-suicidio-kate-middleton-usa-brincos-simbolicos#utm_source=rss-ultima-hora&amp;utm_medium=rss&amp;utm_campaign=rssfeed,suicídio,"2026-09-14 06:00:12.111358+00",media,
2a11c030-e8e0-43ea-b56f-681e77004af0,"<![CDATA[Em Portugal, marido de Kelly Key recebe alta hospitalar após AVC]]>","Notícias ao Minuto",2026-04-09,https://www.noticiasaominuto.com/fama/2970139/em-portugal-marido-de-kelly-key-recebe-alta-hospitalar-apos-avc#utm_source=rss-ultima-hora&amp;utm_medium=rss&amp;utm_campaign=rssfeed,avc,"2026-04-10 06:00:11.391883+00",media,
2a786a3d-e6df-48e4-88ba-3fd3188126df,"<![CDATA[Stress: ""Assustador. Muitos vivem constantemente em modo de luta ou fuga""]]>","Notícias ao Minuto",2026-04-28,https://www.noticiasaominuto.com/lifestyle/2978902/stress-assustador-muitos-vivem-constantemente-em-modo-de-luta-ou-fuga#utm_source=rss-ultima-hora&amp;utm_medium=rss&amp;utm_campaign=rssfeed,ansiedade,"2026-04-29 06:00:09.920756+00",media,
2a78a11f-4033-47c1-994e-f258935fe097,"Matar muito liberalmente",Observador,2026-07-26,https://observador.pt/opiniao/matar-muito-liberalmente/,dependências,"2026-07-27 06:00:06.034731+00",media,
2a84addb-fb15-4e03-8ba5-a4e5a384089a,"<![CDATA[FC Porto acelera para a nova época com nova sessão no Olival]]>","Notícias ao Minuto",2026-07-08,https://www.noticiasaominuto.com/desporto/3018589/fc-porto-acelera-para-a-nova-epoca-com-nova-sessao-no-olival#utm_source=rss-ultima-hora&amp;utm_medium=rss&amp;utm_campaign=rssfeed,"perturbação obsessivo-compulsiva","2026-07-09 06:00:13.094772+00",media,
2a8eb9a1-a3f6-4368-8371-644d43ff3b47,"<![CDATA[Vitória SC goleia Penafiel em teste de pré-época]]>","Notícias ao Minuto",2026-07-18,https://www.noticiasaominuto.com/desporto/3023648/vitoria-sc-goleia-penafiel-em-teste-de-pre-epoca#utm_source=rss-ultima-hora&amp;utm_medium=rss&amp;utm_campaign=rssfeed,"perturbação obsessivo-compulsiva","2026-07-20 06:00:12.191085+00",media,
2ab380df-b7ba-4691-af86-73d0f7aa7a69,"<![CDATA[Corina Machado assume que será candidata em ""eleições limpas e livres""]]>","Notícias ao Minuto",2026-05-23,https://www.noticiasaominuto.com/mundo/2994720/corina-machado-assume-que-sera-candidata-em-eleicoes-limpas-e-livres#utm_source=rss-ultima-hora&amp;utm_medium=rss&amp;utm_campaign=rssfeed,candidíase,"2026-05-24 06:00:13.28905+00",media,
2ac17fcf-c4b6-4145-9887-afd2b19709b5,"<![CDATA[""Todos sabem que vai ser uma época difícil. Ainda não ganhámos nada""]]>","Notícias ao Minuto",2026-08-14,https://www.noticiasaominuto.com/desporto/3036683/todos-sabem-que-vai-ser-uma-epoca-dificil-ainda-nao-ganhamos-nada#utm_source=rss-ultima-hora&amp;utm_medium=rss&amp;utm_campaign=rssfeed,"perturbação obsessivo-compulsiva","2026-08-15 06:00:11.370737+00",media,
2af06a84-0c40-43c5-85fb-c2f259d90117,"<![CDATA[Metade dos alunos faltou à época extraordinária dos exames nacionais]]>","Notícias ao Minuto",2026-09-09,https://www.noticiasaominuto.com/pais/3048676/metade-dos-alunos-inscritos-faltou-aos-exames-da-epoca-extraordinaria#utm_source=rss-ultima-hora&amp;utm_medium=rss&amp;utm_campaign=rssfeed,"perturbação obsessivo-compulsiva","2026-09-10 06:00:05.872866+00",media,
2b123c20-55fc-4a94-81d4-ba89eb441f7a,"<![CDATA[Gil Vicente empata com Felgueiras no terceiro 'ensaio' da pré-época]]>","Notícias ao Minuto",2026-07-18,https://www.noticiasaominuto.com/desporto/3023652/gil-vicente-empata-com-felgueiras-no-terceiro-ensaio-da-pre-epoca#utm_source=rss-ultima-hora&amp;utm_medium=rss&amp;utm_campaign=rssfeed,"perturbação obsessivo-compulsiva","2026-07-19 06:00:08.057305+00",media,
2ba5e3cb-731f-4077-9c36-4ed6341e99fb,"Filme &quot;Banzo&quot; lidera nomeados dos prémios Sophia e Rui Mendes é homenageado",RTP,2026-03-26,https://www.rtp.pt/noticias/cultura/filme-banzo-lidera-nomeados-dos-premios-sophia-e-rui-mendes-e-homenageado_n1729505,"síndrome do ovário poliquístico","2026-03-27 06:00:19.049278+00",media,
2bc9d348-9b46-43a8-b181-e79d956fb62b,"CNP’26: Call for Abstracts – Candidaturas abertas até 21 de maio de 2026","SP Psiquiatria e Saúde Mental",2026-05-13,https://www.sppsm.org/cnp26-call-for-abstracts-candidaturas-abertas-ate-21-de-maio-de-2026/,candidíase,"2026-05-14 06:00:45.579098+00",institucional,
2bd75ad2-0be2-4d8c-b4f0-9f2b7867e7b8,"<![CDATA[3 hábitos (na educação) que podem aumentar a ansiedade das crianças]]>","Notícias ao Minuto",2026-08-11,https://www.noticiasaominuto.com/lifestyle/3035026/3-habitos-na-educacao-que-podem-aumentar-a-ansiedade-das-criancas#utm_source=rss-ultima-hora&amp;utm_medium=rss&amp;utm_campaign=rssfeed,ansiedade,"2026-08-12 06:00:09.004678+00",media,
2c04fec2-49a2-4da9-bb34-53615ea3d5f4,"<![CDATA[Este sintoma (do olfato) pode diagnosticar Alzheimer precocemente]]>","Notícias ao Minuto",2026-04-08,https://www.noticiasaominuto.com/lifestyle/2969285/este-sintoma-do-olfato-pode-diagnosticar-alzheimer-precocemente#utm_source=rss-ultima-hora&amp;utm_medium=rss&amp;utm_campaign=rssfeed,alzheimer,"2026-04-10 06:00:11.391883+00",media,
2c2b50d1-ab7f-4ed2-930d-3ec44dbdda42,"<![CDATA[Sabia que também existe a diabetes tipo 1.5? As diferenças e sintomas]]>","Notícias ao Minuto",2026-06-17,https://www.noticiasaominuto.com/lifestyle/3006509/sabia-que-tambem-existe-a-diabetes-tipo-15-as-diferencas-e-sintomas#utm_source=rss-ultima-hora&amp;utm_medium=rss&amp;utm_campaign=rssfeed,"diabetes tipo 2","2026-06-18 06:00:10.881534+00",media,
2c2c058e-c774-4c4d-acf7-238b0c8da2ec,"<![CDATA[Reduzir o risco de AVC: 7 coisas que nunca deve fazer, segundo médicos]]>","Notícias ao Minuto",2026-05-05,https://www.noticiasaominuto.com/lifestyle/2984192/reduzir-o-risco-de-avc-7-coisas-que-nunca-deve-fazer-segundo-medicos#utm_source=rss-ultima-hora&amp;utm_medium=rss&amp;utm_campaign=rssfeed,avc,"2026-05-06 06:00:08.912686+00",media,
2c5126a2-1dda-4495-9295-42d6457bab1b,"<![CDATA[Jorge Bom Jesus reafirma ser candidato às presidenciais de São Tomé]]>","Notícias ao Minuto",2026-06-19,https://www.noticiasaominuto.com/mundo/3008185/jorge-bom-jesus-reafirma-ser-candidato-as-presidenciais-de-sao-tome#utm_source=rss-ultima-hora&amp;utm_medium=rss&amp;utm_campaign=rssfeed,candidíase,"2026-06-20 06:00:09.590423+00",media,
2c60056a-a347-45bd-bf5f-fac97a72686c,"SIRESP: guerras, conflitos de interesse e contradições",Observador,2026-05-28,https://observador.pt/programas/a-hist-ria-do-dia/siresp-guerras-conflitos-de-interesse-e-contradicoes/,dependências,"2026-05-28 06:00:10.229985+00",media,
2c66baf1-0769-4ecb-befb-0c4fa670a5a4,"<![CDATA[Oficial: Estados Unidos renova com Mauricio Pochettino até Mundial2030]]>","Notícias ao Minuto",2026-08-03,https://www.noticiasaominuto.com/desporto/3031525/oficial-estados-unidos-renova-com-mauricio-pochettino-ate-mundial2030#utm_source=rss-ultima-hora&amp;utm_medium=rss&amp;utm_campaign=rssfeed,"perturbação obsessivo-compulsiva","2026-08-04 06:00:10.402023+00",media,
2c796ad0-5994-4453-9a58-da2e8befe645,"Sessões informativas sobre Qualidade do Ar Interior &#8211; 3ª edição 2026",INSA,2026-09-02,https://www.insa.min-saude.pt/sessoes-informativas-sobre-qualidade-do-ar-interior-3a-edicao-2026/,"poluição e saúde","2026-09-07 06:00:23.238162+00",institucional,
2c9a35aa-ed19-42d0-8908-986d99afcf2e,"<![CDATA[Benfica trama Fulham, mas já há dois candidatos à sucessão de Marco Silva]]>","Notícias ao Minuto",2026-06-03,https://www.noticiasaominuto.com/desporto/3000121/benfica-trama-fulham-mas-ja-ha-dois-candidatos-a-sucessao-de-marco-silva#utm_source=rss-ultima-hora&amp;utm_medium=rss&amp;utm_campaign=rssfeed,candidíase,"2026-06-04 06:00:12.178883+00",media,
2cde1786-74b6-4404-b245-247d05c03a8d,"<![CDATA[Governo elimina penalizações nas candidaturas ao Pedido Único até junho]]>","Notícias ao Minuto",2026-05-08,https://www.noticiasaominuto.com/economia/2986581/governo-elimina-penalizacoes-nas-candidaturas-ao-pedido-unico-ate-junho#utm_source=rss-ultima-hora&amp;utm_medium=rss&amp;utm_campaign=rssfeed,candidíase,"2026-05-09 06:00:09.588472+00",media,
2d061380-5eb5-4aa9-acb6-dd1f7c4e60d1,"Portugal confirma play-off para Mundial feminino e reforça candidatura à Liga A",RTP,2026-04-18,https://www.rtp.pt/noticias/selecao-nacional/portugal-confirma-play-off-para-mundial-feminino-e-reforca-candidatura-a-liga-a_d1735023,candidíase,"2026-04-19 06:00:08.204787+00",media,
2d3542ff-687e-4f54-867b-1d89f5fd2e02,"<![CDATA[Brasil. Homicida de 6 empresários portugueses candidata-se a universidade]]>","Notícias ao Minuto",2026-04-29,https://www.noticiasaominuto.com/pais/2981366/brasil-homicida-de-6-empresarios-portugueses-candidata-se-a-universidade#utm_source=rss-ultima-hora&amp;utm_medium=rss&amp;utm_campaign=rssfeed,candidíase,"2026-04-30 06:00:09.077392+00",media,
2d37c349-c84a-470e-a832-4f608e1a8233,"Vacina do sarampo causa autismo? É falso","Observador Fact Check",2025-02-22,https://observador.pt/factchecks/vacina-sarampo,"sarampo surto","2026-03-08 12:35:50.177732+00",factcheck,
2d4b0db5-1e45-48c9-9527-7bc2bcac1566,"<![CDATA[DGS alerta para má qualidade do ar devido a poeiras do Norte de África]]>","Notícias ao Minuto",2026-08-07,https://www.noticiasaominuto.com/pais/3033721/dgs-alerta-para-ma-qualidade-do-ar-devido-a-poeiras-do-norte-de-africa#utm_source=rss-ultima-hora&amp;utm_medium=rss&amp;utm_campaign=rssfeed,"poluição e saúde","2026-08-10 06:00:10.246201+00",media,
2d53ee8c-cbb4-4b3d-a1e7-10f2cac7a6ea,"<![CDATA[PSD dá luz verde à candidatura de Tiago Antunes como provedor de Justiça]]>","Notícias ao Minuto",2026-04-16,https://www.noticiasaominuto.com/politica/2973822/psd-da-luz-verde-a-candidatura-de-tiago-antunes-como-provedor-de-justica#utm_source=rss-ultima-hora&amp;utm_medium=rss&amp;utm_campaign=rssfeed,candidíase,"2026-04-17 06:00:06.553751+00",media,
2d6403e9-950f-4ffd-853e-ccdbb0c3917f,"<![CDATA[Albufeira inicia época balnear apesar da falta recorrente de nadadores-salvadores]]>","Notícias ao Minuto",2026-05-12,https://www.noticiasaominuto.com/pais/2988288/albufeira-inicia-epoca-balnear-apesar-da-falta-recorrente-de-nadadores-salvadores#utm_source=rss-ultima-hora&amp;utm_medium=rss&amp;utm_campaign=rssfeed,"perturbação obsessivo-compulsiva","2026-05-13 06:00:11.346546+00",media,
2d655d78-c7ef-4be6-9ab3-22db7dbf4e6a,"Pode Alexandria Ocasio-Cortez chegar à presidência dos EUA em 2028?",Público,2026-08-13,https://www.publico.pt/2026/08/13/mundo/noticia/alexandria-ocasiocortez-chegar-presidencia-eua-2028-2184854,candidíase,"2026-08-13 06:00:10.583877+00",media,
2d663fec-d27e-49a8-b8c3-5e053e8e18d8,"A inclusão não pode continuar a ser um discurso!",Observador,2026-05-01,https://observador.pt/opiniao/a-inclusao-nao-pode-continuar-a-ser-um-discurso/,"perturbações do espectro do autismo","2026-05-02 06:00:13.759475+00",media,
2dab318d-2673-4e6e-91c7-7ae2d7134fb4,"O entrudo e os segredos. Quem precisa de orelhas de burro?",Observador,2026-04-20,https://observador.pt/programas/a-nossa-cultura/o-entrudo-e-os-segredos-quem-precisa-de-orelhas-de-burro/,dependências,"2026-04-20 06:00:06.941151+00",media,
2dc52a75-a2cd-45a7-8a0e-9f268224d53a,"Beja formaliza projeto para criar rede de refúgios climáticos","Conselho Português para a Saúde e Ambiente",2026-07-07,https://cpsa.pt/noticias/portugal-noticias/beja-formaliza-projeto-rede-refugios-climaticos/,"calor extremo e saúde","2026-07-22 06:01:10.404595+00",institucional,
2e0b90bd-3f0a-40b6-9ddd-0d2e14af863b,"<![CDATA[Pepa: ""Acabei o jogo com azia, senti que poderíamos ter virado o jogo""]]>","Notícias ao Minuto",2026-08-08,https://www.noticiasaominuto.com/desporto/3034084/pepa-acabei-o-jogo-com-azia-senti-que-poderiamos-ter-virado-o-jogo#utm_source=rss-ultima-hora&amp;utm_medium=rss&amp;utm_campaign=rssfeed,"refluxo gastroesofágico","2026-08-10 06:00:10.246201+00",media,
2e50001e-b850-47bc-85ec-f02ae30367f6,"<![CDATA[Cerca de 30 candidatos na corrida ao Eliseu. Le Pen lidera sondagens]]>","Notícias ao Minuto",2026-09-01,https://www.noticiasaominuto.com/mundo/3044589/cerca-de-30-candidatos-na-corrida-ao-eliseu-le-pen-lidera-sondagens#utm_source=rss-ultima-hora&amp;utm_medium=rss&amp;utm_campaign=rssfeed,candidíase,"2026-09-02 06:00:06.388454+00",media,
2e92b53c-fbb6-46f8-9d83-b5b0df18390b,"<![CDATA[Vitória SC derrota Felgueiras no primeiro 'teste' da pré-época]]>","Notícias ao Minuto",2026-07-11,https://www.noticiasaominuto.com/desporto/3020074/vitoria-sc-derrota-felgueiras-no-primeiro-teste-da-pre-epoca#utm_source=rss-ultima-hora&amp;utm_medium=rss&amp;utm_campaign=rssfeed,"perturbação obsessivo-compulsiva","2026-07-12 06:00:08.606874+00",media,
2e9579e0-8075-4afd-9922-26fe7834f9c8,"<![CDATA[Nova época, velhos hábitos. Begraoui empata e imita Cristiano Ronaldo]]>","Notícias ao Minuto",2026-08-07,https://www.noticiasaominuto.com/desporto/3033765/nova-epoca-velhos-habitos-begraoui-empata-e-imita-cristiano-ronaldo#utm_source=rss-ultima-hora&amp;utm_medium=rss&amp;utm_campaign=rssfeed,"perturbação obsessivo-compulsiva","2026-08-09 06:00:11.264131+00",media,
2e9cfbf2-3dab-4a75-a2fe-4b453ebd0f84,"<![CDATA[Bachelet defende direitos das mulheres após pedirem veto à candidatura na ONU]]>","Notícias ao Minuto",2026-04-21,https://www.noticiasaominuto.com/mundo/2977030/bachelet-defende-direitos-das-mulheres-apos-pedirem-veto-a-candidatura-na-onu#utm_source=rss-ultima-hora&amp;utm_medium=rss&amp;utm_campaign=rssfeed,candidíase,"2026-04-22 06:00:12.405074+00",media,
2ec3b19c-0639-4e58-bb68-4b2bee33eb9e,"<![CDATA[Será anemia? Sinais na boca que podem revelar falta de ferro]]>","Notícias ao Minuto",2026-09-02,https://www.noticiasaominuto.com/lifestyle/3045301/sera-anemia-sinais-na-boca-que-podem-revelar-falta-de-ferro#utm_source=rss-ultima-hora&amp;utm_medium=rss&amp;utm_campaign=rssfeed,anemia,"2026-09-03 06:00:14.963501+00",media,
2eea2648-ffa3-4f72-bdc0-63bdd15a846f,"<![CDATA[PJ detém dois ""correios humanos"". Traziam cocaína de ""país sul-africano""]]>","Notícias ao Minuto",2026-07-25,https://www.noticiasaominuto.com/pais/3027384/pj-detem-dois-correios-humanos-traziam-cocaina-de-pais-sul-africano#utm_source=rss-ultima-hora&amp;utm_medium=rss&amp;utm_campaign=rssfeed,"refluxo gastroesofágico","2026-07-27 06:00:07.629701+00",media,
2efd99c9-3594-4e41-a12e-539c26da79a4,"Há espaço para um novo partido à direita",Público,2026-05-21,https://www.publico.pt/2026/05/22/opiniao/opiniao/ha-espaco-novo-partido-direita-2175585,candidíase,"2026-05-22 06:00:05.772744+00",media,
2fb9800e-3264-40a4-867d-35df228eb6dc,"Auroras boreais em Bragança e risco de apocalipse magnético",Observador,2026-05-25,https://observador.pt/programas/e-o-resto-cincia/auroras-boreais-em-braganca-e-risco-de-apocalipse-magnetico/,"perturbação obsessivo-compulsiva","2026-05-25 06:00:08.514442+00",media,
2fcf61ee-dbb6-46ca-b8ac-074956a6722a,"<![CDATA[Mau tempo: Governo prolonga candidaturas aos apoios até 15 de setembro]]>","Notícias ao Minuto",2026-07-16,https://www.noticiasaominuto.com/economia/3022373/mau-tempo-governo-prolonga-candidaturas-aos-apoios-ate-15-de-setembro#utm_source=rss-ultima-hora&amp;utm_medium=rss&amp;utm_campaign=rssfeed,candidíase,"2026-07-18 06:00:10.749625+00",media,
2fe9810c-4283-4cfd-a539-d805ee94807d,"<![CDATA[Sépsis. ""Diagnóstico pode ser desafiante. Não existe um único sintoma""]]>","Notícias ao Minuto",2026-09-14,https://www.noticiasaominuto.com/lifestyle/3050950/sepsis-diagnostico-pode-ser-desafiante-nao-existe-um-unico-sintoma#utm_source=rss-ultima-hora&amp;utm_medium=rss&amp;utm_campaign=rssfeed,sepsis,"2026-09-15 06:00:07.629104+00",media,
2ffa30c1-f3da-4c66-9ef2-8d8a68bcc8eb,"&quot;É um encontro&quot;. Festival regressa à Amadora em setembro",Observador,2026-08-25,https://observador.pt/2026/08/25/festival-e-um-encontro-regressa-a-amadora-em-setembro/,dependências,"2026-08-26 06:00:08.570208+00",media,
302a04e3-c599-472d-ae7e-dc822a7c22d9,"Candidata ao Miss Brasil Europa 2026 visita a APAV",APAV,2026-09-03,https://apav.pt/candidata-ao-miss-brasil-europa-2026-visita-a-apav/,candidíase,"2026-09-08 06:01:03.576703+00",institucional,
3046d7fd-6baa-427e-8327-585e92199ae7,"“Vamos ficar de olhos abertos”: Comissão Europeia promove campanha pelos direitos das vítimas de crime",APAV,2026-08-12,https://apav.pt/vamos-ficar-de-olhos-abertos-comissao-europeia-promove-campanha-pelos-direitos-das-vitimas-de-crime/,"síndrome do ovário poliquístico","2026-08-21 06:01:16.448842+00",institucional,
30506c51-25ea-45fa-88a3-f3075e4aad74,"36 horas nas urgências do Amadora-Sintra",Observador,2026-09-07,https://observador.pt/programas/a-hist-ria-do-dia/36-horas-nas-urgencias-do-amadora-sintra/,avc,"2026-09-07 06:00:15.069266+00",media,
306e96a8-4fe2-4075-b906-3fb75b6206e2,"<![CDATA[Acesso ao Superior com maior procura em três décadas: 60.391 candidatos]]>","Notícias ao Minuto",2026-08-07,https://www.noticiasaominuto.com/pais/3033394/acesso-ao-superior-com-maior-procura-em-tres-decadas-60391-candidatos#utm_source=rss-ultima-hora&amp;utm_medium=rss&amp;utm_campaign=rssfeed,candidíase,"2026-08-08 06:00:08.519628+00",media,
3090f65d-9b53-4f96-961a-4cb1740288ad,"<![CDATA[João Lourenço anuncia recandidatura à presidência do MPLA]]>","Notícias ao Minuto",2026-05-09,https://www.noticiasaominuto.com/mundo/2987056/joao-lourenco-anuncia-recandidatura-a-presidencia-do-mpla#utm_source=rss-ultima-hora&amp;utm_medium=rss&amp;utm_campaign=rssfeed,candidíase,"2026-05-10 06:00:07.550731+00",media,
309acf9c-147f-47ac-8d7c-6706c54692f1,"A cova que Passos está a cavar",Observador,2026-05-28,https://observador.pt/opiniao/a-cova-que-passos-esta-a-cavar/,"refluxo gastroesofágico","2026-05-29 06:00:11.679675+00",media,
30f6b4ab-cdca-4dd5-b83a-6a10bb40cc61,"<![CDATA[Filho de Britney Spears aparece pela 1.ª vez em dez anos em red carpet]]>","Notícias ao Minuto",2026-05-15,https://www.noticiasaominuto.com/fama/2990795/filho-de-britney-spears#utm_source=rss-ultima-hora&amp;utm_medium=rss&amp;utm_campaign=rssfeed,"perturbações do espectro do autismo","2026-05-16 06:00:11.05527+00",media,
3103dc3b-dc01-4137-9225-98ba1915147d,"Prémio APAV para o Jornalismo Joana Marques Vidal 2026 &#124; Candidaturas Abertas",APAV,2026-03-26,https://apav.pt/premio-apav-para-o-jornalismo-joana-marques-vidal-2026-candidaturas-abertas/,candidíase,"2026-04-10 06:01:22.80262+00",institucional,
311cb35a-bbb2-49a9-9f5a-afa33b7d8557,"V Encontro do NEECO reforça papel do POCUS na prática clínica em Portugal","SP Medicina Interna",2026-04-21,https://www.spmi.pt/v-encontro-do-neeco-reforca-papel-do-pocus-na-pratica-clinica-em-portugal/,"perturbação obsessivo-compulsiva","2026-04-22 06:00:56.704254+00",institucional,
311f067e-1421-41dd-af78-024b636918c8,"<![CDATA[Resíduos, riscos ambientais e qualidade do ar grandes desafios até 2030]]>","Notícias ao Minuto",2026-04-14,https://www.noticiasaominuto.com/pais/2972347/residuos-riscos-ambientais-e-qualidade-do-ar-grandes-desafios-ate-2030#utm_source=rss-ultima-hora&amp;utm_medium=rss&amp;utm_campaign=rssfeed,"poluição e saúde","2026-04-15 06:00:08.095381+00",media,
3121c12b-5f19-4abb-a94d-866e6b5cf646,"<![CDATA[Ventura acusa PS de ""hipocrisia"" sobre IVA zero e combustíveis]]>","Notícias ao Minuto",2026-08-27,https://www.noticiasaominuto.com/pais/3042485/chega-acusa-ps-de-hipocrisia-sobre-reducao-do-iva-no-cabaz-alimentar-caudio-e-fotos#utm_source=rss-ultima-hora&amp;utm_medium=rss&amp;utm_campaign=rssfeed,"perturbação obsessivo-compulsiva","2026-08-28 06:00:06.059715+00",media,
312d96cd-a902-484b-972c-576b4cb568f0,"<![CDATA[Mulher de Ricardo Costa, treinador de andebol do Sporting, sofre AVC]]>","Notícias ao Minuto",2026-05-24,https://www.noticiasaominuto.com/fama/2994830/mulher-de-ricardo-costa-treinador-de-andebol-do-sporting-sofre-avc#utm_source=rss-ultima-hora&amp;utm_medium=rss&amp;utm_campaign=rssfeed,avc,"2026-05-25 06:00:10.037375+00",media,
31395ec5-d2e5-45c1-8402-8125e71dbba0,"Cérebro e coluna: envelhecem juntos, protegem-se juntos","Sociedade Portuguesa Patologia Coluna Vertebral",2026-07-09,https://sppcv.org/artigos-de-opiniao/cerebro-e-coluna-envelhecem-juntos-protegem-se-juntos/,demência,"2026-07-12 06:00:37.332187+00",institucional,
3143f52d-5e4f-49af-be82-a6f86c4d177c,"<![CDATA[Metade dos alunos faltou à época extraordinária dos exames nacionais]]>","Notícias ao Minuto",2026-09-09,https://www.noticiasaominuto.com/pais/3048676/metade-dos-alunos-inscritos-faltou-aos-exames-da-epoca-extraordinaria#utm_source=rss-ultima-hora&amp;utm_medium=rss&amp;utm_campaign=rssfeed,"perturbação obsessivo-compulsiva","2026-09-11 06:00:12.638031+00",media,
315ba2fd-c500-4cf7-a69b-677184f2b335,"<![CDATA[IPMA. Depressão ""pouco habitual"" pode trazer chuva e vento no domingo]]>","Notícias ao Minuto",2026-08-20,https://www.noticiasaominuto.com/pais/3039189/ipma-depressao-pouco-habitual-pode-trazer-chuva-e-vento-no-domingo#utm_source=rss-ultima-hora&amp;utm_medium=rss&amp;utm_campaign=rssfeed,depressão,"2026-08-23 06:00:14.075723+00",media,
315e787f-f1dc-45bd-9a82-b8c7ef251f38,"<![CDATA[Human Rigths Watch critica condenação de ativistas em Hong Kong]]>","Notícias ao Minuto",2026-08-22,https://www.noticiasaominuto.com/mundo/3039989/human-rigths-watch-critica-condenacao-de-ativistas-em-hong-kong#utm_source=rss-ultima-hora&amp;utm_medium=rss&amp;utm_campaign=rssfeed,"terapia hormonal","2026-08-25 06:00:08.032206+00",media,
317d043e-8c54-4bec-8c70-a75dd7b8b6b1,"CNP’26: Call for Abstracts – Prazo de candidaturas prolongado até 15 de junho de 2026","SP Psiquiatria e Saúde Mental",2026-05-13,https://www.sppsm.org/cnp26-call-for-abstracts-prazo-de-candidaturas-prolongado-ate-15-de-junho-de-2026/,candidíase,"2026-05-28 06:00:53.91538+00",institucional,
31d48e24-1ea5-49f4-867a-54635db86119,"EUA demoliram o murete do Paraguai com um banho de bola",Público,2026-06-13,https://www.publico.pt/2026/06/13/desporto/cronica_de_jogo/eua-demoliram-murete-paraguai-banho-bola-2178083,"perturbação obsessivo-compulsiva","2026-06-13 06:00:06.992468+00",media,
31dddee3-8dda-4bf4-9813-7c6688f82134,"Seis membros da família Bolsonaro candidatos às eleições",Observador,2026-08-04,https://observador.pt/2026/08/04/seis-membros-da-familia-bolsonaro-surgem-como-candidatos-nas-eleicoes-gerais-no-brasil/,candidíase,"2026-08-05 06:00:09.012108+00",media,
31f3dd28-dba9-4f95-909b-3a5cf7595a33,"<![CDATA[Miss Universo Tailândia: Candidatas inovam com vestidos de pratos típicos]]>","Notícias ao Minuto",2026-08-20,https://www.noticiasaominuto.com/lifestyle/3039265/miss-universo-tailandia-candidatas-inovam-com-vestidos-de-pratos-tipicos#utm_source=rss-ultima-hora&amp;utm_medium=rss&amp;utm_campaign=rssfeed,candidíase,"2026-08-23 06:00:14.075723+00",media,
3211eb7c-de40-4666-87c1-9232d9a1884e,"<![CDATA[Ex-ministra Janine Lélis retira candidatura à presidência de Cabo Verde]]>","Notícias ao Minuto",2026-08-14,https://www.noticiasaominuto.com/mundo/3036658/ex-ministra-janine-lelis-retira-candidatura-a-presidencia-de-cabo-verde#utm_source=rss-ultima-hora&amp;utm_medium=rss&amp;utm_campaign=rssfeed,candidíase,"2026-08-15 06:00:11.370737+00",media,
323dc709-8bf5-4ba5-87d7-c6b0ef40e771,"<![CDATA[Chocante. Jogadora suspensa cinco anos por pontapear cabeça de adversária]]>","Notícias ao Minuto",2026-07-26,https://www.noticiasaominuto.com/desporto/3027705/chocante-jogadora-suspensa-cinco-anos-por-pontapear-cabeca-de-adversaria#utm_source=rss-ultima-hora&amp;utm_medium=rss&amp;utm_campaign=rssfeed,"perturbações do espectro do autismo","2026-07-27 06:00:07.629701+00",media,
323eab21-ffd9-4dd3-8bc1-489400809fd7,"<![CDATA[Nepal. Peregrinação fatal ao sopé do monte sagrado Kailash]]>","Notícias ao Minuto",2026-08-28,https://www.noticiasaominuto.com/mundo/3042771/nepal-peregrinacao-fatal-ao-sope-do-monte-sagrado-kailash#utm_source=rss-ultima-hora&amp;utm_medium=rss&amp;utm_campaign=rssfeed,"síndrome do ovário poliquístico","2026-08-30 06:00:09.990253+00",media,
3241b212-2956-4cd0-bc55-55c0728f7f28,"<![CDATA[FIFA desmente suborno de Infantino a Marrocos para apoio a recandidatura ]]>","Notícias ao Minuto",2026-08-05,https://www.noticiasaominuto.com/desporto/3032662/fifa-desmente-suborno-de-infantino-a-marrocos-para-apoio-a-recandidatura#utm_source=rss-ultima-hora&amp;utm_medium=rss&amp;utm_campaign=rssfeed,candidíase,"2026-08-06 06:00:11.012929+00",media,
325c54a4-3609-4766-881e-c07b550a74f7,"Cérebro e coluna: envelhecem juntos, protegem-se juntos","Sociedade Portuguesa Patologia Coluna Vertebral",2026-07-09,https://sppcv.org/artigos-de-opiniao/cerebro-e-coluna-envelhecem-juntos-protegem-se-juntos/,demência,"2026-07-20 06:00:32.933441+00",institucional,
326f9964-b96a-4c32-ad23-73821278e1a2,"<![CDATA[BYD decide em breve segunda fábrica europeia. Península Ibérica candidata]]>","Notícias ao Minuto",2026-07-01,https://www.noticiasaominuto.com/auto/3014345/byd-decide-em-breve-segunda-fabrica-europeia-peninsula-iberica-candidata#utm_source=rss-ultima-hora&amp;utm_medium=rss&amp;utm_campaign=rssfeed,candidíase,"2026-07-02 06:00:06.429497+00",media,
327a7cb1-c69e-41b8-bdd6-6e901393da20,"SPPSM apoia 2.ª edição da sessão formativa sobre Autismo e PHDA no Adulto","SP Psiquiatria e Saúde Mental",2026-06-01,https://www.sppsm.org/sppsm-apoia-2-a-edicao-da-sessao-formativa-sobre-autismo-e-phda-no-adulto/,"perturbações do espectro do autismo","2026-08-14 06:00:59.21416+00",institucional,
327d6ed3-6d6e-4c6e-9d79-8cedb9886fe4,"<![CDATA[Eixo Ovar-Espinho terá ""boa época balnear"" apesar do impacto das tempestades]]>","Notícias ao Minuto",2026-06-06,https://www.noticiasaominuto.com/pais/3001407/eixo-ovar-espinho-tera-boa-epoca-balnear-apesar-do-impacto-das-tempestades#utm_source=rss-ultima-hora&amp;utm_medium=rss&amp;utm_campaign=rssfeed,"perturbação obsessivo-compulsiva","2026-06-07 06:00:11.351268+00",media,
328407d1-c062-48e3-89ac-394c4c2ba311,"<![CDATA[Candidato às presidenciais da Colômbia acusa rival de compra de votos]]>","Notícias ao Minuto",2026-06-07,https://www.noticiasaominuto.com/mundo/3001640/candidato-as-presidenciais-da-colombia-acusa-rival-de-compra-de-votos#utm_source=rss-ultima-hora&amp;utm_medium=rss&amp;utm_campaign=rssfeed,candidíase,"2026-06-07 06:00:11.351268+00",media,
329f4e2e-8ea9-4b34-aee5-85042e75520e,"<![CDATA[Skoda Peaq elétrico revelado. Pode levar 7 pessoas e fazer mais de 600 km]]>","Notícias ao Minuto",2026-06-24,https://www.noticiasaominuto.com/auto/3010323/skoda-peaq-eletrico-revelado-pode-levar-7-pessoas-e-fazer-mais-de-600-km#utm_source=rss-ultima-hora&amp;utm_medium=rss&amp;utm_campaign=rssfeed,"perturbações do espectro do autismo","2026-06-25 06:00:18.090096+00",media,
32aa6133-fd53-4f7c-9992-f25ac2048c0a,"<![CDATA[Líder do Partido Comunista Francês anuncia candidatura às presidenciais]]>","Notícias ao Minuto",2026-09-06,https://www.noticiasaominuto.com/mundo/3047297/lider-do-partido-comunista-frances-anuncia-candidatura-as-presidenciais#utm_source=rss-ultima-hora&amp;utm_medium=rss&amp;utm_campaign=rssfeed,candidíase,"2026-09-09 06:00:06.936079+00",media,
32c29290-eecd-410e-9a25-44d224a04942,"<![CDATA[Portimonense bate Sintrense e soma primeiro triunfo da pré-época]]>","Notícias ao Minuto",2026-07-18,https://www.noticiasaominuto.com/desporto/3023699/portimonense-bate-sintrense-e-soma-primeiro-triunfo-da-pre-epoca#utm_source=rss-ultima-hora&amp;utm_medium=rss&amp;utm_campaign=rssfeed,"perturbação obsessivo-compulsiva","2026-07-19 06:00:08.057305+00",media,
332991a8-3010-4f79-b5d1-d785420cd181,"<![CDATA[Rui Silva e Constança Sequeira antecipam ""época mais competitiva""]]>","Notícias ao Minuto",2026-07-16,https://www.noticiasaominuto.com/desporto/3022815/rui-silva-e-constanca-sequeira-antecipam-epoca-mais-competitiva#utm_source=rss-ultima-hora&amp;utm_medium=rss&amp;utm_campaign=rssfeed,"perturbação obsessivo-compulsiva","2026-07-17 06:00:10.134984+00",media,
33749d62-270b-45a7-b513-dbc4b84c3b07,"<![CDATA[Oficial: Defesa Carraça regressa ao Tondela e assina por duas épocas]]>","Notícias ao Minuto",2026-07-13,https://www.noticiasaominuto.com/desporto/3020816/oficial-defesa-carraca-regressa-ao-tondela-e-assina-por-duas-epocas#utm_source=rss-ultima-hora&amp;utm_medium=rss&amp;utm_campaign=rssfeed,"perturbação obsessivo-compulsiva","2026-07-15 06:00:11.103862+00",media,
33770cf1-e234-4bf9-b768-95dc9bf0b9ad,"PPP&#039;s na Saúde. Grupo espanhol Ribera candidato às parcerias",RTP,2026-06-23,https://www.rtp.pt/noticias/economia/ppps-na-saude-grupo-espanhol-ribera-candidato-as-parcerias_v1748801,candidíase,"2026-06-23 06:00:11.785509+00",media,
33a59133-0403-4d89-ad51-982dc9a0d061,"Sessões informativas sobre Qualidade do Ar Interior &#8211; 3ª edição 2026",INSA,2026-09-02,https://www.insa.min-saude.pt/sessoes-informativas-sobre-qualidade-do-ar-interior-3a-edicao-2026/,"poluição e saúde","2026-09-10 06:00:11.538734+00",institucional,
33d430d0-b9dc-41ce-b105-73c6129a44fa,"Lula apela ao voto para evitar que &quot;aconteça o que aconteceu na Venezuela&quot;",RTP,2026-09-14,https://www.rtp.pt/noticias/mundo/lula-apela-ao-voto-para-evitar-que-aconteca-o-que-aconteceu-na-venezuela_n1765211,candidíase,"2026-09-14 06:00:11.44635+00",media,
33fb6c96-cabf-4104-8f3e-18247e937a82,"<![CDATA[Maxi Araújo e Rodrigo Zalazar preparam assim a nova época no Sporting]]>","Notícias ao Minuto",2026-07-11,https://www.noticiasaominuto.com/desporto/3020107/maxi-araujo-e-rodrigo-zalazar-preparam-assim-a-nova-epoca-no-sporting#utm_source=rss-ultima-hora&amp;utm_medium=rss&amp;utm_campaign=rssfeed,"perturbação obsessivo-compulsiva","2026-07-12 06:00:08.606874+00",media,
33fd2b47-4fd5-4eb3-8f9a-f37cde550f7e,"Sessões informativas sobre Qualidade do Ar Interior &#8211; 3ª edição 2026",INSA,2026-09-02,https://www.insa.min-saude.pt/sessoes-informativas-sobre-qualidade-do-ar-interior-3a-edicao-2026/,"poluição e saúde","2026-09-12 06:00:15.08459+00",institucional,
3424c60e-c30c-48c4-a555-1b657a00920c,"<![CDATA[Candidato da esquerda peruana pede respeito pelo voto do ""Peru profundo""]]>","Notícias ao Minuto",2026-05-10,https://www.noticiasaominuto.com/mundo/2987208/candidato-da-esquerda-peruana-pede-respeito-pelo-voto-do-peru-profundo#utm_source=rss-ultima-hora&amp;utm_medium=rss&amp;utm_campaign=rssfeed,candidíase,"2026-05-10 06:00:07.550731+00",media,
34264f50-3cee-4226-8adc-c36bbbb3da00,"<![CDATA[Maioria dos alunos inscritos no 1.º dia da época especial faltou ao exame]]>","Notícias ao Minuto",2026-09-04,https://www.noticiasaominuto.com/pais/3046283/maioria-dos-alunos-inscritos-no-1-dia-da-epoca-especial-faltou-ao-exame#utm_source=rss-ultima-hora&amp;utm_medium=rss&amp;utm_campaign=rssfeed,"perturbação obsessivo-compulsiva","2026-09-05 06:00:09.983409+00",media,
34563efc-4cf2-4ecc-bf1c-74473c54e0e2,"<![CDATA[Sébastien Pocognoli está de saída do comando técnico do Mónaco]]>","Notícias ao Minuto",2026-06-01,https://www.noticiasaominuto.com/desporto/2999289/sebastien-pocognoli-esta-de-saida-do-comando-tecnico-do-monaco#utm_source=rss-ultima-hora&amp;utm_medium=rss&amp;utm_campaign=rssfeed,"perturbação obsessivo-compulsiva","2026-06-02 06:00:11.750406+00",media,
346dcf65-ca37-4719-9d97-38fbc2b57155,"Bolsa de investigação &#8211; prof. Castro lopes em doença vascular cerebral &#8211; 2025","SP Acidente Vascular Cerebral",2025-11-13,https://spavc.org/bolsa-de-investigacao-prof-castro-lopes-em-doenca-vascular-cerebral-2025/,candidíase,"2026-04-10 06:01:13.215451+00",institucional,
34b8166a-4b64-4927-b191-02cbc29b8ba9,"<![CDATA[Neurologista alerta para sintoma inicial de enxaqueca (e não é a dor)]]>","Notícias ao Minuto",2026-06-25,https://www.noticiasaominuto.com/lifestyle/3011000/neurologista-alerta-para-sintoma-inicial-de-enxaqueca-e-nao-e-a-dor#utm_source=rss-ultima-hora&amp;utm_medium=rss&amp;utm_campaign=rssfeed,enxaqueca,"2026-06-26 06:00:16.145972+00",media,
34d7b45a-b718-4647-bc04-83ce063cde41,"Pagamentos do PRR atingem 12.347 milhões de euros até maio",Observador,2026-05-12,https://observador.pt/2026/05/12/pagamentos-do-prr-atingem-12-347-milhoes-de-euros-ate-maio/,candidíase,"2026-05-13 06:00:09.7036+00",media,
34ea7d52-3f3d-4763-9ddb-34db87085b42,"<![CDATA[Demência: 4 sinais precoces que podem surgir antes da perda de memória]]>","Notícias ao Minuto",2026-07-06,https://www.noticiasaominuto.com/lifestyle/3016972/demencia-4-sinais-precoces-que-podem-surgir-antes-da-perda-de-memoria#utm_source=rss-ultima-hora&amp;utm_medium=rss&amp;utm_campaign=rssfeed,demência,"2026-07-07 06:00:07.503569+00",media,
351ca8e5-a404-4cc1-91a1-92b325694e34,"Sessões informativas sobre Qualidade do Ar Interior &#8211; 3ª edição 2026",INSA,2026-09-02,https://www.insa.min-saude.pt/sessoes-informativas-sobre-qualidade-do-ar-interior-3a-edicao-2026/,"poluição e saúde","2026-09-06 06:00:09.81838+00",institucional,
351cb659-6a60-4d56-8cbc-e758609549c0,"&quot;Sporting está a reforçar boas indicações de pré-época&quot;",Observador,2026-07-25,https://observador.pt/programas/relat-rio-de-jogo/sporting-esta-a-reforcar-boas-indicacoes-de-pre-epoca/,"perturbação obsessivo-compulsiva","2026-07-26 06:00:06.131488+00",media,
35283342-9b53-4f7d-9695-c6b64693702e,"<![CDATA[Oficial: Central Bruno Almeida assina por três épocas com o Tondela]]>","Notícias ao Minuto",2026-07-06,https://www.noticiasaominuto.com/desporto/3017411/oficial-central-bruno-almeida-assina-por-tres-epocas-com-o-tondela#utm_source=rss-ultima-hora&amp;utm_medium=rss&amp;utm_campaign=rssfeed,"perturbação obsessivo-compulsiva","2026-07-07 06:00:07.503569+00",media,
3531bdc6-9d14-4b47-840a-916a0ac18fc1,"<![CDATA[De onde veio e o que fazia Carolina Pinto? ""Das alturas mais felizes""]]>","Notícias ao Minuto",2026-07-17,https://www.noticiasaominuto.com/fama/3022958/de-onde-veio-e-o-que-fazia-carolina-pinto-das-alturas-mais-felizes#utm_source=rss-ultima-hora&amp;utm_medium=rss&amp;utm_campaign=rssfeed,"refluxo gastroesofágico","2026-07-18 06:00:10.749625+00",media,
35396d4c-52c0-48f8-87ae-ddbc4ef2a3a1,"<![CDATA[Morreu a atriz Phyllida Law, mãe de Sophie e Emma Thompson]]>","Notícias ao Minuto",2026-08-19,https://www.noticiasaominuto.com/fama/3038427/morreu-a-mae-de-emma-e-sophie-thompson-a-tambem-atriz-phyllida-law#utm_source=rss-ultima-hora&amp;utm_medium=rss&amp;utm_campaign=rssfeed,"síndrome do ovário poliquístico","2026-08-21 06:00:10.348707+00",media,
3548781d-bdf6-4b06-8aee-92dd257b5d09,"<![CDATA[Robbie Williams diagnosticado com autismo. ""Explica muita coisa""]]>","Notícias ao Minuto",2026-08-15,https://www.noticiasaominuto.com/fama/3036923/robbie-williams-diagnosticado-com-autismo-explica-muita-coisa#utm_source=rss-ultima-hora&amp;utm_medium=rss&amp;utm_campaign=rssfeed,"perturbações do espectro do autismo","2026-08-16 06:00:11.204017+00",media,
354a0ff0-cdb3-47b7-befa-16c8d752654a,"<![CDATA[""Pipoca demais pela seleção"". Katia põe gosto a crítica a Bruno Fernandes]]>","Notícias ao Minuto",2026-06-18,https://www.noticiasaominuto.com/fama/3007308/pipoca-demais-pela-selecao-katia-mete-goto-a-critica-a-bruno-fernandes#utm_source=rss-ultima-hora&amp;utm_medium=rss&amp;utm_campaign=rssfeed,"perturbação obsessivo-compulsiva","2026-06-19 06:00:45.839366+00",media,
355b2a4c-f40b-4a63-ae3b-f5850894961d,"Beja. Chega com dois candidatos anunciados",Observador,2026-05-25,https://observador.pt/2026/05/25/eleicoes-para-a-distrital-de-beja-do-chega-com-dois-candidatos-anunciados/,candidíase,"2026-05-26 06:00:07.807614+00",media,
3563a7e8-15ff-4b96-b455-4669e706f44d,"<![CDATA[Hospital de Aveiro faz operação inovadora a cancro da mama]]>","Notícias ao Minuto",2026-08-27,https://www.noticiasaominuto.com/pais/3042333/hospital-de-aveiro-faz-operacao-inovadora-a-cancro-da-mama#utm_source=rss-ultima-hora&amp;utm_medium=rss&amp;utm_campaign=rssfeed,"cancro da mama","2026-08-28 06:00:06.059715+00",media,
35aabb98-94d1-4809-9438-c5c8328e3be7,"<![CDATA[Sopa de alface com queijo? Veja esta receita antes de torcer o nariz]]>","Notícias ao Minuto",2026-09-02,https://www.noticiasaominuto.com/lifestyle/3045372/sopa-de-alface-com-queijo-veja-esta-receita-antes-de-torcer-o-nariz#utm_source=rss-ultima-hora&amp;utm_medium=rss&amp;utm_campaign=rssfeed,"síndrome do ovário poliquístico","2026-09-04 06:00:10.110953+00",media,
35ce08d4-21dc-4829-8718-7855fdd98029,"<![CDATA[Vício no YouTube? Empresa defende-se e diz que não é uma rede social]]>","Notícias ao Minuto",2026-07-16,https://www.noticiasaominuto.com/tech/3022445/vicio-no-youtube-empresa-defende-se-e-diz-que-nao-e-uma-rede-social#utm_source=rss-ultima-hora&amp;utm_medium=rss&amp;utm_campaign=rssfeed,dependências,"2026-07-19 06:00:08.057305+00",media,
35f0a311-daa7-4bcc-b085-a441fcf1f787,"Menopausa precoce afecta 1 em cada 100 mulheres antes dos 40","Diário de Notícias",2026-01-10,https://dn.pt/menopausa-precoce-portugal,menopausa,"2026-03-08 11:22:47.09953+00",media,
35f5a0b9-c401-4a1d-9ce9-71982be4c6ef,"Terapia online cresce 200% em Portugal desde a pandemia",TSF,2025-01-20,https://www.tsf.pt/terapia-online-crescimento,"terapia online","2026-03-08 12:35:50.177732+00",media,
362a4366-34d7-49b7-ba0a-2d7d2c873830,"“Vamos ficar de olhos abertos”: Comissão Europeia promove campanha pelos direitos das vítimas de crime",APAV,2026-08-12,https://apav.pt/vamos-ficar-de-olhos-abertos-comissao-europeia-promove-campanha-pelos-direitos-das-vitimas-de-crime/,"síndrome do ovário poliquístico","2026-08-26 06:00:55.759975+00",institucional,
366d2efe-5466-4296-8ad4-828449583416,"Real vai a eleições em junho: Riquelme alerta para risco de venda do Real Madrid",RTP,2026-05-26,https://www.rtp.pt/noticias/futebol-internacional/real-vai-a-eleicoes-em-junho-riquelme-alerta-para-risco-de-venda-do-real-madrid_d1743650,candidíase,"2026-05-27 06:00:12.771943+00",media,
367c8092-a140-4d7b-a9fd-4bfcb49e12f2,"Líder do Partido Comunista Francês candidato à presidência",Observador,2026-09-06,https://observador.pt/2026/09/06/lider-do-partido-comunista-frances-anuncia-candidatura-as-presidenciais-de-2027/,candidíase,"2026-09-07 06:00:15.069266+00",media,
36b16442-f791-4b33-9193-3dc9403e1b5e,"FC Porto quer iniciar época com conquista da Supertaça",RTP,2026-07-30,https://www.rtp.pt/noticias/desporto/fc-porto-quer-iniciar-epoca-com-conquista-da-supertaca_v1756865,"perturbação obsessivo-compulsiva","2026-07-31 06:00:10.230953+00",media,
36bdfec7-e4ef-4641-8379-42e5409480fb,"Plano de governo de Flávio Bolsonaro propõe limitar poderes do Supremo e retoma legado do pai",RTP,2026-08-14,https://www.rtp.pt/noticias/mundo/plano-de-governo-de-flavio-bolsonaro-propoe-limitar-poderes-do-supremo-e-retoma-legado-do-pai_n1759364,candidíase,"2026-08-14 06:00:11.231371+00",media,
36f41e9c-fa8b-43ca-9113-3b8cefc66c98,"Ainda não Chega de hipocrisia?",Observador,2026-04-11,https://observador.pt/opiniao/ainda-nao-chega-de-hipocrisia/,"perturbação obsessivo-compulsiva","2026-04-12 06:00:05.962207+00",media,
371cb891-01d4-4a54-bbfe-425166f0d7d0,"<![CDATA[Federação Francesa retira apoio à recandidatura de Infantino na FIFA]]>","Notícias ao Minuto",2026-09-10,https://www.noticiasaominuto.com/desporto/3049359/federacao-francesa-retira-apoio-a-recandidatura-de-infantino-na-fifa#utm_source=rss-ultima-hora&amp;utm_medium=rss&amp;utm_campaign=rssfeed,candidíase,"2026-09-12 06:00:11.851977+00",media,
374757c3-5dd7-4c62-a274-4eaf689dc31f,"Al-Gharafa, de Pedro Martins, conquista Emir Cup pela segunda época consecutiva",RTP,2026-05-09,https://www.rtp.pt/noticias/futebol-internacional/al-gharafa-de-pedro-martins-conquista-emir-cup-pela-segunda-epoca-consecutiva_d1740199,"perturbação obsessivo-compulsiva","2026-05-10 06:00:06.468657+00",media,
374b9128-3952-4c0d-afd2-dfeb119c4fdf,"<![CDATA[""É a imagem da segunda parte que queremos levar para o resto da época""]]>","Notícias ao Minuto",2026-08-14,https://www.noticiasaominuto.com/desporto/3036838/e-a-imagem-da-segunda-parte-que-queremos-levar-para-o-resto-da-epoca#utm_source=rss-ultima-hora&amp;utm_medium=rss&amp;utm_campaign=rssfeed,"perturbação obsessivo-compulsiva","2026-08-16 06:00:11.204017+00",media,
3781a2ef-5eda-47aa-a593-6be03b703613,"<![CDATA[Candidatos a secretário-geral querem restaurar credibilidade da ONU]]>","Notícias ao Minuto",2026-07-24,https://www.noticiasaominuto.com/mundo/3026622/candidatos-a-secretario-geral-querem-restaurar-credibilidade-da-onu#utm_source=rss-ultima-hora&amp;utm_medium=rss&amp;utm_campaign=rssfeed,candidíase,"2026-07-24 06:00:08.480521+00",media,
3796e72b-d2f5-4c72-9df3-69dc95bdeaa2,"<![CDATA[Ex-PM Jorge Bom Jesus desiste da candidatura às presidenciais de São Tomé]]>","Notícias ao Minuto",2026-06-29,https://www.noticiasaominuto.com/mundo/3013194/ex-pm-jorge-bom-jesus-desiste-da-candidatura-as-presidenciais-de-sao-tome#utm_source=rss-ultima-hora&amp;utm_medium=rss&amp;utm_campaign=rssfeed,candidíase,"2026-06-30 06:00:14.244257+00",media,
37c71925-df54-4fa8-81b3-2f51ca3ff1de,"<![CDATA[Bola Tinubu recandidato à Presidência da Nigéria em 2027]]>","Notícias ao Minuto",2026-05-24,https://www.noticiasaominuto.com/mundo/2994825/bola-tinubu-recandidato-a-presidencia-da-nigeria-em-2027#utm_source=rss-ultima-hora&amp;utm_medium=rss&amp;utm_campaign=rssfeed,candidíase,"2026-05-25 06:00:10.037375+00",media,
37cbfbd1-af8d-4552-98ed-70c783063dd6,"<![CDATA[Ondas de calor provocaram 301 mortos por afogamento em França]]>","Notícias ao Minuto",2026-08-23,https://www.noticiasaominuto.com/mundo/3040241/ondas-de-calor-provocaram-301-mortos-por-afogamento-em-franca#utm_source=rss-ultima-hora&amp;utm_medium=rss&amp;utm_campaign=rssfeed,"calor extremo e saúde","2026-08-24 06:00:11.840935+00",media,
37da8cec-b754-44af-b558-cc6d36cc4a95,"Ondas de calor sem ondas de mudança",Observador,2026-07-11,https://observador.pt/opiniao/ondas-de-calor-sem-ondas-de-mudanca/,"calor extremo e saúde","2026-07-12 06:00:06.549191+00",media,
37e008fa-80aa-4f37-8e03-42f140e0540a,"<![CDATA[Gravidez. ""Descobri mutação genética. Fazia com que o sangue coagulasse""]]>","Notícias ao Minuto",2026-09-14,https://www.noticiasaominuto.com/fama/3050970/gravidez-descobri-mutacao-genetica-fazia-com-que-o-sangue-coagulasse#utm_source=rss-ultima-hora&amp;utm_medium=rss&amp;utm_campaign=rssfeed,"refluxo gastroesofágico","2026-09-15 06:00:07.629104+00",media,
381f11cb-1a2c-4e74-b68b-428a6ee8f894,"<![CDATA[Fujimori aumenta vantagem sobre candidato da Esquerda no Peru]]>","Notícias ao Minuto",2026-06-17,https://www.noticiasaominuto.com/mundo/3006424/fujimori-aumenta-vantagem-sobre-candidato-da-esquerda-no-peru#utm_source=rss-ultima-hora&amp;utm_medium=rss&amp;utm_campaign=rssfeed,candidíase,"2026-06-18 06:00:10.881534+00",media,
38630155-190c-46ec-9f02-7beccb8d2934,"Moedas desconhecia candidaturas para reconstrução de casas",Observador,2026-05-27,https://observador.pt/2026/05/28/moedas-diz-que-foi-apanhado-de-surpresa-com-93-candidaturas-de-lisboa-a-apoios-por-intemperies-camara-desconhecia-pedidos/,candidíase,"2026-05-28 06:00:10.229985+00",media,
387c222d-16c9-428a-a5ef-1fbf43aec983,"Lula diz estar curado após concluir radioterapia para cancro",Observador,2026-06-12,https://observador.pt/2026/06/12/lula-declara-cura-definitiva-do-cancro-de-pele-apos-completar-15-sessoes-de-radioterapia-iniciadas-em-maio/,candidíase,"2026-06-13 06:00:07.113927+00",media,
3888d56d-b091-45ef-95fd-6111dd4eeb0d,"<![CDATA[Trabalhar é a melhor forma de lidar com o stress, diz Jeff Bezos]]>","Notícias ao Minuto",2026-07-27,https://www.noticiasaominuto.com/tech/3027978/trabalhar-e-a-melhor-forma-de-lidar-com-o-stress-diz-jeff-bezos#utm_source=rss-ultima-hora&amp;utm_medium=rss&amp;utm_campaign=rssfeed,ansiedade,"2026-07-28 06:00:06.037697+00",media,
38a7d208-1487-4fa9-a90a-c42842881f8e,"<![CDATA[À terceira foi de vez. Farense já sabe vencer na pré-época]]>","Notícias ao Minuto",2026-07-25,https://www.noticiasaominuto.com/desporto/3027334/a-terceira-foi-de-vez-farensa-ja-sabe-vencer-na-pre-epoca#utm_source=rss-ultima-hora&amp;utm_medium=rss&amp;utm_campaign=rssfeed,"perturbação obsessivo-compulsiva","2026-07-27 06:00:07.629701+00",media,
38aacc1c-cf9f-4554-a5d5-0a5cbba16c7c,"23h PSD, CHEGA e PS entregam lista conjunta de candidatos para o Tribunal Constitucional",RTP,2026-05-29,https://www.rtp.pt/noticias/noticiario-antena1/23h-psd-chega-e-ps-entregam-lista-conjunta-de-candidatos-para-o-tribunal-constitucional_a1_1744440,candidíase,"2026-05-30 06:00:09.708544+00",media,
38b0f2c9-9952-40c1-9d72-280f7b1daffd,"<![CDATA[Fretilin decide não apresentar candidato às presidenciais de Timor-Leste]]>","Notícias ao Minuto",2026-08-30,https://www.noticiasaominuto.com/mundo/3043505/fretilin-decide-nao-apresentar-candidato-as-presidenciais-de-timor-leste#utm_source=rss-ultima-hora&amp;utm_medium=rss&amp;utm_campaign=rssfeed,candidíase,"2026-08-31 06:00:09.311004+00",media,
38b2fd4b-ed8f-4e78-887b-95fa9b536da4,"Entrada em vigor &#124; Acordo-Quadro 2026/50 &#8211; Medicação antialérgica, vitaminas e sais minerais e medicamentos usados no tratamento de intoxicações",SPMS,2026-04-20,https://www.spms.min-saude.pt/2026/04/entrada-em-vigor-acordo-quadro-2026-50-medicacao-antialergica-vitaminas-e-sais-minerais-e-medicamentos-usados-no-tratamento-de-intoxicacoes/,"suplementos alimentares","2026-04-21 06:00:38.203697+00",institucional,
39248379-b92b-442a-887b-f911526ae5f7,"<![CDATA[Moçambique: Aproximação de supostos terroristas cria pânico em Macomia]]>","Notícias ao Minuto",2026-09-10,https://www.noticiasaominuto.com/mundo/3049377/mocambique-aproximacao-de-supostos-terroristas-cria-panico-em-macomia#utm_source=rss-ultima-hora&amp;utm_medium=rss&amp;utm_campaign=rssfeed,pânico,"2026-09-12 06:00:11.851977+00",media,
3946a6a0-8789-4632-b6eb-dc27b516f0cb,"<![CDATA[Andy Burnham anuncia que será candidato à sucessão de Keir Starmer ]]>","Notícias ao Minuto",2026-06-22,https://www.noticiasaominuto.com/mundo/3009187/andy-burnham-anuncia-que-sera-candidato-a-sucessao-de-keir-starmer#utm_source=rss-ultima-hora&amp;utm_medium=rss&amp;utm_campaign=rssfeed,candidíase,"2026-06-23 06:00:12.64499+00",media,
39526045-9c2a-4dda-ac5b-fb7ba0b82911,"SPPSM apoia 2.ª edição da sessão formativa sobre Autismo e PHDA no Adulto","SP Psiquiatria e Saúde Mental",2026-06-01,https://www.sppsm.org/sppsm-apoia-2-a-edicao-da-sessao-formativa-sobre-autismo-e-phda-no-adulto/,"perturbações do espectro do autismo","2026-09-04 06:00:52.234056+00",institucional,
398fee18-884e-4790-8d68-7910b4742d26,"<![CDATA[Jean-Luc Mélenchon anuncia candidatura às presidenciais francesas em 2027]]>","Notícias ao Minuto",2026-05-03,https://www.noticiasaominuto.com/mundo/2983395/jean-luc-melenchon-anuncia-candidatura-as-presidenciais-francesas-em-2027#utm_source=rss-ultima-hora&amp;utm_medium=rss&amp;utm_campaign=rssfeed,candidíase,"2026-05-04 06:00:09.672583+00",media,
399697e1-bbf0-445b-bc7b-3213d70ba6c3,"O stresse térmico e o impacto do calor?",Observador,2026-07-30,https://observador.pt/opiniao/o-stresse-termico-e-o-impacto-do-calor-o-que-nos-vai-matar-em-breve-e-tornar-os-atletas-gordinhos/,ansiedade,"2026-07-31 06:00:08.333584+00",media,
39ad7fa4-167f-46e1-a962-cb5d20b6a981,"<![CDATA[Derrame de petróleo ao largo da costa de Omã. E há imagens]]>","Notícias ao Minuto",2026-08-10,https://www.noticiasaominuto.com/mundo/3034724/derrame-de-petroleo-ao-largo-da-costa-de-oma-e-ha-imagens#utm_source=rss-ultima-hora&amp;utm_medium=rss&amp;utm_campaign=rssfeed,avc,"2026-08-11 06:00:14.460736+00",media,
39de70fe-4f25-4e98-9ac5-a781e0c711e4,"<![CDATA[26 caras no início de época do FC Porto. Quem se apresentou e ficou fora]]>","Notícias ao Minuto",2026-07-01,https://www.noticiasaominuto.com/desporto/3014369/26-caras-no-inicio-de-epoca-do-fc-porto-quem-se-apresentou-e-ficou-fora#utm_source=rss-ultima-hora&amp;utm_medium=rss&amp;utm_campaign=rssfeed,"perturbação obsessivo-compulsiva","2026-07-02 06:00:06.429497+00",media,
3a0f437e-cfa4-4645-8f94-d657fa0d7cda,"<![CDATA[Lajes do Pico prevê candidatar bote baleeiro a património da UNESCO]]>","Notícias ao Minuto",2026-07-15,https://www.noticiasaominuto.com/cultura/3021682/lajes-do-pico-preve-candidatar-bote-baleeiro-a-patrimonio-da-unesco#utm_source=rss-ultima-hora&amp;utm_medium=rss&amp;utm_campaign=rssfeed,candidíase,"2026-07-16 06:00:10.26627+00",media,
3a59b974-ea0d-4c94-9111-3a09d2f8b3f2,"<![CDATA[OCDE prevê saldo orçamental nulo em Portugal em 2026 e défice em 2027]]>","Notícias ao Minuto",2026-06-04,https://www.noticiasaominuto.com/economia/3000409/ocde-preve-saldo-orcamental-nulo-em-portugal-em-2026-e-defice-em-2027#utm_source=rss-ultima-hora&amp;utm_medium=rss&amp;utm_campaign=rssfeed,"perturbação obsessivo-compulsiva","2026-06-05 06:00:13.377977+00",media,
3a9d9ef1-1b4f-42fa-adaf-0ba2ea90c826,"Veja onde estão as 6.639 vagas para a 2.ª fase",Observador,2026-08-22,https://observador.pt/especiais/ainda-ha-6-639-vagas-para-a-2-a-fase-do-concurso-de-acesso-ao-ensino-superior-veja-aqui-onde-estao/,"perturbação obsessivo-compulsiva","2026-08-22 06:00:07.826254+00",media,
3ab3511f-cc69-4220-b6dc-fef8e328d387,"<![CDATA[Alemanha pensa em candidatura conjunta ao Mundial em 2038 ou 2042]]>","Notícias ao Minuto",2026-07-28,https://www.noticiasaominuto.com/desporto/3028799/alemanha-pensa-em-candidatura-conjunta-ao-mundial-em-2038-ou-2042#utm_source=rss-ultima-hora&amp;utm_medium=rss&amp;utm_campaign=rssfeed,candidíase,"2026-07-29 06:00:07.041086+00",media,
3aced9dd-771e-4f32-8cde-f88e890bd7cf,"4h 17 mortes em metade da época balnear, quase tantas como 2025",RTP,2026-08-04,https://www.rtp.pt/noticias/noticiario-antena1/4h-17-mortes-em-metade-da-epoca-balnear-quase-tantas-como-2025_a1_1757546,"perturbação obsessivo-compulsiva","2026-08-04 06:00:09.429813+00",media,
3ae35853-f889-477e-8885-7885e71f54ec,"Primeiro workshop sobre promoção de atividade física em pessoas com DPOC realizado na SPMS",SPMS,2026-03-27,https://www.spms.min-saude.pt/2026/03/spms-recebe-o-primeiro-workshop-sobre-promocao-da-atividade-fisica-em-pessoas-com-dpoc/,"perturbação obsessivo-compulsiva","2026-03-28 06:00:31.452342+00",institucional,
3b1dd8c6-8690-418b-9e22-8394e5f53980,"Sobre casórios (episódio especial wedding season)",Observador,2026-07-06,https://observador.pt/programas/terapia-de-casal/sobre-casorios-episodio-especial-wedding-season/,"perturbação obsessivo-compulsiva","2026-07-06 06:00:09.853203+00",media,
3b37fd62-5314-49ba-92e9-30bc64594083,"<![CDATA[""Há que deixar Portugal trabalhar e não criar muito stress""]]>","Notícias ao Minuto",2026-06-10,https://www.noticiasaominuto.com/desporto/3003084/ha-que-deixar-portugal-trabalhar-e-nao-criar-muito-stress#utm_source=rss-ultima-hora&amp;utm_medium=rss&amp;utm_campaign=rssfeed,ansiedade,"2026-06-11 06:00:08.871782+00",media,
3b609103-41c9-431d-a7e1-31ffde56f701,"Netanyahu anuncia candidatura às próximas eleições legislativas em Israel",RTP,2026-06-15,https://www.rtp.pt/noticias/mundo/netanyahu-anuncia-candidatura-as-proximas-eleicoes-legislativas-em-israel_n1747266,candidíase,"2026-06-16 06:00:03.434837+00",media,
3b7ebaf4-4e94-4f10-bffc-31472768ed06,"<![CDATA[Candidatos ao Superior já ultrapassam os do mesmo período do ano passado]]>","Notícias ao Minuto",2026-08-03,https://www.noticiasaominuto.com/pais/3031416/candidatos-ao-superior-ja-ultrapassam-os-do-mesmo-periodo-do-ano-passado#utm_source=rss-ultima-hora&amp;utm_medium=rss&amp;utm_campaign=rssfeed,candidíase,"2026-08-04 06:00:10.402023+00",media,
3ba6cb95-e7c9-440f-92a3-d862ae8ea758,"<![CDATA['Siiiu'... e dança. Estádio do Al Nassr foi abaixo com golo de CR7]]>","Notícias ao Minuto",2026-09-10,https://www.noticiasaominuto.com/desporto/3049632/siiiu-e-danca-estadio-do-al-nassr-foi-abaixo-com-golo-de-cr7#utm_source=rss-ultima-hora&amp;utm_medium=rss&amp;utm_campaign=rssfeed,"síndrome de intestino irritável","2026-09-12 06:00:11.851977+00",media,
3bb134ea-e1e8-4977-8045-d46f9628eb06,"<![CDATA[Equador. Sete pessoas acusadas por assassinato de candidato à presidência]]>","Notícias ao Minuto",2026-08-09,https://www.noticiasaominuto.com/mundo/3034109/equador-sete-pessoas-acusadas-por-assassinato-de-candidato-a-presidencia#utm_source=rss-ultima-hora&amp;utm_medium=rss&amp;utm_campaign=rssfeed,candidíase,"2026-08-10 06:00:10.246201+00",media,
3bc5856c-797e-4284-b6e0-00f698d07bc5,"<![CDATA[Puxa fio de ouro que vítima trazia ao pescoço e foge a pé com ""metade""]]>","Notícias ao Minuto",2026-08-03,https://www.noticiasaominuto.com/pais/3031504/puxa-fio-de-ouro-que-vitima-trazia-ao-pescoco-e-foge-a-pe-com-metade#utm_source=rss-ultima-hora&amp;utm_medium=rss&amp;utm_campaign=rssfeed,"refluxo gastroesofágico","2026-08-05 06:00:10.761498+00",media,
3bd957fa-641c-4cb5-a248-7b52c6ddca88,"<![CDATA[Ansiedade nos ""pets"": Aprenda a reconhecer os sinais e saiba o que fazer]]>","Notícias ao Minuto",2026-09-12,https://www.noticiasaominuto.com/lifestyle/3049900/ansiedade-nos-pets-aprenda-a-reconhecer-os-sinais-e-saiba-o-que-fazer#utm_source=rss-ultima-hora&amp;utm_medium=rss&amp;utm_campaign=rssfeed,ansiedade,"2026-09-13 06:00:09.495425+00",media,
3bec07b4-5f56-4af3-ac6d-eea8b4a9a519,"A solidão do professor: por que é tão difícil mudar a sala de aula",Público,2026-05-04,https://www.publico.pt/2026/05/05/opiniao/opiniao/solidao-professor-tao-dificil-mudar-sala-aula-2173143,solidão,"2026-05-05 06:00:06.182628+00",media,
3cacd9c5-62fe-4f2c-b387-da9071d34ec9,"<![CDATA[Vitória SC goleia Penafiel em teste de pré-época]]>","Notícias ao Minuto",2026-07-18,https://www.noticiasaominuto.com/desporto/3023648/vitoria-sc-goleia-penafiel-em-teste-de-pre-epoca#utm_source=rss-ultima-hora&amp;utm_medium=rss&amp;utm_campaign=rssfeed,"perturbação obsessivo-compulsiva","2026-07-19 06:00:08.057305+00",media,
3d22cdc5-4267-4bf6-946e-efcb1d55fdc9,"<![CDATA[Higino Carneiro diz que não desiste de candidatura ao MPLA]]>","Notícias ao Minuto",2026-08-19,https://www.noticiasaominuto.com/mundo/3038832/higino-carneiro-diz-que-nao-desiste-de-candidatura-ao-mpla#utm_source=rss-ultima-hora&amp;utm_medium=rss&amp;utm_campaign=rssfeed,candidíase,"2026-08-22 06:00:09.293988+00",media,
3d7a1bec-e725-4671-8341-223fd9b2281c,"22h. Exames. Já há data para época extraordinária",Observador,2026-07-21,https://observador.pt/programas/noticiario/as-noticias-das-22h-1831/,"perturbação obsessivo-compulsiva","2026-07-22 06:00:05.060405+00",media,
3d9d78e9-7549-466e-a149-d0c8486ae2e3,"<![CDATA[França aprova lei que legaliza a eutanásia e o suicídio assistido]]>","Notícias ao Minuto",2026-07-15,https://www.noticiasaominuto.com/mundo/3022110/franca-aprova-lei-que-legaliza-a-eutanasia-e-o-suicidio-assistido#utm_source=rss-ultima-hora&amp;utm_medium=rss&amp;utm_campaign=rssfeed,suicídio,"2026-07-16 06:00:10.26627+00",media,
3da0620d-a24b-4063-93f0-d2f7dd2ece35,"<![CDATA[Polícia russa detém candidato comunista às eleições de setembro]]>","Notícias ao Minuto",2026-08-21,https://www.noticiasaominuto.com/mundo/3039776/policia-russa-detem-candidato-comunista-as-eleicoes-de-setembro#utm_source=rss-ultima-hora&amp;utm_medium=rss&amp;utm_campaign=rssfeed,candidíase,"2026-08-23 06:00:14.075723+00",media,
3dc4ad61-79e4-4305-8baf-db847753adf6,"<![CDATA[Lágrimas, stresse e notas de -3 (que não se percebem): As pautas no Porto]]>","Notícias ao Minuto",2026-07-18,https://www.noticiasaominuto.com/pais/3023631/lagrimas-stresse-e-notas-de-3-que-nao-se-percebem-as-pautas-no-porto#utm_source=rss-ultima-hora&amp;utm_medium=rss&amp;utm_campaign=rssfeed,ansiedade,"2026-07-19 06:00:08.057305+00",media,
3dcb375b-2430-4d3a-ab32-039d09abfb9b,"Prémio de Risco Cardiovascular Dr. Pedro Marques da Silva entregue no 32.º CNMI","SP Medicina Interna",2026-05-23,https://www.spmi.pt/premio-de-risco-cardiovascular-dr-pedro-marques-da-silva-entregue-no-32-o-cnmi/,"colesterol alto","2026-05-25 06:00:51.587642+00",institucional,
3e55e534-e08e-4bcb-8d73-b4e5b571eda3,"<![CDATA[PRR já desembolsou 14.721 milhões e candidaturas aprovadas dispararam]]>","Notícias ao Minuto",2026-09-09,https://www.noticiasaominuto.com/economia/3048734/prr-ja-desembolsou-14721-milhoes-e-candidaturas-aprovadas-dispararam#utm_source=rss-ultima-hora&amp;utm_medium=rss&amp;utm_campaign=rssfeed,candidíase,"2026-09-11 06:00:12.638031+00",media,
3e9f5b89-e248-44b4-b778-3c1da5f9b61d,"<![CDATA[Época balnear em Setúbal arranca 5.ª-feira com reforço do transportes]]>","Notícias ao Minuto",2026-06-02,https://www.noticiasaominuto.com/pais/2999901/epoca-balnear-em-setubal-arranca-5-feira-com-reforco-do-transportes#utm_source=rss-ultima-hora&amp;utm_medium=rss&amp;utm_campaign=rssfeed,"perturbação obsessivo-compulsiva","2026-06-03 06:00:10.557048+00",media,
3ec0aeba-2ba8-4302-b78a-ed33073c8e01,"<![CDATA[Mãe que matou filhos durante depressão pós-parto considerada inocente]]>","Notícias ao Minuto",2026-08-29,https://www.noticiasaominuto.com/mundo/3043330/mae-que-matou-filhos-durante-depressao-pos-parto-considerada-inocente#utm_source=rss-ultima-hora&amp;utm_medium=rss&amp;utm_campaign=rssfeed,depressão,"2026-08-31 06:00:09.311004+00",media,
3ef66584-8c16-416e-ba88-27f4a557205b,"<![CDATA[De candidato a Presidente da República a jurado de programa da TVI]]>","Notícias ao Minuto",2026-04-30,https://www.noticiasaominuto.com/fama/2981939/de-candidato-a-presidente-da-republica-a-jurado-de-programa-da-tvi#utm_source=rss-ultima-hora&amp;utm_medium=rss&amp;utm_campaign=rssfeed,candidíase,"2026-05-01 06:00:08.294148+00",media,
3f05591e-2f8d-466a-af25-fbf51c3b4c33,"<![CDATA[Nova época, velhos hábitos. Begraoui empata e imita Cristiano Ronaldo]]>","Notícias ao Minuto",2026-08-07,https://www.noticiasaominuto.com/desporto/3033765/nova-epoca-velhos-habitos-begraoui-empata-e-imita-cristiano-ronaldo#utm_source=rss-ultima-hora&amp;utm_medium=rss&amp;utm_campaign=rssfeed,"perturbação obsessivo-compulsiva","2026-08-08 06:00:08.519628+00",media,
3f1072b8-61c3-43ef-999f-a102bab002b4,"<![CDATA[Candidato presidencial francês Édouard Philippe sob investigação judicial]]>","Notícias ao Minuto",2026-05-19,https://www.noticiasaominuto.com/mundo/2992811/candidato-presidencial-frances-edouard-philippe-sob-investigacao-judicial#utm_source=rss-ultima-hora&amp;utm_medium=rss&amp;utm_campaign=rssfeed,candidíase,"2026-05-20 06:00:08.835469+00",media,
3f60aecf-52df-4720-9646-9be7159f714b,"<![CDATA[FC Porto empata com o Hibernian no primeiro desafio da pré-época]]>","Notícias ao Minuto",2026-07-11,https://www.noticiasaominuto.com/desporto/3020154/fc-porto-empata-com-o-hibernian-no-primeiro-desafio-da-pre-epoca#utm_source=rss-ultima-hora&amp;utm_medium=rss&amp;utm_campaign=rssfeed,"perturbação obsessivo-compulsiva","2026-07-12 06:00:08.606874+00",media,
3fcf758f-d83a-4f75-8203-845f2cfa4885,"<![CDATA[Miss Universo Tailândia: Candidatas inovam com vestidos de pratos típicos]]>","Notícias ao Minuto",2026-08-20,https://www.noticiasaominuto.com/lifestyle/3039265/miss-universo-tailandia-candidatas-inovam-com-vestidos-de-pratos-tipicos#utm_source=rss-ultima-hora&amp;utm_medium=rss&amp;utm_campaign=rssfeed,candidíase,"2026-08-21 06:00:10.348707+00",media,
3fd3573c-1bc1-4b35-bfa6-e3766469e667,"Calor na Páscoa. Temperaturas acima dos 25 graus",RTP,2026-04-04,https://www.rtp.pt/noticias/pais/calor-na-pascoa-temperaturas-acima-dos-25-graus_v1731455,"perturbação obsessivo-compulsiva","2026-04-05 06:00:14.83822+00",media,
3fdb6cdc-35e3-430f-b6c7-ec76c4fc6843,"<![CDATA[Linha de Prevenção do Suicídio recebeu mais de 25 mil chamadas]]>","Notícias ao Minuto",2026-09-10,https://www.noticiasaominuto.com/pais/3049204/linha-de-prevencao-do-suicidio-recebeu-mais-de-25-mil-chamadas#utm_source=rss-ultima-hora&amp;utm_medium=rss&amp;utm_campaign=rssfeed,suicídio,"2026-09-11 06:00:12.638031+00",media,
3fdc5b91-cec7-47b1-bf51-16db41e586c6,"<![CDATA[Colesterol alto? 3 coisas que os cardiologistas querem que pare de fazer]]>","Notícias ao Minuto",2026-08-22,https://www.noticiasaominuto.com/lifestyle/3037696/colesterol-alto-3-coisas-que-os-cardiologistas-querem-que-pare-de-fazer#utm_source=rss-ultima-hora&amp;utm_medium=rss&amp;utm_campaign=rssfeed,"colesterol alto","2026-08-23 06:00:14.075723+00",media,
3fe21611-1f9a-45b5-9822-89463885de13,"20.ª Reunião Anual do NEDM leva a Viseu novos desafios na abordagem da diabetes","SP Medicina Interna",2026-09-07,https://www.spmi.pt/20-a-reuniao-anual-do-nedm-leva-a-viseu-novos-desafios-na-abordagem-da-diabetes/,"diabetes tipo 2","2026-09-09 06:01:00.722792+00",institucional,
400445e6-f3cb-4805-b9f3-3002b70dc7d2,"Suplementos: investimento na saúde… ou dinheiro mal gasto?",Observador,2026-04-07,https://observador.pt/programas/tratar-da-saude/suplementos-investimento-na-saude-ou-dinheiro-mal-gasto/,"suplementos alimentares","2026-04-07 06:00:11.320377+00",media,
401c4c91-4710-4aaa-9f50-a63810a2e5a3,"Relatório aponta Portugal como um país vulnerável à seca e às ondas de calor",RTP,2026-05-30,https://www.rtp.pt/noticias/pais/relatorio-aponta-portugal-como-um-pais-vulneravel-a-seca-e-as-ondas-de-calor_v1744549,"calor extremo e saúde","2026-05-31 06:00:10.316395+00",media,
4044b22b-0882-4211-9312-57e6384bcfa2,"<![CDATA[""Melhores produções"". Prémios Sophia do cinema português entregues hoje]]>","Notícias ao Minuto",2026-05-15,https://www.noticiasaominuto.com/cultura/2990191/melhores-producoes-premios-sophia-do-cinema-portugues-entregues-hoje#utm_source=rss-ultima-hora&amp;utm_medium=rss&amp;utm_campaign=rssfeed,"síndrome do ovário poliquístico","2026-05-15 06:00:09.033335+00",media,
406da83c-a1bc-49bf-8142-306bf402b5b5,"<![CDATA[Marine Le Pen lança candidatura à Presidência apesar da condenação]]>","Notícias ao Minuto",2026-07-08,https://www.noticiasaominuto.com/mundo/3018430/marine-le-pen-lanca-candidatura-a-presidencia-apesar-da-condenacao#utm_source=rss-ultima-hora&amp;utm_medium=rss&amp;utm_campaign=rssfeed,candidíase,"2026-07-09 06:00:13.094772+00",media,
40c751a4-703d-451f-8c88-3878c992bc46,"<![CDATA[Coreia do Sul no último verão com sopa de carne de cão antes de proibição]]>","Notícias ao Minuto",2026-08-30,https://www.noticiasaominuto.com/mundo/3043525/coreia-do-sul-vive-ultimo-verao-com-sopa-de-carne-de-cao-antes-de-proibicao#utm_source=rss-ultima-hora&amp;utm_medium=rss&amp;utm_campaign=rssfeed,"síndrome do ovário poliquístico","2026-08-31 06:00:09.311004+00",media,
40d7f1bb-22fe-4a6a-af46-f06beb3455e1,"Pessoas altamente sensíveis:  Não é mania, é biologia!",Observador,2026-04-22,https://observador.pt/programas/somos-todos-malucos/pessoas-altamente-sensiveis-nao-e-mania-e-biologia/,burnout,"2026-04-22 06:00:06.115536+00",media,
411c63f8-5d8b-4107-a5e6-b2aa5be54f11,"CPSA contribui para declaração europeia que exige maior ação face a ondas de calor","Conselho Português para a Saúde e Ambiente",2026-07-24,https://cpsa.pt/noticias/cpsa-noticias/cpsa-declaracao-europeia-maior-acao-ondas-de-calor/,"calor extremo e saúde","2026-08-11 06:01:19.13401+00",institucional,
411c8bbb-9048-4afd-a08a-b8ce760fdb6b,"<![CDATA[Irão acusa UE de ""pura hipocrisia"" na defesa dos Direitos Humanos]]>","Notícias ao Minuto",2026-07-25,https://www.noticiasaominuto.com/mundo/3027273/irao-acusa-ue-de-pura-hipocrisia-na-defesa-dos-direitos-humanos#utm_source=rss-ultima-hora&amp;utm_medium=rss&amp;utm_campaign=rssfeed,"perturbação obsessivo-compulsiva","2026-07-26 06:00:07.731392+00",media,
412948f1-7a14-42b3-8053-cc54b24c34b4,"<![CDATA[Antigo PM candidata-se às presidenciais para ""fazer avançar a França""]]>","Notícias ao Minuto",2026-05-10,https://www.noticiasaominuto.com/mundo/2987383/antigo-pm-candidata-se-as-presidenciais-para-fazer-avancar-a-franca#utm_source=rss-ultima-hora&amp;utm_medium=rss&amp;utm_campaign=rssfeed,candidíase,"2026-05-11 06:00:10.493089+00",media,
412d237e-66c0-4612-a650-c54e02bdae66,"<![CDATA[UNESCO avalia 30 candidaturas a Património, incluindo fortalezas portuguesas]]>","Notícias ao Minuto",2026-07-19,https://www.noticiasaominuto.com/cultura/3023922/unesco-avalia-30-candidaturas-a-patrimonio-incluindo-fortalezas-portuguesas#utm_source=rss-ultima-hora&amp;utm_medium=rss&amp;utm_campaign=rssfeed,candidíase,"2026-07-20 06:00:12.191085+00",media,
41733cd8-b35e-40ff-8021-0f0e2ade1133,"Estrutura de Missão. Candidaturas a apoios para reconstrução de casas são 34 mil",RTP,2026-04-08,https://www.rtp.pt/noticias/economia/estrutura-de-missao-candidaturas-a-apoios-para-reconstrucao-de-casas-sao-34-mil_n1732403,candidíase,"2026-04-09 06:00:11.054389+00",media,
41749327-a47f-4a73-ba4d-1e7d44507a59,"<![CDATA[Macau sobre aumento de peso: ""Não me desleixei, quis fugir da depressão""]]>","Notícias ao Minuto",2026-04-27,https://www.noticiasaominuto.com/fama/2980068/macau-sobre-aumento-de-peso-nao-me-desleixei-quis-fugir-da-depressao#utm_source=rss-ultima-hora&amp;utm_medium=rss&amp;utm_campaign=rssfeed,depressão,"2026-04-28 06:00:08.764756+00",media,
418267ea-9048-4d87-8e73-0b675bdd3f54,"<![CDATA[Alckmin é oficializado candidato a vice de Lula para eleições de outubro]]>","Notícias ao Minuto",2026-07-30,https://www.noticiasaominuto.com/mundo/3029503/alckmin-e-oficializado-candidato-a-vice-de-lula-para-eleicoes-de-outubro#utm_source=rss-ultima-hora&amp;utm_medium=rss&amp;utm_campaign=rssfeed,candidíase,"2026-07-30 06:00:41.97847+00",media,
41b9cff2-f3c2-4428-a0e5-7f8f3a994272,"Instituto Ricardo Jorge promove II Conferência do Centro Colaborativo da OMS em Nutrição e Obesidade Infantil",INSA,2026-09-04,https://www.insa.min-saude.pt/instituto-ricardo-jorge-promove-ii-conferencia-do-centro-colaborativo-da-oms-em-nutricao-e-obesidade-infantil/,"obesidade infantil","2026-09-10 06:00:11.538734+00",institucional,
41bbd0e6-7d77-48dd-96b2-a68ecaff5119,"<![CDATA[Alanzinho confirma saída do Moreirense no final da época]]>","Notícias ao Minuto",2026-05-14,https://www.noticiasaominuto.com/desporto/2990118/alanzinho-confirma-saida-do-moreirense-no-final-da-epoca#utm_source=rss-ultima-hora&amp;utm_medium=rss&amp;utm_campaign=rssfeed,"perturbação obsessivo-compulsiva","2026-05-15 06:00:09.033335+00",media,
424da52f-6863-4883-9e0d-600789a87f75,"Cérebro e coluna: envelhecem juntos, protegem-se juntos","Sociedade Portuguesa Patologia Coluna Vertebral",2026-07-09,https://sppcv.org/artigos-de-opiniao/cerebro-e-coluna-envelhecem-juntos-protegem-se-juntos/,demência,"2026-07-17 06:00:39.952344+00",institucional,
4296d5f2-aca4-4bdb-ac81-64459c6e8406,"Filmes portugueses candidatos a prémio ibero-americano",Observador,2026-04-13,https://observador.pt/2026/04/14/banzo-e-o-riso-e-a-faca-candidatos-a-premios-de-melhor-filme-ibero-americano/,candidíase,"2026-04-14 06:00:06.284817+00",media,
429d8fcf-a7fd-48b8-b4e3-c92c50ff0922,"Nós é que somos os adultos",Observador,2026-03-09,https://observador.pt/opiniao/nos-e-que-somos-os-adultos/,ansiedade,"2026-03-09 06:00:06.810973+00",media,
42a1dfb0-e292-466f-a447-c7618a9f44a9,"<![CDATA[Greenpeace aponta para mil milhões por ano para prevenção de incêndios]]>","Notícias ao Minuto",2026-08-17,https://www.noticiasaominuto.com/mundo/3037698/greenpeace-aponta-para-mil-milhoes-por-ano-para-prevencao-de-incendios#utm_source=rss-ultima-hora&amp;utm_medium=rss&amp;utm_campaign=rssfeed,"perturbações do espectro do autismo","2026-08-18 06:00:08.695834+00",media,
42c32a31-a4e3-406c-87d6-a99469021676,"Instituto Ricardo Jorge promove II Conferência do Centro Colaborativo da OMS em Nutrição e Obesidade Infantil",INSA,2026-09-04,https://www.insa.min-saude.pt/instituto-ricardo-jorge-promove-ii-conferencia-do-centro-colaborativo-da-oms-em-nutricao-e-obesidade-infantil/,"obesidade infantil","2026-09-09 06:00:23.36628+00",institucional,
42c81f5c-c24b-4829-a153-5b32a0fa201a,"Bruno Fernandes eleito jogador masculino do ano pela PFA",Observador,2026-08-25,https://observador.pt/2026/08/25/bruno-fernandes-eleito-o-jogador-masculino-do-ano-em-inglaterra-pela-associacao-de-futebolistas-profissionais/,"perturbação obsessivo-compulsiva","2026-08-26 06:00:08.570208+00",media,
42d8157b-92c6-4300-a34b-4e46c914178b,"Instituto Ricardo Jorge promove II Conferência do Centro Colaborativo da OMS em Nutrição e Obesidade Infantil",INSA,2026-09-04,https://www.insa.min-saude.pt/instituto-ricardo-jorge-promove-ii-conferencia-do-centro-colaborativo-da-oms-em-nutricao-e-obesidade-infantil/,"obesidade infantil","2026-09-08 06:00:14.933395+00",institucional,
42e91ae2-69d9-44e2-b906-f24399bfd7c9,"<![CDATA[Linha do Alentejo entre Poceirão e Bombel vai ser modernizada até 2030]]>","Notícias ao Minuto",2026-07-27,https://www.noticiasaominuto.com/economia/3028156/linha-do-alentejo-entre-poceirao-e-bombel-vai-ser-modernizada-ate-2030#utm_source=rss-ultima-hora&amp;utm_medium=rss&amp;utm_campaign=rssfeed,"perturbação obsessivo-compulsiva","2026-07-28 06:00:06.037697+00",media,
430a8e8a-5d1b-45f4-81c5-21e288f339e3,"II Conferência do Centro Colaborativo da OMS em Nutrição e Obesidade Infantil: conheça o programa",INSA,2026-09-14,https://www.insa.min-saude.pt/ii-conferencia-do-centro-colaborativo-da-oms-em-nutricao-e-obesidade-infantil-conheca-o-programa/,"obesidade infantil","2026-09-15 06:00:10.714281+00",institucional,
430d66c5-1b51-419c-848f-1f8bf1450625,"<![CDATA[Likud anuncia recandidatura de Netanyahu nas próximas eleições em Israel]]>","Notícias ao Minuto",2026-06-10,https://www.noticiasaominuto.com/mundo/3003184/likud-anuncia-recandidatura-de-netanyahu-nas-proximas-eleicoes-em-israel#utm_source=rss-ultima-hora&amp;utm_medium=rss&amp;utm_campaign=rssfeed,candidíase,"2026-06-11 06:00:08.871782+00",media,
4325cf67-40e0-4bef-98c0-09bc0c3b70fc,"<![CDATA[Sul da Europa enfrenta início precoce da época de fogos florestais]]>","Notícias ao Minuto",2026-07-05,https://www.noticiasaominuto.com/mundo/3016761/sul-da-europa-enfrenta-inicio-precoce-da-epoca-de-fogos-florestais#utm_source=rss-ultima-hora&amp;utm_medium=rss&amp;utm_campaign=rssfeed,"perturbação obsessivo-compulsiva","2026-07-06 06:00:11.477986+00",media,
435ce863-ed01-44a8-b891-903183e429ea,"<![CDATA[França aprova lei que legaliza a eutanásia e o suicídio assistido]]>","Notícias ao Minuto",2026-07-15,https://www.noticiasaominuto.com/mundo/3022110/franca-aprova-lei-que-legaliza-a-eutanasia-e-o-suicidio-assistido#utm_source=rss-ultima-hora&amp;utm_medium=rss&amp;utm_campaign=rssfeed,suicídio,"2026-07-17 06:00:10.134984+00",media,
43812e77-4442-4d31-ab0c-8aedcaee6a08,"Higino Carneiro aponta razões políticas para ser arguido",Observador,2026-05-17,https://observador.pt/2026/05/17/higino-carneiro-de-novo-acusado-de-peculato-e-burla-aponta-razoes-politicas-e-denuncia-irregularidades-na-preparacao-do-congresso/,candidíase,"2026-05-17 06:00:09.32036+00",media,
4392cfab-3131-49d3-8e71-a12cca8aa43a,"<![CDATA[Ministro admite que candidatos da 2.ª fase são os mais prejudicados]]>","Notícias ao Minuto",2026-09-01,https://www.noticiasaominuto.com/pais/3044763/candidatos-da-segunda-fase-sao-os-mais-prejudicados-com-atrasos-nos-exames-ministro-caudio#utm_source=rss-ultima-hora&amp;utm_medium=rss&amp;utm_campaign=rssfeed,candidíase,"2026-09-03 06:00:14.963501+00",media,
439b5392-7256-485c-9fa8-da866d29a283,"<![CDATA[Taxa de desemprego da OCDE cai para 4,9% em julho]]>","Notícias ao Minuto",2026-09-10,https://www.noticiasaominuto.com/economia/3049301/taxa-de-desemprego-da-ocde-cai-para-4-9-em-julho#utm_source=rss-ultima-hora&amp;utm_medium=rss&amp;utm_campaign=rssfeed,"perturbação obsessivo-compulsiva","2026-09-11 06:00:12.638031+00",media,
43c19499-6061-4dd1-9809-c0d8f26f16e4,"<![CDATA[Se sofre de insónias, este é o hábito mais importante para dormir melhor]]>","Notícias ao Minuto",2026-08-17,https://www.noticiasaominuto.com/lifestyle/3037757/se-sofre-de-insonias-este-e-o-habito-mais-importante-para-dormir-melhor#utm_source=rss-ultima-hora&amp;utm_medium=rss&amp;utm_campaign=rssfeed,insónia,"2026-08-18 06:00:08.695834+00",media,
43d26edd-cd6f-4a98-8dc0-afff1cb6d092,"CPSA contribui para declaração europeia que exige maior ação face a ondas de calor","Conselho Português para a Saúde e Ambiente",2026-07-24,https://cpsa.pt/noticias/cpsa-noticias/cpsa-declaracao-europeia-maior-acao-ondas-de-calor/,"calor extremo e saúde","2026-08-02 06:01:13.254809+00",institucional,
44004420-0ffd-48cb-b3de-f0fe576e63a5,"Orçamento do Benfica para a época 2026/27 aprovado por 54,57%",RTP,2026-06-27,https://www.rtp.pt/noticias/futebol-nacional/orcamento-do-benfica-para-a-epoca-202627-aprovado-por-5457_d1749958,"perturbação obsessivo-compulsiva","2026-06-28 06:00:10.960346+00",media,
441d481b-6373-4093-bcdc-8fa70854d6fd,"Colesterol alto? Estatinas: perigosas ou essenciais?",Observador,2026-03-30,https://observador.pt/programas/tratar-da-saude/colesterol-alto-estatinas-perigosas-ou-essenciais/,"colesterol alto","2026-03-30 08:22:16.647698+00",media,
44568419-57d4-4578-be95-5ef1e1589a4b,"Veja aqui se entrou no Ensino Superior",Observador,2026-08-21,https://observador.pt/especiais/826-dos-candidatos-entraram-no-ensino-superior-veja-aqui-se-e-um-dos-49-991-colocados/,candidíase,"2026-08-22 06:00:07.826254+00",media,
44683a69-0d60-49c1-87b9-8fe83604d19c,"<![CDATA[Lusoponte admite portagens nas quatro travessias do Tejo]]>","Notícias ao Minuto",2026-08-06,https://www.noticiasaominuto.com/economia/3033122/lusoponte-admite-portagens-nas-quatro-travessias-do-tejo#utm_source=rss-ultima-hora&amp;utm_medium=rss&amp;utm_campaign=rssfeed,"síndrome do ovário poliquístico","2026-08-08 06:00:08.519628+00",media,
44758fc2-6a77-4901-a066-9f9158647ab2,"<![CDATA[OCDE recomenda à Noruega que reduza imposto sobre riqueza]]>","Notícias ao Minuto",2026-06-17,https://www.noticiasaominuto.com/mundo/3006725/ocde-recomenda-a-noruega-que-reduza-imposto-sobre-riqueza#utm_source=rss-ultima-hora&amp;utm_medium=rss&amp;utm_campaign=rssfeed,"perturbação obsessivo-compulsiva","2026-06-18 06:00:10.881534+00",media,
4493a6b0-95ad-40f2-9505-3039ed93e865,"<![CDATA[Real Madrid fecha pré-época com vitória (e Bernardo Silva a titular)]]>","Notícias ao Minuto",2026-08-16,https://www.noticiasaominuto.com/desporto/3037312/real-madrid-fecha-pre-epoca-com-vitoria-e-bernardo-silva-a-titular#utm_source=rss-ultima-hora&amp;utm_medium=rss&amp;utm_campaign=rssfeed,"perturbação obsessivo-compulsiva","2026-08-18 06:00:08.695834+00",media,
44d2d379-0a63-4361-aba6-b3b36f0e7c27,"<![CDATA['Siiiu'... e dança. Estádio do Al Nassr foi abaixo com golo de CR7]]>","Notícias ao Minuto",2026-09-10,https://www.noticiasaominuto.com/desporto/3049632/siiiu-e-danca-estadio-do-al-nassr-foi-abaixo-com-golo-de-cr7#utm_source=rss-ultima-hora&amp;utm_medium=rss&amp;utm_campaign=rssfeed,"síndrome de intestino irritável","2026-09-13 06:00:09.495425+00",media,
452a4479-bfcb-4342-be87-5c4b00717c77,"SPPSM apoia 2.ª edição da sessão formativa sobre Autismo e PHDA no Adulto","SP Psiquiatria e Saúde Mental",2026-06-01,https://www.sppsm.org/sppsm-apoia-2-a-edicao-da-sessao-formativa-sobre-autismo-e-phda-no-adulto/,"perturbações do espectro do autismo","2026-09-15 06:00:37.371543+00",institucional,
453b69f5-5abc-49c2-9960-93b61d0ae06c,"<![CDATA[Colômbia. Candidato de extrema-direita proclama vitória nas presidenciais]]>","Notícias ao Minuto",2026-06-22,https://www.noticiasaominuto.com/mundo/3009001/colombia-candidato-de-extrema-direita-proclama-vitoria-nas-presidenciais#utm_source=rss-ultima-hora&amp;utm_medium=rss&amp;utm_campaign=rssfeed,candidíase,"2026-06-22 06:00:06.341284+00",media,
4553c9e0-05a6-41db-9bc6-affb7bfa318a,"<![CDATA[Oficial: Joseph Nduquidi reforça meio-campo do Farense por duas épocas]]>","Notícias ao Minuto",2026-07-07,https://www.noticiasaominuto.com/desporto/3017997/oficial-joseph-nduquidi-reforca-meio-campo-do-farense-por-duas-epocas#utm_source=rss-ultima-hora&amp;utm_medium=rss&amp;utm_campaign=rssfeed,"perturbação obsessivo-compulsiva","2026-07-08 06:00:17.625893+00",media,
45559230-8b80-48c1-814c-f65700901f14,"<![CDATA[Nacional encerra pré-época com vitória frente à AD Camacha]]>","Notícias ao Minuto",2026-08-02,https://www.noticiasaominuto.com/desporto/3031151/nacional-encerra-pre-epoca-com-vitoria-frente-a-ad-camacha#utm_source=rss-ultima-hora&amp;utm_medium=rss&amp;utm_campaign=rssfeed,"perturbação obsessivo-compulsiva","2026-08-04 06:00:10.402023+00",media,
456d102b-59aa-4ef4-8a48-b68fe88db7af,"<![CDATA[Época especial de exames já tem data (mas é só para alunos da 2.ª fase)]]>","Notícias ao Minuto",2026-07-21,https://www.noticiasaominuto.com/pais/3025162/epoca-especial-de-exames-ja-tem-data-mas-e-so-para-alunos-da-2-fase#utm_source=rss-ultima-hora&amp;utm_medium=rss&amp;utm_campaign=rssfeed,"perturbação obsessivo-compulsiva","2026-07-22 06:00:06.724704+00",media,
459083cf-ff20-45de-a33e-ce869e7e3223,"<![CDATA[Candidato a suceder a Guterres reúne-se com Lavrov em Moscovo]]>","Notícias ao Minuto",2026-07-20,https://www.noticiasaominuto.com/mundo/3024519/candidato-a-suceder-a-guterres-reune-se-com-lavrov-em-moscovo#utm_source=rss-ultima-hora&amp;utm_medium=rss&amp;utm_campaign=rssfeed,candidíase,"2026-07-21 06:00:06.718319+00",media,
45940b57-fa6d-4c0b-9777-aa64d15e1d50,"<![CDATA[""Voltei a beber"": Brad Pitt faz confissão sobre vício do álcool]]>","Notícias ao Minuto",2026-08-11,https://www.noticiasaominuto.com/fama/3034875/voltei-a-beber-brad-pitt-faz-confissao-sobre-vicio-do-alcool#utm_source=rss-ultima-hora&amp;utm_medium=rss&amp;utm_campaign=rssfeed,dependências,"2026-08-12 06:00:09.004678+00",media,
45c8b9ab-c461-4293-8207-9f901975c963,"Anderlecht, de Vítor Bruno, vence e segue para o play-off",RTP,2026-08-13,https://www.rtp.pt/noticias/futebol-internacional/anderlecht-de-vitor-bruno-vence-e-segue-para-o-play-off_d1759348,"perturbação obsessivo-compulsiva","2026-08-14 06:00:11.231371+00",media,
45cd9bcd-6257-46d1-87ab-0e9e604656a6,"<![CDATA[Rendimento real das famílias na OCDE desacelera no primeiro trimestre]]>","Notícias ao Minuto",2026-08-06,https://www.noticiasaominuto.com/economia/3033061/rendimento-real-das-familias-na-ocde-desacelera-no-primeiro-trimestre#utm_source=rss-ultima-hora&amp;utm_medium=rss&amp;utm_campaign=rssfeed,"perturbação obsessivo-compulsiva","2026-08-08 06:00:08.519628+00",media,
460d0880-afa9-4cbb-b64d-a1a1be9ad975,"<![CDATA[Nuno Correia da Silva anuncia candidatura à liderança do CDS-PP]]>","Notícias ao Minuto",2026-04-30,https://www.noticiasaominuto.com/politica/2982426/nuno-correia-da-silva-anuncia-candidatura-a-lideranca-do-cds-pp#utm_source=rss-ultima-hora&amp;utm_medium=rss&amp;utm_campaign=rssfeed,candidíase,"2026-05-01 06:00:08.294148+00",media,
461a490f-48d7-470c-ad42-a1d088f898f9,"<![CDATA[Portugal entre países da OCDE onde salários registaram crescimento real]]>","Notícias ao Minuto",2026-04-22,https://www.noticiasaominuto.com/economia/2977508/portugal-entre-paises-da-ocde-onde-salarios-registaram-crescimento-real#utm_source=rss-ultima-hora&amp;utm_medium=rss&amp;utm_campaign=rssfeed,"perturbação obsessivo-compulsiva","2026-04-23 06:00:09.870261+00",media,
469685a6-b362-4641-bb2f-a94ad92e341c,"<![CDATA[Vitória promete divulgar informação financeira às candidaturas]]>","Notícias ao Minuto",2026-04-29,https://www.noticiasaominuto.com/desporto/2981470/vitoria-promete-divulgar-informacao-financeira-as-candidaturas#utm_source=rss-ultima-hora&amp;utm_medium=rss&amp;utm_campaign=rssfeed,candidíase,"2026-04-30 06:00:09.077392+00",media,
4699c860-6d98-45a8-85c8-dd715f8603e1,"<![CDATA[Lula oficializa candidatura à presidência do Brasil: ""Mudar muita coisa""]]>","Notícias ao Minuto",2026-08-02,https://www.noticiasaominuto.com/mundo/3031203/lula-oficializa-candidatura-a-presidencia-do-brasil-mudar-muita-coisa#utm_source=rss-ultima-hora&amp;utm_medium=rss&amp;utm_campaign=rssfeed,candidíase,"2026-08-05 06:00:10.761498+00",media,
46afbbbc-a4b6-4645-a06e-602d3fa77be7,"<![CDATA[Eclipse do Sporting quase fazia 'dói-dói', mas ferida levou três pontos]]>","Notícias ao Minuto",2026-08-15,https://www.noticiasaominuto.com/desporto/3036848/eclipse-do-sporting-quase-fazia-doi-doi-mas-ferida-levou-tres-pontos#utm_source=rss-ultima-hora&amp;utm_medium=rss&amp;utm_campaign=rssfeed,"refluxo gastroesofágico","2026-08-16 06:00:11.204017+00",media,
46c5317e-659d-484d-8119-ca878ef47bd4,"<![CDATA[Britney Spears declara-se culpada após ser detida ]]>","Notícias ao Minuto",2026-05-04,https://www.noticiasaominuto.com/fama/2983961/britney-spears-declara-se-culpada-apos-ser-detida#utm_source=rss-ultima-hora&amp;utm_medium=rss&amp;utm_campaign=rssfeed,"perturbações do espectro do autismo","2026-05-05 06:00:07.838186+00",media,
46e7d12f-8caf-46f4-86b0-ed9e6f17b197,"<![CDATA[Candidato às presidenciais no Peru propõe recontagem da segunda volta]]>","Notícias ao Minuto",2026-06-12,https://www.noticiasaominuto.com/mundo/3004587/candidato-as-presidenciais-no-peru-propoe-recontagem-da-segunda-volta#utm_source=rss-ultima-hora&amp;utm_medium=rss&amp;utm_campaign=rssfeed,candidíase,"2026-06-13 06:00:08.613791+00",media,
46f6ad16-e6db-423b-8357-33158c4f8532,"General angolano Higino Carneiro acusado de peculato e branqueamento de capitais",RTP,2026-06-23,https://www.rtp.pt/noticias/mundo/general-angolano-higino-carneiro-acusado-de-peculato-e-branqueamento-de-capitais_n1748948,candidíase,"2026-06-24 06:00:04.693913+00",media,
4745a184-08d1-4334-b201-616c79b57a80,"<![CDATA[Britney Spears nega ter causado pânico com faca em restaurante]]>","Notícias ao Minuto",2026-05-14,https://www.noticiasaominuto.com/fama/2990126/britney-spears-nega-ter-causado-panico-com-faca-em-restaurante#utm_source=rss-ultima-hora&amp;utm_medium=rss&amp;utm_campaign=rssfeed,pânico,"2026-05-15 06:00:09.033335+00",media,
47470eeb-fd12-41e5-8895-be56964fb0dd,"<![CDATA[Mulher denuncia companheiro: Fazia-a prostituir-se (e temia pela filha)]]>","Notícias ao Minuto",2026-07-17,https://www.noticiasaominuto.com/pais/3023066/mulher-denuncia-companheiro-que-a-obrigava-a-prostituir-temia-pela-filha#utm_source=rss-ultima-hora&amp;utm_medium=rss&amp;utm_campaign=rssfeed,"refluxo gastroesofágico","2026-07-20 06:00:12.191085+00",media,
47471ce2-9461-46bd-b2ef-d6a6fbc0c68d,"<![CDATA[Prestianni dá o mote para 2026/27: ""Vai ser uma época muito melhor""]]>","Notícias ao Minuto",2026-08-06,https://www.noticiasaominuto.com/desporto/3033262/prestianni-da-o-mote-para-202627-vai-ser-uma-epoca-muito-melhor#utm_source=rss-ultima-hora&amp;utm_medium=rss&amp;utm_campaign=rssfeed,"perturbação obsessivo-compulsiva","2026-08-09 06:00:11.264131+00",media,
4751e1e4-a568-4dbc-87ee-204f8691b9d0,"<![CDATA[Sporting abre 'caça ao capitão'. Os candidatos à espera do peso pesado]]>","Notícias ao Minuto",2026-06-11,https://www.noticiasaominuto.com/desporto/3003160/sporting-abre-caca-ao-capitao-os-candidatos-a-espera-do-peso-pesado#utm_source=rss-ultima-hora&amp;utm_medium=rss&amp;utm_campaign=rssfeed,candidíase,"2026-06-12 06:00:09.434369+00",media,
47598da6-7404-427a-b3a2-1aaca57df86d,"<![CDATA[Demência. 5 mudanças na alimentação que podem ser alarmantes]]>","Notícias ao Minuto",2026-09-04,https://www.noticiasaominuto.com/lifestyle/3046460/demencia-5-mudancas-na-alimentacao-que-podem-ser-alarmantes#utm_source=rss-ultima-hora&amp;utm_medium=rss&amp;utm_campaign=rssfeed,demência,"2026-09-05 06:00:09.983409+00",media,
475c9501-119f-429f-844d-10d3ab86e65c,"<![CDATA[Está de férias? Depressão ""atípica"" traz chuva, vento e agitação marítima]]>","Notícias ao Minuto",2026-08-20,https://www.noticiasaominuto.com/pais/3039121/esta-de-ferias-depressao-atipica-traz-chuva-vento-e-agitacao-maritima#utm_source=rss-ultima-hora&amp;utm_medium=rss&amp;utm_campaign=rssfeed,depressão,"2026-08-22 06:00:09.293988+00",media,
4762bb5e-336a-48c4-8a32-1026f4b84bd1,"<![CDATA[Simula suicídio de namorado que matou em Gondomar. Mas PJ descobriu crime]]>","Notícias ao Minuto",2026-07-23,https://www.noticiasaominuto.com/pais/3026266/simula-suicidio-de-marido-que-matou-em-gondomar-mas-pj-descobriu-crime#utm_source=rss-ultima-hora&amp;utm_medium=rss&amp;utm_campaign=rssfeed,suicídio,"2026-07-24 06:00:08.480521+00",media,
4763b888-a77f-46e8-b5dc-08962e2631b7,"<![CDATA[Trump anuncia terceira candidata para diretora-geral de Saúde Pública]]>","Notícias ao Minuto",2026-05-01,https://www.noticiasaominuto.com/mundo/2982554/trump-anuncia-terceira-candidata-para-diretora-geral-de-saude-publica#utm_source=rss-ultima-hora&amp;utm_medium=rss&amp;utm_campaign=rssfeed,candidíase,"2026-05-02 06:00:15.425175+00",media,
47673fe3-c890-4775-b55e-14bc9c23c0a6,"Inundação e danos em casa fazem um desalojado na Madeira",Observador,2026-03-23,https://observador.pt/2026/03/23/inundacao-e-danos-em-casa-fazem-um-desalojado-na-madeira/,depressão,"2026-03-23 06:00:27.401017+00",media,
47894688-7afe-4a36-aba8-54d689a4e576,"Descida do IVA. Ventura quer &quot;desmascarar&quot; a &quot;hipocrisia do Partido Socialista&quot;",RTP,2026-09-12,https://www.rtp.pt/noticias/politica/descida-do-iva-ventura-quer-desmascarar-a-hipocrisia-do-partido-socialista_n1765041,"perturbação obsessivo-compulsiva","2026-09-13 06:00:08.790898+00",media,
4789f999-c155-4806-bae4-42921a295a86,"<![CDATA[""Universidades Politécnicas"" contribuíram para aumento de candidatos]]>","Notícias ao Minuto",2026-08-22,https://www.noticiasaominuto.com/pais/3039996/universidades-politecnicas-contribuiram-para-aumento-de-candidatos#utm_source=rss-ultima-hora&amp;utm_medium=rss&amp;utm_campaign=rssfeed,candidíase,"2026-08-25 06:00:08.032206+00",media,
47a028cf-d6cd-4329-8dd8-4dfaac090733,"<![CDATA[Inscrição na época especial de exames nacionais começa hoje]]>","Notícias ao Minuto",2026-07-27,https://www.noticiasaominuto.com/pais/3027739/inscricao-na-epoca-especial-de-exames-nacionais-comeca-hoje#utm_source=rss-ultima-hora&amp;utm_medium=rss&amp;utm_campaign=rssfeed,"perturbação obsessivo-compulsiva","2026-07-28 06:00:06.037697+00",media,
47ddea60-f809-43ba-818c-f37feca4312a,"<![CDATA[Éder Militão e Guler falham resto da época devido a lesão no Real Madrid]]>","Notícias ao Minuto",2026-04-23,https://www.noticiasaominuto.com/desporto/2978177/eder-militao-e-guler-falham-resto-da-epoca-devido-a-lesao-no-real-madrid#utm_source=rss-ultima-hora&amp;utm_medium=rss&amp;utm_campaign=rssfeed,"perturbação obsessivo-compulsiva","2026-04-24 06:00:10.111579+00",media,
47e82ffb-e8cc-4db5-a1a4-f27de661c53d,"Vitinha quer fechar a época com chave de ouro",RTP,2026-06-14,https://www.rtp.pt/noticias/selecao-nacional/vitinha-quer-fechar-a-epoca-com-chave-de-ouro_d1746955,"perturbação obsessivo-compulsiva","2026-06-14 06:00:09.212854+00",media,
47e963a3-927c-4db5-80ba-fcd5f2c45250,"Neuville vence shakedown mas i20 &quot;precisa de melhorias&quot;",Observador,2026-05-06,https://observador.pt/2026/05/06/neuville-o-mais-rapido-no-shakedown-mas-admite-estar-em-dificuldades-com-o-hyundai-i20-no-rali-de-portugal/,"perturbação obsessivo-compulsiva","2026-05-07 06:00:08.907436+00",media,
481162db-39f8-49f5-9330-87da084f6bd6,"Resistência a antibióticos: mais de 39 milhões de mortes até 2050",DN,2024-09-16,https://www.dn.pt/ciencia/estudo-estima-mais-de-39-milhoes-de-mortes-ate-2050-por-infecoes-resistentes-a-antibioticos,"resistência antibióticos","2026-03-08 11:08:46.761027+00",media,
48539c9e-7595-469a-85df-128e3c04a391,"Ansiedade afeta um terço da população em Portugal",PÚBLICO,2025-04-04,https://www.publico.pt/2025/04/04/sociedade/noticia/ansiedade-afecta-terco-populacao-portugal-mulheres-idosos-deempregados-sao-afectados-2128541,ansiedade,"2026-03-08 11:08:46.761027+00",media,
48664193-382e-483a-8466-6f1857283f6d,"5h. Ceuta: PM apoia reunião de emergência da UE",Observador,2026-08-02,https://observador.pt/programas/noticiario/as-noticias-das-5h-1552/,candidíase,"2026-08-02 06:00:07.994836+00",media,
48910174-8dd1-4f52-a607-38b4c8f06341,"Marinha coordenou dois resgates ao largo dos Açores",Observador,2026-04-22,https://observador.pt/2026/04/22/marinha-coordenou-dois-resgates-ao-largo-do-arquipelago-dos-acores/,avc,"2026-04-23 06:00:07.844096+00",media,
4897ca45-8a4c-4d72-8351-223f644ddf27,"Vila Viçosa merece ser Património Mundial",Observador,2026-05-03,https://observador.pt/opiniao/vila-vicosa-merece-ser-patrimonio-mundial/,candidíase,"2026-05-04 06:00:08.002287+00",media,
48d589e3-c20b-400e-8650-9a051cf9faae,"<![CDATA[Marítimo empata com Estrela da Calheta em novo teste de pré-época]]>","Notícias ao Minuto",2026-07-29,https://www.noticiasaominuto.com/desporto/3029445/maritimo-empata-com-estrela-da-calheta-em-novo-teste-de-pre-epoca#utm_source=rss-ultima-hora&amp;utm_medium=rss&amp;utm_campaign=rssfeed,"perturbação obsessivo-compulsiva","2026-07-31 06:00:13.014067+00",media,
48f758fe-befb-4801-8c8d-0171d5ea2868,"“Hoje só comi a sopa”",Público,2026-05-04,https://www.publico.pt/2026/05/04/opiniao/editorial/hoje-so-comi-sopa-2173249,"síndrome do ovário poliquístico","2026-05-04 06:00:07.305904+00",media,
49124e9b-a256-4ab6-b0ab-f51be448e5b4,"João Simões operado e fora até ao fim da época",Observador,2026-04-20,https://observador.pt/2026/04/20/joao-simoes-vai-ser-operado-e-falha-o-resto-da-epoca-do-sporting/,"perturbação obsessivo-compulsiva","2026-04-21 06:00:05.148939+00",media,
4928a514-35a2-4b26-bd08-18a41fc30eb0,"Candidaturas ao ensino superior arrancam hoje com mais de 56 mil vagas",RTP,2026-07-20,https://www.rtp.pt/noticias/pais/candidaturas-ao-ensino-superior-arrancam-hoje-com-mais-de-56-mil-vagas_n1754513,candidíase,"2026-07-20 06:00:11.466164+00",media,
49349e2e-1552-4850-85cc-69c20e2eb39a,"Ministros de Luís Montenegro enfrentam época quente",RTP,2026-07-21,https://www.rtp.pt/noticias/opiniao/rita-rato-e-bernardo-blanco/ministros-de-luis-montenegro-enfrentam-epoca-quente_1755007,"perturbação obsessivo-compulsiva","2026-07-22 06:00:06.04051+00",media,
493b2e1a-4dd0-4d76-9342-cb3c0a63c98a,"Instituto Ricardo Jorge assinala Dia Mundial da Hipercolesterolemia Familiar Homozigótica",INSA,2026-05-04,https://www.insa.min-saude.pt/instituto-ricardo-jorge-assinala-dia-mundial-da-hipercolesterolemia-familiar-homozigotica/,"colesterol alto","2026-05-05 06:00:11.902021+00",institucional,
49482582-60ff-4bf6-bfdc-85dbd6433470,"<![CDATA[Vieira de Leiria: 3 feridos graves por inalação de hipoclorito de sódio]]>","Notícias ao Minuto",2026-08-07,https://www.noticiasaominuto.com/pais/3033491/vieira-de-leiria-3-feridos-graves-por-inalacao-de-hipoclorito-de-sodio#utm_source=rss-ultima-hora&amp;utm_medium=rss&amp;utm_campaign=rssfeed,"perturbação obsessivo-compulsiva","2026-08-09 06:00:11.264131+00",media,
495ae229-1dce-4dba-bff4-72b814bc4b4a,"<![CDATA[Florentino Pérez apresenta candidatura, mas não fala sobre Mourinho]]>","Notícias ao Minuto",2026-05-27,https://www.noticiasaominuto.com/ultima-hora/2996826/florentino-perez-apresenta-candidatura-mas-nao-fala-sobre-mourinho#utm_source=rss-ultima-hora&amp;utm_medium=rss&amp;utm_campaign=rssfeed,candidíase,"2026-05-28 06:00:12.033939+00",media,
495d9aeb-3b12-4e47-855c-88d3c2181ec3,"<![CDATA[Inflação na OCDE abranda para 4,2% com queda temporária na energia]]>","Notícias ao Minuto",2026-08-04,https://www.noticiasaominuto.com/economia/3032001/inflacao-na-ocde-abranda-para-4-2-com-queda-temporaria-na-energia#utm_source=rss-ultima-hora&amp;utm_medium=rss&amp;utm_campaign=rssfeed,"perturbação obsessivo-compulsiva","2026-08-05 06:00:10.761498+00",media,
4980de71-fd5b-4356-9eff-36e1e215586d,"Os jogos a &quot;brincar&quot; também têm bombardeiros a resolver",Observador,2026-07-25,https://observador.pt/2026/07/25/os-jogos-de-champions-a-brincar-tambem-precisam-de-ser-resolvidos-pelos-bombardeiros-fc-porto-vence-aston-villa-no-jogo-de-apresentacao/,"perturbação obsessivo-compulsiva","2026-07-26 06:00:06.131488+00",media,
49990445-f2e9-44a6-b82e-14cc1adc73d5,"<![CDATA[Exames: Comissão independente vai avaliar processo após época especial]]>","Notícias ao Minuto",2026-08-03,https://www.noticiasaominuto.com/pais/3031613/exames-comissao-independente-vai-avaliar-processo-apos-epoca-especial#utm_source=rss-ultima-hora&amp;utm_medium=rss&amp;utm_campaign=rssfeed,"perturbação obsessivo-compulsiva","2026-08-04 06:00:10.402023+00",media,
49b38bd7-d160-4d4d-97c6-e71098c58859,"<![CDATA[Casa Pia ainda em perigo de descida após época conturbada]]>","Notícias ao Minuto",2026-05-18,https://www.noticiasaominuto.com/desporto/2991572/casa-pia-ainda-em-perigo-de-descida-apos-epoca-conturbada#utm_source=rss-ultima-hora&amp;utm_medium=rss&amp;utm_campaign=rssfeed,"perturbação obsessivo-compulsiva","2026-05-19 06:00:06.176873+00",media,
49b9cafd-a528-44ff-9247-3aebe3806c5b,"<![CDATA[Kremlin responde à Alemanha sobre Leipzig: Acusações são ""vazias""]]>","Notícias ao Minuto",2026-09-04,https://www.noticiasaominuto.com/mundo/3046355/russia-classifica-como-vazias-e-infundadas-acusacoes-de-ataque-hibrido-na-alemanha#utm_source=rss-ultima-hora&amp;utm_medium=rss&amp;utm_campaign=rssfeed,"refluxo gastroesofágico","2026-09-06 06:00:05.47152+00",media,
49c2e146-1a40-47bc-a351-c414d6adf254,"<![CDATA[Rui Borges recebe dois 'reforços de peso' na pré-época do Sporting]]>","Notícias ao Minuto",2026-07-17,https://www.noticiasaominuto.com/desporto/3023193/rui-borges-recebe-dois-reforcos-de-peso-na-pre-epoca-do-sporting#utm_source=rss-ultima-hora&amp;utm_medium=rss&amp;utm_campaign=rssfeed,"perturbação obsessivo-compulsiva","2026-07-19 06:00:08.057305+00",media,
49e2a6db-db6d-4f34-ae2c-61467b3135fc,"“A maioria das pessoas mais velhas não tem demência”",Observador,2026-07-23,https://observador.pt/programas/convidado-extra/luisa-v-lopes-a-maioria-das-pessoas-mais-velhas-nao-tem-demencia/,demência,"2026-07-23 06:00:08.684195+00",media,
4a03946a-1492-46d2-9965-87ee4dc01b10,"Lúcia Alves eleita melhor jogadora da Liga",Observador,2026-05-14,https://observador.pt/2026/05/15/lucia-alves-eleita-melhor-jogadora-da-liga-feminina-pelo-sindicato/,"perturbação obsessivo-compulsiva","2026-05-15 06:00:05.82873+00",media,
4a1ea56f-4ce6-4339-85ab-5060a75e750a,"Vem aí o Apocalipse?",Observador,2026-05-03,https://observador.pt/programas/as-historias-da-biblia/vem-ai-o-apocalipse/,"perturbação obsessivo-compulsiva","2026-05-03 06:00:08.401998+00",media,
4a5469fa-ae4a-48a0-b914-42456480f8d4,"<![CDATA[Oficial: Estados Unidos renova com Mauricio Pochettino até Mundial2030]]>","Notícias ao Minuto",2026-08-03,https://www.noticiasaominuto.com/desporto/3031525/oficial-estados-unidos-renova-com-mauricio-pochettino-ate-mundial2030#utm_source=rss-ultima-hora&amp;utm_medium=rss&amp;utm_campaign=rssfeed,"perturbação obsessivo-compulsiva","2026-08-05 06:00:10.761498+00",media,
4a7d597b-4695-4622-b478-6740764b7e2e,"DGS alerta para aumento de casos de dengue importados",Público,2025-03-10,https://www.publico.pt/dengue-importados,"dengue europa","2026-03-08 12:35:50.177732+00",media,
4a8380a9-6812-4b1d-8e1b-b219833cf9fb,"22h 17 pessoas morreram nas praias portuguesas em 3 meses de época balnear",RTP,2026-08-03,https://www.rtp.pt/noticias/noticiario-antena1/22h-17-pessoas-morreram-nas-praias-portuguesas-em-3-meses-de-epoca-balnear_a1_1757527,"perturbação obsessivo-compulsiva","2026-08-04 06:00:09.429813+00",media,
4aa75d8a-0da8-4076-846a-39d78481cfe9,"<![CDATA[Arronches vai candidatar ""Arte de Tocar Pedrinhas"" a Património Cultural]]>","Notícias ao Minuto",2026-06-09,https://www.noticiasaominuto.com/cultura/3002639/arronches-vai-candidatar-arte-de-tocar-pedrinhas-a-patrimonio-cultural#utm_source=rss-ultima-hora&amp;utm_medium=rss&amp;utm_campaign=rssfeed,candidíase,"2026-06-10 06:00:05.688843+00",media,
4ac4c592-2b0f-464d-82a7-7b27c15d71e3,"Cérebro e coluna: envelhecem juntos, protegem-se juntos","Sociedade Portuguesa Patologia Coluna Vertebral",2026-07-09,https://sppcv.org/artigos-de-opiniao/cerebro-e-coluna-envelhecem-juntos-protegem-se-juntos/,demência,"2026-07-21 06:00:28.82289+00",institucional,
4af70729-7495-4d93-b0c8-6f4cb5ca5a6a,"<![CDATA[Estrela inicia época com plantel desfalcado e resultados promissores]]>","Notícias ao Minuto",2026-08-05,https://www.noticiasaominuto.com/desporto/3032301/estrela-inicia-epoca-com-plantel-desfalcado-e-resultados-promissores#utm_source=rss-ultima-hora&amp;utm_medium=rss&amp;utm_campaign=rssfeed,"perturbação obsessivo-compulsiva","2026-08-06 06:00:11.012929+00",media,
4afe5007-bf5e-4b51-8f56-7a54a5479c25,"<![CDATA[""Se tivesse um filho em época de exames era capaz de estar preocupado""]]>","Notícias ao Minuto",2026-07-11,https://www.noticiasaominuto.com/pais/3020119/se-tivesse-um-filho-em-epoca-de-exames-era-capaz-de-estar-preocupado#utm_source=rss-ultima-hora&amp;utm_medium=rss&amp;utm_campaign=rssfeed,"perturbação obsessivo-compulsiva","2026-07-13 06:00:08.60075+00",media,
4b40425b-4934-477c-9582-4a76ff3170eb,"Aquecimento global chegou a 1,37 ºC em 2025",Observador,2026-06-11,https://observador.pt/2026/06/12/aquecimento-global-chegou-a-137-oc-em-2025-planeta-acumula-cada-vez-mais-calor/,"perturbação obsessivo-compulsiva","2026-06-12 06:00:07.426987+00",media,
4b639a8a-9baa-4f85-a872-6e04058d8c64,"<![CDATA[OCDE denuncia: Empresas fazem acordos ilegais para poupar nos salários]]>","Notícias ao Minuto",2026-07-08,https://www.noticiasaominuto.com/economia/3018183/ocde-denuncia-empresas-fazem-acordos-ilegais-para-poupar-nos-salarios#utm_source=rss-ultima-hora&amp;utm_medium=rss&amp;utm_campaign=rssfeed,"perturbação obsessivo-compulsiva","2026-07-08 06:00:17.625893+00",media,
4b70d91b-d07e-4b47-b329-dd53732f5582,"<![CDATA[Rui Borges molda novo Sporting: Pré-época ganha forma com plantel incerto]]>","Notícias ao Minuto",2026-06-21,https://www.noticiasaominuto.com/desporto/3008589/rui-borges-molda-novo-sporting-pre-epoca-ganha-forma-com-plantel-incerto#utm_source=rss-ultima-hora&amp;utm_medium=rss&amp;utm_campaign=rssfeed,"perturbação obsessivo-compulsiva","2026-06-21 06:00:24.958542+00",media,
4b8f1b21-aee6-4839-925c-7518bf6c3697,"Keiko Fujimori oficialmente declarada vencedora das presidenciais no Peru",RTP,2026-06-29,https://www.rtp.pt/noticias/mundo/keiko-fujimori-oficialmente-declarada-vencedora-das-presidenciais-no-peru_n1750314,candidíase,"2026-06-30 06:00:13.355257+00",media,
4b90899e-882d-479e-863a-80e538ad72d9,"<![CDATA[3 hábitos muito simples para fazer de manhã que reduzem o stress]]>","Notícias ao Minuto",2026-09-04,https://www.noticiasaominuto.com/lifestyle/3045639/3-habitos-muito-simples-para-fazer-de-manha-que-reduzem-o-stress#utm_source=rss-ultima-hora&amp;utm_medium=rss&amp;utm_campaign=rssfeed,ansiedade,"2026-09-06 06:00:05.47152+00",media,
4bb74cbb-65e9-4302-be83-b2dacc3a5f36,"Fumo leva avião da SATA a aterrar de emergência na Terceira",Observador,2026-07-07,https://observador.pt/2026/07/07/fumo-na-cabine-obriga-aviao-da-sata-a-aterrar-de-emergencia-na-terceira-seis-pessoas-foram-hospitalizadas/,"refluxo gastroesofágico","2026-07-08 06:00:16.025611+00",media,
4bbc93fc-5621-44ec-9035-57494e0d8315,"<![CDATA[MPLA anula candidatura de Higino Carneiro à presidência do partido]]>","Notícias ao Minuto",2026-07-21,https://www.noticiasaominuto.com/mundo/3024998/mpla-anula-candidatura-de-higino-carneiro-a-presidencia-do-partido#utm_source=rss-ultima-hora&amp;utm_medium=rss&amp;utm_campaign=rssfeed,candidíase,"2026-07-22 06:00:06.724704+00",media,
4bcf62da-827f-4000-a32e-1a01e7fe9907,"<![CDATA[Tiago Margarido promete equipa ""com ADN Vitória"" para a nova época]]>","Notícias ao Minuto",2026-08-07,https://www.noticiasaominuto.com/desporto/3033531/tiago-margarido-promete-equipa-com-adn-vitoria-para-a-nova-epoca#utm_source=rss-ultima-hora&amp;utm_medium=rss&amp;utm_campaign=rssfeed,"perturbação obsessivo-compulsiva","2026-08-10 06:00:10.246201+00",media,
4bd8b32f-f8b2-4ba0-b3f8-ae14ef8aaf26,"<![CDATA[Jornalista Andrzej Poczobut libertado pelo regime da Bielorrússia]]>","Notícias ao Minuto",2026-04-28,https://www.noticiasaominuto.com/mundo/2980735/jornalista-andrzej-poczobut-libertado-pelo-regime-da-bielorrussia#utm_source=rss-ultima-hora&amp;utm_medium=rss&amp;utm_campaign=rssfeed,"perturbação obsessivo-compulsiva","2026-04-29 06:00:09.920756+00",media,
4c56b296-60c9-435e-b7a0-6e22110edcb4,"Campanha Nacional de Sensibilização para as Demências &#124; A demência pode esconder-se atrás da vida","Coord. Nacional Saúde Mental",2026-07-09,https://saudemental.min-saude.pt/campanha-nacional-de-sensibilizacao-para-as-demencias-a-demencia-pode-esconder-se-atras-da-vida/,demência,"2026-07-10 06:00:19.23319+00",institucional,
4c655766-f1fe-4612-aca0-3f1e3b8e5a71,"<![CDATA[Casa Pia arranca pré-época com novo treinador, mas sem reforços]]>","Notícias ao Minuto",2026-07-06,https://www.noticiasaominuto.com/desporto/3017198/casa-pia-arranca-pre-epoca-com-novo-treinador-mas-sem-reforcos#utm_source=rss-ultima-hora&amp;utm_medium=rss&amp;utm_campaign=rssfeed,"perturbação obsessivo-compulsiva","2026-07-07 06:00:07.503569+00",media,
4c737232-bf1f-4f8d-bd48-1db06b9a43f5,"<![CDATA[Angola registou 373 mortos e 377 feridos na época chuvosa 2025-2026]]>","Notícias ao Minuto",2026-06-29,https://www.noticiasaominuto.com/mundo/3013048/angola-registou-373-mortos-e-377-feridos-na-epoca-chuvosa-2025-2026#utm_source=rss-ultima-hora&amp;utm_medium=rss&amp;utm_campaign=rssfeed,"perturbação obsessivo-compulsiva","2026-06-30 06:00:14.244257+00",media,
4c808c44-e0dd-4e4f-888e-a678ca1ddf10,"CathStart -Curso de Simulação em Coronariografia Diagnóstica","Sociedade Portuguesa de Cardiologia",2026-09-04,https://spc.pt/arquivo-mensal/cathstart-curso-de-simulacao-em-coronariografia-diagnostica/,"terapia hormonal","2026-09-09 06:00:57.904108+00",institucional,
4c9b9530-0ac9-4adc-a1e4-e8b458a6c613,"<![CDATA[Ex-vice Kamala Harris admite nova candidatura à presidência]]>","Notícias ao Minuto",2026-04-10,https://www.noticiasaominuto.com/mundo/2970703/ex-vice-kamalaharrisadmite-nova-candidatura-a-presidencia#utm_source=rss-ultima-hora&amp;utm_medium=rss&amp;utm_campaign=rssfeed,candidíase,"2026-04-11 06:00:08.687512+00",media,
4ca942bc-d212-48cd-b2d6-66b23866ff71,"Quando o medo de estar doente nos deixa realmente doentes",Observador,2026-09-03,https://observador.pt/programas/tratar-da-saude/quando-o-medo-de-estar-doente-nos-deixa-realmente-doentes/,ansiedade,"2026-09-03 06:00:12.901646+00",media,
4cbcf6fa-105f-4a91-a79b-b6021ceb4cf4,"Como ficaram as contas europeias depois da surpresa na Taça",Observador,2026-05-24,https://observador.pt/2026/05/24/famalicao-de-fora-sp-braga-na-liga-conferencia-benfica-na-2-a-pre-eliminatoria-como-ficaram-as-contas-europeias-depois-da-taca/,"perturbação obsessivo-compulsiva","2026-05-25 06:00:08.514442+00",media,
4d1d8164-ca73-438c-b020-4a0c24237c37,"São Tomé.  Nito d`Abreu quer ser &quot;Presidente do povo&quot; e construir país &quot;novo&quot;",RTP,2026-07-15,https://www.rtp.pt/noticias/mundo/sao-tome-nito-dabreu-quer-ser-presidente-do-povo-e-construir-pais-novo_n1753655,candidíase,"2026-07-16 06:00:09.32787+00",media,
4d3c58fd-a082-4a80-bb78-23fd9b4891e2,"<![CDATA[Rússia acusa candidatos franceses de usar ""ameaça russa"" em campanha]]>","Notícias ao Minuto",2026-08-25,https://www.noticiasaominuto.com/mundo/3041356/moscovo-acusa-candidatos-as-presidenciais-em-franca-de-invocarem-ameaca-russa-sem-razao#utm_source=rss-ultima-hora&amp;utm_medium=rss&amp;utm_campaign=rssfeed,candidíase,"2026-08-26 06:00:10.214346+00",media,
4d474f0e-afe3-4f24-967b-dfd66ae8f4fd,"<![CDATA[João Pereira renovou com turcos do Alanyaspor por mais uma época]]>","Notícias ao Minuto",2026-05-15,https://www.noticiasaominuto.com/desporto/2990799/joao-pereira-renovou-com-turcos-do-alanyaspor-por-mais-uma-epoca#utm_source=rss-ultima-hora&amp;utm_medium=rss&amp;utm_campaign=rssfeed,"perturbação obsessivo-compulsiva","2026-05-16 06:00:11.05527+00",media,
4d5a4bb7-7730-4d35-9e0b-2627ee3f1d49,"Sarampo: surto em Lisboa preocupa autoridades de saúde","SIC Notícias",2025-02-20,https://sicnoticias.pt/sarampo-surto-lisboa,"sarampo surto","2026-03-08 12:35:50.177732+00",media,
4d5ba677-55fa-4c1e-a863-36918e660e21,"Época extraordinária de exames realiza-se entre 3 e 8 de setembro e será alargada a todos os alunos",RTP,2026-07-21,https://www.rtp.pt/noticias/pais/epoca-extraordinaria-de-exames-realiza-se-entre-3-e-8-de-setembro-e-sera-alargada-a-todos-os-alunos_n1755016,"perturbação obsessivo-compulsiva","2026-07-22 06:00:06.04051+00",media,
4d7524eb-4b93-4552-a59d-d5a8b65c4595,"Webinar &#8211; Zona Sul","SP Acidente Vascular Cerebral",2025-09-24,https://spavc.org/webinar-zona-sul/,avc,"2026-04-10 06:01:13.215451+00",institucional,
4d82656a-81f4-46c2-8c80-4726a49f48f5,"Lúpus: como viver com uma doença “invisível”?",Observador,2026-05-21,https://observador.pt/programas/tratar-da-saude/lupus-como-viver-com-uma-doenca-invisivel/,lúpus,"2026-05-21 06:00:06.710095+00",media,
4daa4c34-7ad4-4aa5-a583-171c28961498,"<![CDATA[Bolsas europeias sem rumo perante contradições sobre paz no Médio Oriente]]>","Notícias ao Minuto",2026-06-05,https://www.noticiasaominuto.com/economia/3000843/bolsas-europeias-sem-rumo-perante-contradicoes-sobre-paz-no-medio-oriente#utm_source=rss-ultima-hora&amp;utm_medium=rss&amp;utm_campaign=rssfeed,dependências,"2026-06-06 06:00:10.764271+00",media,
4ddfaf42-bd38-4990-9e21-509cc2b1b19d,"<![CDATA[Afinal há exames perdidos, mais erros e menos candidatos ao Superior]]>","Notícias ao Minuto",2026-07-22,https://www.noticiasaominuto.com/pais/3025268/afinal-ha-exames-perdidos-mais-erros-e-menos-candidatos-ao-superior#utm_source=rss-ultima-hora&amp;utm_medium=rss&amp;utm_campaign=rssfeed,candidíase,"2026-07-23 06:00:10.278551+00",media,
4de39a61-efe1-4c9b-8bc3-d21839156fdd,"No partido das comissões de inquérito",Público,2026-08-02,https://www.publico.pt/2026/08/02/opiniao/editorial/partido-comissoes-inquerito-2183772,"refluxo gastroesofágico","2026-08-02 06:00:07.899508+00",media,
4e0364e3-e81a-4d3c-9009-314c7357411d,"<![CDATA[Árbitros boicotam trabalhos de início de época após áudios de Proença]]>","Notícias ao Minuto",2026-07-31,https://www.noticiasaominuto.com/desporto/3030506/arbitros-boicotam-trabalhos-de-inicio-de-epoca-apos-audios-de-proenca#utm_source=rss-ultima-hora&amp;utm_medium=rss&amp;utm_campaign=rssfeed,"perturbação obsessivo-compulsiva","2026-08-02 06:00:09.596979+00",media,
4e262c40-c74c-47e9-91ec-33cb94f4fc23,"Sabia que o seu intestino manda no seu humor?",Observador,2026-05-29,https://observador.pt/programas/tratar-da-saude/sabia-que-o-seu-intestino-manda-no-seu-humor/,ansiedade,"2026-05-29 06:00:11.679675+00",media,
4e429c0e-2e26-46ff-8ca1-250b6df3fc85,"<![CDATA[Neuroinflamação. O que acontece ao cérebro quando faz jejum intermitente?]]>","Notícias ao Minuto",2026-09-01,https://www.noticiasaominuto.com/lifestyle/3043780/dieta-eis-o-que-acontece-ao-cerebro-quando-faz-jejum-intermitente#utm_source=rss-ultima-hora&amp;utm_medium=rss&amp;utm_campaign=rssfeed,"jejum intermitente","2026-09-03 06:00:14.963501+00",media,
4e995828-3fc3-4ca6-9d90-0ba4381615bc,"<![CDATA[Sabia que as urtigas dão para fazer sopa? Eis uma receita (que não pica)]]>","Notícias ao Minuto",2026-05-18,https://www.noticiasaominuto.com/lifestyle/2992010/sabia-que-as-urtigas-dao-para-fazer-sopa-eis-uma-receita-que-nao-pica#utm_source=rss-ultima-hora&amp;utm_medium=rss&amp;utm_campaign=rssfeed,"síndrome do ovário poliquístico","2026-05-19 06:00:06.176873+00",media,
4ea454ff-32f2-4554-b9a2-ed3799666117,"<![CDATA[Marchas. Vitória de Alfama prova que ""vale a pena lutar"" pelas tradições]]>","Notícias ao Minuto",2026-06-13,https://www.noticiasaominuto.com/pais/3004708/marchas-vitoria-de-alfama-prova-que-vale-a-pena-lutar-pelas-tradicoes#utm_source=rss-ultima-hora&amp;utm_medium=rss&amp;utm_campaign=rssfeed,dependências,"2026-06-14 06:00:09.869278+00",media,
4ec65afb-2773-429e-bf49-b348c6462e20,"<![CDATA[Marine Le Pen vai mesmo candidatar-se à presidência de França]]>","Notícias ao Minuto",2026-07-07,https://www.noticiasaominuto.com/mundo/3018045/marine-le-pen-vai-mesmo-candidatar-se-a-presidencia-de-franca#utm_source=rss-ultima-hora&amp;utm_medium=rss&amp;utm_campaign=rssfeed,candidíase,"2026-07-08 06:00:17.625893+00",media,
4ee55c5b-004c-4c64-bd3a-e04649ff6fed,"<![CDATA[Kokovic elogia Sp. Braga, mas promete luta: ""Não tenho nenhuma ansiedade""]]>","Notícias ao Minuto",2026-07-29,https://www.noticiasaominuto.com/desporto/3029375/kokovic-elogia-sp-braga-mas-promete-luta-nao-tenho-nenhuma-ansiedade#utm_source=rss-ultima-hora&amp;utm_medium=rss&amp;utm_campaign=rssfeed,ansiedade,"2026-07-31 06:00:13.014067+00",media,
4ee98599-0eb8-43a5-aac5-4152867176b4,"Ramiro Brito: “Tenho o vício dos carros e orgulho-me porque é parte fundamental da minha história”",Público,2026-08-26,https://www.publico.pt/2026/08/26/impar/noticia/ramiro-brito-vicio-carros-orgulhome-parte-fundamental-historia-2186157,dependências,"2026-08-27 06:00:08.911033+00",media,
4efa2c8a-a8c6-48b5-8400-20a783225e17,"Legislativas russas contam com 80 candidatos independentes",RTP,2026-07-12,https://www.rtp.pt/noticias/mundo/legislativas-russas-contam-com-80-candidatos-independentes_n1752857,candidíase,"2026-07-13 06:00:07.990165+00",media,
4f327c24-b75b-44ee-b686-74490569a7cc,"<![CDATA[AVC? Jill Biden acusada de tentar ""mudar narrativa"" sobre debate de 2024]]>","Notícias ao Minuto",2026-06-01,https://www.noticiasaominuto.com/mundo/2998926/mulher-de-biden-acusada-de-tentar-mudar-narrativa-sobre-debate-de-2024#utm_source=rss-ultima-hora&amp;utm_medium=rss&amp;utm_campaign=rssfeed,avc,"2026-06-02 06:00:11.750406+00",media,
4f54d046-eb9d-467f-a818-76782e4e5a35,"O xerife que pode ter a bala de prata da direita para Belém",Observador,2026-08-31,https://observador.pt/opiniao/o-xerife-que-pode-ter-a-bala-de-prata-da-direita-para-belem/,candidíase,"2026-09-01 06:00:06.986034+00",media,
4f559e97-dfaa-4a06-9d78-af967f0f0d58,"SPPCV abre candidaturas a bolsas para Internos e Jovens Especialistas em 2026","Sociedade Portuguesa Patologia Coluna Vertebral",2026-01-21,https://sppcv.org/noticias/sppcv-abre-candidaturas-a-bolsas-para-internos-e-jovens-especialistas-em-2026/,candidíase,"2026-04-10 06:00:42.39863+00",institucional,
4f6578a4-bd4a-4bb4-aef5-a8b45693dd8a,"Benfica conquista Taça pela 12.ª época seguida",Observador,2026-04-26,https://observador.pt/2026/04/26/benfica-conquista-pela-12-a-vez-seguida-a-taca-de-portugal-feminina-de-hoquei-em-patins/,"perturbação obsessivo-compulsiva","2026-04-27 06:00:08.371635+00",media,
4f71f9c4-5320-4c29-aa3a-1f8929e0be80,"Jill Biden: &quot;Achei que o Joe estava a ter um AVC&quot;",Observador,2026-05-27,https://observador.pt/2026/05/27/achei-que-ele-estava-a-ter-um-avc-mulher-de-joe-biden-revela-reacao-a-desempenho-durante-debate-de-2024-contra-trump/,avc,"2026-05-28 06:00:10.229985+00",media,
4fac888a-90b0-450b-8aef-5c1c32a56021,"Terapia online cresce 200% desde a pandemia","Diário de Notícias",2025-05-18,https://dn.pt/terapia-online-crescimento,ansiedade,"2026-03-08 11:22:47.09953+00",media,
4fc6f4be-c6ea-4c92-8b5b-089c97530986,"<![CDATA[SOS Voz Amiga alerta para suicídio entre homens maiores de 60 anos]]>","Notícias ao Minuto",2026-09-08,https://www.noticiasaominuto.com/pais/3047908/sos-voz-amiga-alerta-para-suicidio-entre-homens-maiores-de-60-anos#utm_source=rss-ultima-hora&amp;utm_medium=rss&amp;utm_campaign=rssfeed,suicídio,"2026-09-08 06:00:09.844586+00",media,
500524f5-a41f-4496-9422-19caaff898ac,"Morreu Vincent Pastore, ator da série &quot;Os Sopranos&quot;",Observador,2026-08-01,https://observador.pt/2026/08/01/morreu-vincent-pastore-ator-afamado-por-ter-entrado-na-serie-os-sopranos-tinha-80-anos/,"síndrome do ovário poliquístico","2026-08-02 06:00:07.994836+00",media,
5011be63-e8b1-4135-9509-70d34f8822c9,"<![CDATA[Alemanha pensa em candidatura conjunta ao Mundial em 2038 ou 2042]]>","Notícias ao Minuto",2026-07-28,https://www.noticiasaominuto.com/desporto/3028799/alemanha-pensa-em-candidatura-conjunta-ao-mundial-em-2038-ou-2042#utm_source=rss-ultima-hora&amp;utm_medium=rss&amp;utm_campaign=rssfeed,candidíase,"2026-07-30 06:00:41.97847+00",media,
501de19c-9db6-4b68-b5b5-7734aac06c09,"Montenegro avisa que PSD vai forçar partidos a &quot;revelarem-se&quot; na hora de votar reformas",RTP,2026-05-18,https://www.rtp.pt/noticias/pais/montenegro-avisa-que-psd-vai-forcar-partidos-a-revelarem-se-na-hora-de-votar-reformas_n1742120,candidíase,"2026-05-19 06:00:04.461339+00",media,
5037a4b7-3493-42f6-ba94-e6c112b82bee,"<![CDATA[Euro digital é uma oportunidade para acabar com as dependências da UE]]>","Notícias ao Minuto",2026-06-15,https://www.noticiasaominuto.com/economia/3005229/euro-digital-e-uma-oportunidade-para-acabar-com-as-dependencias-da-ue#utm_source=rss-ultima-hora&amp;utm_medium=rss&amp;utm_campaign=rssfeed,dependências,"2026-06-16 06:00:07.256418+00",media,
50385f12-8466-4f88-87ca-2ad98026c92a,"<![CDATA[Adeptos da Académica antecipam época difícil no regresso ao profissional]]>","Notícias ao Minuto",2026-08-08,https://www.noticiasaominuto.com/desporto/3033901/adeptos-da-academica-antecipam-epoca-dificil-no-regresso-ao-profissional#utm_source=rss-ultima-hora&amp;utm_medium=rss&amp;utm_campaign=rssfeed,"perturbação obsessivo-compulsiva","2026-08-10 06:00:10.246201+00",media,
503f7030-d4ef-4204-8f88-52e0961041c1,"<![CDATA[Chuva, vento e trovoada: Vem aí uma depressão que vai mudar o tempo]]>","Notícias ao Minuto",2026-05-07,https://www.noticiasaominuto.com/pais/2986163/chuva-vento-e-trovoada-vem-ai-uma-depressao-que-vai-mudar-o-tempo#utm_source=rss-ultima-hora&amp;utm_medium=rss&amp;utm_campaign=rssfeed,depressão,"2026-05-08 06:00:08.82177+00",media,
506004a1-fb8a-475f-b0f3-dcdc108b7fca,"<![CDATA[Morreu Vincent Pastore, ator da série ""Os Sopranos"". Tinha 80 anos]]>","Notícias ao Minuto",2026-08-02,https://www.noticiasaominuto.com/fama/3031020/morreu-vincent-pastore-ator-da-serie-os-sopranos-tinha-80-anos#utm_source=rss-ultima-hora&amp;utm_medium=rss&amp;utm_campaign=rssfeed,"síndrome do ovário poliquístico","2026-08-02 06:00:09.596979+00",media,
506249b4-434c-4193-83a6-6c895dc98426,"<![CDATA[Muitos perguntaram a receita: ""Há quem não goste. Sopa tem sempre tomate""]]>","Notícias ao Minuto",2026-08-22,https://www.noticiasaominuto.com/fama/3039013/muitos-perguntaram-a-receita-ha-quem-nao-goste-sopa-tem-sempre-tomate#utm_source=rss-ultima-hora&amp;utm_medium=rss&amp;utm_campaign=rssfeed,"síndrome do ovário poliquístico","2026-08-23 06:00:14.075723+00",media,
50a637c4-98c8-4899-9564-0482d3bcc908,"Kiev acusa ator Steven Seagal de ter armas de rede ilegal",Observador,2026-04-29,https://observador.pt/programas/a-guerra-traduzida/kiev-acusa-ator-steven-seagal-de-ter-armas-de-rede-ilegal/,"refluxo gastroesofágico","2026-04-30 06:00:07.207371+00",media,
50cc381a-a2e0-4008-8567-daccb46f9242,"CPSA contribui para declaração europeia que exige maior ação face a ondas de calor","Conselho Português para a Saúde e Ambiente",2026-07-24,https://cpsa.pt/noticias/cpsa-noticias/cpsa-declaracao-europeia-maior-acao-ondas-de-calor/,"calor extremo e saúde","2026-08-07 06:00:59.692414+00",institucional,
50e6ebfb-e39c-45f0-b7e0-ff90efafef82,"<![CDATA[João Félix imparável na nova época. Avançado volta a marcar pelo Al Nassr]]>","Notícias ao Minuto",2026-08-21,https://www.noticiasaominuto.com/desporto/3039810/joao-felix-imparavel-na-nova-epoca-avancado-volta-a-marcar-pelo-al-nassr#utm_source=rss-ultima-hora&amp;utm_medium=rss&amp;utm_campaign=rssfeed,"perturbação obsessivo-compulsiva","2026-08-24 06:00:11.840935+00",media,
50f29a84-440e-41fb-a4ca-a3e2d19b6e86,"3h Mariana Vieira da Silva admite candidatura à liderança do PS",RTP,2026-05-05,https://www.rtp.pt/noticias/noticiario-antena1/3h-mariana-vieira-da-silva-admite-candidatura-a-lideranca-do-ps_a1_1738970,candidíase,"2026-05-05 06:00:07.241561+00",media,
51bbbfc0-f95a-4147-8134-b223f254c9e4,"Suores noturnos na menopausa: novas terapias disponíveis",Público,2025-01-18,https://www.publico.pt/suores-noturnos-terapias,"suores noturnos","2026-03-08 12:35:50.177732+00",media,
520bc142-8d09-4f57-858d-527e185a909c,"<![CDATA[""Se Espanha não tiver a final do Mundial2030, deve deixar a candidatura""]]>","Notícias ao Minuto",2026-08-06,https://www.noticiasaominuto.com/desporto/3033255/se-espanha-nao-tiver-a-final-do-mundial2030-deve-deixar-a-candidatura#utm_source=rss-ultima-hora&amp;utm_medium=rss&amp;utm_campaign=rssfeed,candidíase,"2026-08-08 06:00:08.519628+00",media,
52698b97-3d69-4928-b6f3-4e63c1ed2360,"Mega-central solar Sophia encolhe um terço",Observador,2026-09-13,https://observador.pt/especiais/mega-central-sophia-encolhe-um-terco-promotor-acena-com-luz-mais-barata-e-banco-de-ovelhas-para-vencer-oposicao/,"síndrome do ovário poliquístico","2026-09-14 06:00:10.495825+00",media,
526a39e0-012e-43e2-9c8c-2f86e92740bd,"<![CDATA[Razia no FC Porto leva Farioli a chamar Granaas, Mame Niang e não só]]>","Notícias ao Minuto",2026-08-11,https://www.noticiasaominuto.com/desporto/3035032/razia-no-fc-porto-leva-farioli-a-chamar-granaas-mame-niang-e-nao-so#utm_source=rss-ultima-hora&amp;utm_medium=rss&amp;utm_campaign=rssfeed,"refluxo gastroesofágico","2026-08-13 06:00:12.208572+00",media,
52885640-6f85-4bce-99c4-3d73cfc35d67,"SPPSM apoia 2.ª edição da sessão formativa sobre Autismo e PHDA no Adulto","SP Psiquiatria e Saúde Mental",2026-06-01,https://www.sppsm.org/sppsm-apoia-2-a-edicao-da-sessao-formativa-sobre-autismo-e-phda-no-adulto/,"perturbações do espectro do autismo","2026-08-12 06:00:51.3235+00",institucional,
529c214c-9705-4039-9d52-9edd0d470f4f,"<![CDATA[Desp. Chaves arranca preparação da nova época sem contratações anunciadas]]>","Notícias ao Minuto",2026-07-01,https://www.noticiasaominuto.com/desporto/3014264/desp-chaves-arranca-preparacao-da-nova-epoca-sem-contratacoes-anunciadas#utm_source=rss-ultima-hora&amp;utm_medium=rss&amp;utm_campaign=rssfeed,"perturbação obsessivo-compulsiva","2026-07-02 06:00:06.429497+00",media,
531d83b2-b52e-4f80-8197-48aae03ba075,"<![CDATA[Seis sintomas precoces de demência, alerta enfermeira]]>","Notícias ao Minuto",2026-07-08,https://www.noticiasaominuto.com/lifestyle/3018724/seis-sintomas-precoces-de-demencia-alerta-enfermeira#utm_source=rss-ultima-hora&amp;utm_medium=rss&amp;utm_campaign=rssfeed,demência,"2026-07-09 06:00:13.094772+00",media,
535e64bb-d828-430d-9839-7487b92250a4,"<![CDATA[É difícil sair da cama? 4 dicas para acabar com a depressão matinal]]>","Notícias ao Minuto",2026-06-11,https://www.noticiasaominuto.com/lifestyle/3002780/e-dificil-sair-da-cama-4-dicas-para-acabar-com-a-depressao-matinal#utm_source=rss-ultima-hora&amp;utm_medium=rss&amp;utm_campaign=rssfeed,depressão,"2026-06-12 06:00:09.434369+00",media,
536a4a42-98cf-4c0c-b6a6-3f5811d3117c,"<![CDATA[Pedido Único com 56.000 candidaturas. Ministro pede que se acelere ritmo]]>","Notícias ao Minuto",2026-04-15,https://www.noticiasaominuto.com/economia/2973048/pedido-unico-com-56000-candidaturas-ministro-pede-que-se-acelere-ritmo#utm_source=rss-ultima-hora&amp;utm_medium=rss&amp;utm_campaign=rssfeed,candidíase,"2026-04-16 06:00:09.337214+00",media,
53746649-98ce-46e4-af75-72c6b220b20e,"O orçamento municipal não é um estágio de gestão",Observador,2026-07-15,https://observador.pt/opiniao/o-orcamento-municipal-nao-e-um-estagio-de-gestao/,candidíase,"2026-07-16 06:00:08.567686+00",media,
537f0dcc-7b88-4844-97e5-6802724b6bbc,"<![CDATA[Portimonense bate Sintrense e soma primeiro triunfo da pré-época]]>","Notícias ao Minuto",2026-07-18,https://www.noticiasaominuto.com/desporto/3023699/portimonense-bate-sintrense-e-soma-primeiro-triunfo-da-pre-epoca#utm_source=rss-ultima-hora&amp;utm_medium=rss&amp;utm_campaign=rssfeed,"perturbação obsessivo-compulsiva","2026-07-20 06:00:12.191085+00",media,
53966215-4052-46b2-8c25-58332f806a46,"Exames nacionais e incêndios, dois problemas da época",RTP,2026-07-03,https://www.rtp.pt/noticias/opiniao/paulo-pedroso-e-miguel-maduro/exames-nacionais-e-incendios-dois-problemas-da-epoca_1751258,"perturbação obsessivo-compulsiva","2026-07-04 06:00:10.522913+00",media,
53a00d07-5cb3-4f76-b4b7-8d061d994779,"SPPSM apoia 2.ª edição da sessão formativa sobre Autismo e PHDA no Adulto","SP Psiquiatria e Saúde Mental",2026-06-01,https://www.sppsm.org/sppsm-apoia-2-a-edicao-da-sessao-formativa-sobre-autismo-e-phda-no-adulto/,"perturbações do espectro do autismo","2026-09-11 06:00:56.646432+00",institucional,
53b20703-bede-430d-af2f-3cb0d2b3a7b9,"Resumo do 1.º dia","Sociedade Portuguesa de Cardiologia",2026-09-10,https://spc.pt/esc-2026-highlights/resumo-do-1-o-dia/,"perturbações do espectro do autismo","2026-09-14 06:00:47.693865+00",institucional,
53ba8c0a-a15e-48ce-beb1-024494efa6bb,"<![CDATA[Rui Silva e Constança Sequeira antecipam ""época mais competitiva""]]>","Notícias ao Minuto",2026-07-16,https://www.noticiasaominuto.com/desporto/3022815/rui-silva-e-constanca-sequeira-antecipam-epoca-mais-competitiva#utm_source=rss-ultima-hora&amp;utm_medium=rss&amp;utm_campaign=rssfeed,"perturbação obsessivo-compulsiva","2026-07-19 06:00:08.057305+00",media,
53caac10-0c82-424d-8d68-c4865ccef383,"<![CDATA[Em época de Mundial, GNR apreende contrafação (também alusiva a seleções)]]>","Notícias ao Minuto",2026-07-01,https://www.noticiasaominuto.com/pais/3014169/em-epoca-de-mundial-gnr-apreende-contrafacao-tambem-alusiva-a-selecoes#utm_source=rss-ultima-hora&amp;utm_medium=rss&amp;utm_campaign=rssfeed,"perturbação obsessivo-compulsiva","2026-07-02 06:00:06.429497+00",media,
5427344c-3d91-4ee8-8fb9-a9795e2a5fd8,"<![CDATA[Três jogos, três vitórias. Alverca soma e segue na pré-época]]>","Notícias ao Minuto",2026-07-17,https://www.noticiasaominuto.com/desporto/3023152/tres-jogos-tres-vitorias-alverca-soma-e-segue-na-pre-epoca#utm_source=rss-ultima-hora&amp;utm_medium=rss&amp;utm_campaign=rssfeed,"perturbação obsessivo-compulsiva","2026-07-19 06:00:08.057305+00",media,
543a8209-08b6-400a-9f54-ecd7f0015dd9,"<![CDATA[Já há data para o arranque da I Liga e da II Liga na época 2026/27]]>","Notícias ao Minuto",2026-04-29,https://www.noticiasaominuto.com/desporto/2981818/ja-ha-data-para-o-arranque-da-i-liga-e-da-ii-liga-na-epoca-202627#utm_source=rss-ultima-hora&amp;utm_medium=rss&amp;utm_campaign=rssfeed,"perturbação obsessivo-compulsiva","2026-04-30 06:00:09.077392+00",media,
543f185d-2739-4ff5-832f-90b3cb5e2ec0,"<![CDATA[IPMA. Depressão ""pouco habitual"" pode trazer chuva e vento no domingo]]>","Notícias ao Minuto",2026-08-20,https://www.noticiasaominuto.com/pais/3039189/ipma-depressao-pouco-habitual-pode-trazer-chuva-e-vento-no-domingo#utm_source=rss-ultima-hora&amp;utm_medium=rss&amp;utm_campaign=rssfeed,depressão,"2026-08-22 06:00:09.293988+00",media,
5441938d-a142-4d38-bac1-6a680be2cd01,"<![CDATA[Filhos de Britney Spears dão os primeiros passos no mundo da moda. Fotos]]>","Notícias ao Minuto",2026-07-04,https://www.noticiasaominuto.com/fama/3013266/filhos-de-britney-spears-dao-os-primeiros-passos-no-mundo-da-moda-fotos#utm_source=rss-ultima-hora&amp;utm_medium=rss&amp;utm_campaign=rssfeed,"perturbações do espectro do autismo","2026-07-05 06:00:12.51681+00",media,
54817f2b-e93c-4fdb-ada1-ac8e3f3ac102,"<![CDATA[PR agradece apoio de Itália à candidatura ao Conselho de Segurança da ONU]]>","Notícias ao Minuto",2026-05-07,https://www.noticiasaominuto.com/pais/2986020/pr-agradece-apoio-de-italia-a-candidatura-ao-conselho-de-seguranca-da-onu#utm_source=rss-ultima-hora&amp;utm_medium=rss&amp;utm_campaign=rssfeed,candidíase,"2026-05-08 06:00:08.82177+00",media,
54b01a13-5141-4b5d-afc9-1b2939ac1f96,"Mais de 60 mil alunos candidataram-se à 1ª fase do Ensino Superior",RTP,2026-08-07,https://www.rtp.pt/noticias/pais/mais-de-60-mil-alunos-candidataram-se-a-1a-fase-do-ensino-superior_v1758287,candidíase,"2026-08-08 06:00:07.817416+00",media,
54da9c51-87c2-40fc-aa31-9b26ff276b85,"<![CDATA[Angola vai mapear Corredor do Lobito para identificar áreas de produção]]>","Notícias ao Minuto",2026-07-02,https://www.noticiasaominuto.com/mundo/3015372/angola-vai-mapear-corredor-do-lobito-para-identificar-areas-de-producao#utm_source=rss-ultima-hora&amp;utm_medium=rss&amp;utm_campaign=rssfeed,"perturbações do espectro do autismo","2026-07-03 06:00:14.205479+00",media,
54de4469-ce93-4118-9557-8025e070b8c0,"Diabetes e exercício físico","SP Medicina Interna",2026-04-06,https://www.spmi.pt/diabetes-e-exercicio-fisico/,"diabetes tipo 2","2026-04-11 06:00:48.029187+00",institucional,
5538dc08-345d-442f-b4d4-5e13913b3ca2,"<![CDATA[Casa Pia pretende permanência mais tranquila do que na época transata]]>","Notícias ao Minuto",2026-08-05,https://www.noticiasaominuto.com/desporto/3032300/casa-pia-pretende-permanencia-mais-tranquila-do-que-na-epoca-transata#utm_source=rss-ultima-hora&amp;utm_medium=rss&amp;utm_campaign=rssfeed,"perturbação obsessivo-compulsiva","2026-08-06 06:00:11.012929+00",media,
554aa27e-2d77-446c-a47e-e20f440ffa4f,"<![CDATA[Taxa de desemprego da OCDE cai para 4,9% em julho]]>","Notícias ao Minuto",2026-09-10,https://www.noticiasaominuto.com/economia/3049301/taxa-de-desemprego-da-ocde-cai-para-4-9-em-julho#utm_source=rss-ultima-hora&amp;utm_medium=rss&amp;utm_campaign=rssfeed,"perturbação obsessivo-compulsiva","2026-09-12 06:00:11.851977+00",media,
55684411-28a1-46cc-b0c9-fe19a58565c3,"<![CDATA[Seis meses após a depressão Kristin, 1.600 clientes seguem sem serviço]]>","Notícias ao Minuto",2026-07-21,https://www.noticiasaominuto.com/economia/3024913/seis-meses-apos-a-depressao-kristin-1600-clientes-seguem-sem-servico#utm_source=rss-ultima-hora&amp;utm_medium=rss&amp;utm_campaign=rssfeed,depressão,"2026-07-22 06:00:06.724704+00",media,
55756fc7-710c-43ad-ac58-e4f2aa8916a8,"Presidente são-tomense lança recandidatura para assegurar &quot;estabilidade&quot;",RTP,2026-05-14,https://www.rtp.pt/noticias/mundo/presidente-sao-tomense-lanca-recandidatura-para-assegurar-estabilidade_n1741367,candidíase,"2026-05-15 06:00:07.818567+00",media,
557850f0-ad5c-448a-9f47-a183247cb421,"Muitas escolas abriram este sábado para afixar pautas dos exames nacionais",RTP,2026-07-18,https://www.rtp.pt/noticias/pais/muitas-escolas-abriram-este-sabado-para-afixar-pautas-dos-exames-nacionais_v1754379,ansiedade,"2026-07-19 06:00:07.47541+00",media,
559d58fc-cb5a-4fe3-95d4-623045539c75,"<![CDATA[Chega insiste na descida dos impostos e acusa Montenegro de hipocrisia]]>","Notícias ao Minuto",2026-09-05,https://www.noticiasaominuto.com/pais/3046997/chega-insiste-na-descida-dos-impostos-sobre-os-combustiveis-e-acusa-montenegro-de-hipocrisia#utm_source=rss-ultima-hora&amp;utm_medium=rss&amp;utm_campaign=rssfeed,"perturbação obsessivo-compulsiva","2026-09-07 06:00:16.483552+00",media,
55a812b6-c555-4d1d-a4e6-9afaf17f26a5,"<![CDATA[Carla Tavares recandidata-se à FAUL do PS e quer reforçar coesão interna]]>","Notícias ao Minuto",2026-05-21,https://www.noticiasaominuto.com/politica/2993370/carla-tavares-recandidata-se-a-faul-do-ps-e-quer-reforcar-coesao-interna#utm_source=rss-ultima-hora&amp;utm_medium=rss&amp;utm_campaign=rssfeed,candidíase,"2026-05-22 06:00:07.53249+00",media,
55c6debc-5f81-46af-bcdc-28ad37cfad36,"Montenegro e Carneiro tiveram &quot;interlocução política&quot; nas negociações para TC e provedor de Justiça",RTP,2026-05-29,https://www.rtp.pt/noticias/pais/montenegro-e-carneiro-tiveram-interlocucao-politica-nas-negociacoes-para-tc-e-provedor-de-justica_n1744437,candidíase,"2026-05-30 06:00:09.708544+00",media,
55df3576-9b43-4620-a730-cb738fbf5f8f,"<![CDATA[Nuno Mendes confirma candidatura à presidência do Vitória SC]]>","Notícias ao Minuto",2026-04-15,https://www.noticiasaominuto.com/desporto/2972998/nuno-mendes-confirma-candidatura-a-presidencia-do-vitoria-sc#utm_source=rss-ultima-hora&amp;utm_medium=rss&amp;utm_campaign=rssfeed,candidíase,"2026-04-16 06:00:09.337214+00",media,
5628ad21-98a8-430c-8b7c-29f8661876d3,"Menopausa precoce antes dos 40 aumenta risco cardiovascular em 70%",JN,2025-02-25,https://www.jn.pt/delas/artigo/menopausa-precoce-antes-dos-40-anos-aumenta-o-risco-cardiovascular-em-70/18048896,"menopausa precoce","2026-03-08 11:08:46.761027+00",media,
562a6f33-b3f1-4a5b-b8b0-a53ca064a322,"<![CDATA[França investiga assédio após suicídios entre funcionários de Lecornu]]>","Notícias ao Minuto",2026-08-03,https://www.noticiasaominuto.com/mundo/3031445/franca-investiga-assedio-apos-suicidios-entre-funcionarios-de-lecornu#utm_source=rss-ultima-hora&amp;utm_medium=rss&amp;utm_campaign=rssfeed,suicídio,"2026-08-04 06:00:10.402023+00",media,
563d749d-2f8b-41bf-bd53-ba01eec87608,"Deputado são-tomense anuncia candidatura à Presidência para &quot;refundar o Estado&quot;",RTP,2026-05-14,https://www.rtp.pt/noticias/mundo/deputado-sao-tomense-anuncia-candidatura-a-presidencia-para-refundar-o-estado_n1741364,candidíase,"2026-05-15 06:00:07.818567+00",media,
5650c8a7-352b-4537-9952-693b6b3090a5,"<![CDATA[Oficial: Maxence Lacroix assina por seis épocas com o Chelsea]]>","Notícias ao Minuto",2026-07-30,https://www.noticiasaominuto.com/desporto/3029744/oficial-maxence-lacroix-assina-por-seis-epocas-com-o-chelsea#utm_source=rss-ultima-hora&amp;utm_medium=rss&amp;utm_campaign=rssfeed,"perturbação obsessivo-compulsiva","2026-07-31 06:00:13.014067+00",media,
565708e5-d2d1-4d57-a50c-d1369afed79b,"<![CDATA[Candidatos apoiados por Mamdani vencem primárias democratas]]>","Notícias ao Minuto",2026-06-25,https://www.noticiasaominuto.com/mundo/3010885/candidatos-apoiados-por-mamdani-vencem-primarias-democratas#utm_source=rss-ultima-hora&amp;utm_medium=rss&amp;utm_campaign=rssfeed,candidíase,"2026-06-26 06:00:16.145972+00",media,
567456e1-9f48-4884-8512-d76c1ee92909,"<![CDATA[Mais de 500 mortes desde março no Bangladesh devido a surto de sarampo]]>","Notícias ao Minuto",2026-05-23,https://www.noticiasaominuto.com/mundo/2994631/mais-de-500-mortes-desde-marco-no-bangladesh-devido-a-surto-de-sarampo#utm_source=rss-ultima-hora&amp;utm_medium=rss&amp;utm_campaign=rssfeed,"sarampo surto","2026-05-24 06:00:13.28905+00",media,
56b68b29-74ef-43ae-a165-6feb5feb7a0e,"Pavlidis vira Ulisses na Odisseia por Rio Maior",Observador,2026-08-18,https://observador.pt/programas/vamos-a-bola/pavlidis-vira-ulisses-na-odisseia-por-rio-maior/,"perturbação obsessivo-compulsiva","2026-08-18 06:00:06.979685+00",media,
56f528a8-d507-46a1-8d7b-20d59f43f92d,"<![CDATA[Candidaturas ao prémio salarial continuam por abrir e não há explicações]]>","Notícias ao Minuto",2026-07-10,https://www.noticiasaominuto.com/economia/3019388/candidaturas-ao-premio-salarial-continuam-por-abrir-e-nao-ha-explicacoes#utm_source=rss-ultima-hora&amp;utm_medium=rss&amp;utm_campaign=rssfeed,candidíase,"2026-07-11 06:00:11.060245+00",media,
571bd0e3-5a37-4db3-bc88-08e1cfc2d43c,"<![CDATA[PSD também subscreve candidatura de Luísa Neto a provedora de Justiça]]>","Notícias ao Minuto",2026-06-18,https://www.noticiasaominuto.com/pais/3007343/psd-tambem-subscreve-candidatura-de-luisa-neto-a-provedora-de-justica#utm_source=rss-ultima-hora&amp;utm_medium=rss&amp;utm_campaign=rssfeed,candidíase,"2026-06-19 06:00:45.839366+00",media,
573eb1b8-b29d-4b3c-8e95-bf009b8c8b4b,"Rede PALOP+TL abre candidaturas para FilmLab em Cabo Verde",RTP,2026-06-22,https://www.rtp.pt/noticias/cultura/rede-paloptl-abre-candidaturas-para-filmlab-em-cabo-verde_n1748737,candidíase,"2026-06-23 06:00:11.785509+00",media,
5759a3c7-fb42-432b-b855-90bb12ff13f6,"<![CDATA[Família Bolsonaro 'semeia' candidatos para preservar capital político]]>","Notícias ao Minuto",2026-08-29,https://www.noticiasaominuto.com/mundo/3043245/familia-bolsonaro-semeia-candidatos-para-preservar-capital-politico-no-brasil-sociologa#utm_source=rss-ultima-hora&amp;utm_medium=rss&amp;utm_campaign=rssfeed,candidíase,"2026-08-31 06:00:09.311004+00",media,
575d2c62-0872-4262-b4a7-1ac74929d458,"Xadrez: Sindarov domina o torneio de candidatos",Público,2026-04-05,https://www.publico.pt/2026/04/05/desporto/noticia/xadrez-sindarov-domina-torneio-candidatos-2170288,candidíase,"2026-04-06 06:00:10.517776+00",media,
577e2b5f-336f-458f-a6fa-18570a6514af,"Estudo português revela impacto da menopausa na produtividade laboral",RTP,2025-12-03,https://rtp.pt/menopausa-trabalho-estudo,menopausa,"2026-03-08 11:22:47.09953+00",media,
57a44628-8011-468e-a1ee-0d5bbbc88292,"<![CDATA[Alimento barato ajuda a reduzir risco de Alzheimer, conclui estudo]]>","Notícias ao Minuto",2026-08-07,https://www.noticiasaominuto.com/lifestyle/3033413/alimento-barato-ajuda-a-reduzir-risco-de-alzheimer-conclui-estudo#utm_source=rss-ultima-hora&amp;utm_medium=rss&amp;utm_campaign=rssfeed,alzheimer,"2026-08-10 06:00:10.246201+00",media,
580cdbfc-e521-4da4-96e5-35b490afc932,"Spot4Dis: nova aplicação promove mobilidade inclusiva através do mapeamento de lugares de estacionamento","Sociedade Portuguesa de Esclerose Múltipla",2026-07-07,https://spem.pt/blog/2026/07/07/spot4dis-nova-aplicacao-promove-mobilidade-inclusiva-atraves-do-mapeamento-de-lugares-de-estacionamento/,"perturbações do espectro do autismo","2026-07-26 06:00:56.649868+00",institucional,
5873a7b6-3337-4baa-b97a-267ba19ce27b,"“Vamos ficar de olhos abertos”: Comissão Europeia promove campanha pelos direitos das vítimas de crime",APAV,2026-08-12,https://apav.pt/vamos-ficar-de-olhos-abertos-comissao-europeia-promove-campanha-pelos-direitos-das-vitimas-de-crime/,"síndrome do ovário poliquístico","2026-08-14 06:01:08.941803+00",institucional,
5873f6b1-c9fc-4af6-b9e7-59efa769fbfe,"Vitória sofrida do Porto frente ao Estrela da Amadora",Observador,2026-04-26,https://observador.pt/programas/relat-rio-de-jogo/vitoria-sofrida-do-porto-frente-ao-estrela-da-amadora-nao-era-esperado/,"refluxo gastroesofágico","2026-04-27 06:00:08.371635+00",media,
58beef6e-4d13-4cd3-bef7-90f608838a81,"“Vamos ficar de olhos abertos”: Comissão Europeia promove campanha pelos direitos das vítimas de crime",APAV,2026-08-12,https://apav.pt/vamos-ficar-de-olhos-abertos-comissao-europeia-promove-campanha-pelos-direitos-das-vitimas-de-crime/,"síndrome do ovário poliquístico","2026-08-29 06:00:56.820976+00",institucional,
58bffda8-8320-4784-8e9d-845045db5503,"<![CDATA[Sem tempo a perder. Sporting arranca pré-época com jogadores no relvado]]>","Notícias ao Minuto",2026-07-02,https://www.noticiasaominuto.com/desporto/3014998/sem-tempo-a-perder-sporting-arranca-pre-epoca-com-jogadores-no-relvado#utm_source=rss-ultima-hora&amp;utm_medium=rss&amp;utm_campaign=rssfeed,"perturbação obsessivo-compulsiva","2026-07-03 06:00:14.205479+00",media,
58d97957-c902-4cdd-94e8-5132db5d968a,"<![CDATA[Corte radical. Haaland arranca nova época com mudança... de visual]]>","Notícias ao Minuto",2026-08-23,https://www.noticiasaominuto.com/desporto/3040223/corte-radical-haaland-arranca-nova-epoca-com-mudanca-de-visual#utm_source=rss-ultima-hora&amp;utm_medium=rss&amp;utm_campaign=rssfeed,"perturbação obsessivo-compulsiva","2026-08-24 06:00:11.840935+00",media,
58e05076-91e4-4a8a-82ad-6f00d37daf1c,"<![CDATA[Ponta Delgada inicia época balnear no dia 1 de junho]]>","Notícias ao Minuto",2026-05-27,https://www.noticiasaominuto.com/pais/2996332/ponta-delgada-inicia-epoca-balnear-no-dia-1-de-junho#utm_source=rss-ultima-hora&amp;utm_medium=rss&amp;utm_campaign=rssfeed,"perturbação obsessivo-compulsiva","2026-05-28 06:00:12.033939+00",media,
58e80cf2-00ba-4c96-ba5d-2129d12558b5,"<![CDATA[PSP detém em Almada homem armado que se fazia passar por polícia]]>","Notícias ao Minuto",2026-06-12,https://www.noticiasaominuto.com/pais/3004201/psp-detem-em-almada-homem-armado-que-se-fazia-passar-por-policia#utm_source=rss-ultima-hora&amp;utm_medium=rss&amp;utm_campaign=rssfeed,"refluxo gastroesofágico","2026-06-13 06:00:08.613791+00",media,
59629d84-0cb3-4071-bc91-800d7438eab8,"6h. Bugalho espera pedido de desculpas a Fernando Alexandre","Observador — Saúde",2026-09-14,https://observador.pt/programas/noticiario/as-noticias-das-6h-2494/,candidíase,"2026-09-14 06:00:12.708268+00",media,
596776e2-8a6e-492f-9064-b70e2946667f,"<![CDATA[""Obviamente"". Infantino recandidata-se à presidência da FIFA]]>","Notícias ao Minuto",2026-09-11,https://www.noticiasaominuto.com/desporto/3050156/obviamente-infantino-recandidata-se-a-presidencia-da-fifa#utm_source=rss-ultima-hora&amp;utm_medium=rss&amp;utm_campaign=rssfeed,candidíase,"2026-09-14 06:00:12.111358+00",media,
5983cb18-9ecf-421e-bd16-8a69b7d30425,"<![CDATA[FNE pede mudanças a concurso de professores para não ""afastar candidatos""]]>","Notícias ao Minuto",2026-04-20,https://www.noticiasaominuto.com/pais/2976028/fne-pede-mudancas-a-concurso-de-professores-para-nao-afastar-candidatos#utm_source=rss-ultima-hora&amp;utm_medium=rss&amp;utm_campaign=rssfeed,candidíase,"2026-04-21 06:00:07.124285+00",media,
599dabda-cb16-4a28-a936-264906136551,"<![CDATA[José Maria Neves anuncia recandidatura a Presidente de Cabo Verde]]>","Notícias ao Minuto",2026-09-14,https://www.noticiasaominuto.com/mundo/3051036/jose-maria-neves-anuncia-recandidatura-a-presidente-de-cabo-verde#utm_source=rss-ultima-hora&amp;utm_medium=rss&amp;utm_campaign=rssfeed,candidíase,"2026-09-15 06:00:07.629104+00",media,
59b9118b-c004-4d73-a67e-86a6782f87bb,"Francisco Costa confirma última época no Sporting",RTP,2026-08-02,https://www.rtp.pt/noticias/outras-modalidades/francisco-costa-confirma-ultima-epoca-no-sporting_d1757316,"perturbação obsessivo-compulsiva","2026-08-03 06:00:07.644474+00",media,
59c2f2dc-7b29-430b-bfeb-8e031ba37317,"SPPSM apoia 2.ª edição da sessão formativa sobre Autismo e PHDA no Adulto","SP Psiquiatria e Saúde Mental",2026-06-01,https://www.sppsm.org/sppsm-apoia-2-a-edicao-da-sessao-formativa-sobre-autismo-e-phda-no-adulto/,"perturbações do espectro do autismo","2026-09-01 06:00:45.950599+00",institucional,
5a83e8d6-9d45-408f-a7e3-05195902e28f,"Instituto Ricardo Jorge promove II Conferência do Centro Colaborativo da OMS em Nutrição e Obesidade Infantil",INSA,2026-09-04,https://www.insa.min-saude.pt/instituto-ricardo-jorge-promove-ii-conferencia-do-centro-colaborativo-da-oms-em-nutricao-e-obesidade-infantil/,"obesidade infantil","2026-09-12 06:00:15.08459+00",institucional,
5aa98842-8e1e-4eb1-9b27-2d7012381d8e,"<![CDATA[Beber estes sumos todos os dias ajuda a reduzir o colesterol]]>","Notícias ao Minuto",2026-05-14,https://www.noticiasaominuto.com/lifestyle/2988960/beber-estes-sumos-todos-os-dias-ajuda-a-reduzir-o-colesterol#utm_source=rss-ultima-hora&amp;utm_medium=rss&amp;utm_campaign=rssfeed,"colesterol alto","2026-05-15 06:00:09.033335+00",media,
5ac4077f-a7eb-4f25-867f-0b3fe15baa83,"<![CDATA[Este hábito comum nas férias pode aumentar risco de demência, diz estudo]]>","Notícias ao Minuto",2026-07-25,https://www.noticiasaominuto.com/lifestyle/3024723/este-habito-comum-nas-ferias-pode-aumentar-risco-de-demencia-diz-estudo#utm_source=rss-ultima-hora&amp;utm_medium=rss&amp;utm_campaign=rssfeed,demência,"2026-07-26 06:00:07.731392+00",media,
5ae5115f-ec1c-43bd-9524-c5e60a279305,"Escolha só começa quando o utente sabe que pode escolher",Observador,2026-07-01,https://observador.pt/opiniao/a-liberdade-de-escolha-so-comeca-quando-o-utente-sabe-que-pode-escolher/,"refluxo gastroesofágico","2026-07-02 06:00:04.714367+00",media,
5ae60230-ae4a-49aa-a6b8-6c5afb0ff258,"<![CDATA[Proteção Civil dos Açores responde de ""forma capaz"" a stresse elevado]]>","Notícias ao Minuto",2026-05-31,https://www.noticiasaominuto.com/pais/2998646/protecao-civil-dos-acores-responde-de-forma-capaz-a-stresse-elevado#utm_source=rss-ultima-hora&amp;utm_medium=rss&amp;utm_campaign=rssfeed,ansiedade,"2026-06-01 06:00:11.673805+00",media,
5af8c94a-9142-472e-83c1-384fd4f3a454,"<![CDATA[Silaidopoulos garante Rio Ave ""com paixão"" para terminar bem a época]]>","Notícias ao Minuto",2026-05-15,https://www.noticiasaominuto.com/desporto/2990655/silaidopoulos-garante-rio-ave-com-paixao-para-terminar-bem-a-epoca#utm_source=rss-ultima-hora&amp;utm_medium=rss&amp;utm_campaign=rssfeed,"perturbação obsessivo-compulsiva","2026-05-16 06:00:11.05527+00",media,
5b0ea998-a8ce-450f-8063-490811319730,"<![CDATA[Proteína das saladas frescas da época! Eis como cultivar edamame em casa]]>","Notícias ao Minuto",2026-04-18,https://www.noticiasaominuto.com/lifestyle/2968020/proteina-das-saladas-frescas-da-epoca-eis-como-cultivar-edamame-em-casa#utm_source=rss-ultima-hora&amp;utm_medium=rss&amp;utm_campaign=rssfeed,"perturbação obsessivo-compulsiva","2026-04-19 06:00:08.92347+00",media,
5b3cb3c9-9f22-48b3-9c57-597416f7159c,"Toppmöller assina pelo Lens por duas épocas",Observador,2026-06-16,https://observador.pt/2026/06/16/dino-toppmoller-e-o-novo-treinador-do-lens-para-substituir-pierre-sage-que-parte-para-o-crystal-palace/,"perturbação obsessivo-compulsiva","2026-06-17 06:00:05.825467+00",media,
5b7a09ac-0ef2-4210-a06c-6297aa2a6c01,"<![CDATA[Nuno Markl e o episódio gravado horas antes de sofrer AVC. ""Duro de ver""]]>","Notícias ao Minuto",2026-05-24,https://www.noticiasaominuto.com/fama/2994770/nuno-markl-e-o-episodio-gravado-horas-antes-de-sofrer-avc-duro-de-ver#utm_source=rss-ultima-hora&amp;utm_medium=rss&amp;utm_campaign=rssfeed,avc,"2026-05-25 06:00:10.037375+00",media,
5b885e0f-692d-4e68-a9a6-55ed166b5681,"<![CDATA[Irão saúda cessar-fogo no Líbano e reitera que fazia parte da trégua com EUA]]>","Notícias ao Minuto",2026-04-16,https://www.noticiasaominuto.com/mundo/2974311/irao-sauda-cessar-fogo-no-libano-e-reitera-que-fazia-parte-da-tregua-com-eua#utm_source=rss-ultima-hora&amp;utm_medium=rss&amp;utm_campaign=rssfeed,"refluxo gastroesofágico","2026-04-17 06:00:06.553751+00",media,
5bbaf803-fac5-4d16-b94d-e6fb551f9d1d,"SPPSM apoia 2.ª edição da sessão formativa sobre Autismo e PHDA no Adulto","SP Psiquiatria e Saúde Mental",2026-06-01,https://www.sppsm.org/sppsm-apoia-2-a-edicao-da-sessao-formativa-sobre-autismo-e-phda-no-adulto/,"perturbações do espectro do autismo","2026-08-28 06:00:38.279089+00",institucional,
5bd1ee6a-9854-455d-b55e-9697d4219a20,"<![CDATA[Oficial: Lucas França reforça Santa Clara após quatro épocas no Nacional]]>","Notícias ao Minuto",2026-07-22,https://www.noticiasaominuto.com/desporto/3025567/oficial-lucas-franca-reforca-santa-clara-apos-quatro-epocas-no-nacional#utm_source=rss-ultima-hora&amp;utm_medium=rss&amp;utm_campaign=rssfeed,"perturbação obsessivo-compulsiva","2026-07-23 06:00:10.278551+00",media,
5bd359b7-b419-490b-9350-0379a27b08dc,"<![CDATA[PRR já desembolsou 14.721 milhões e candidaturas aprovadas dispararam]]>","Notícias ao Minuto",2026-09-09,https://www.noticiasaominuto.com/economia/3048734/prr-ja-desembolsou-14721-milhoes-e-candidaturas-aprovadas-dispararam#utm_source=rss-ultima-hora&amp;utm_medium=rss&amp;utm_campaign=rssfeed,candidíase,"2026-09-10 06:00:05.872866+00",media,
5bf38330-b332-429d-af2b-ab5da873c25c,"<![CDATA[Teatro Politeama estreia ""Pocahontas - A princesa índia"" em outubro]]>","Notícias ao Minuto",2026-08-11,https://www.noticiasaominuto.com/cultura/3035189/teatro-politeama-estreia-pocahontas-a-princesa-india-em-outubro#utm_source=rss-ultima-hora&amp;utm_medium=rss&amp;utm_campaign=rssfeed,"perturbação obsessivo-compulsiva","2026-08-13 06:00:12.208572+00",media,
5bf40e3a-2890-4b3d-899e-8e695527ff51,"<![CDATA[Há uma regra silenciosa nesta época. Mas a dor crónica não tira férias]]>","Notícias ao Minuto",2026-08-13,https://www.noticiasaominuto.com/lifestyle/3035416/ha-uma-regra-silenciosa-nesta-epoca-mas-a-dor-cronica-nao-tira-ferias#utm_source=rss-ultima-hora&amp;utm_medium=rss&amp;utm_campaign=rssfeed,"perturbação obsessivo-compulsiva","2026-08-14 06:00:11.985508+00",media,
5bf86313-0d87-4e6d-9961-809b8f6ab8ee,"A queda da nossa Arte",Observador,2026-07-22,https://observador.pt/opiniao/a-queda-da-nossa-arte/,"perturbação obsessivo-compulsiva","2026-07-23 06:00:08.684195+00",media,
5c127efb-2fb9-4cf9-a9d2-60aed7e69722,"<![CDATA[Real Madrid com 1.ª época em 'branco' no futebol e basquetebol em 16 anos]]>","Notícias ao Minuto",2026-06-06,https://www.noticiasaominuto.com/desporto/3001578/real-madrid-com-1-epoca-em-branco-no-futebol-e-basquetebol-em-16-anos#utm_source=rss-ultima-hora&amp;utm_medium=rss&amp;utm_campaign=rssfeed,"perturbação obsessivo-compulsiva","2026-06-07 06:00:11.351268+00",media,
5c30903c-8a30-47a2-9220-6493d204ad80,"<![CDATA[Pipoca: ""Entrevista foi desnecessária e vai aumentar a crispação""]]>","Notícias ao Minuto",2026-04-21,https://www.noticiasaominuto.com/fama/2977085/pipoca-entrevista-foi-desnecessaria-e-vai-aumentar-a-crispacao#utm_source=rss-ultima-hora&amp;utm_medium=rss&amp;utm_campaign=rssfeed,"perturbação obsessivo-compulsiva","2026-04-22 06:00:12.405074+00",media,
5c32d898-e450-456e-aef7-3c941e0e353f,"&quot;Dois golos chegavam se não sofrêssemos como sofremos&quot;",Observador,2026-08-09,https://observador.pt/2026/08/09/dois-golos-seriam-suficientes-para-ganhar-se-nao-sofressemos-golos-como-sofremos-marco-silva-admite-resultado-muito-negativo/,"perturbação obsessivo-compulsiva","2026-08-10 06:00:08.825675+00",media,
5c50bd0a-047b-4a8b-927f-667c7788f056,"<![CDATA[No Dia dos Avós, Igreja Católica apela ao combate à solidão dos idosos]]>","Notícias ao Minuto",2026-07-26,https://www.noticiasaominuto.com/pais/3027624/no-dia-dos-avos-igreja-catolica-apela-ao-combate-a-solidao-dos-idosos#utm_source=rss-ultima-hora&amp;utm_medium=rss&amp;utm_campaign=rssfeed,solidão,"2026-07-27 06:00:07.629701+00",media,
5c6a0bf6-18fd-4d2f-a151-cd6e1badd24b,"A depressão portuguesa",Observador,2026-09-13,https://observador.pt/opiniao/a-depressao-portuguesa/,depressão,"2026-09-14 06:00:10.495825+00",media,
5c72f69d-1061-424c-abfb-7ff3b912073c,"<![CDATA[Cabo Verde: Três candidatos disputam liderança do partido da oposição]]>","Notícias ao Minuto",2026-08-06,https://www.noticiasaominuto.com/mundo/3033050/cabo-verde-tres-candidatos-disputam-lideranca-do-partido-da-oposicao#utm_source=rss-ultima-hora&amp;utm_medium=rss&amp;utm_campaign=rssfeed,candidíase,"2026-08-09 06:00:11.264131+00",media,
5cb5c3a5-460b-40fc-a0a9-2c1fcadcaaf6,"<![CDATA[Potencial candidato em França acusa Rússia de campanha contra si]]>","Notícias ao Minuto",2026-08-05,https://www.noticiasaominuto.com/mundo/3032444/potencial-candidato-em-franca-acusa-russia-de-campanha-contra-si#utm_source=rss-ultima-hora&amp;utm_medium=rss&amp;utm_campaign=rssfeed,candidíase,"2026-08-07 06:00:08.574076+00",media,
5cba4080-5231-4323-a986-7edeed8fcda7,"Fraude trava candidatura de filho de Bolsonaro a Presidente",Observador,2026-08-13,https://observador.pt/2026/08/13/filiacao-fraudulenta-trava-registo-de-flavio-bolsonaro-como-candidato-a-presidente-do-brasil/,candidíase,"2026-08-14 06:00:10.191131+00",media,
5cc9963a-137a-4d0a-9d76-1af7717c2736,"<![CDATA[Após depressão, Marcos Bastinhas agradece a Cristina com presente único]]>","Notícias ao Minuto",2026-06-23,https://www.noticiasaominuto.com/fama/3009805/apos-depressao-marcos-bastinhas-agradece-a-cristina-com-presente-unico#utm_source=rss-ultima-hora&amp;utm_medium=rss&amp;utm_campaign=rssfeed,depressão,"2026-06-24 06:00:05.456571+00",media,
5cd93e8d-ef22-4ddd-862d-7fecdce1c842,"<![CDATA[Sporting desvenda calendário da pré-época com quatro amigáveis]]>","Notícias ao Minuto",2026-06-22,https://www.noticiasaominuto.com/desporto/3009165/sporting-desvenda-calendario-da-pre-epoca-com-quatro-amigaveis#utm_source=rss-ultima-hora&amp;utm_medium=rss&amp;utm_campaign=rssfeed,"perturbação obsessivo-compulsiva","2026-06-23 06:00:12.64499+00",media,
5ceb8ffe-f017-4d89-8d78-2fcff3d3f519,"<![CDATA[Meta faz acordo (milionário) para deixar cair caso de vício nas redes]]>","Notícias ao Minuto",2026-08-26,https://www.noticiasaominuto.com/tech/3041726/meta-faz-acordo-milionario-para-deixar-cair-caso-de-vicio-nas-redes#utm_source=rss-ultima-hora&amp;utm_medium=rss&amp;utm_campaign=rssfeed,dependências,"2026-08-27 06:00:12.714325+00",media,
5cf8b635-1299-4581-914b-cc043c484f59,"<![CDATA[Cerca de 600 mil portugueses podem ter doenças da tiroide e não saber]]>","Notícias ao Minuto",2026-05-25,https://www.noticiasaominuto.com/pais/2995060/cerca-de-600-mil-portugueses-podem-ter-doencas-da-tiroide-e-nao-saber#utm_source=rss-ultima-hora&amp;utm_medium=rss&amp;utm_campaign=rssfeed,"doenças da tiroide","2026-05-26 06:00:09.324361+00",media,
5cfc5224-dfae-4613-b5b7-aa79dadb9124,"<![CDATA[Erro na limpeza cerebral pode ser uma causa comum de Alzheimer e ELA]]>","Notícias ao Minuto",2026-07-29,https://www.noticiasaominuto.com/lifestyle/3028862/erro-na-limpeza-cerebral-pode-ser-uma-causa-comum-de-alzheimer-e-ela#utm_source=rss-ultima-hora&amp;utm_medium=rss&amp;utm_campaign=rssfeed,alzheimer,"2026-07-29 06:00:07.041086+00",media,
5d1dc33b-d8f0-4d6e-b6eb-bd0d5c748d81,"Jejum intermitente na gravidez faz mal? — A sua pergunta",Observador,2026-04-17,https://observador.pt/programas/aprender-a-comer/jejum-intermitente-na-gravidez-faz-mal-a-sua-pergunta/,"jejum intermitente","2026-04-17 06:00:04.942086+00",media,
5d2765e5-6108-48f0-849b-c6a9c34589a3,"<![CDATA[""Banzo"" e ""O Riso e a Faca"" candidatos a prémios de Melhor Filme Ibero-americano]]>","Notícias ao Minuto",2026-04-13,https://www.noticiasaominuto.com/cultura/2971943/banzo-e-o-riso-e-a-faca-candidatos-a-premios-de-melhor-filme-ibero-americano#utm_source=rss-ultima-hora&amp;utm_medium=rss&amp;utm_campaign=rssfeed,candidíase,"2026-04-14 06:00:07.861746+00",media,
5d7d553c-052f-4c9a-8fe2-bf55b6b0e126,"Campanha Nacional de Sensibilização para as Demências &#124; A demência pode esconder-se atrás da vida","Coord. Nacional Saúde Mental",2026-07-09,https://saudemental.min-saude.pt/campanha-nacional-de-sensibilizacao-para-as-demencias-a-demencia-pode-esconder-se-atras-da-vida/,demência,"2026-07-19 06:00:19.409908+00",institucional,
5d927cba-ad59-4be0-b602-31e51e5df493,"<![CDATA[3 hábitos após o jantar que o ajudam a sentir-se mais calmo e sem stress]]>","Notícias ao Minuto",2026-08-18,https://www.noticiasaominuto.com/lifestyle/3038334/3-habitos-apos-o-jantar-que-o-ajudam-a-sentir-se-mais-calmo-e-sem-stress#utm_source=rss-ultima-hora&amp;utm_medium=rss&amp;utm_campaign=rssfeed,ansiedade,"2026-08-21 06:00:10.348707+00",media,
5da42f7f-ef1d-45b3-a18c-df1abad02323,"<![CDATA[Inglaterra visa pela terceira vez pleno de troféus europeus numa época]]>","Notícias ao Minuto",2026-05-28,https://www.noticiasaominuto.com/desporto/2997024/inglaterra-visa-pela-terceira-vez-pleno-de-trofeus-europeus-numa-epoca#utm_source=rss-ultima-hora&amp;utm_medium=rss&amp;utm_campaign=rssfeed,"perturbação obsessivo-compulsiva","2026-05-29 06:00:13.155138+00",media,
5dc05dc3-7b51-4449-9f7c-fd6502bda469,"<![CDATA[Francisco Conceição marcou o melhor golo da época passada em Itália]]>","Notícias ao Minuto",2026-09-03,https://www.noticiasaominuto.com/desporto/3045494/francisco-conceicao-marcou-o-melhor-golo-da-epoca-passada-em-italia#utm_source=rss-ultima-hora&amp;utm_medium=rss&amp;utm_campaign=rssfeed,"perturbação obsessivo-compulsiva","2026-09-04 06:00:10.110953+00",media,
5e277c84-1e7a-47ad-8dd4-4bdc86751860,"<![CDATA[Tiroteio em Times Square causou pânico entre a multidão]]>","Notícias ao Minuto",2026-06-18,https://www.noticiasaominuto.com/mundo/3007760/tiroteio-em-times-square-causou-panico-entre-a-multidao#utm_source=rss-ultima-hora&amp;utm_medium=rss&amp;utm_campaign=rssfeed,pânico,"2026-06-19 06:00:45.839366+00",media,
5e65d569-63bd-480d-a6fa-1a38ad18dc13,"<![CDATA[Açores: Resgatada com sintomas de enfarte agudo do miocárdio em alto mar]]>","Notícias ao Minuto",2026-05-03,https://www.noticiasaominuto.com/pais/2983308/acores-resgatada-com-sintomas-de-enfarte-agudo-do-miocardio-em-alto-mar#utm_source=rss-ultima-hora&amp;utm_medium=rss&amp;utm_campaign=rssfeed,"doenças cardiovasculares","2026-05-04 06:00:09.672583+00",media,
5e8f451b-0aa4-4eef-9b38-273b0ecb4092,"<![CDATA[Ian Cathro explica dificuldades do Estoril: ""Tem sido uma época longa...""]]>","Notícias ao Minuto",2026-04-25,https://www.noticiasaominuto.com/desporto/2979341/ian-cathro-explica-dificuldades-do-estoril-tem-sido-uma-epoca-longa#utm_source=rss-ultima-hora&amp;utm_medium=rss&amp;utm_campaign=rssfeed,"perturbação obsessivo-compulsiva","2026-04-26 06:00:09.020176+00",media,
5e99708b-0907-45d5-8a82-ba23d06be66a,"<![CDATA[Nutricionistas garantem: Eis o melhor alimento para baixar o colesterol]]>","Notícias ao Minuto",2026-05-19,https://www.noticiasaominuto.com/lifestyle/2991991/nutricionistas-garantem-eis-o-melhor-alimento-para-baixar-o-colesterol#utm_source=rss-ultima-hora&amp;utm_medium=rss&amp;utm_campaign=rssfeed,"colesterol alto","2026-05-20 06:00:08.835469+00",media,
5eb30ecc-1374-4930-86cc-e0af5e527fae,"<![CDATA[Se sofre de insónias, este é o hábito mais importante para dormir melhor]]>","Notícias ao Minuto",2026-08-17,https://www.noticiasaominuto.com/lifestyle/3037757/se-sofre-de-insonias-este-e-o-habito-mais-importante-para-dormir-melhor#utm_source=rss-ultima-hora&amp;utm_medium=rss&amp;utm_campaign=rssfeed,insónia,"2026-08-19 06:00:15.699292+00",media,
5eb4de94-9c54-4ef2-851d-144bd5698e75,"Madeira entregou 507 casas de renda reduzida",Observador,2026-05-11,https://observador.pt/2026/05/12/madeira-ja-atribuiu-507-casas-de-renda-reduzida-e-preve-entregar-mais-301-ate-ao-final-de-2026/,candidíase,"2026-05-12 06:00:05.305737+00",media,
5ee227ab-8c77-40f2-8221-bd57a79b87f7,"<![CDATA[FC Porto defronta os escoceses do Hibernian no primeiro jogo de pré-época]]>","Notícias ao Minuto",2026-07-10,https://www.noticiasaominuto.com/desporto/3019674/fc-porto-defronta-os-escoceses-do-hibernian-no-primeiro-jogo-de-pre-epoca#utm_source=rss-ultima-hora&amp;utm_medium=rss&amp;utm_campaign=rssfeed,"perturbação obsessivo-compulsiva","2026-07-12 06:00:08.606874+00",media,
5f038e6a-a1d2-4f06-93d8-207d17adc670,"<![CDATA[Muita atenção! 7 erros ao pequeno-almoço que podem aumentar o colesterol]]>","Notícias ao Minuto",2026-07-29,https://www.noticiasaominuto.com/lifestyle/3028908/muita-atencao-7-erros-ao-pequeno-almoco-que-podem-aumentar-o-colesterol#utm_source=rss-ultima-hora&amp;utm_medium=rss&amp;utm_campaign=rssfeed,"colesterol alto","2026-07-30 06:00:41.97847+00",media,
5f055d8e-019f-448c-aac5-93b9a8157243,"<![CDATA[Tribunal manda suspeito de incêndios em Águeda tratar alcoolismo]]>","Notícias ao Minuto",2026-09-10,https://www.noticiasaominuto.com/pais/3049289/incendios-suspeito-de-atear-fogos-em-agueda-fica-sujeito-a-apresentacoes-trissemanais#utm_source=rss-ultima-hora&amp;utm_medium=rss&amp;utm_campaign=rssfeed,alcoolismo,"2026-09-12 06:00:11.851977+00",media,
5f162beb-e518-4699-90bd-6fc146bb819c,"Stress ou ansiedade: qual a diferença… e quando pedir ajuda?",Observador,2026-04-01,https://observador.pt/programas/tratar-da-saude/stress-ou-ansiedade-qual-a-diferenca-e-quando-pedir-ajuda/,ansiedade,"2026-04-01 06:00:43.515181+00",media,
5f1af55b-52ae-428d-aa17-11d60744c4ac,"<![CDATA[Moreirense vence Amarante em teste de pré-época]]>","Notícias ao Minuto",2026-08-01,https://www.noticiasaominuto.com/desporto/3030878/moreirense-vence-amarante-em-teste-de-pre-epoca#utm_source=rss-ultima-hora&amp;utm_medium=rss&amp;utm_campaign=rssfeed,"perturbação obsessivo-compulsiva","2026-08-02 06:00:09.596979+00",media,
5f79c8b9-85ff-4d31-936f-70752a153408,"<![CDATA[Oficial: Georgii Tunguliiadi assina pelo Portimonense por três épocas]]>","Notícias ao Minuto",2026-08-31,https://www.noticiasaominuto.com/desporto/3044126/defesa-russo-georgii-tunguliiadi-assina-pelo-portimonense-por-tres-epocas#utm_source=rss-ultima-hora&amp;utm_medium=rss&amp;utm_campaign=rssfeed,"perturbação obsessivo-compulsiva","2026-09-02 06:00:06.388454+00",media,
5fd11e68-04ac-48b8-897a-08368b0d899d,"5h. Exames. Arrancam as inscrições para a época especial",Observador,2026-07-27,https://observador.pt/programas/noticiario/as-noticias-das-5h-1551/,"perturbação obsessivo-compulsiva","2026-07-27 06:00:06.034731+00",media,
6006f34b-c5da-49d6-8c35-97ffac7d4ccc,"<![CDATA[Amasso total. Bilbao dá primeira derrota da época ao Atlético de Madrid]]>","Notícias ao Minuto",2026-09-05,https://www.noticiasaominuto.com/desporto/3046933/athletic-bilbau-impoe-primeira-derrota-da-temporada-ao-atletico-de-madrid#utm_source=rss-ultima-hora&amp;utm_medium=rss&amp;utm_campaign=rssfeed,"perturbação obsessivo-compulsiva","2026-09-06 06:00:05.47152+00",media,
6008c773-49d6-4778-8f21-3c549e8bdff5,"Geovany Quenda apresentado pelo Chelsea com contrato de oito épocas",RTP,2026-07-08,https://www.rtp.pt/noticias/futebol-internacional/geovany-quenda-apresentado-pelo-chelsea-com-contrato-de-oito-epocas_d1752176,"perturbação obsessivo-compulsiva","2026-07-09 06:00:12.491579+00",media,
601d6860-178f-4d2c-b48a-16f10c99f3db,"“Vamos ficar de olhos abertos”: Comissão Europeia promove campanha pelos direitos das vítimas de crime",APAV,2026-08-12,https://apav.pt/vamos-ficar-de-olhos-abertos-comissao-europeia-promove-campanha-pelos-direitos-das-vitimas-de-crime/,"síndrome do ovário poliquístico","2026-08-20 06:00:55.028201+00",institucional,
602c44f6-9436-4466-8d15-141eaee194d9,"<![CDATA[Ex-toureiro espanhol morre subitamente no dia em que fazia 55 anos ]]>","Notícias ao Minuto",2026-08-28,https://www.noticiasaominuto.com/mundo/3042956/ex-toureiro-espanhol-morre-subitamente-no-dia-em-que-fazia-55-anos#utm_source=rss-ultima-hora&amp;utm_medium=rss&amp;utm_campaign=rssfeed,"refluxo gastroesofágico","2026-08-30 06:00:09.990253+00",media,
60ce6338-0a81-47d9-9d8c-0bf677b50042,"<![CDATA[Sandrina Pratas assume luta contra a depressão: ""Perdi uma parte de mim""]]>","Notícias ao Minuto",2026-04-15,https://www.noticiasaominuto.com/fama/2973352/sandrina-pratas-assume-luta-contra-a-depressao-perdi-uma-parte-de-mim#utm_source=rss-ultima-hora&amp;utm_medium=rss&amp;utm_campaign=rssfeed,depressão,"2026-04-17 06:00:06.553751+00",media,
60df2ee6-0fac-4d4d-8cfd-3c07609a6295,"<![CDATA[Linha de Prevenção do Suicídio recebeu mais de 25 mil chamadas]]>","Notícias ao Minuto",2026-09-10,https://www.noticiasaominuto.com/pais/3049204/linha-de-prevencao-do-suicidio-recebeu-mais-de-25-mil-chamadas#utm_source=rss-ultima-hora&amp;utm_medium=rss&amp;utm_campaign=rssfeed,suicídio,"2026-09-12 06:00:11.851977+00",media,
60e9a284-3f46-474c-bfbd-0fd188b15bbe,"<![CDATA[Vizela quebra 'enguiço' de pré-época contra o Chaves]]>","Notícias ao Minuto",2026-07-18,https://www.noticiasaominuto.com/desporto/3023622/vizela-quebra-enguico-de-pre-epoca-contra-o-chaves#utm_source=rss-ultima-hora&amp;utm_medium=rss&amp;utm_campaign=rssfeed,"perturbação obsessivo-compulsiva","2026-07-20 06:00:12.191085+00",media,
610a1349-1327-4318-a070-cc60ede7cb8e,"Resumo do 1.º dia","Sociedade Portuguesa de Cardiologia",2026-09-10,https://spc.pt/esc-2026-highlights/resumo-do-1-o-dia/,"perturbações do espectro do autismo","2026-09-11 06:00:54.696391+00",institucional,
61253528-a0c2-4f62-a992-384c46f3532c,"<![CDATA[Candidaturas a líder do PSD até 18 de maio. Quem pode votar?]]>","Notícias ao Minuto",2026-04-08,https://www.noticiasaominuto.com/politica/2969417/candidaturas-a-lider-do-psd-ate-18-de-maio-quem-pode-votar#utm_source=rss-ultima-hora&amp;utm_medium=rss&amp;utm_campaign=rssfeed,candidíase,"2026-04-10 06:00:11.391883+00",media,
6126f1a1-c752-44a9-b5bb-4aa10a8b1ea5,"<![CDATA[Antigo candidato à presidência da FIFA acusa Infantino de chantagem]]>","Notícias ao Minuto",2026-08-04,https://www.noticiasaominuto.com/desporto/3032146/antigo-candidato-a-presidencia-da-fifa-acusa-infantino-de-chantagem#utm_source=rss-ultima-hora&amp;utm_medium=rss&amp;utm_campaign=rssfeed,candidíase,"2026-08-06 06:00:11.012929+00",media,
6135380f-635b-4c70-9cd2-3fd5b01fc47b,"<![CDATA[Vitória SC derrota Felgueiras no primeiro 'teste' da pré-época]]>","Notícias ao Minuto",2026-07-11,https://www.noticiasaominuto.com/desporto/3020074/vitoria-sc-derrota-felgueiras-no-primeiro-teste-da-pre-epoca#utm_source=rss-ultima-hora&amp;utm_medium=rss&amp;utm_campaign=rssfeed,"perturbação obsessivo-compulsiva","2026-07-14 06:00:07.455812+00",media,
6158747b-119d-43b6-a10f-f3bd0522878f,"<![CDATA[App permite monitorizar dispersão do fumo dos incêndios e qualidade do ar]]>","Notícias ao Minuto",2026-08-03,https://www.noticiasaominuto.com/tech/3031539/app-permite-monitorizar-dispersao-do-fumo-dos-incendios-e-qualidade-do-ar#utm_source=rss-ultima-hora&amp;utm_medium=rss&amp;utm_campaign=rssfeed,"poluição e saúde","2026-08-04 06:00:10.402023+00",media,
61635c2e-11d3-48f3-8dc4-398421dac931,"<![CDATA[Programa vai preparar 100 mil pessoas para ondas de calor e incêndios]]>","Notícias ao Minuto",2026-08-10,https://www.noticiasaominuto.com/pais/3034718/programa-vai-preparar-100-mil-pessoas-para-ondas-de-calor-e-incendios#utm_source=rss-ultima-hora&amp;utm_medium=rss&amp;utm_campaign=rssfeed,"calor extremo e saúde","2026-08-12 06:00:09.004678+00",media,
61779f0d-0c2c-4642-b4a2-fc441bc4a730,"“Vamos ficar de olhos abertos”: Comissão Europeia promove campanha pelos direitos das vítimas de crime",APAV,2026-08-12,https://apav.pt/vamos-ficar-de-olhos-abertos-comissao-europeia-promove-campanha-pelos-direitos-das-vitimas-de-crime/,"síndrome do ovário poliquístico","2026-08-13 06:01:02.416934+00",institucional,
618f3327-d737-4266-bb32-d5f596ac6745,"<![CDATA[Lula oficializa candidatura à presidência do Brasil: ""Mudar muita coisa""]]>","Notícias ao Minuto",2026-08-02,https://www.noticiasaominuto.com/mundo/3031203/lula-oficializa-candidatura-a-presidencia-do-brasil-mudar-muita-coisa#utm_source=rss-ultima-hora&amp;utm_medium=rss&amp;utm_campaign=rssfeed,candidíase,"2026-08-04 06:00:10.402023+00",media,
619cf9c4-be5b-423b-81bb-3c3bcad39bb7,"<![CDATA[Japão cria plano de ação para reduzir suicídio infantil: ""Problema grave""]]>","Notícias ao Minuto",2026-06-09,https://www.noticiasaominuto.com/mundo/3002474/japao-cria-plano-de-acao-para-reduzir-suicidio-infantil-problema-grave#utm_source=rss-ultima-hora&amp;utm_medium=rss&amp;utm_campaign=rssfeed,suicídio,"2026-06-09 06:00:10.377439+00",media,
61a5965d-ae28-4e79-8c6c-634deeb2e93d,"<![CDATA[Federação italiana retira o apoio a candidatura de Gianni Infantino]]>","Notícias ao Minuto",2026-08-26,https://www.noticiasaominuto.com/desporto/3041809/federacao-italiana-retira-o-apoio-a-candidatura-de-gianni-infantino#utm_source=rss-ultima-hora&amp;utm_medium=rss&amp;utm_campaign=rssfeed,candidíase,"2026-08-28 06:00:06.059715+00",media,
61b452c9-e62a-44eb-a82b-ea7fbae48061,"<![CDATA[Teatro Politeama estreia ""Pocahontas - A princesa índia"" em outubro]]>","Notícias ao Minuto",2026-08-11,https://www.noticiasaominuto.com/cultura/3035189/teatro-politeama-estreia-pocahontas-a-princesa-india-em-outubro#utm_source=rss-ultima-hora&amp;utm_medium=rss&amp;utm_campaign=rssfeed,"perturbação obsessivo-compulsiva","2026-08-12 06:00:09.004678+00",media,
61d6890d-255c-4019-8e43-68e4e3531e1b,"Homenagem às padeiras da Lapa, Sernancelhe",Observador,2026-04-14,https://observador.pt/programas/a-historia-das-historias/homenagem-as-padeiras-da-lapa-sernancelhe/,"refluxo gastroesofágico","2026-04-14 06:00:06.284817+00",media,
61d77d31-d05d-4f43-9de3-f30bfe21fd43,"Albino Oliveira-Maia: “Na Pandemia todos tivemos Perturba...",Observador,2026-06-17,https://observador.pt/programas/convidado-extra/albino-oliveira-maia-na-pandemia-todos-tivemos-perturbacao-obsessivo-compulsiva/,depressão,"2026-06-17 06:00:05.825467+00",media,
61dad75a-8ee0-4ef0-9819-048511634d34,"<![CDATA[Infarmed dá parecer negativo a medicamentos inovadores para Alzheimer]]>","Notícias ao Minuto",2026-07-22,https://www.noticiasaominuto.com/pais/3025375/infarmed-da-parecer-negativo-a-medicamentos-inovadores-para-alzheimer#utm_source=rss-ultima-hora&amp;utm_medium=rss&amp;utm_campaign=rssfeed,alzheimer,"2026-07-23 06:00:10.278551+00",media,
61dbdb86-7c04-4c10-ad38-38b64f1e550f,"SPPSM apoia 2.ª edição da sessão formativa sobre Autismo e PHDA no Adulto","SP Psiquiatria e Saúde Mental",2026-06-01,https://www.sppsm.org/sppsm-apoia-2-a-edicao-da-sessao-formativa-sobre-autismo-e-phda-no-adulto/,"perturbações do espectro do autismo","2026-09-09 06:00:59.850554+00",institucional,
622d2e59-ca37-4a6c-90a5-fae6af1eb626,"<![CDATA[Francisco Conceição marcou o melhor golo da época passada em Itália]]>","Notícias ao Minuto",2026-09-03,https://www.noticiasaominuto.com/desporto/3045494/francisco-conceicao-marcou-o-melhor-golo-da-epoca-passada-em-italia#utm_source=rss-ultima-hora&amp;utm_medium=rss&amp;utm_campaign=rssfeed,"perturbação obsessivo-compulsiva","2026-09-03 06:00:14.963501+00",media,
622e2e57-c5f1-4094-bcbf-6e576f32641e,"Portugueses consomem 30% mais ultraprocessados que há 10 anos",Público,2025-06-12,https://publico.pt/ultraprocessados-consumo,ultraprocessados,"2026-03-08 11:22:47.09953+00",media,
623d9210-5f50-46b7-a638-28646f87e99f,"Trump ordena fim de vestígios marxistas do Smithsonian",Observador,2026-07-26,https://observador.pt/2026/07/26/trump-ordena-eliminacao-dos-vestigios-de-ideologia-marxista-do-instituto-smithsonian/,"terapia hormonal","2026-07-27 06:00:06.034731+00",media,
625e4fe8-8404-4b57-b28c-33e3618cf1f6,"<![CDATA[Demência. 5 mudanças na alimentação que podem ser alarmantes]]>","Notícias ao Minuto",2026-09-04,https://www.noticiasaominuto.com/lifestyle/3046460/demencia-5-mudancas-na-alimentacao-que-podem-ser-alarmantes#utm_source=rss-ultima-hora&amp;utm_medium=rss&amp;utm_campaign=rssfeed,demência,"2026-09-06 06:00:05.47152+00",media,
628c0484-02fb-41b0-9ae6-d290ac537e4f,"<![CDATA[Lourosa recebe Torreense em Gaia no último jogo em casa da época]]>","Notícias ao Minuto",2026-05-05,https://www.noticiasaominuto.com/desporto/2984352/lourosa-recebe-torreense-em-gaia-no-ultimo-jogo-em-casa-da-epoca#utm_source=rss-ultima-hora&amp;utm_medium=rss&amp;utm_campaign=rssfeed,"perturbação obsessivo-compulsiva","2026-05-06 06:00:08.912686+00",media,
629ba172-93ef-4d42-b7dc-6a433b54e2ff,"<![CDATA[Amasso total. Bilbao dá primeira derrota da época ao Atlético de Madrid]]>","Notícias ao Minuto",2026-09-05,https://www.noticiasaominuto.com/desporto/3046933/athletic-bilbau-impoe-primeira-derrota-da-temporada-ao-atletico-de-madrid#utm_source=rss-ultima-hora&amp;utm_medium=rss&amp;utm_campaign=rssfeed,"perturbação obsessivo-compulsiva","2026-09-07 06:00:16.483552+00",media,
62aa8f10-64ee-45b9-84b2-a0106c044ff5,"<![CDATA[Nigel Farage recandidata-se após polémica no financiamento]]>","Notícias ao Minuto",2026-07-10,https://www.noticiasaominuto.com/mundo/3019762/nigel-farage-recandidata-se-apos-polemica-no-financiamento#utm_source=rss-ultima-hora&amp;utm_medium=rss&amp;utm_campaign=rssfeed,candidíase,"2026-07-12 06:00:08.606874+00",media,
62b040f2-b91c-4453-8295-19d2923e040f,"<![CDATA[O tipo de anemia que vitimou rei Harald não afeta só idosos!]]>","Notícias ao Minuto",2026-08-28,https://www.noticiasaominuto.com/lifestyle/3042584/tipo-de-anemia-que-deixa-rei-em-estado-muito-grave-nao-afeta-so-idosos#utm_source=rss-ultima-hora&amp;utm_medium=rss&amp;utm_campaign=rssfeed,anemia,"2026-08-30 06:00:09.990253+00",media,
62ea06f4-56ab-48c9-a2ed-f7b96deb1d4f,"Demência. Palavras cruzadas chegam para proteger o cérebro?",Observador,2026-07-22,https://observador.pt/programas/tratar-da-saude/demencia-palavras-cruzadas-chegam-para-proteger-o-cerebro/,demência,"2026-07-22 06:00:05.060405+00",media,
633472d8-ea2d-4471-8ed1-be99b5766afa,"<![CDATA[Preventiva para suspeita que simulou suicídio do companheiro em Gondomar]]>","Notícias ao Minuto",2026-07-24,https://www.noticiasaominuto.com/pais/3026946/preventiva-para-suspeita-que-simulou-suicidio-do-companheiro-em-gondomar#utm_source=rss-ultima-hora&amp;utm_medium=rss&amp;utm_campaign=rssfeed,suicídio,"2026-07-25 06:00:06.989106+00",media,
633c8df2-495f-4202-b4ba-84d6a3eaafa6,"<![CDATA[Oficial: Tiago Fernandes deixa Portimonense após uma época]]>","Notícias ao Minuto",2026-06-04,https://www.noticiasaominuto.com/desporto/3000559/oficial-tiago-fernandes-deixa-portimonense-apos-uma-epoca#utm_source=rss-ultima-hora&amp;utm_medium=rss&amp;utm_campaign=rssfeed,"perturbação obsessivo-compulsiva","2026-06-05 06:00:13.377977+00",media,
6349a4a7-d4a0-4b72-8612-53edb58252de,"<![CDATA[Por cá: Dança das cadeiras no Benfica e ""razia"" no Sporting]]>","Notícias ao Minuto",2026-06-10,https://www.noticiasaominuto.com/desporto/3003056/por-ca-danca-das-cadeiras-no-benfica-e-razia-no-sporting#utm_source=rss-ultima-hora&amp;utm_medium=rss&amp;utm_campaign=rssfeed,"refluxo gastroesofágico","2026-06-11 06:00:08.871782+00",media,
6357bf48-d235-4801-9c6d-bca30f1daa15,"<![CDATA[""Prevenção funciona"" face a ondas de calor. ""Pagamos com vidas""]]>","Notícias ao Minuto",2026-06-30,https://www.noticiasaominuto.com/mundo/3013805/prevencao-funciona-face-a-ondas-de-calor-pagamos-com-vidas#utm_source=rss-ultima-hora&amp;utm_medium=rss&amp;utm_campaign=rssfeed,"calor extremo e saúde","2026-07-01 06:00:13.168736+00",media,
635f0e3b-61de-447a-b03c-8f2883a6758f,"Dérbi? &quot;Foi talvez o melhor clássico da época&quot;",Observador,2026-04-19,https://observador.pt/programas/relat-rio-de-jogo/derbi-foi-talvez-o-melhor-classico-da-epoca/,"perturbação obsessivo-compulsiva","2026-04-20 06:00:06.941151+00",media,
63625e26-866b-45cc-8f7b-83f45b8de569,"Brilhou o novo Estrela: Sporting empata na Amadora",Observador,2026-08-08,https://observador.pt/liveblogs/estrela-da-amadora-sporting-leao-estreia-se-na-nova-epoca-com-deslocacao-dificil-ao-jose-gomes/,"perturbação obsessivo-compulsiva","2026-08-09 06:00:09.809932+00",media,
636a911a-9cac-4a00-8dde-d4e59c957234,"<![CDATA[""Sopa de bactérias"". Os 4 erros de higiene mais comuns em restaurantes]]>","Notícias ao Minuto",2026-07-23,https://www.noticiasaominuto.com/lifestyle/3026377/sopa-de-bacterias-os-4-erros-de-higiene-mais-comuns-em-restaurantes#utm_source=rss-ultima-hora&amp;utm_medium=rss&amp;utm_campaign=rssfeed,"síndrome do ovário poliquístico","2026-07-24 06:00:08.480521+00",media,
63c02ded-0466-41b2-a9b1-caaa4ad3e4a5,"<![CDATA[5 mudanças que aceleram o metabolismo e reduzem risco de diabetes]]>","Notícias ao Minuto",2026-08-20,https://www.noticiasaominuto.com/lifestyle/3038663/5-mudancas-que-aceleram-o-metabolismo-e-reduzem-risco-de-diabetes#utm_source=rss-ultima-hora&amp;utm_medium=rss&amp;utm_campaign=rssfeed,"diabetes tipo 2","2026-08-20 06:00:08.999348+00",media,
63e64889-923d-4aca-a9f0-06c1ca52c64f,"Presidenciais de 2027. Marine Le Pen e Mbappé em choque",Observador,2026-05-13,https://observador.pt/2026/05/13/marine-le-pen-de-novo-em-choque-com-kylian-mbappe-quando-diz-que-nao-quer-que-ganhemos-as-eleicoes-isso-tranquiliza-me/,candidíase,"2026-05-14 06:00:06.499634+00",media,
6414365c-4ed6-42fe-9009-059ad956af8e,"<![CDATA[Hábito inofensivo no trabalho pode ser sinal de sintoma de ansiedade]]>","Notícias ao Minuto",2026-09-03,https://www.noticiasaominuto.com/lifestyle/3045923/habito-inofensivo-no-trabalho-pode-ser-sinal-de-sintoma-de-ansiedade#utm_source=rss-ultima-hora&amp;utm_medium=rss&amp;utm_campaign=rssfeed,ansiedade,"2026-09-05 06:00:09.983409+00",media,
6435ac4a-acc6-4aa6-95d9-bac7012bcc8e,"<![CDATA[Fernando Gago teve alta após sofrer enfarte durante conferência]]>","Notícias ao Minuto",2026-06-22,https://www.noticiasaominuto.com/desporto/3009529/fernando-gago-teve-alta-apos-sofrer-enfarte-durante-conferencia#utm_source=rss-ultima-hora&amp;utm_medium=rss&amp;utm_campaign=rssfeed,"doenças cardiovasculares","2026-06-23 06:00:12.64499+00",media,
64827276-12e1-470b-b64a-9e8fd5497e85,"18h DNTx Centre promete respostas inovadoras em doenças como depressão ou AVC",RTP,2026-05-15,https://www.rtp.pt/noticias/noticiario-antena1/18h-dntx-centre-promete-respostas-inovadoras-em-doencas-como-depressao-ou-avc_a1_1741583,depressão,"2026-05-16 06:00:10.209881+00",media,
64a5f4e5-d6ea-4a3b-8bc7-9b95efe2167c,"As substituições de Rui Borges e a reação da Liga ao relvado",Observador,2026-08-08,https://observador.pt/2026/08/08/o-aviso-que-serve-para-todos-as-substituicoes-a-entrada-de-suarez-e-a-reacao-da-liga-ao-relvado-sporting-nao-caia-na-amadora-ha-20-anos/,"perturbação obsessivo-compulsiva","2026-08-09 06:00:09.809932+00",media,
64a7aeee-86ae-4141-bf65-0b268bdd5f9f,"<![CDATA[UE pode obrigar empresas a avaliar riscos de stress e burnout no trabalho]]>","Notícias ao Minuto",2026-09-02,https://www.noticiasaominuto.com/mundo/3045323/eurodeputados-querem-lei-para-combater-stress-e-assedio-no-trabalho-na-uniao-europeia#utm_source=rss-ultima-hora&amp;utm_medium=rss&amp;utm_campaign=rssfeed,burnout,"2026-09-03 06:00:14.963501+00",media,
64d15190-8aa5-499a-99e7-3cc800cb9b91,"Campanha Nacional de Sensibilização para as Demências &#124; A demência pode esconder-se atrás da vida","Coord. Nacional Saúde Mental",2026-07-09,https://saudemental.min-saude.pt/campanha-nacional-de-sensibilizacao-para-as-demencias-a-demencia-pode-esconder-se-atras-da-vida/,demência,"2026-07-20 06:00:20.841842+00",institucional,
65094cc4-6e21-44a4-91fb-0ac879a1429b,"<![CDATA[Movimento de supostos terroristas gera pânico em Cabo Delgado]]>","Notícias ao Minuto",2026-06-20,https://www.noticiasaominuto.com/mundo/3008485/movimento-de-supostos-terroristas-gera-panico-em-cabo-delgado#utm_source=rss-ultima-hora&amp;utm_medium=rss&amp;utm_campaign=rssfeed,pânico,"2026-06-21 06:00:24.958542+00",media,
6520f07c-dc29-4d92-956f-6bd5e22c8d98,"Vitória de Guimarães com quatro candidatos confirmados pela primeira vez",RTP,2026-05-15,https://www.rtp.pt/noticias/futebol-nacional/vitoria-de-guimaraes-com-quatro-candidatos-confirmados-pela-primeira-vez_d1741591,candidíase,"2026-05-16 06:00:10.209881+00",media,
653c30cf-dca9-4eff-9b5b-b68d91a8578e,"<![CDATA[Rui Borges recebe dois 'reforços de peso' na pré-época do Sporting]]>","Notícias ao Minuto",2026-07-17,https://www.noticiasaominuto.com/desporto/3023193/rui-borges-recebe-dois-reforcos-de-peso-na-pre-epoca-do-sporting#utm_source=rss-ultima-hora&amp;utm_medium=rss&amp;utm_campaign=rssfeed,"perturbação obsessivo-compulsiva","2026-07-20 06:00:12.191085+00",media,
65823215-8dc6-437f-aabb-8c38d0f1f49e,"Dezassete mortos nas praias em três meses de época balnear",Observador,2026-08-03,https://observador.pt/2026/08/03/amn-revela-balanco-da-epoca-balnear-17-mortos-nas-praias-portuguesas-com-12-afogamentos-entre-maio-e-julho-de-2026/,"perturbação obsessivo-compulsiva","2026-08-04 06:00:07.790148+00",media,
6587f031-66f6-4a2f-a522-5163cc79e66d,"<![CDATA[Estoril e Famalicão abrem nova época, campeão FC Porto joga ao domingo]]>","Notícias ao Minuto",2026-07-17,https://www.noticiasaominuto.com/desporto/3023392/estoril-e-famalicao-abrem-nova-epoca-campeao-fc-porto-joga-ao-domingo#utm_source=rss-ultima-hora&amp;utm_medium=rss&amp;utm_campaign=rssfeed,"perturbação obsessivo-compulsiva","2026-07-19 06:00:08.057305+00",media,
6598dacf-9ae3-46ab-bd0a-ee1ac24af918,"“Vamos ficar de olhos abertos”: Comissão Europeia promove campanha pelos direitos das vítimas de crime",APAV,2026-08-12,https://apav.pt/vamos-ficar-de-olhos-abertos-comissao-europeia-promove-campanha-pelos-direitos-das-vitimas-de-crime/,"síndrome do ovário poliquístico","2026-08-30 06:00:50.204595+00",institucional,
65d0e24f-21b7-443d-8a19-88b00bb3ee6b,"<![CDATA[Cerca de 30 candidatos na corrida ao Eliseu. Le Pen lidera sondagens]]>","Notícias ao Minuto",2026-09-01,https://www.noticiasaominuto.com/mundo/3044589/cerca-de-30-candidatos-na-corrida-ao-eliseu-le-pen-lidera-sondagens#utm_source=rss-ultima-hora&amp;utm_medium=rss&amp;utm_campaign=rssfeed,candidíase,"2026-09-03 06:00:14.963501+00",media,
65d50721-d0df-4823-8af7-7276777388ec,"<![CDATA[Gonçalo Lopes é candidato único à Federação Distrital de Leiria do PS]]>","Notícias ao Minuto",2026-06-06,https://www.noticiasaominuto.com/politica/3001450/goncalo-lopes-e-candidato-unico-a-federacao-distrital-de-leiria-do-ps#utm_source=rss-ultima-hora&amp;utm_medium=rss&amp;utm_campaign=rssfeed,candidíase,"2026-06-07 06:00:11.351268+00",media,
660fcece-c03b-4f6e-98f7-2e40a5cb7542,"<![CDATA[Oficial: Sebastien Pocognoli é o novo selecionador de futebol da Escócia]]>","Notícias ao Minuto",2026-08-17,https://www.noticiasaominuto.com/desporto/3037645/oficial-sebastien-pocognoli-e-o-novo-selecionador-de-futebol-da-escocia#utm_source=rss-ultima-hora&amp;utm_medium=rss&amp;utm_campaign=rssfeed,"perturbação obsessivo-compulsiva","2026-08-19 06:00:15.699292+00",media,
66496f71-cad9-4a73-8a9d-3bfa7663f35b,"<![CDATA[Benfica anuncia adversários para os jogos particulares de pré-época]]>","Notícias ao Minuto",2026-06-18,https://www.noticiasaominuto.com/desporto/3007453/benfica-revela-os-adversarios-dos-dois-jogos-particulares-de-pre-epoca#utm_source=rss-ultima-hora&amp;utm_medium=rss&amp;utm_campaign=rssfeed,"perturbação obsessivo-compulsiva","2026-06-19 06:00:45.839366+00",media,
666986aa-e85a-47b4-9159-6208038acf44,"<![CDATA[Luís Borges sobre crise de ansiedade: ""Nem o meu SOS me conseguiu salvar""]]>","Notícias ao Minuto",2026-04-21,https://www.noticiasaominuto.com/fama/2976538/luis-borges-sobre-crise-de-ansiedade-nem-o-meu-sos-me-conseguiu-salvar#utm_source=rss-ultima-hora&amp;utm_medium=rss&amp;utm_campaign=rssfeed,ansiedade,"2026-04-22 06:00:12.405074+00",media,
668cd8b0-cc30-4362-9434-175a0236475c,"21º Congresso Português do AVC","SP Acidente Vascular Cerebral",2026-04-29,https://spavc.org/21o-congresso-portugues-do-avc/,avc,"2026-04-30 06:00:49.674268+00",institucional,
66b53cbf-a36a-4581-9052-7d9deb8b941b,"<![CDATA[""A solidão não se pode colmatar. Temos de aprender a conviver com ela""]]>","Notícias ao Minuto",2026-09-10,https://www.noticiasaominuto.com/fama/3049159/a-solidao-nao-se-pode-colmatar-temos-de-aprender-a-conviver-com-a-ela#utm_source=rss-ultima-hora&amp;utm_medium=rss&amp;utm_campaign=rssfeed,solidão,"2026-09-12 06:00:11.851977+00",media,
66c1d6c5-4dd1-402e-bfbb-ad4780acc3eb,"<![CDATA[Défice de vitaminas C e A associado a hiperatividade e falta de atenção]]>","Notícias ao Minuto",2026-06-17,https://www.noticiasaominuto.com/lifestyle/3006446/defice-de-vitaminas-c-e-a-associado-a-hiperatividade-e-falta-de-atencao#utm_source=rss-ultima-hora&amp;utm_medium=rss&amp;utm_campaign=rssfeed,"suplementos alimentares","2026-06-18 06:00:10.881534+00",media,
66c8ce05-e4a1-479b-83ea-5a1807b32809,"Burnout: trabalhar demais pode sair caro. Atenção aos sinais",Observador,2026-04-03,https://observador.pt/programas/tratar-da-saude/burnout-trabalhar-demais-pode-sair-caro-atencao-aos-sinais/,burnout,"2026-04-03 06:00:18.813795+00",media,
66fe85df-e173-4a09-a12c-aced201d860e,"Campanha Nacional de Sensibilização para as Demências &#124; A demência pode esconder-se atrás da vida","Coord. Nacional Saúde Mental",2026-07-09,https://saudemental.min-saude.pt/campanha-nacional-de-sensibilizacao-para-as-demencias-a-demencia-pode-esconder-se-atras-da-vida/,demência,"2026-07-17 06:00:21.814028+00",institucional,
67050c9e-6ea1-4a12-a0ee-b609d03543b5,"<![CDATA[Rio Ave arranca nova época com o mote da estabilidade]]>","Notícias ao Minuto",2026-08-05,https://www.noticiasaominuto.com/desporto/3032317/rio-ave-arranca-nova-epoca-com-o-mote-da-estabilidade#utm_source=rss-ultima-hora&amp;utm_medium=rss&amp;utm_campaign=rssfeed,"perturbação obsessivo-compulsiva","2026-08-07 06:00:08.574076+00",media,
673526e4-d74e-4b60-b389-989d1e3c46fe,"<![CDATA[Barcelona vence Troféu Joan Gamper ao bater Al Ahly no fecho da pré-época]]>","Notícias ao Minuto",2026-08-19,https://www.noticiasaominuto.com/desporto/3038863/fc-barcelona-conquista-gamper-ao-bater-al-ahly-no-fecho-da-pre-temporada#utm_source=rss-ultima-hora&amp;utm_medium=rss&amp;utm_campaign=rssfeed,"perturbação obsessivo-compulsiva","2026-08-20 06:00:08.999348+00",media,
6738e7dd-44f0-4e36-95c9-9c28e19b65dc,"Mourinho oficializado como treinador do Real Madrid",Observador,2026-06-11,https://observador.pt/2026/06/12/jose-mourinho-oficializado-como-treinador-do-real-madrid-para-as-proximas-tres-epocas/,"perturbação obsessivo-compulsiva","2026-06-12 06:00:07.426987+00",media,
67689004-f3f8-435c-a31d-9abb1dcff4d8,"<![CDATA[Marítimo empata com Estrela da Calheta em novo teste de pré-época]]>","Notícias ao Minuto",2026-07-29,https://www.noticiasaominuto.com/desporto/3029445/maritimo-empata-com-estrela-da-calheta-em-novo-teste-de-pre-epoca#utm_source=rss-ultima-hora&amp;utm_medium=rss&amp;utm_campaign=rssfeed,"perturbação obsessivo-compulsiva","2026-07-30 06:00:41.97847+00",media,
678acbb8-b68d-484d-9eb5-5065d09dbb39,"<![CDATA[Reposição de areias na Costa concluída a tempo do início da época balnear]]>","Notícias ao Minuto",2026-05-13,https://www.noticiasaominuto.com/pais/2989138/reposicao-de-areias-na-costa-concluida-a-tempo-do-inicio-da-epoca-balnear#utm_source=rss-ultima-hora&amp;utm_medium=rss&amp;utm_campaign=rssfeed,"perturbação obsessivo-compulsiva","2026-05-14 06:00:08.402532+00",media,
67acabf2-1ccf-45cf-90e1-64ca35c720a7,"Jurisdição Nacional anula eleições do PSD de Espinho",Observador,2026-06-29,https://observador.pt/2026/06/29/jurisdicao-do-psd-da-razao-a-derrotados-e-vai-repetir-as-eleicoes-da-concelhia-de-espinho/,candidíase,"2026-06-30 06:00:12.398652+00",media,
67be8364-d853-4fc1-b74c-15b71553da6e,"<![CDATA[Maioria dos alunos inscritos no 1.º dia da época especial faltou ao exame]]>","Notícias ao Minuto",2026-09-04,https://www.noticiasaominuto.com/pais/3046283/maioria-dos-alunos-inscritos-no-1-dia-da-epoca-especial-faltou-ao-exame#utm_source=rss-ultima-hora&amp;utm_medium=rss&amp;utm_campaign=rssfeed,"perturbação obsessivo-compulsiva","2026-09-06 06:00:05.47152+00",media,
67c36163-8c85-40b0-a53e-06c2c9509fe7,"<![CDATA[Candidato presidencial no Peru pede anulação de votos no estrangeiro]]>","Notícias ao Minuto",2026-06-23,https://www.noticiasaominuto.com/mundo/3009669/candidato-presidencial-no-peru-pede-anulacao-de-votos-no-estrangeiro#utm_source=rss-ultima-hora&amp;utm_medium=rss&amp;utm_campaign=rssfeed,candidíase,"2026-06-23 06:00:12.64499+00",media,
67c67992-5cfc-4ec9-b7da-d2eedc845bef,"<![CDATA[Federação defende vigilância das praias para além da época balnear]]>","Notícias ao Minuto",2026-05-30,https://www.noticiasaominuto.com/pais/2998490/federacao-defende-vigilancia-das-praias-para-alem-da-epoca-balnear#utm_source=rss-ultima-hora&amp;utm_medium=rss&amp;utm_campaign=rssfeed,"perturbação obsessivo-compulsiva","2026-05-31 06:00:11.117706+00",media,
67d7f2fb-b9dd-480c-a573-f6c2b2940299,"<![CDATA[Mais uma saída no Liverpool. Konaté deixa reds ao fim de cinco épocas]]>","Notícias ao Minuto",2026-05-31,https://www.noticiasaominuto.com/desporto/2998736/mais-uma-saida-no-liverpool-konate-deixa-reds-ao-fim-de-cinco-epocas#utm_source=rss-ultima-hora&amp;utm_medium=rss&amp;utm_campaign=rssfeed,"perturbação obsessivo-compulsiva","2026-06-01 06:00:11.673805+00",media,
67eb108b-be28-4211-afee-b66b77887279,"<![CDATA[Glória. Um ano após tragédia, irmãs relembram morte dos pais: ""Pânico""]]>","Notícias ao Minuto",2026-09-03,https://www.noticiasaominuto.com/pais/3045960/gloria-um-ano-apos-tragedia-irmas-relembram-morte-dos-pais-panico#utm_source=rss-ultima-hora&amp;utm_medium=rss&amp;utm_campaign=rssfeed,pânico,"2026-09-04 06:00:10.110953+00",media,
6805e611-dd4a-464f-9dc6-8615e91cdc7f,"Os recordes e um prémio entre a 45.ª conquista internacional",Observador,2026-05-10,https://observador.pt/2026/05/10/os-recordes-de-matos-e-mais-um-premio-para-zicky-entre-a-45-a-conquista-internacional-que-coroa-a-grande-epoca-do-sporting/,"perturbação obsessivo-compulsiva","2026-05-11 06:00:08.624508+00",media,
680d1b33-93c6-4481-bfd4-76a6d46f1cbe,"<![CDATA[Surpreso? MAI orgulhoso pela candidatura de Luís Carrilho à Europol]]>","Notícias ao Minuto",2026-05-29,https://www.noticiasaominuto.com/pais/2997986/surpreso-mai-orgulhoso-pela-candidatura-de-luis-carrilho-a-europol#utm_source=rss-ultima-hora&amp;utm_medium=rss&amp;utm_campaign=rssfeed,candidíase,"2026-05-30 06:00:10.38129+00",media,
688528e5-b116-46ef-9a0f-23d9f6fd2a7e,"<![CDATA[""Íamos estar juntos em breve. Nada fazia prever esta partida prematura""]]>","Notícias ao Minuto",2026-07-23,https://www.noticiasaominuto.com/fama/3025832/iamos-estar-juntos-em-breve-nada-fazia-prever-esta-partida-prematura#utm_source=rss-ultima-hora&amp;utm_medium=rss&amp;utm_campaign=rssfeed,"refluxo gastroesofágico","2026-07-24 06:00:08.480521+00",media,
688a20a9-7b60-400b-b43b-d36ebbb88470,"<![CDATA[Criança com autismo resgatada de lago com ajuda de drone. Eis o vídeo]]>","Notícias ao Minuto",2026-09-10,https://www.noticiasaominuto.com/mundo/3049602/crianca-com-autismo-resgatada-de-lago-com-ajuda-de-drone-eis-o-video#utm_source=rss-ultima-hora&amp;utm_medium=rss&amp;utm_campaign=rssfeed,"perturbações do espectro do autismo","2026-09-12 06:00:11.851977+00",media,
6892f2de-6172-42b3-ae7b-492486894bf8,#Thanatos,Observador,2026-05-17,https://observador.pt/opiniao/thanatos/,"refluxo gastroesofágico","2026-05-18 06:00:06.647575+00",media,
68db45da-2193-47ac-a0df-434254e690f8,"SPPSM apoia 2.ª edição da sessão formativa sobre Autismo e PHDA no Adulto","SP Psiquiatria e Saúde Mental",2026-06-01,https://www.sppsm.org/sppsm-apoia-2-a-edicao-da-sessao-formativa-sobre-autismo-e-phda-no-adulto/,"perturbações do espectro do autismo","2026-09-13 06:01:03.209387+00",institucional,
68dcb99a-6ccd-4727-9299-29395ff1c9d6,"<![CDATA[6 alimentos 'maus' que pode (e deve) comer para reduzir o stress]]>","Notícias ao Minuto",2026-09-05,https://www.noticiasaominuto.com/lifestyle/3045655/6-alimentos-maus-que-pode-e-deve-comer-para-reduzir-o-stress#utm_source=rss-ultima-hora&amp;utm_medium=rss&amp;utm_campaign=rssfeed,ansiedade,"2026-09-06 06:00:05.47152+00",media,
68e92884-229b-4240-a8b5-70abdd6f26a2,"Identidade de género. Médicos e psicólogos alertam para possível aumento de casos de automutilação e suicídio",RTP,2026-03-22,https://www.rtp.pt/noticias/pais/identidade-de-genero-medicos-e-psicologos-alertam-para-possivel-aumento-de-casos-de-automutilacao-e-suicidio_v1728477,automutilação,"2026-03-23 06:00:33.085441+00",media,
68f8c19c-5450-4bf6-80d7-67ac572ca0a3,"<![CDATA[Razia na Argentina. Otamendi já foi, Paredes pensa e 'reza-se' por Messi]]>","Notícias ao Minuto",2026-07-24,https://www.noticiasaominuto.com/desporto/3026671/razia-na-argentina-otamendi-ja-foi-paredes-pensa-e-reza-se-por-messi#utm_source=rss-ultima-hora&amp;utm_medium=rss&amp;utm_campaign=rssfeed,"refluxo gastroesofágico","2026-07-25 06:00:06.989106+00",media,
691347a6-24fe-4eb8-b764-6810d72af2ac,"Automaty do odwiedzenia Gier Przez internet Bezpłatne quick hit $ 1 depozyt Machiny do odwiedzenia Uciechy","SP Enfermagem de Saúde Familiar",2026-06-30,https://spesf.pt/automaty-do-odwiedzenia-gier-przez-internet-bezplatne-quick-hit-1-depozyt-machiny-do-odwiedzenia-uciechy/,"perturbação obsessivo-compulsiva","2026-06-30 06:00:57.975366+00",institucional,
6955c17b-bea1-41e5-af96-3f347c5b4d58,"<![CDATA[""Incrível"". Manuel Luís Goucha comovido com mensagem de fã com demência]]>","Notícias ao Minuto",2026-09-11,https://www.noticiasaominuto.com/fama/3049916/incrivel-manuel-luis-goucha-comovido-com-mensagem-de-fa-com-demencia#utm_source=rss-ultima-hora&amp;utm_medium=rss&amp;utm_campaign=rssfeed,demência,"2026-09-12 06:00:11.851977+00",media,
697d1702-bec4-42a2-85d7-903c8b98e6a2,"Sessões informativas sobre Qualidade do Ar Interior &#8211; 3ª edição 2026",INSA,2026-09-02,https://www.insa.min-saude.pt/sessoes-informativas-sobre-qualidade-do-ar-interior-3a-edicao-2026/,"poluição e saúde","2026-09-13 06:00:14.687589+00",institucional,
69a46646-bc99-4b2e-bb59-e3d1262479c2,"Sessões informativas sobre Qualidade do Ar Interior &#8211; 3ª edição 2026",INSA,2026-09-02,https://www.insa.min-saude.pt/sessoes-informativas-sobre-qualidade-do-ar-interior-3a-edicao-2026/,"poluição e saúde","2026-09-09 06:00:23.36628+00",institucional,
69f4ab7b-1ebf-4097-81e5-5ed8398c11e5,"<![CDATA[Lá fora: Operação saída em Barcelona e forte candidato para United]]>","Notícias ao Minuto",2026-05-01,https://www.noticiasaominuto.com/desporto/2982597/la-fora-operacao-saida-em-barcelona-e-forte-candidato-para-united#utm_source=rss-ultima-hora&amp;utm_medium=rss&amp;utm_campaign=rssfeed,candidíase,"2026-05-02 06:00:15.425175+00",media,
6a213db4-1442-41f9-b233-edc9a06f25e9,"<![CDATA[Um mês depois, Nuno Mendes retira candidatura à presidência do Vitória SC]]>","Notícias ao Minuto",2026-05-13,https://www.noticiasaominuto.com/desporto/2989250/um-mes-depois-nuno-mendes-retira-candidatura-a-presidencia-do-vitoria-sc#utm_source=rss-ultima-hora&amp;utm_medium=rss&amp;utm_campaign=rssfeed,candidíase,"2026-05-14 06:00:08.402532+00",media,
6a49b2d6-0af4-4650-a25e-d700f9c47c75,"<![CDATA[Estevão falha resto da época por lesão e tem Mundial2026 em risco]]>","Notícias ao Minuto",2026-04-24,https://www.noticiasaominuto.com/desporto/2978866/estevao-falha-resto-da-epoca-por-lesao-e-tem-mundial2026-em-risco#utm_source=rss-ultima-hora&amp;utm_medium=rss&amp;utm_campaign=rssfeed,"perturbação obsessivo-compulsiva","2026-04-25 06:00:09.022742+00",media,
6a56389d-6803-4a02-bf55-027350ce7b02,"Lusofonia em destaque no Festival de Sopot",Observador,2026-08-10,https://observador.pt/2026/08/10/festival-literario-de-sopot-celebra-15-anos-com-foco-na-lusofonia-mia-couto-goncalo-m-tavares-e-jose-luis-peixoto-entre-os-convidados/,"síndrome do ovário poliquístico","2026-08-11 06:00:12.91679+00",media,
6a9c3afc-9b09-4d3c-9307-6f97b8755ac0,"Módulo 5","Sociedade Portuguesa de Cardiologia",2026-04-08,https://spc.pt/curso-atualizacao-2026/modulo-5-2/,"perturbações do espectro do autismo","2026-04-10 06:00:50.414301+00",institucional,
6ac5430f-95d2-480c-9f7d-98ee3f5eb16d,"<![CDATA[A sopa do alentejano Isaac Alfaiate para terminar o dia mais aconchegado]]>","Notícias ao Minuto",2026-09-06,https://www.noticiasaominuto.com/fama/3045295/a-sopa-do-alentejano-isaac-alfaiate-para-terminar-o-dia-mais-aconchegado#utm_source=rss-ultima-hora&amp;utm_medium=rss&amp;utm_campaign=rssfeed,"síndrome do ovário poliquístico","2026-09-08 06:00:09.844586+00",media,
6ad37750-e14f-4b51-89d1-ba604bcbc6a6,"<![CDATA[Este local tem a época balnear mais longa do país. Quanto dura?]]>","Notícias ao Minuto",2026-05-18,https://www.noticiasaominuto.com/pais/2991840/este-local-tem-a-epoca-balnear-mais-longa-do-pais-quanto-dura#utm_source=rss-ultima-hora&amp;utm_medium=rss&amp;utm_campaign=rssfeed,"perturbação obsessivo-compulsiva","2026-05-19 06:00:06.176873+00",media,
6b054fc6-3e45-4190-a8a8-8bf9321ef83e,"<![CDATA[Candidato do Vitória SC promete entrada de 'holding' americana na SAD]]>","Notícias ao Minuto",2026-05-22,https://www.noticiasaominuto.com/desporto/2994264/candidato-do-vitoria-sc-promete-entrada-de-holding-americana-na-sad#utm_source=rss-ultima-hora&amp;utm_medium=rss&amp;utm_campaign=rssfeed,candidíase,"2026-05-23 06:00:10.234888+00",media,
6b2eb3d2-48e7-496a-bd35-8cf28f4b5319,"<![CDATA[Em stress? Alimentos que podem aumentar os seus níveis de cortisol]]>","Notícias ao Minuto",2026-05-26,https://www.noticiasaominuto.com/lifestyle/2995741/em-stress-alimentos-que-podem-aumentar-os-seus-niveis-de-cortisol#utm_source=rss-ultima-hora&amp;utm_medium=rss&amp;utm_campaign=rssfeed,ansiedade,"2026-05-27 06:00:13.681675+00",media,
6b493ecf-33bd-4f32-b104-556dc0837537,"Lúpus Eritematoso Sistémico em Portugal: doença, percurso do doente e unmet needs","SP Medicina Interna",2026-05-08,https://www.spmi.pt/lupus-eritematoso-sistemico-em-portugal-doenca-percurso-do-doente-e-unmet-needs/,lúpus,"2026-05-09 06:00:52.786166+00",institucional,
6b84315d-75b6-470c-9256-1145b4855aeb,"<![CDATA[Amarante vai candidatar-se a Capital Portuguesa da Cultura 2028]]>","Notícias ao Minuto",2026-08-07,https://www.noticiasaominuto.com/cultura/3033348/amarante-vai-candidatar-se-a-capital-portuguesa-da-cultura-2028#utm_source=rss-ultima-hora&amp;utm_medium=rss&amp;utm_campaign=rssfeed,candidíase,"2026-08-09 06:00:11.264131+00",media,
6b8ac4a6-01ce-4c4f-9a2c-c3e577a5c91d,"<![CDATA[Candidaturas a prémio salarial continuam por abrir (e não há explicação)]]>","Notícias ao Minuto",2026-07-04,https://www.noticiasaominuto.com/economia/3016310/candidaturas-a-premio-salarial-continuam-por-abrir-e-nao-ha-explicacao#utm_source=rss-ultima-hora&amp;utm_medium=rss&amp;utm_campaign=rssfeed,candidíase,"2026-07-05 06:00:12.51681+00",media,
6c326112-e518-4b9a-a1c5-f6cc63e7876b,"“Vamos ficar de olhos abertos”: Comissão Europeia promove campanha pelos direitos das vítimas de crime",APAV,2026-08-12,https://apav.pt/vamos-ficar-de-olhos-abertos-comissao-europeia-promove-campanha-pelos-direitos-das-vitimas-de-crime/,"síndrome do ovário poliquístico","2026-08-31 06:01:02.954318+00",institucional,
6c508931-74d4-41e1-85bc-1175e6e9525c,"<![CDATA[Gil Vicente com época histórica apesar de 'sabor amargo' final]]>","Notícias ao Minuto",2026-05-18,https://www.noticiasaominuto.com/desporto/2991582/gil-vicente-com-epoca-historica-apesar-de-sabor-amargo-final#utm_source=rss-ultima-hora&amp;utm_medium=rss&amp;utm_campaign=rssfeed,"perturbação obsessivo-compulsiva","2026-05-19 06:00:06.176873+00",media,
6c674de2-fb4f-485d-b016-413b1aa84884,"<![CDATA[Adeptos do Inter Miami declaram-se a Messi: ""Salvaste-me da depressão""]]>","Notícias ao Minuto",2026-08-02,https://www.noticiasaominuto.com/desporto/3031143/adeptos-do-inter-miami-declaram-se-a-messi-salvaste-me-da-depressao#utm_source=rss-ultima-hora&amp;utm_medium=rss&amp;utm_campaign=rssfeed,depressão,"2026-08-03 06:00:08.436187+00",media,
6c990b6f-ba62-4a69-b635-035b19f3e6df,"<![CDATA[5 mudanças que aceleram o metabolismo e reduzem risco de diabetes]]>","Notícias ao Minuto",2026-08-20,https://www.noticiasaominuto.com/lifestyle/3038663/5-mudancas-que-aceleram-o-metabolismo-e-reduzem-risco-de-diabetes#utm_source=rss-ultima-hora&amp;utm_medium=rss&amp;utm_campaign=rssfeed,"diabetes tipo 2","2026-08-22 06:00:09.293988+00",media,
6cbf2bf3-4b73-4b66-937f-7d0e65bfe053,"<![CDATA[Potencial candidato em França acusa Rússia de campanha contra si]]>","Notícias ao Minuto",2026-08-05,https://www.noticiasaominuto.com/mundo/3032444/potencial-candidato-em-franca-acusa-russia-de-campanha-contra-si#utm_source=rss-ultima-hora&amp;utm_medium=rss&amp;utm_campaign=rssfeed,candidíase,"2026-08-06 06:00:11.012929+00",media,
6cc0162d-4b62-44d8-a3cb-490a69720201,"Filha de Bruce Willis diz que ator está &quot;estável&quot; e &quot;doce&quot;",Observador,2026-05-20,https://observador.pt/2026/05/21/filha-de-bruce-willis-diz-que-ator-esta-estavel-e-mais-doce/,demência,"2026-05-21 06:00:06.710095+00",media,
6cc97b59-2ef5-485b-980c-20c31dac71a7,"Uma mancha no currículo do ministro da Educação",Público,2026-07-04,https://www.publico.pt/2026/07/04/opiniao/editorial/mancha-curriculo-ministro-educacao-2180489,ansiedade,"2026-07-04 06:00:09.20374+00",media,
6cdb006a-8689-46d6-92ab-36b055c8f7c3,"Rafael Grossi disposto a passar reforma da ONU da teoria para a prática",RTP,2026-04-21,https://www.rtp.pt/noticias/mundo/rafael-grossi-disposto-a-passar-reforma-da-onu-da-teoria-para-a-pratica_n1735862,candidíase,"2026-04-22 06:00:11.673109+00",media,
6cef6030-6fed-41c6-b53b-5d378da58a38,"Bolsonaro reúne milhares de apoiantes em São Paulo a um mês das presidenciais",RTP,2026-09-08,https://www.rtp.pt/noticias/mundo/bolsonaro-reune-milhares-de-apoiantes-em-sao-paulo-a-um-mes-das-presidenciais_n1763963,candidíase,"2026-09-08 06:00:09.071453+00",media,
6d00363e-8cdb-4820-9663-7d2a2068906d,"Traz as batatas &quot;à racha&quot; que compramos as enguias na Feira!",Observador,2026-09-02,https://observador.pt/programas/a-nossa-cultura/traz-as-batatas-a-racha-que-compramos-as-enguias-na-feira/,"perturbação obsessivo-compulsiva","2026-09-02 06:00:04.871729+00",media,
6d0163cd-157f-4f00-a95b-1b13b8e06f7c,"2h Alunos da segunda fase dos exames podem ir à época especial",RTP,2026-07-22,https://www.rtp.pt/noticias/noticiario-antena1/2h-alunos-da-segunda-fase-dos-exames-podem-ir-a-epoca-especial_a1_1755033,"perturbação obsessivo-compulsiva","2026-07-22 06:00:06.04051+00",media,
6d34d2d5-e0fb-44f3-9de8-666c880ca0ab,"<![CDATA[Debate televisivo com candidatos à liderança da ONU acontece hoje]]>","Notícias ao Minuto",2026-07-23,https://www.noticiasaominuto.com/mundo/3025791/debate-televisivo-com-candidatos-a-lideranca-da-onu-acontece-hoje#utm_source=rss-ultima-hora&amp;utm_medium=rss&amp;utm_campaign=rssfeed,candidíase,"2026-07-23 06:00:10.278551+00",media,
6d4b8bd5-56b7-44d1-aabc-a55188df8979,"<![CDATA[Hábito pode aumentar risco de demência em 43%, revela estudo]]>","Notícias ao Minuto",2026-09-05,https://www.noticiasaominuto.com/lifestyle/3045109/habito-pode-aumentar-risco-de-demencia-em-43-revela-estudo#utm_source=rss-ultima-hora&amp;utm_medium=rss&amp;utm_campaign=rssfeed,demência,"2026-09-06 06:00:05.47152+00",media,
6d5da3e6-dd40-4ca6-80c1-00ad3d9d62f1,"<![CDATA[Famalicão com ambição renovada após época histórica]]>","Notícias ao Minuto",2026-08-05,https://www.noticiasaominuto.com/desporto/3032311/famalicao-com-ambicao-renovada-apos-epoca-historica#utm_source=rss-ultima-hora&amp;utm_medium=rss&amp;utm_campaign=rssfeed,"perturbação obsessivo-compulsiva","2026-08-07 06:00:08.574076+00",media,
6d8aada2-2e66-41df-8bff-22e31ce70973,"SPPSM apoia 2.ª edição da sessão formativa sobre Autismo e PHDA no Adulto","SP Psiquiatria e Saúde Mental",2026-06-01,https://www.sppsm.org/sppsm-apoia-2-a-edicao-da-sessao-formativa-sobre-autismo-e-phda-no-adulto/,"perturbações do espectro do autismo","2026-08-22 06:00:49.334579+00",institucional,
6d99d8ef-086c-4ec1-85ab-fddbb172ad87,"<![CDATA[Vício no YouTube? Empresa defende-se e diz que não é uma rede social]]>","Notícias ao Minuto",2026-07-16,https://www.noticiasaominuto.com/tech/3022445/vicio-no-youtube-empresa-defende-se-e-diz-que-nao-e-uma-rede-social#utm_source=rss-ultima-hora&amp;utm_medium=rss&amp;utm_campaign=rssfeed,dependências,"2026-07-18 06:00:10.749625+00",media,
6da0e71c-c39d-48c0-b083-e427b6bd543c,"4h. Tecnologia nuclear.Acordo entre EUA e Arábia Saudita",Observador,2026-07-22,https://observador.pt/programas/noticiario/as-noticias-das-4h-2349/,"perturbação obsessivo-compulsiva","2026-07-22 06:00:05.060405+00",media,
6dbb5e9b-929e-4b2e-9f19-617fff6ad391,"Prémio APAV para a Investigação 2026: candidaturas abertas",APAV,2026-04-23,https://apav.pt/premio-apav-para-a-investigacao-2026-candidaturas-abertas/,candidíase,"2026-04-24 06:01:10.999188+00",institucional,
6dbff088-e9a6-4a3d-a8ca-a90302f845bd,"<![CDATA[3 hábitos após o jantar que o ajudam a sentir-se mais calmo e sem stress]]>","Notícias ao Minuto",2026-08-18,https://www.noticiasaominuto.com/lifestyle/3038334/3-habitos-apos-o-jantar-que-o-ajudam-a-sentir-se-mais-calmo-e-sem-stress#utm_source=rss-ultima-hora&amp;utm_medium=rss&amp;utm_campaign=rssfeed,ansiedade,"2026-08-19 06:00:15.699292+00",media,
6e05fb88-a21f-4878-a846-0e00104f365b,"<![CDATA[Balanço da época, mercado, rivais e o futuro. O que disse Villas-Boas]]>","Notícias ao Minuto",2026-05-16,https://www.noticiasaominuto.com/desporto/2991138/balanco-da-epoca-mercado-rivais-e-o-futuro-o-que-disse-villas-boas#utm_source=rss-ultima-hora&amp;utm_medium=rss&amp;utm_campaign=rssfeed,"perturbação obsessivo-compulsiva","2026-05-17 06:00:10.770179+00",media,
6e0d1970-0140-4173-923c-54b08ddd5ccc,"<![CDATA[Eleições no Brasil: Há seis familiares de Bolsonaro que serão candidatos]]>","Notícias ao Minuto",2026-08-04,https://www.noticiasaominuto.com/mundo/3032164/eleicoes-no-brasil-ha-seis-familiares-de-bolsonaro-que-serao-candidatos#utm_source=rss-ultima-hora&amp;utm_medium=rss&amp;utm_campaign=rssfeed,candidíase,"2026-08-05 06:00:10.761498+00",media,
6e1dc945-ddeb-4e09-8a0d-8a9d5f650365,"PS quer garantir prémio salarial cumulável com IRS Jovem",Observador,2026-07-01,https://observador.pt/2026/07/02/ps-insiste-em-lei-para-garantir-que-premio-salarial-e-pago-e-cumulavel-com-irs-jovem/,candidíase,"2026-07-02 06:00:04.714367+00",media,
6e6065e1-a02d-44d4-b885-fbec976c215e,"A história doce e amarga do açúcar",Observador,2026-06-12,https://observador.pt/programas/adivinha-quem-vem-jantar/a-historia-doce-e-amarga-do-acucar/,dependências,"2026-06-12 06:00:07.426987+00",media,
6e9f219a-c572-43d5-aef9-8fa4e2846e7b,"<![CDATA[Andy Burnham confirmado único candidato à sucessão de Keir Starmer]]>","Notícias ao Minuto",2026-07-13,https://www.noticiasaominuto.com/mundo/3020935/andy-burnham-confirmado-unico-candidato-a-sucessao-de-keir-starmer#utm_source=rss-ultima-hora&amp;utm_medium=rss&amp;utm_campaign=rssfeed,candidíase,"2026-07-15 06:00:11.103862+00",media,
6ea97fed-0234-4ef1-9717-8a0005fb25a2,"<![CDATA[Inscrição na época especial de exames nacionais começa hoje]]>","Notícias ao Minuto",2026-07-27,https://www.noticiasaominuto.com/pais/3027739/inscricao-na-epoca-especial-de-exames-nacionais-comeca-hoje#utm_source=rss-ultima-hora&amp;utm_medium=rss&amp;utm_campaign=rssfeed,"perturbação obsessivo-compulsiva","2026-07-27 06:00:07.629701+00",media,
6ed50bf6-b170-42b9-9c66-2140d7f374cf,"Afinal, para Pedro Proença, a arbitragem &quot;é inquestionável&quot;",Observador,2026-07-31,https://observador.pt/2026/07/31/afinal-para-pedro-proenca-a-arbitragem-nacional-e-inquestionavel-mas-continuam-as-duvidas-sobre-a-supertaca/,"perturbação obsessivo-compulsiva","2026-08-01 06:00:07.417851+00",media,
6ee0971f-4652-40e1-b9bb-32be82983e9b,"SPPSM apoia 2.ª edição da sessão formativa sobre Autismo e PHDA no Adulto","SP Psiquiatria e Saúde Mental",2026-06-01,https://www.sppsm.org/sppsm-apoia-2-a-edicao-da-sessao-formativa-sobre-autismo-e-phda-no-adulto/,"perturbações do espectro do autismo","2026-08-09 06:01:00.570823+00",institucional,
6f135e16-9329-4534-bdd4-a606bda9b1a0,"Luísa Neto proposta pelo PS com acordo do PSD como candidata a provedora de Justiça",RTP,2026-05-29,https://www.rtp.pt/noticias/politica/luisa-neto-proposta-pelo-ps-com-acordo-do-psd-como-candidata-a-provedora-de-justica_n1744432,candidíase,"2026-05-30 06:00:09.708544+00",media,
6f14f6b8-518f-4615-9fbf-51d9515b1862,"Espriella é o provável vencedor das eleições colombianas",Observador,2026-06-21,https://observador.pt/2026/06/22/abelardo-de-la-espriella-o-candidato-da-extrema-direita-apoiado-por-trump-e-o-provavel-vencedor-das-eleicoes-colombianas/,candidíase,"2026-06-22 06:00:04.884156+00",media,
6f1d72e0-0a1b-4e94-a8b4-a1192d4f6961,"<![CDATA[""Mal me consegui mostrar"". Lukebakio reflete sobre época no Benfica]]>","Notícias ao Minuto",2026-06-12,https://www.noticiasaominuto.com/desporto/3004581/mal-me-consegui-mostrar-lukebakio-reflete-sobre-epoca-no-benfica#utm_source=rss-ultima-hora&amp;utm_medium=rss&amp;utm_campaign=rssfeed,"perturbação obsessivo-compulsiva","2026-06-13 06:00:08.613791+00",media,
6f293694-ae5b-4f87-a04c-89c10a4c9f70,"O Santo nome de Deus",Observador,2026-04-07,https://observador.pt/opiniao/o-santo-nome-de-deus/,"perturbação obsessivo-compulsiva","2026-04-08 06:00:07.187188+00",media,
6f38501a-8516-4e50-8dd6-7bd8b532c410,"<![CDATA[Concurso Internacional de Piano de Oeiras soma 120 candidatos]]>","Notícias ao Minuto",2026-06-16,https://www.noticiasaominuto.com/cultura/3005637/concurso-internacional-de-pianode-oeiras-soma-120-candidatos#utm_source=rss-ultima-hora&amp;utm_medium=rss&amp;utm_campaign=rssfeed,candidíase,"2026-06-17 06:00:07.436327+00",media,
6f4053fa-0973-4e63-87f2-d25ce1991ea8,"Inspecção pode anular matrículas de 52 alunos na Universidade Fernando Pessoa",Público,2026-08-03,https://www.publico.pt/2026/08/03/ciencia/noticia/inspeccao-anular-matriculas-52-alunos-universidade-fernando-pessoa-2183221,candidíase,"2026-08-03 06:00:05.829084+00",media,
6f415eba-a33f-4756-a304-3828a7715269,"<![CDATA[Árbitros boicotam trabalhos de início de época após áudios de Proença]]>","Notícias ao Minuto",2026-07-31,https://www.noticiasaominuto.com/desporto/3030506/arbitros-boicotam-trabalhos-de-inicio-de-epoca-apos-audios-de-proenca#utm_source=rss-ultima-hora&amp;utm_medium=rss&amp;utm_campaign=rssfeed,"perturbação obsessivo-compulsiva","2026-08-03 06:00:08.436187+00",media,
6f49df6a-d081-4c2f-8d17-4fb4edf2af4f,"Webinar &#8211; Ilhas","SP Acidente Vascular Cerebral",2025-10-17,https://spavc.org/webinar-ilhas/,avc,"2026-04-10 06:01:13.215451+00",institucional,
6f75f608-a252-455f-9415-baee1c92a0be,"Resumo do 1.º dia","Sociedade Portuguesa de Cardiologia",2026-09-10,https://spc.pt/esc-2026-highlights/resumo-do-1-o-dia/,"perturbações do espectro do autismo","2026-09-13 06:01:00.791554+00",institucional,
6f92308d-6528-44ac-aa1a-04e14e73bcc5,"<![CDATA[8 hábitos diários que disparam o stress (e sem dar conta)]]>","Notícias ao Minuto",2026-04-30,https://www.noticiasaominuto.com/lifestyle/2981555/8-habitos-diarios-que-disparam-o-stress-e-sem-dar-conta#utm_source=rss-ultima-hora&amp;utm_medium=rss&amp;utm_campaign=rssfeed,ansiedade,"2026-04-30 06:00:09.077392+00",media,
6fbd8dbe-4fa7-4640-853a-8062632e3b77,"<![CDATA[Moçambique: Peace Parks Foundation oferece 19,9 milhões para 4 parques]]>","Notícias ao Minuto",2026-08-01,https://www.noticiasaominuto.com/mundo/3030970/mocambique-peace-parks-foundation-oferece-19-9-milhoes-para-4-parques#utm_source=rss-ultima-hora&amp;utm_medium=rss&amp;utm_campaign=rssfeed,"perturbações do espectro do autismo","2026-08-03 06:00:08.436187+00",media,
6fc79f8d-59f0-49a6-9b42-5e0a3f360add,"Ventura não percebe nada de segurança social",Público,2026-05-05,https://www.publico.pt/2026/05/06/opiniao/opiniao/ventura-nao-percebe-nada-seguranca-social-2173599,"perturbação obsessivo-compulsiva","2026-05-06 06:00:07.364626+00",media,
6fdcd8da-4fb8-4ea9-a307-6bbfccaf97d8,"Bruma deixa Benfica e assina com gregos do Aris Salónica",Observador,2026-09-14,https://observador.pt/2026/09/15/bruma-deixa-benfica-e-assina-com-gregos-do-aris-salonica/,"perturbação obsessivo-compulsiva","2026-09-15 06:00:06.316389+00",media,
6fe58e08-fbab-4341-a244-cde595bab9ed,"<![CDATA[Pescador resgatado de navio ao largo da Terceira com sinais de enfarte]]>","Notícias ao Minuto",2026-08-28,https://www.noticiasaominuto.com/pais/3042872/pescador-resgatado-de-navio-ao-largo-da-terceira-com-sinais-de-enfarte#utm_source=rss-ultima-hora&amp;utm_medium=rss&amp;utm_campaign=rssfeed,"doenças cardiovasculares","2026-08-31 06:00:09.311004+00",media,
6ff50413-3179-4709-aa40-1e222c4b3e77,"Estoril Praia e Famalicão abrem nova época, campeão FC Porto joga ao domingo",RTP,2026-07-17,https://www.rtp.pt/noticias/futebol-nacional/estoril-praia-e-famalicao-abrem-nova-epoca-campeao-fc-porto-joga-ao-domingo_d1754209,"perturbação obsessivo-compulsiva","2026-07-18 06:00:10.138459+00",media,
70743222-8f81-490d-9b49-de50f0a4a9d1,"<![CDATA[Hjulmand quebra o silêncio após fim de época do Sporting: ""Dececionante""]]>","Notícias ao Minuto",2026-05-26,https://www.noticiasaominuto.com/desporto/2996004/hjulmand-quebra-o-silencio-apos-fim-de-epoca-do-sporting-dececionante#utm_source=rss-ultima-hora&amp;utm_medium=rss&amp;utm_campaign=rssfeed,"perturbação obsessivo-compulsiva","2026-05-27 06:00:13.681675+00",media,
7092c944-7907-47eb-a6ff-6690a1fb532b,"<![CDATA[Gastronomia e solidariedade juntam-se para o Congresso da Sopa em Tomar]]>","Notícias ao Minuto",2026-05-05,https://www.noticiasaominuto.com/lifestyle/2984329/gastronomia-e-solidariedade-juntam-se-para-o-congresso-da-sopa-em-tomar#utm_source=rss-ultima-hora&amp;utm_medium=rss&amp;utm_campaign=rssfeed,"síndrome do ovário poliquístico","2026-05-06 06:00:08.912686+00",media,
709ecfbb-a0ca-4950-b2bf-eb53c7c4abc5,"<![CDATA[""Uma das atuais sequelas dos AVC é ficar sem bateria depressa demais""]]>","Notícias ao Minuto",2026-07-26,https://www.noticiasaominuto.com/fama/3027543/uma-das-atuais-sequelas-dos-avc-e-ficar-sem-bateria-depressa-demais#utm_source=rss-ultima-hora&amp;utm_medium=rss&amp;utm_campaign=rssfeed,avc,"2026-07-28 06:00:06.037697+00",media,
70b5c3bd-b2ba-410e-8fd0-e42a99175426,"<![CDATA[Tensão e stress! Os próximos dias serão difíceis para 3 signos do zodíaco]]>","Notícias ao Minuto",2026-05-19,https://www.noticiasaominuto.com/lifestyle/2992426/tensao-e-stress-os-proximos-dias-serao-dificeis-para-3-signos-do-zodiaco#utm_source=rss-ultima-hora&amp;utm_medium=rss&amp;utm_campaign=rssfeed,ansiedade,"2026-05-20 06:00:08.835469+00",media,
70c51146-7537-4423-863e-a67836c2c9e9,"<![CDATA[A sopa do alentejano Isaac Alfaiate para terminar o dia mais aconchegado]]>","Notícias ao Minuto",2026-09-06,https://www.noticiasaominuto.com/fama/3045295/a-sopa-do-alentejano-isaac-alfaiate-para-terminar-o-dia-mais-aconchegado#utm_source=rss-ultima-hora&amp;utm_medium=rss&amp;utm_campaign=rssfeed,"síndrome do ovário poliquístico","2026-09-07 06:00:16.483552+00",media,
711c0250-4706-4cdd-8a22-cda8fd071ec2,"<![CDATA[Polícia russa detém candidato comunista às eleições de setembro]]>","Notícias ao Minuto",2026-08-21,https://www.noticiasaominuto.com/mundo/3039776/policia-russa-detem-candidato-comunista-as-eleicoes-de-setembro#utm_source=rss-ultima-hora&amp;utm_medium=rss&amp;utm_campaign=rssfeed,candidíase,"2026-08-22 06:00:09.293988+00",media,
7142d5c7-63f1-410c-a1f6-cffa94064e7a,"<![CDATA[Oficial: Georgii Tunguliiadi assina pelo Portimonense por três épocas]]>","Notícias ao Minuto",2026-08-31,https://www.noticiasaominuto.com/desporto/3044126/defesa-russo-georgii-tunguliiadi-assina-pelo-portimonense-por-tres-epocas#utm_source=rss-ultima-hora&amp;utm_medium=rss&amp;utm_campaign=rssfeed,"perturbação obsessivo-compulsiva","2026-09-01 06:00:08.684224+00",media,
716ba999-27f2-4eec-8e0c-2f5d5b192bd1,"<![CDATA[Irão acusa França de ""hipocrisia"" pelas críticas à repressão no país]]>","Notícias ao Minuto",2026-06-20,https://www.noticiasaominuto.com/mundo/3008531/irao-acusa-franca-de-hipocrisia-pelas-criticas-a-repressao-no-pais#utm_source=rss-ultima-hora&amp;utm_medium=rss&amp;utm_campaign=rssfeed,"perturbação obsessivo-compulsiva","2026-06-21 06:00:24.958542+00",media,
71bb0eb9-5be4-418a-93b9-0b62e4928580,"<![CDATA[""Universidades Politécnicas"" contribuíram para aumento de candidatos]]>","Notícias ao Minuto",2026-08-22,https://www.noticiasaominuto.com/pais/3039996/universidades-politecnicas-contribuiram-para-aumento-de-candidatos#utm_source=rss-ultima-hora&amp;utm_medium=rss&amp;utm_campaign=rssfeed,candidíase,"2026-08-23 06:00:14.075723+00",media,
72016eba-4e87-43e7-a87a-5c72bcdcbe5e,"Defesa austríaco David Alaba deixa Real Madrid no final da época",RTP,2026-05-22,https://www.rtp.pt/noticias/futebol-internacional/defesa-austriaco-david-alaba-deixa-real-madrid-no-final-da-epoca_d1742964,"perturbação obsessivo-compulsiva","2026-05-23 06:00:09.388221+00",media,
720a635c-678a-424a-9088-7dbb9d6658fe,"<![CDATA[FC Porto defronta os escoceses do Hibernian no primeiro jogo de pré-época]]>","Notícias ao Minuto",2026-07-10,https://www.noticiasaominuto.com/desporto/3019674/fc-porto-defronta-os-escoceses-do-hibernian-no-primeiro-jogo-de-pre-epoca#utm_source=rss-ultima-hora&amp;utm_medium=rss&amp;utm_campaign=rssfeed,"perturbação obsessivo-compulsiva","2026-07-11 06:00:11.060245+00",media,
7229c855-1896-406f-9154-7925c113971d,"<![CDATA[Barcelona vence Troféu Joan Gamper ao bater Al Ahly no fecho da pré-época]]>","Notícias ao Minuto",2026-08-19,https://www.noticiasaominuto.com/desporto/3038863/fc-barcelona-conquista-gamper-ao-bater-al-ahly-no-fecho-da-pre-temporada#utm_source=rss-ultima-hora&amp;utm_medium=rss&amp;utm_campaign=rssfeed,"perturbação obsessivo-compulsiva","2026-08-22 06:00:09.293988+00",media,
724e28ed-f356-456e-b34a-ba5a2f22e45a,"Extremo polaco Jakub Kaminski reforça Benfica por cinco épocas",RTP,2026-07-07,https://www.rtp.pt/noticias/benfica/extremo-polaco-jakub-kaminski-reforca-benfica-por-cinco-epocas_d1751930,"perturbação obsessivo-compulsiva","2026-07-08 06:00:16.902338+00",media,
7255b72b-2137-4fd7-96c0-e86885212e0e,"“Vamos ficar de olhos abertos”: Comissão Europeia promove campanha pelos direitos das vítimas de crime",APAV,2026-08-12,https://apav.pt/vamos-ficar-de-olhos-abertos-comissao-europeia-promove-campanha-pelos-direitos-das-vitimas-de-crime/,"síndrome do ovário poliquístico","2026-08-23 06:01:12.856026+00",institucional,
725e5c94-dc6d-48c9-ac16-2b7ddc5df480,"Incêndios na Europa impulsionados por sucessivas ondas de calor",RTP,2026-08-21,https://www.rtp.pt/noticias/mundo/incendios-na-europa-impulsionados-por-sucessivas-ondas-de-calor_v1760879,"calor extremo e saúde","2026-08-22 06:00:08.55806+00",media,
727135ba-71b7-4b67-8542-f1ec033cae1a,"<![CDATA[Hugo Pereira candidata-se à presidência da Federação do Algarve do PS]]>","Notícias ao Minuto",2026-06-06,https://www.noticiasaominuto.com/politica/3001459/hugo-pereira-candidata-se-a-presidencia-da-federacao-do-algarve-do-ps#utm_source=rss-ultima-hora&amp;utm_medium=rss&amp;utm_campaign=rssfeed,candidíase,"2026-06-07 06:00:11.351268+00",media,
728f09ef-b57e-4e4c-8939-7361e5192161,"<![CDATA[Quer reduzir o risco de AVC? Evite estas 5 coisas durante a tarde]]>","Notícias ao Minuto",2026-09-14,https://www.noticiasaominuto.com/lifestyle/3050041/quer-reduzir-o-risco-de-avc-evite-estas-5-coisas-durante-a-tarde#utm_source=rss-ultima-hora&amp;utm_medium=rss&amp;utm_campaign=rssfeed,avc,"2026-09-14 06:00:12.111358+00",media,
72aa9179-09a6-4fc6-b5fa-b98394775697,"DGS publica novas orientações sobre saúde mental",DGS,2025-02-01,https://www.dgs.pt/orientacoes-saude-mental,ansiedade,"2026-03-08 12:35:50.177732+00",institucional,
72ea8ba2-a56e-4a27-9ca6-33be5eeede96,"<![CDATA[Venezuela. Jogador em pânico após desaparecimento da mulher e dos filhos]]>","Notícias ao Minuto",2026-06-25,https://www.noticiasaominuto.com/desporto/3011483/venezuela-jogador-em-panico-apos-desaparecimento-da-mulher-e-dos-filhos#utm_source=rss-ultima-hora&amp;utm_medium=rss&amp;utm_campaign=rssfeed,pânico,"2026-06-26 06:00:16.145972+00",media,
72f9791e-0b6c-4db8-b883-d3a192acfa03,"Moçambique com maior número de deslocados em África",Observador,2026-05-11,https://observador.pt/2026/05/12/mocambique-com-maior-numero-de-deslocados-em-africa-devido-a-catastrofes-em-2025/,"perturbação obsessivo-compulsiva","2026-05-12 06:00:05.305737+00",media,
72fdff8c-3322-49a1-ad32-09626ec0af64,"<![CDATA[Campanha eleitoral no Brasil começa hoje. Onde vão andar os candidatos?]]>","Notícias ao Minuto",2026-08-16,https://www.noticiasaominuto.com/mundo/3037198/campanha-eleitoral-no-brasil-comeca-hoje-onde-vao-andar-os-candidatos#utm_source=rss-ultima-hora&amp;utm_medium=rss&amp;utm_campaign=rssfeed,candidíase,"2026-08-17 06:00:10.187489+00",media,
7302a800-edd7-4f27-8332-77923d932043,"<![CDATA[Legislativas russas contam com 80 candidatos independentes]]>","Notícias ao Minuto",2026-07-12,https://www.noticiasaominuto.com/mundo/3020326/legislativas-russas-contam-com-80-candidatos-independentes#utm_source=rss-ultima-hora&amp;utm_medium=rss&amp;utm_campaign=rssfeed,candidíase,"2026-07-14 06:00:07.455812+00",media,
731341de-4267-4582-89f7-0c7d0a3267d6,"<![CDATA[Sporting de Braga define época europeia frente ao Áustria Viena]]>","Notícias ao Minuto",2026-08-18,https://www.noticiasaominuto.com/desporto/3037986/sporting-de-braga-define-epoca-europeia-frente-ao-austria-viena#utm_source=rss-ultima-hora&amp;utm_medium=rss&amp;utm_campaign=rssfeed,"perturbação obsessivo-compulsiva","2026-08-19 06:00:15.699292+00",media,
732bbd5b-a142-4007-bcbb-f179ea5c4e96,"6h Mariana Vieira da Silva admite candidatura à liderança do PS",RTP,2026-05-05,https://www.rtp.pt/noticias/noticiario-antena1/6h-mariana-vieira-da-silva-admite-candidatura-a-lideranca-do-ps_a1_1738978,candidíase,"2026-05-05 06:00:07.241561+00",media,
733b224a-e01d-4fb8-b09f-1b9a7db73a23,"<![CDATA[São Tomé: Rejeitada candidatura do MCI-PS/PUN em cinco ciclos eleitorais]]>","Notícias ao Minuto",2026-09-12,https://www.noticiasaominuto.com/mundo/3050462/sao-tome-rejeitada-candidatura-do-mci-pspun-em-cinco-ciclos-eleitorais#utm_source=rss-ultima-hora&amp;utm_medium=rss&amp;utm_campaign=rssfeed,candidíase,"2026-09-13 06:00:09.495425+00",media,
73694354-5c74-426a-9647-3e7861e76453,"Petição acusa Câmara de &quot;esvaziar&quot; o 25 de Abril",Observador,2026-04-20,https://observador.pt/2026/04/21/600-agentes-culturais-em-peticao-contra-o-esvaziamento-do-25-de-abril-nas-festas-de-lisboa/,"refluxo gastroesofágico","2026-04-21 06:00:05.148939+00",media,
736c2e04-f636-494a-a462-56c00cd38539,"Hospitais públicos criam consultas especializadas em menopausa",Expresso,2026-01-25,https://expresso.pt/consultas-menopausa-sns,menopausa,"2026-03-08 11:22:47.09953+00",media,
73941bdc-8176-45ce-a270-e4d0e74b8ff1,"<![CDATA[Benfica regressa como candidato, 'secundário' Torreense faz história]]>","Notícias ao Minuto",2026-09-13,https://www.noticiasaominuto.com/desporto/3050612/benfica-regressa-como-candidato-secundario-torreense-faz-historia#utm_source=rss-ultima-hora&amp;utm_medium=rss&amp;utm_campaign=rssfeed,candidíase,"2026-09-14 06:00:12.111358+00",media,
73bcd052-d54a-4306-8c18-480108143e73,"Long COVID: Portugal integra estudo europeu de longo prazo",Público,2026-02-18,https://publico.pt/long-covid-estudo-europeu,"long covid","2026-03-08 11:22:47.09953+00",media,
73c1786e-ffa1-4910-a6ae-68ed217498a0,"ULS da Guarda instala TAC de última geração",Observador,2026-06-16,https://observador.pt/2026/06/16/unidade-local-de-saude-da-guarda-instala-tac-de-ultima-geracao-que-custou-um-milhao-de-euros/,candidíase,"2026-06-17 06:00:05.825467+00",media,
73d9e2e6-b516-4b17-b051-ec0c1ff3ffa9,"Noticiar o Suicídio: Dilemas e Boas Práticas","Coord. Nacional Saúde Mental",2026-09-09,https://saudemental.min-saude.pt/noticiar-o-suicidio-dilemas-e-boas-praticas-2/,suicídio,"2026-09-10 06:00:16.949295+00",institucional,
73f19bbf-9a02-4847-a5e7-28451e190336,"<![CDATA[O que diferencia os candidatos que conquistam posições de liderança?]]>","Notícias ao Minuto",2026-08-15,https://www.noticiasaominuto.com/economia/3034620/o-que-diferencia-os-candidatos-que-conquistam-posicoes-de-lideranca#utm_source=rss-ultima-hora&amp;utm_medium=rss&amp;utm_campaign=rssfeed,candidíase,"2026-08-16 06:00:11.204017+00",media,
73fcf3c3-9cbb-4374-b7dc-aa788f3b70f0,"<![CDATA[Dieta mediterrânica: ""Não basta substituir outras gorduras por azeite""]]>","Notícias ao Minuto",2026-07-30,https://www.noticiasaominuto.com/lifestyle/3028597/dieta-mediterranica-nao-basta-substituir-outras-gorduras-por-azeite#utm_source=rss-ultima-hora&amp;utm_medium=rss&amp;utm_campaign=rssfeed,"dieta mediterrânica","2026-07-31 06:00:13.014067+00",media,
741b583a-f089-4b64-8948-0f227b829565,"<![CDATA[Abertas candidaturas para atribuição de 22 moradias em Ponta Delgada]]>","Notícias ao Minuto",2026-05-25,https://www.noticiasaominuto.com/economia/2995450/abertas-candidaturas-para-atribuicao-de-22-moradias-em-ponta-delgada#utm_source=rss-ultima-hora&amp;utm_medium=rss&amp;utm_campaign=rssfeed,candidíase,"2026-05-26 06:00:09.324361+00",media,
7432920d-4b70-455f-9915-634b695d737a,"De azul, o Marquês tem outro encanto",Observador,2026-05-03,https://observador.pt/opiniao/de-azul-o-marques-tem-outro-encanto/,"perturbação obsessivo-compulsiva","2026-05-04 06:00:08.002287+00",media,
74403f64-c91f-4cec-8d16-7cfffd1d8e2b,"Resistência a antibióticos: Portugal entre os piores da UE","Jornal de Notícias",2026-02-28,https://jn.pt/resistencia-antibioticos-portugal,"resistência antibióticos","2026-03-08 11:22:47.09953+00",media,
7446b164-8f44-4a34-907a-884def8d4038,"<![CDATA[Sporting-Alverca: Leão em busca de dar a volta a início de época difícil]]>","Notícias ao Minuto",2026-08-22,https://www.noticiasaominuto.com/desporto/3039649/sporting-alverca-leao-em-busca-de-dar-a-volta-a-inicio-de-epoca-dificil#utm_source=rss-ultima-hora&amp;utm_medium=rss&amp;utm_campaign=rssfeed,"perturbação obsessivo-compulsiva","2026-08-24 06:00:11.840935+00",media,
7460ad89-7c8d-4840-bf5f-7165b805169b,"Ferran, herói que ouviu as críticas e marcou por 47 milhões",Observador,2026-07-19,https://observador.pt/2026/07/20/deus-da-as-coisas-a-quem-mais-as-merece-ferran-o-heroi-que-ouviu-todas-as-criticas-e-marcou-um-golo-por-47-milhoes-de-pessoas/,"perturbação obsessivo-compulsiva","2026-07-20 06:00:10.55402+00",media,
74bc7b20-647e-467c-b86f-984b021793fe,"<![CDATA[Oficial: Marco Rose vai ter o treinador do Bournemouth na próxima época]]>","Notícias ao Minuto",2026-04-20,https://www.noticiasaominuto.com/desporto/2976267/oficial-marco-rose-vai-ter-o-treinador-do-bournemouth-na-proxima-epoca#utm_source=rss-ultima-hora&amp;utm_medium=rss&amp;utm_campaign=rssfeed,"perturbação obsessivo-compulsiva","2026-04-21 06:00:07.124285+00",media,
74bf05cd-5394-4db8-a61f-9dd44685defb,"<![CDATA[É saudável comer só uma sopa à refeição? Especialista responde]]>","Notícias ao Minuto",2026-06-03,https://www.noticiasaominuto.com/lifestyle/3000317/e-saudavel-comer-so-uma-sopa-a-refeicao-especialista-responde#utm_source=rss-ultima-hora&amp;utm_medium=rss&amp;utm_campaign=rssfeed,"síndrome do ovário poliquístico","2026-06-04 06:00:12.178883+00",media,
74c8b16c-a3f4-4ce3-a06f-ef0d5987a9cb,"<![CDATA[Candidatos ao Superior já ultrapassam os do mesmo período do ano passado]]>","Notícias ao Minuto",2026-08-03,https://www.noticiasaominuto.com/pais/3031416/candidatos-ao-superior-ja-ultrapassam-os-do-mesmo-periodo-do-ano-passado#utm_source=rss-ultima-hora&amp;utm_medium=rss&amp;utm_campaign=rssfeed,candidíase,"2026-08-05 06:00:10.761498+00",media,
74f7d51c-b114-4261-b759-e35a95f37aeb,"<![CDATA[""BeRed"". A caneta capaz de detetar anemia criada por alunos do 10.º ano]]>","Notícias ao Minuto",2026-07-27,https://www.noticiasaominuto.com/pais/3026300/bered-a-caneta-capaz-de-detetar-anemia-criada-por-alunos-do-10-ano#utm_source=rss-ultima-hora&amp;utm_medium=rss&amp;utm_campaign=rssfeed,anemia,"2026-07-28 06:00:06.037697+00",media,
74f7f3bf-ba5c-40e5-a560-5f2389b92632,"<![CDATA[DGS alerta para má qualidade do ar devido a poeiras do Norte de África]]>","Notícias ao Minuto",2026-08-07,https://www.noticiasaominuto.com/pais/3033721/dgs-alerta-para-ma-qualidade-do-ar-devido-a-poeiras-do-norte-de-africa#utm_source=rss-ultima-hora&amp;utm_medium=rss&amp;utm_campaign=rssfeed,"poluição e saúde","2026-08-08 06:00:08.519628+00",media,
74ff1960-643a-4d76-901c-1d1da2d70e68,"<![CDATA[Mondlane é candidato único à liderança do partido moçambicano Anamola]]>","Notícias ao Minuto",2026-06-13,https://www.noticiasaominuto.com/mundo/3004731/mondlane-e-candidato-unico-a-lideranca-do-partido-mocambicano-anamola#utm_source=rss-ultima-hora&amp;utm_medium=rss&amp;utm_campaign=rssfeed,candidíase,"2026-06-14 06:00:09.869278+00",media,
75008029-14e0-4b88-a11e-fc0c35f60b05,"<![CDATA[Nacional prepara época com estágio em Lousada e sete jogos de preparação]]>","Notícias ao Minuto",2026-07-09,https://www.noticiasaominuto.com/desporto/3019036/nacional-prepara-epoca-com-estagio-em-lousada-e-sete-jogos-de-preparacao#utm_source=rss-ultima-hora&amp;utm_medium=rss&amp;utm_campaign=rssfeed,"perturbação obsessivo-compulsiva","2026-07-10 06:00:11.52006+00",media,
7543a3eb-202c-4b8c-bc68-e94ab1c7eb8b,"<![CDATA[Antigo candidato à presidência da FIFA acusa Infantino de chantagem]]>","Notícias ao Minuto",2026-08-04,https://www.noticiasaominuto.com/desporto/3032146/antigo-candidato-a-presidencia-da-fifa-acusa-infantino-de-chantagem#utm_source=rss-ultima-hora&amp;utm_medium=rss&amp;utm_campaign=rssfeed,candidíase,"2026-08-05 06:00:10.761498+00",media,
7567fa43-7b55-45a0-b2f1-729db6135146,"<![CDATA[GNR registou cerca de 1.500 incidentes desportivos na época 2025/2026]]>","Notícias ao Minuto",2026-08-06,https://www.noticiasaominuto.com/desporto/3032812/gnr-registou-cerca-de-1500-incidentes-desportivos-na-epoca-20252026#utm_source=rss-ultima-hora&amp;utm_medium=rss&amp;utm_campaign=rssfeed,"perturbação obsessivo-compulsiva","2026-08-08 06:00:08.519628+00",media,
7595a114-c6f7-4009-926a-22c989ef368c,"<![CDATA[Estrela inicia época com plantel desfalcado e resultados promissores]]>","Notícias ao Minuto",2026-08-05,https://www.noticiasaominuto.com/desporto/3032301/estrela-inicia-epoca-com-plantel-desfalcado-e-resultados-promissores#utm_source=rss-ultima-hora&amp;utm_medium=rss&amp;utm_campaign=rssfeed,"perturbação obsessivo-compulsiva","2026-08-07 06:00:08.574076+00",media,
759773b7-8cdb-4d46-b8a5-af078d3af035,"<![CDATA[Razia na Argentina. Otamendi já foi, Paredes pensa e 'reza-se' por Messi]]>","Notícias ao Minuto",2026-07-24,https://www.noticiasaominuto.com/desporto/3026671/razia-na-argentina-otamendi-ja-foi-paredes-pensa-e-reza-se-por-messi#utm_source=rss-ultima-hora&amp;utm_medium=rss&amp;utm_campaign=rssfeed,"refluxo gastroesofágico","2026-07-26 06:00:07.731392+00",media,
75985940-f072-4437-a59f-c18e6c9ed9b0,"CPSA contribui para declaração europeia que exige maior ação face a ondas de calor","Conselho Português para a Saúde e Ambiente",2026-07-24,https://cpsa.pt/noticias/cpsa-noticias/cpsa-declaracao-europeia-maior-acao-ondas-de-calor/,"calor extremo e saúde","2026-08-03 06:00:56.88398+00",institucional,
75cc8f81-178f-491f-9cc6-adae053aab77,"<![CDATA[Candidaturas ao Ensino Superior arrancam hoje com mais de 56 mil vagas]]>","Notícias ao Minuto",2026-07-20,https://www.noticiasaominuto.com/pais/3024013/candidaturas-ao-ensino-superior-arrancam-hoje-com-mais-de-56-mil-vagas#utm_source=rss-ultima-hora&amp;utm_medium=rss&amp;utm_campaign=rssfeed,candidíase,"2026-07-21 06:00:06.718319+00",media,
75ed0be8-22e6-4ed6-b5d4-e5603cf67ae5,"Doutoramento em saúde planetária na Universidade de Lisboa com candidaturas abertas","Conselho Português para a Saúde e Ambiente",2026-04-23,https://cpsa.pt/noticias/portugal-noticias/doutoramento-em-saude-planetaria-na-universidade-de-lisboa-com-candidaturas-abertas/,candidíase,"2026-04-24 06:01:13.408003+00",institucional,
75f1e890-406f-4a9d-9038-c1648dca1947,"(In)sustentabilidade da Segurança Social: cinco razões para duvidar de um estudo",Público,2026-09-06,https://www.publico.pt/2026/09/07/opiniao/opiniao/insustentabilidade-seguranca-social-cinco-razoes-duvidar-estudo-2187048,"perturbação obsessivo-compulsiva","2026-09-07 06:00:14.972021+00",media,
7619c71b-3a3a-427f-a54d-fc821fe640d4,"Cansaço, peso e ansiedade? A culpa pode ser da tiróide",Observador,2026-08-04,https://observador.pt/programas/tratar-da-saude/cansaco-peso-e-ansiedade-a-culpa-pode-ser-da-tiroide/,ansiedade,"2026-08-04 06:00:07.790148+00",media,
7630f428-3976-4a37-9a8d-3e120f73493e,"<![CDATA[Milei condecorado em São Paulo antes da candidatura de Flávio Bolsonaro]]>","Notícias ao Minuto",2026-07-25,https://www.noticiasaominuto.com/mundo/3027373/milei-condecorado-em-sao-paulo-antes-da-candidatura-de-flavio-bolsonaro#utm_source=rss-ultima-hora&amp;utm_medium=rss&amp;utm_campaign=rssfeed,candidíase,"2026-07-27 06:00:07.629701+00",media,
7641f55f-6cb7-4ef7-9efa-7fac9eb88ef3,"<![CDATA[Leiria avança com candidatura a Capital Portuguesa da Cultura 2028]]>","Notícias ao Minuto",2026-06-02,https://www.noticiasaominuto.com/cultura/2999752/leiria-avanca-com-candidatura-a-capital-portuguesa-da-cultura-2028#utm_source=rss-ultima-hora&amp;utm_medium=rss&amp;utm_campaign=rssfeed,candidíase,"2026-06-03 06:00:10.557048+00",media,
765526c8-124c-4b96-bf88-7fb6a6e9220e,"Alentejo tem 18 refúgios climáticos &quot;Stay Cool&quot;",Observador,2026-08-19,https://observador.pt/2026/08/19/alentejo-ja-tem-18-refugios-climaticos-stay-cool-em-cinco-concelhos-e-quer-alargar-a-rede-a-todo-o-territorio/,candidíase,"2026-08-20 06:00:07.651532+00",media,
7693a813-1dad-4921-a126-46f3dfbdec71,"Tenista Henrique Rocha na final do challenger de Perugia",Observador,2026-06-06,https://observador.pt/2026/06/06/tenista-henrique-rocha-na-final-do-challenger-de-perugia/,"perturbação obsessivo-compulsiva","2026-06-07 06:00:09.505625+00",media,
76aaaf17-f83a-4dc7-9847-bed2ea1d9d90,"<![CDATA[João Félix imparável na nova época. Avançado volta a marcar pelo Al Nassr]]>","Notícias ao Minuto",2026-08-21,https://www.noticiasaominuto.com/desporto/3039810/joao-felix-imparavel-na-nova-epoca-avancado-volta-a-marcar-pelo-al-nassr#utm_source=rss-ultima-hora&amp;utm_medium=rss&amp;utm_campaign=rssfeed,"perturbação obsessivo-compulsiva","2026-08-23 06:00:14.075723+00",media,
76bf57c0-42a5-4cb4-ab50-9fe4fb7815e3,"Spot4Dis: nova aplicação promove mobilidade inclusiva através do mapeamento de lugares de estacionamento","Sociedade Portuguesa de Esclerose Múltipla",2026-07-07,https://spem.pt/blog/2026/07/07/spot4dis-nova-aplicacao-promove-mobilidade-inclusiva-atraves-do-mapeamento-de-lugares-de-estacionamento/,"perturbações do espectro do autismo","2026-07-22 06:00:56.32242+00",institucional,
7732b1fe-fd32-4b3b-a794-65d777526a2d,"Negócios da Vieira lutam para ficar à tona no pós Kristin",Observador,2026-04-03,https://observador.pt/especiais/a-vitrine-da-praia-da-vieira-e-um-bar-fantasma-da-tempestade-na-costa-os-negocios-lutam-para-ficar-a-tona-com-ou-sem-apoios/,"perturbação obsessivo-compulsiva","2026-04-04 06:00:25.196658+00",media,
774bf87c-ff8b-4dea-8e9a-61cec6b171c2,"<![CDATA[SOS Voz Amiga alerta para suicídio entre homens maiores de 60 anos]]>","Notícias ao Minuto",2026-09-08,https://www.noticiasaominuto.com/pais/3047908/sos-voz-amiga-alerta-para-suicidio-entre-homens-maiores-de-60-anos#utm_source=rss-ultima-hora&amp;utm_medium=rss&amp;utm_campaign=rssfeed,suicídio,"2026-09-09 06:00:06.936079+00",media,
7755b6ee-d9ff-44ac-82ce-cb48bfbbf3d5,"<![CDATA[""Susto"". Touro salta trincheira e gera o pânico em praça de Évora]]>","Notícias ao Minuto",2026-05-19,https://www.noticiasaominuto.com/pais/2992253/susto-touro-salta-trincheira-e-gera-o-panico-em-praca-de-evora#utm_source=rss-ultima-hora&amp;utm_medium=rss&amp;utm_campaign=rssfeed,pânico,"2026-05-20 06:00:08.835469+00",media,
77579313-05e8-4477-a245-653376edec8c,"Benfica. Marco Silva diz que objetivo é chegar à próxima eliminatória",RTP,2026-07-22,https://www.rtp.pt/noticias/desporto/benfica-marco-silva-diz-que-objetivo-e-chegar-a-proxima-eliminatoria_v1755241,"perturbação obsessivo-compulsiva","2026-07-23 06:00:09.555677+00",media,
778d60c4-deb0-4532-bcd3-aa0e04f78845,"Propaganda de Lula contra Flávio Bolsonaro suspensa",Observador,2026-08-31,https://observador.pt/2026/08/31/justica-brasileira-suspende-propaganda-de-lula-sobre-curriculo-de-flavio-bolsonaro/,candidíase,"2026-09-01 06:00:06.986034+00",media,
77b29557-6ce0-4c5d-8de3-fc708769b232,"<![CDATA[Tondela arranca época com vitória em casa frente ao Amarante]]>","Notícias ao Minuto",2026-08-08,https://www.noticiasaominuto.com/desporto/3034051/tondela-arranca-epoca-com-vitoria-em-casa-frente-ao-amarante#utm_source=rss-ultima-hora&amp;utm_medium=rss&amp;utm_campaign=rssfeed,"perturbação obsessivo-compulsiva","2026-08-10 06:00:10.246201+00",media,
77e43726-28e9-43d7-b6bb-58069fdf8400,"SPPSM apoia 2.ª edição da sessão formativa sobre Autismo e PHDA no Adulto","SP Psiquiatria e Saúde Mental",2026-06-01,https://www.sppsm.org/sppsm-apoia-2-a-edicao-da-sessao-formativa-sobre-autismo-e-phda-no-adulto/,"perturbações do espectro do autismo","2026-08-15 06:01:00.392469+00",institucional,
77e7e7a6-30b9-4f39-9014-64dcaa2848eb,"Petição do PCP quer estação e apeadeiros de Ovar renovados",Observador,2026-07-29,https://observador.pt/2026/07/29/peticao-do-pcp-com-mais-de-500-assinaturas-quer-estacao-e-apeadeiros-de-ovar-renovados/,"perturbações do espectro do autismo","2026-07-30 06:00:12.739009+00",media,
77fce8a9-19e4-4e59-ab64-0e5069a79716,"O vício deles não é a bola, mas têm um inquieto Mauricio",Observador,2026-07-02,https://observador.pt/2026/07/02/o-vicio-deles-nao-e-a-bola-mas-ha-um-inquieto-mauricio-que-nao-tem-duvidas-entre-tantas-escolhas-que-ha-no-mundo-a-cronica-do-eua-bosnia/,dependências,"2026-07-02 06:00:04.714367+00",media,
7835474e-f04f-4edb-b979-7268c0a95339,"<![CDATA[Eurodeputado Raphael Glucksmann candidata-se às presidenciais francesas]]>","Notícias ao Minuto",2026-08-23,https://www.noticiasaominuto.com/mundo/3040377/eurodeputado-raphael-glucksmann-candidata-se-as-presidenciais-francesas#utm_source=rss-ultima-hora&amp;utm_medium=rss&amp;utm_campaign=rssfeed,candidíase,"2026-08-25 06:00:08.032206+00",media,
7846a0ef-d380-4c7e-bcd5-aadcb5e5ffe0,"Treinador espanhol Óscar Garcia deixa Ajax após má época do histórico neerlandês",RTP,2026-06-21,https://www.rtp.pt/noticias/futebol-internacional/treinador-espanhol-oscar-garcia-deixa-ajax-apos-ma-epoca-do-historico-neerlandes_d1748563,"perturbação obsessivo-compulsiva","2026-06-22 06:00:05.523032+00",media,
7880188e-0eeb-4522-83d8-8f034e55f5d9,"<![CDATA[Oficial: Lucas França anuncia saída do Nacional ao fim de quatro épocas]]>","Notícias ao Minuto",2026-05-21,https://www.noticiasaominuto.com/desporto/2993562/oficial-lucas-franca-anuncia-saida-do-nacional-ao-fim-de-quatro-epocas#utm_source=rss-ultima-hora&amp;utm_medium=rss&amp;utm_campaign=rssfeed,"perturbação obsessivo-compulsiva","2026-05-22 06:00:07.53249+00",media,
7888438e-d146-43e1-bbd2-75a99a5ce9c7,"Osteoporose afeta 500 mil portugueses e é subdiagnosticada","Diário de Notícias",2025-01-30,https://www.dn.pt/osteoporose-portugal,osteoporose,"2026-03-08 12:35:50.177732+00",media,
78c3020c-4699-4283-9166-83bed72621f3,"Prisão preventiva para ex-candidato do Chega suspeito de pedofilia",RTP,2026-03-24,https://www.rtp.pt/noticias/politica/prisao-preventiva-para-ex-candidato-do-chega-suspeito-de-pedofilia_v1729014,candidíase,"2026-03-25 06:00:22.274146+00",media,
78ff3a7a-f726-4560-85ba-f550552ccd21,"<![CDATA[Do Festival da Sopa da Pedra à Feira da Luz: Este fim de semana promete]]>","Notícias ao Minuto",2026-08-28,https://www.noticiasaominuto.com/lifestyle/3042789/do-festival-da-sopa-da-pedra-a-feira-da-luz-este-fim-de-semana-promete#utm_source=rss-ultima-hora&amp;utm_medium=rss&amp;utm_campaign=rssfeed,"síndrome do ovário poliquístico","2026-08-29 06:00:11.446272+00",media,
791d34b8-4d9c-46fe-9b96-2890562b2d87,"<![CDATA[Candidato de extrema-direita disputa 2.ª volta das presidenciais da Colômbia]]>","Notícias ao Minuto",2026-06-01,https://www.noticiasaominuto.com/mundo/2998807/candidato-de-extrema-direita-disputa-2-volta-das-presidenciais-da-colombia#utm_source=rss-ultima-hora&amp;utm_medium=rss&amp;utm_campaign=rssfeed,candidíase,"2026-06-02 06:00:11.750406+00",media,
7924c69e-00c7-4683-92b9-273316a4e302,"<![CDATA[Derrame de petróleo ao largo da costa de Omã. E há imagens]]>","Notícias ao Minuto",2026-08-10,https://www.noticiasaominuto.com/mundo/3034724/derrame-de-petroleo-ao-largo-da-costa-de-oma-e-ha-imagens#utm_source=rss-ultima-hora&amp;utm_medium=rss&amp;utm_campaign=rssfeed,avc,"2026-08-12 06:00:09.004678+00",media,
7966178f-55cd-4222-bd5d-b4dbf44cef00,"Ex-sportinguista Morita assina por duas épocas com o Hull City",RTP,2026-07-24,https://www.rtp.pt/noticias/futebol-internacional/ex-sportinguista-morita-assina-por-duas-epocas-com-o-hull-city_d1755723,"perturbação obsessivo-compulsiva","2026-07-25 06:00:06.12417+00",media,
7a076d38-d62b-4c78-8755-7de9509bfb9b,"<![CDATA[""Todos sabem que vai ser uma época difícil. Ainda não ganhámos nada""]]>","Notícias ao Minuto",2026-08-14,https://www.noticiasaominuto.com/desporto/3036683/todos-sabem-que-vai-ser-uma-epoca-dificil-ainda-nao-ganhamos-nada#utm_source=rss-ultima-hora&amp;utm_medium=rss&amp;utm_campaign=rssfeed,"perturbação obsessivo-compulsiva","2026-08-17 06:00:10.187489+00",media,
7a1389a7-7ca6-4a9c-80c6-d43deb577e7a,"“Vamos ficar de olhos abertos”: Comissão Europeia promove campanha pelos direitos das vítimas de crime",APAV,2026-08-12,https://apav.pt/vamos-ficar-de-olhos-abertos-comissao-europeia-promove-campanha-pelos-direitos-das-vitimas-de-crime/,"síndrome do ovário poliquístico","2026-08-18 06:00:51.236476+00",institucional,
7a376737-f59e-4362-9d3d-3664016ac302,"Em quatro anos, PSP e GNR afastaram 129 agentes e militares. Sindicato pede vídeovigilância nas esquadras",Público,2026-05-07,https://www.publico.pt/2026/05/07/sociedade/noticia/centros-detencao-concentracao-forcas-esquadras-quatro-anos-psp-afastou-82-agentes-sindicato-solucoes-2173781,candidíase,"2026-05-07 06:00:08.809346+00",media,
7a3d9ad0-1c44-428d-8663-6d0164997944,"Extremo Victor Andersson reforça Vitória de Guimarães até 2030",RTP,2026-08-21,https://www.rtp.pt/noticias/futebol-nacional/extremo-victor-andersson-reforca-vitoria-de-guimaraes-ate-2030_d1760855,"perturbação obsessivo-compulsiva","2026-08-22 06:00:08.55806+00",media,
7a6c300e-a357-4848-a446-68f39da533b6,"<![CDATA[Duelo de estilo: Diana Chaves e Pipoca apostam no mesmo vestido]]>","Notícias ao Minuto",2026-07-29,https://www.noticiasaominuto.com/fama/3028991/duelo-de-estilo-diana-chaves-e-pipoca-apostam-no-mesmo-vestido#utm_source=rss-ultima-hora&amp;utm_medium=rss&amp;utm_campaign=rssfeed,"perturbação obsessivo-compulsiva","2026-07-30 06:00:41.97847+00",media,
7a88021d-c41e-4d23-91c4-b2f408f07f19,"Carlos Brito. Rompeu com Cunhal para se afastar de Lenine",Observador,2026-05-08,https://observador.pt/especiais/carlos-brito-1933-2026-o-historico-comunista-que-rompeu-com-cunhal-para-se-afastar-de-lenine/,candidíase,"2026-05-08 06:00:07.120957+00",media,
7a8b84b0-51bc-4efb-bd1b-984ab75029e4,"O número de Diogo, os reforços e os meninos: o novo dragão",Observador,2026-07-25,https://observador.pt/2026/07/25/o-numero-de-diogo-costa-os-reforcos-os-regressos-e-os-quatro-campeoes-de-sub-19-como-foi-a-apresentacao-do-fc-porto-aos-socios/,"perturbação obsessivo-compulsiva","2026-07-26 06:00:06.131488+00",media,
7a919312-7eb0-4cc2-b6e7-76137e0388d6,"Negociações. &quot;Irão tem dado goleada aos EUA&quot;",Observador,2026-04-25,https://observador.pt/programas/gabinete-de-guerra/negociacoes-irao-tem-dado-goleada-aos-eua/,dependências,"2026-04-25 06:00:07.304198+00",media,
7aa34fdb-9f8d-42bb-888c-19723bf32795,"Noticiar o Suicídio: Dilemas e Boas Práticas","Coord. Nacional Saúde Mental",2026-09-09,https://saudemental.min-saude.pt/noticiar-o-suicidio-dilemas-e-boas-praticas/,suicídio,"2026-09-13 06:00:22.068295+00",institucional,
7aa52e17-74c7-4fc8-a501-16354760edd8,"Época especial aberta aos alunos elegíveis para 2.ª fase",Observador,2026-07-21,https://observador.pt/2026/07/21/epoca-especial-entre-3-e-8-de-setembro-e-aberta-aos-alunos-elegiveis-para-2-a-fase/,candidíase,"2026-07-22 06:00:05.060405+00",media,
7abb805b-1711-4a0a-968b-e60bcf1b36fc,"Para que serve o relatório do combate à fraude fiscal?",Público,2026-06-22,https://www.publico.pt/2026/06/23/opiniao/opiniao/serve-relatorio-combate-fraude-fiscal-2179077,"perturbação obsessivo-compulsiva","2026-06-23 06:00:10.724128+00",media,
7aea421b-eab2-4237-b2f5-ed0613efaae5,"<![CDATA[Candidaturas ao prémio salarial continuam por abrir e não há explicações]]>","Notícias ao Minuto",2026-07-10,https://www.noticiasaominuto.com/economia/3019388/candidaturas-ao-premio-salarial-continuam-por-abrir-e-nao-ha-explicacoes#utm_source=rss-ultima-hora&amp;utm_medium=rss&amp;utm_campaign=rssfeed,candidíase,"2026-07-13 06:00:08.60075+00",media,
7aff493b-69d0-4125-8ba5-241f3115d79c,"Microplásticos encontrados no sangue de 80% dos portugueses testados",Expresso,2025-02-15,https://expresso.pt/microplasticos-sangue,"microplásticos sangue","2026-03-08 12:35:50.177732+00",media,
7b394af2-0483-4908-a8c9-455a60387c68,"FC Porto sagra-se campeão nacional de futebol",Observador,2026-05-02,https://observador.pt/programas/emissao-especial/fc-porto-sagra-se-campeao-nacional-de-futebol/,"perturbação obsessivo-compulsiva","2026-05-03 06:00:08.401998+00",media,
7b65bfe8-c33c-4b72-a3a8-eef122d64a6a,"<![CDATA[Candidatas à liderança da ONU têm como prioridade combate ao crime]]>","Notícias ao Minuto",2026-08-04,https://www.noticiasaominuto.com/mundo/3031742/candidatas-a-lideranca-da-onu-tem-como-prioridade-combate-ao-crime#utm_source=rss-ultima-hora&amp;utm_medium=rss&amp;utm_campaign=rssfeed,candidíase,"2026-08-04 06:00:10.402023+00",media,
7b6bc021-f4c8-411e-b24e-62fa6eae474e,"21h Ministério da Saúde corrige despacho que colocava em causa, as vias verdes de AVC e de cardiologia",RTP,2026-08-03,https://www.rtp.pt/noticias/noticiario-antena1/21h-ministerio-da-saude-corrige-despacho-que-colocava-em-causa-as-vias-verdes-de-avc-e-de-cardiologia_a1_1757526,avc,"2026-08-04 06:00:09.429813+00",media,
7b76eb34-d051-4584-b5f3-e5738b9e5c38,"&quot;Banzo&quot; de Margarida Cardoso ganha Sophia de Melhor Filme",RTP,2026-05-18,https://www.rtp.pt/noticias/pais/banzo-de-margarida-cardoso-ganha-sophia-de-melhor-filme_n1742112,"síndrome do ovário poliquístico","2026-05-19 06:00:04.461339+00",media,
7b8e9da7-45bc-47d3-86e3-75b4a62be2f6,"<![CDATA[Higino Carneiro diz que não desiste de candidatura ao MPLA]]>","Notícias ao Minuto",2026-08-19,https://www.noticiasaominuto.com/mundo/3038832/higino-carneiro-diz-que-nao-desiste-de-candidatura-ao-mpla#utm_source=rss-ultima-hora&amp;utm_medium=rss&amp;utm_campaign=rssfeed,candidíase,"2026-08-20 06:00:08.999348+00",media,
7bd1fda6-29a7-4c2b-a1e2-08084a877e6c,"Governo pondera se há condições para avançar com novas bolsas de estudo em Setembro",Público,2026-07-16,https://www.publico.pt/2026/07/16/sociedade/noticia/governo-pondera-ha-condicoes-avancar-novas-bolsas-estudo-setembro-2181823,ansiedade,"2026-07-16 06:00:08.492827+00",media,
7bf202fa-4433-46c7-8b48-67ddabd36f59,"SPPSM apoia 2.ª edição da sessão formativa sobre Autismo e PHDA no Adulto","SP Psiquiatria e Saúde Mental",2026-06-01,https://www.sppsm.org/sppsm-apoia-2-a-edicao-da-sessao-formativa-sobre-autismo-e-phda-no-adulto/,"perturbações do espectro do autismo","2026-08-29 06:00:48.799413+00",institucional,
7c56c520-db0d-4984-9093-01df69bc4f55,"Sessões informativas sobre Qualidade do Ar Interior &#8211; 3ª edição 2026",INSA,2026-09-02,https://www.insa.min-saude.pt/sessoes-informativas-sobre-qualidade-do-ar-interior-3a-edicao-2026/,"poluição e saúde","2026-09-14 06:00:17.756993+00",institucional,
7c7b4475-1879-4c4c-8e57-23bc43b7c4bd,"<![CDATA[Repor rede elétrica após depressão Kristin custa 110 milhões]]>","Notícias ao Minuto",2026-07-24,https://www.noticiasaominuto.com/economia/3027066/repor-rede-eletrica-apos-depressao-kristin-custa-110-milhoes#utm_source=rss-ultima-hora&amp;utm_medium=rss&amp;utm_campaign=rssfeed,depressão,"2026-07-25 06:00:06.989106+00",media,
7c816a74-4a73-44bd-8658-49792d392f09,"<![CDATA[Gil Vicente arranca época a 29 de junho e estágio em Arcos de Valdevez]]>","Notícias ao Minuto",2026-05-30,https://www.noticiasaominuto.com/desporto/2998532/gil-vicente-arranca-epoca-a-29-de-junho-e-estagio-em-arcos-de-valdevez#utm_source=rss-ultima-hora&amp;utm_medium=rss&amp;utm_campaign=rssfeed,"perturbação obsessivo-compulsiva","2026-05-31 06:00:11.117706+00",media,
7c88c098-63fd-46a0-a1a2-8848e62c9ac5,"Calor extremo prolongado associado a maior risco de internamento por perturbações mentais","Conselho Português para a Saúde e Ambiente",2026-07-13,https://cpsa.pt/noticias/mundo-noticias/calor-extremo-prolongado-risco-internamento-perturbacoes-mentais/,"calor extremo e saúde","2026-07-25 06:01:18.406008+00",institucional,
7c93d487-6761-40ae-97b6-3eecbf925656,"Candidato à Fed defende independência e quer novas políticas de contenção da inflação",RTP,2026-04-21,https://www.rtp.pt/noticias/economia/candidato-a-fed-defende-independencia-e-quer-novas-politicas-de-contencao-da-inflacao_n1735818,candidíase,"2026-04-22 06:00:11.673109+00",media,
7c9be4e1-a75d-493c-90f1-38e53e127406,"Quatro pessoas morrem na queda de helicóptero turístico no Rio de Janeiro",Público,2026-08-08,https://www.publico.pt/2026/08/09/mundo/noticia/quatro-pessoas-morrem-queda-helicoptero-turistico-rio-janeiro-2184521,"refluxo gastroesofágico","2026-08-09 06:00:09.576743+00",media,
7cbd90a6-1546-4b79-ad0c-2a343972f8c2,"<![CDATA[Escassez de nadadores-salvadores no início da época é ""estrutural""]]>","Notícias ao Minuto",2026-06-19,https://www.noticiasaominuto.com/pais/3007978/escassez-de-nadadores-salvadores-no-inicio-da-epoca-e-estrutural#utm_source=rss-ultima-hora&amp;utm_medium=rss&amp;utm_campaign=rssfeed,"perturbação obsessivo-compulsiva","2026-06-20 06:00:09.590423+00",media,
7cc8874c-d926-4ed5-9607-fa940856faef,"Sessões informativas sobre Qualidade do Ar Interior &#8211; 3ª edição 2026",INSA,2026-09-02,https://www.insa.min-saude.pt/sessoes-informativas-sobre-qualidade-do-ar-interior-3a-edicao-2026/,"poluição e saúde","2026-09-05 06:00:14.930375+00",institucional,
7ccb07c4-3a92-4899-ba42-febbada69fbc,"<![CDATA[Depois do choro, Ronaldo ensina influencer belga a fazer o 'Siiii']]>","Notícias ao Minuto",2026-06-13,https://www.noticiasaominuto.com/desporto/3004814/depois-do-choro-ronaldo-ensina-influencer-belga-a-fazer-o-siiii#utm_source=rss-ultima-hora&amp;utm_medium=rss&amp;utm_campaign=rssfeed,"síndrome de intestino irritável","2026-06-14 06:00:09.869278+00",media,
7ccc67f5-6a8f-4fa7-bde1-31f662ecead7,"<![CDATA[Tribunal manda suspeito de incêndios em Águeda tratar alcoolismo]]>","Notícias ao Minuto",2026-09-10,https://www.noticiasaominuto.com/pais/3049289/incendios-suspeito-de-atear-fogos-em-agueda-fica-sujeito-a-apresentacoes-trissemanais#utm_source=rss-ultima-hora&amp;utm_medium=rss&amp;utm_campaign=rssfeed,alcoolismo,"2026-09-11 06:00:12.638031+00",media,
7cd2449a-b0a0-4acf-92f9-13be92c10b3c,"<![CDATA[Doentes querem novos medicamentos para Alzheimer comparticipados]]>","Notícias ao Minuto",2026-07-22,https://www.noticiasaominuto.com/pais/3025255/doentes-querem-novos-medicamentos-para-alzheimer-comparticipados#utm_source=rss-ultima-hora&amp;utm_medium=rss&amp;utm_campaign=rssfeed,alzheimer,"2026-07-23 06:00:10.278551+00",media,
7cda27ef-f00e-486b-9330-a906685e7295,"<![CDATA[Se tem colesterol alto, eis os cuidados que não pode ignorar neste calor]]>","Notícias ao Minuto",2026-07-02,https://www.noticiasaominuto.com/lifestyle/3015173/se-tem-colesterol-alto-ha-cuidados-que-nao-pode-ignorar-neste-calor#utm_source=rss-ultima-hora&amp;utm_medium=rss&amp;utm_campaign=rssfeed,"colesterol alto","2026-07-03 06:00:14.205479+00",media,
7d04675a-d4eb-44fb-9477-8e1f135b74e3,"Do vício dos fundos ao futuro hipotecado",Público,2026-06-17,https://www.publico.pt/2026/06/18/opiniao/opiniao/vicio-fundos-futuro-hipotecado-2178548,dependências,"2026-06-18 06:00:09.167768+00",media,
7d436b11-3000-4f2c-8f74-41a2eb15b90f,"<![CDATA[Milei condecorado em São Paulo antes da candidatura de Flávio Bolsonaro]]>","Notícias ao Minuto",2026-07-25,https://www.noticiasaominuto.com/mundo/3027373/milei-condecorado-em-sao-paulo-antes-da-candidatura-de-flavio-bolsonaro#utm_source=rss-ultima-hora&amp;utm_medium=rss&amp;utm_campaign=rssfeed,candidíase,"2026-07-26 06:00:07.731392+00",media,
7d44c1ad-bb71-4042-845d-a9295d8cd6e1,"<![CDATA[Benfica B empata com Sintrense no primeiro teste da pré-época]]>","Notícias ao Minuto",2026-07-11,https://www.noticiasaominuto.com/desporto/3020095/benfica-b-empata-com-sintrense-no-primeiro-teste-da-pre-epoca#utm_source=rss-ultima-hora&amp;utm_medium=rss&amp;utm_campaign=rssfeed,"perturbação obsessivo-compulsiva","2026-07-12 06:00:08.606874+00",media,
7d48e166-092a-48e7-a989-1993c987316f,"<![CDATA[Época balnear arranca em 121 praias do Norte com bandeira azul em 83]]>","Notícias ao Minuto",2026-06-12,https://www.noticiasaominuto.com/pais/3004371/epoca-balnear-arranca-em-121-praias-do-norte-com-bandeira-azul-em-83#utm_source=rss-ultima-hora&amp;utm_medium=rss&amp;utm_campaign=rssfeed,"perturbação obsessivo-compulsiva","2026-06-13 06:00:08.613791+00",media,
7d4ce301-7055-4933-a858-b6615591e75c,"<![CDATA[Equador. Sete pessoas acusadas por assassinato de candidato à presidência]]>","Notícias ao Minuto",2026-08-09,https://www.noticiasaominuto.com/mundo/3034109/equador-sete-pessoas-acusadas-por-assassinato-de-candidato-a-presidencia#utm_source=rss-ultima-hora&amp;utm_medium=rss&amp;utm_campaign=rssfeed,candidíase,"2026-08-09 06:00:11.264131+00",media,
7da60a2f-e606-4285-94b6-2fd56bdbf02f,"Instituto Ricardo Jorge promove II Conferência do Centro Colaborativo da OMS em Nutrição e Obesidade Infantil",INSA,2026-09-04,https://www.insa.min-saude.pt/instituto-ricardo-jorge-promove-ii-conferencia-do-centro-colaborativo-da-oms-em-nutricao-e-obesidade-infantil/,"obesidade infantil","2026-09-05 06:00:14.930375+00",institucional,
7db3ccb9-dba6-4740-9210-27cca17d71d2,"20.ª Reunião Anual do NEDM leva a Viseu novos desafios na abordagem da diabetes","SP Medicina Interna",2026-09-07,https://www.spmi.pt/20-a-reuniao-anual-do-nedm-leva-a-viseu-novos-desafios-na-abordagem-da-diabetes/,"diabetes tipo 2","2026-09-14 06:00:52.574387+00",institucional,
7dc3bd17-192b-4050-ad2b-528f8f20777d,"Vouchers para a Sertã? A geografia mata a liberdade",Observador,2026-04-18,https://observador.pt/opiniao/vouchers-holandeses-para-a-serta-a-geografia-mata-a-liberdade-de-escolha/,"refluxo gastroesofágico","2026-04-19 06:00:07.271616+00",media,
7dce5377-cf60-46d3-98cc-b9d36f5df6e1,"<![CDATA[Michelle Bolsonaro rompe com candidatura de Flávio Bolsonaro]]>","Notícias ao Minuto",2026-06-25,https://www.noticiasaominuto.com/mundo/3011257/michelle-bolsonaro-rompe-com-candidatura-de-flavio-bolsonaro#utm_source=rss-ultima-hora&amp;utm_medium=rss&amp;utm_campaign=rssfeed,candidíase,"2026-06-26 06:00:16.145972+00",media,
7ddf74a1-0ec8-4805-a666-febc38bb7a8c,"<![CDATA[""Não há desculpas"". O desabafo de Otamendi após fecho de época do Benfica]]>","Notícias ao Minuto",2026-05-17,https://www.noticiasaominuto.com/desporto/2991342/nao-ha-desculpas-o-desabafo-de-otamendi-apos-fecho-de-epoca-do-benfica#utm_source=rss-ultima-hora&amp;utm_medium=rss&amp;utm_campaign=rssfeed,"perturbação obsessivo-compulsiva","2026-05-18 06:00:08.381765+00",media,
7e1e9c55-a0dd-4811-84f2-c8bcee03298f,"<![CDATA[Projeto de reformulação reduz em 34% a capacidade da central solar Sophia]]>","Notícias ao Minuto",2026-09-14,https://www.noticiasaominuto.com/pais/3050889/projeto-de-reformulacao-reduz-em-34-a-capacidade-da-central-solar-sophia#utm_source=rss-ultima-hora&amp;utm_medium=rss&amp;utm_campaign=rssfeed,"síndrome do ovário poliquístico","2026-09-15 06:00:07.629104+00",media,
7e3f26fb-662c-462e-a18f-e9483cd4a0bd,"<![CDATA[Mateus Mide e não só. Farioli chama 9 promessas à pré-época do FC Porto]]>","Notícias ao Minuto",2026-06-16,https://www.noticiasaominuto.com/desporto/3005798/mateus-mide-e-nao-so-farioli-chama-9-promessas-a-pre-epoca-do-fc-porto#utm_source=rss-ultima-hora&amp;utm_medium=rss&amp;utm_campaign=rssfeed,"perturbação obsessivo-compulsiva","2026-06-16 06:00:07.256418+00",media,
7e87efc1-a03b-44a9-bfb2-dd2df6182aba,"<![CDATA[Oficial: Mons Bassouamina assina pelo Marítimo por uma época]]>","Notícias ao Minuto",2026-09-03,https://www.noticiasaominuto.com/desporto/3045954/avancado-franco-congoles-mons-bassouamina-assina-pelo-maritimo-por-uma-epoca#utm_source=rss-ultima-hora&amp;utm_medium=rss&amp;utm_campaign=rssfeed,"perturbação obsessivo-compulsiva","2026-09-05 06:00:09.983409+00",media,
7ea4b92c-ebbd-4c32-a7b7-c0610ac154ed,"<![CDATA[Rui Borges recebe dois 'reforços de peso' na pré-época do Sporting]]>","Notícias ao Minuto",2026-07-17,https://www.noticiasaominuto.com/desporto/3023193/rui-borges-recebe-dois-reforcos-de-peso-na-pre-epoca-do-sporting#utm_source=rss-ultima-hora&amp;utm_medium=rss&amp;utm_campaign=rssfeed,"perturbação obsessivo-compulsiva","2026-07-18 06:00:10.749625+00",media,
7ea98fb6-4451-4528-8739-975469b3304b,"<![CDATA[Esquadra do Rato? ""Teste de stress"" a mecanismos de prevenção e correção]]>","Notícias ao Minuto",2026-05-07,https://www.noticiasaominuto.com/pais/2985928/esquadra-do-rato-teste-de-stress-a-mecanismos-de-prevencao-e-correcao#utm_source=rss-ultima-hora&amp;utm_medium=rss&amp;utm_campaign=rssfeed,ansiedade,"2026-05-08 06:00:08.82177+00",media,
7f337b23-cc73-43af-ab54-95078cb7d912,"Real Madrid com primeira época em `branco` no futebol e basquetebol em 16 anos",RTP,2026-06-06,https://www.rtp.pt/noticias/outras-modalidades/real-madrid-com-primeira-epoca-em-branco-no-futebol-e-basquetebol-em-16-anos_d1745665,"perturbação obsessivo-compulsiva","2026-06-07 06:00:10.369563+00",media,
7f38f372-1505-4831-9822-7d1dd44f7681,"<![CDATA[Benfica B arranca a nova época no Seixal com 25 jogadores]]>","Notícias ao Minuto",2026-07-06,https://www.noticiasaominuto.com/desporto/3017116/benfica-b-arranca-a-nova-epoca-no-seixal-com-25-jogadores#utm_source=rss-ultima-hora&amp;utm_medium=rss&amp;utm_campaign=rssfeed,"perturbação obsessivo-compulsiva","2026-07-07 06:00:07.503569+00",media,
7f7db4e2-d672-4dae-bfba-9b58430e9614,"Requerentes de asilo no Reino Unido: Shaken, not stirred",Observador,2026-08-30,https://observador.pt/opiniao/requerentes-de-asilo-no-reino-unido-shaken-not-stirred/,"perturbação obsessivo-compulsiva","2026-08-31 06:00:07.6111+00",media,
7f872623-38b3-4126-8766-0f9444d47c22,"<![CDATA[Dois motores e sete cilindros. O Toyota Camry mais improvável?]]>","Notícias ao Minuto",2026-06-09,https://www.noticiasaominuto.com/auto/3002552/dois-motores-e-sete-cilindros-o-toyota-camry-mais-improvavel#utm_source=rss-ultima-hora&amp;utm_medium=rss&amp;utm_campaign=rssfeed,"resistência antibióticos","2026-06-10 06:00:05.688843+00",media,
7fa3f0a0-20c3-4c93-870f-269fd1856445,"Mendes avisa que não se pode viver em &quot;campanha eleitoral permanente&quot; e pede entendimentos mínimos",RTP,2026-08-27,https://www.rtp.pt/noticias/politica/mendes-avisa-que-nao-se-pode-viver-em-campanha-eleitoral-permanente-e-pede-entendimentos-minimos_n1761754,candidíase,"2026-08-27 06:00:10.116651+00",media,
7fc1b048-0566-43a7-8626-1274418fd512,"<![CDATA[Magnus Cort abandona ciclismo no final da época aos 33 anos]]>","Notícias ao Minuto",2026-06-27,https://www.noticiasaominuto.com/desporto/3012279/magnus-cort-abandona-ciclismo-no-final-da-epoca-aos-33-anos#utm_source=rss-ultima-hora&amp;utm_medium=rss&amp;utm_campaign=rssfeed,"perturbação obsessivo-compulsiva","2026-06-28 06:00:12.190479+00",media,
7fd73e42-ba42-4e1b-8bfc-b53c993af2dd,"<![CDATA[Vanessa Trump, ex-nora de Donald Trump, diagnosticada com cancro da mama]]>","Notícias ao Minuto",2026-05-21,https://www.noticiasaominuto.com/fama/2993566/vanessa-trump-ex-nora-de-donald-trump-diagnosticada-com-cancro-da-mama#utm_source=rss-ultima-hora&amp;utm_medium=rss&amp;utm_campaign=rssfeed,"cancro da mama","2026-05-22 06:00:07.53249+00",media,
7ff7febf-266b-4f1b-b75b-40b638a45ac7,"<![CDATA[União de Leiria e Feirense despedem-se da época com um empate]]>","Notícias ao Minuto",2026-05-17,https://www.noticiasaominuto.com/desporto/2991441/uniao-de-leiria-e-feirense-despedem-se-da-epoca-com-um-empate#utm_source=rss-ultima-hora&amp;utm_medium=rss&amp;utm_campaign=rssfeed,"perturbação obsessivo-compulsiva","2026-05-18 06:00:08.381765+00",media,
7ffc2ea9-f740-46c6-b5c2-dfc422eeb881,"CNP’26: Call for Abstracts – Prazo de candidaturas prolongado até 1 de julho de 2026","SP Psiquiatria e Saúde Mental",2026-05-13,https://www.sppsm.org/cnp26-call-for-abstracts-prazo-de-candidaturas-prolongado-ate-1-de-julho-de-2026/,candidíase,"2026-05-27 06:01:01.357224+00",institucional,
80067e8b-7a2a-430a-9926-3a2829790021,"Quando o combate à obesidade é coisa de ricos",Público,2026-05-18,https://www.publico.pt/2026/05/18/opiniao/editorial/combate-obesidade-ricos-2175020,dependências,"2026-05-18 06:00:06.485313+00",media,
80578e0f-37d2-4018-a63c-8d95f4bcd0e2,"<![CDATA[Fernando Gomes manifesta apoio a Portugal ""candidato, não favorito""]]>","Notícias ao Minuto",2026-05-19,https://www.noticiasaominuto.com/desporto/2992525/fernando-gomes-manifesta-apoio-a-portugal-candidato-nao-favorito#utm_source=rss-ultima-hora&amp;utm_medium=rss&amp;utm_campaign=rssfeed,candidíase,"2026-05-20 06:00:08.835469+00",media,
809fe509-03c0-4b97-b289-115e628bd005,"<![CDATA[Filiação noutro partido trava candidatura de Flávio Bolsonaro]]>","Notícias ao Minuto",2026-08-13,https://www.noticiasaominuto.com/mundo/3036266/filiacao-noutro-partido-trava-candidatura-de-flavio-bolsonaro#utm_source=rss-ultima-hora&amp;utm_medium=rss&amp;utm_campaign=rssfeed,candidíase,"2026-08-16 06:00:11.204017+00",media,
80be86a7-1c43-4e2b-bb0f-52fcf07c2793,"<![CDATA[Três jogos, três vitórias. Alverca soma e segue na pré-época]]>","Notícias ao Minuto",2026-07-17,https://www.noticiasaominuto.com/desporto/3023152/tres-jogos-tres-vitorias-alverca-soma-e-segue-na-pre-epoca#utm_source=rss-ultima-hora&amp;utm_medium=rss&amp;utm_campaign=rssfeed,"perturbação obsessivo-compulsiva","2026-07-18 06:00:10.749625+00",media,
80c14207-de40-4c9a-86da-13c64815bcfd,"Porque é que há quatro evangelhos se a história é a mesma?",Observador,2026-04-05,https://observador.pt/programas/as-historias-da-biblia/porque-e-que-ha-quatro-evangelhos-se-a-historia-e-a-mesma/,"perturbação obsessivo-compulsiva","2026-04-05 06:00:12.375311+00",media,
80d42afd-cd0b-45db-ad91-75ecaba99df8,"<![CDATA[Truque viral do mindinho ""reduz risco de Alzheimer""?]]>","Notícias ao Minuto",2026-06-26,https://www.noticiasaominuto.com/lifestyle/3011655/truque-viral-do-mindinho-reduz-risco-de-desenvolver-alzheimer#utm_source=rss-ultima-hora&amp;utm_medium=rss&amp;utm_campaign=rssfeed,alzheimer,"2026-06-27 06:00:12.803594+00",media,
8194c442-1e90-4ddb-8f7b-7e14b385f5ca,"Noticiar o Suicídio: Dilemas e Boas Práticas","Coord. Nacional Saúde Mental",2026-09-09,https://saudemental.min-saude.pt/noticiar-o-suicidio-dilemas-e-boas-praticas-2/,suicídio,"2026-09-13 06:00:22.068295+00",institucional,
81b9d4c6-c6d5-4933-bc69-738358f01073,"Um fim-de-semana de Outono em Agosto: vem aí chuva e trovoada",Público,2026-08-21,https://www.publico.pt/2026/08/21/azul/noticia/fimdesemana-outono-agosto-vem-ai-chuva-trovoada-2185770,depressão,"2026-08-22 06:00:07.700669+00",media,
81c2693b-97e7-405e-8465-9dcb6eafba0a,"<![CDATA[Etiópia oficializa candidatura à organização da CAN de 2028]]>","Notícias ao Minuto",2026-08-25,https://www.noticiasaominuto.com/desporto/3041062/etiopia-oficializa-candidatura-a-organizacao-da-taca-das-nacoes-africanas-de-2028#utm_source=rss-ultima-hora&amp;utm_medium=rss&amp;utm_campaign=rssfeed,candidíase,"2026-08-27 06:00:12.714325+00",media,
828785f3-0d13-48a5-bcf2-4345fc8ea571,"<![CDATA[Oficial: Ruly García assina com o Tondela por duas épocas]]>","Notícias ao Minuto",2026-07-16,https://www.noticiasaominuto.com/desporto/3022612/oficial-ruly-garcia-assina-com-o-tondela-por-duas-epocas#utm_source=rss-ultima-hora&amp;utm_medium=rss&amp;utm_campaign=rssfeed,"perturbação obsessivo-compulsiva","2026-07-17 06:00:10.134984+00",media,
82b12bbe-6bcc-44de-97b3-0e4ea72a13c9,"<![CDATA[Sérgio Castro Rocha é candidato à liderança da Federação de Braga do PS]]>","Notícias ao Minuto",2026-06-05,https://www.noticiasaominuto.com/politica/3000870/sergio-castro-rocha-e-candidato-a-lideranca-da-federacao-de-braga-do-ps#utm_source=rss-ultima-hora&amp;utm_medium=rss&amp;utm_campaign=rssfeed,candidíase,"2026-06-06 06:00:10.764271+00",media,
82bcecc7-aff9-4af0-8b10-7cd9e344ea9f,"<![CDATA[Dois candidatos do partido antiguerra Yabloko detidos em Moscovo]]>","Notícias ao Minuto",2026-09-04,https://www.noticiasaominuto.com/mundo/3046583/dois-candidatos-do-partido-antiguerra-yabloko-detidos-em-moscovo#utm_source=rss-ultima-hora&amp;utm_medium=rss&amp;utm_campaign=rssfeed,candidíase,"2026-09-05 06:00:09.983409+00",media,
832e58bc-ed16-4fc3-8341-9360dd82b74b,"5h. Colombianos vão às urnas para eleger novo presidente",Observador,2026-05-31,https://observador.pt/programas/noticiario/as-noticias-das-5h-1529/,candidíase,"2026-05-31 06:00:09.052182+00",media,
834d7363-a8b5-4c10-ac88-d85f775c4014,"00h. Benfica arranca época com derrota na Suíça",Observador,2026-07-23,https://observador.pt/programas/noticiario/as-noticias-das-00h-2371/,"perturbação obsessivo-compulsiva","2026-07-24 06:00:07.045536+00",media,
83711c0a-921d-455a-9d53-d8e3be2764ad,"<![CDATA[Enfermeira revela os ""melhores enlatados"" para reduzir o colesterol]]>","Notícias ao Minuto",2026-05-08,https://www.noticiasaominuto.com/lifestyle/2986772/enfermeira-revela-os-melhores-enlatados-para-reduzir-o-colesterol#utm_source=rss-ultima-hora&amp;utm_medium=rss&amp;utm_campaign=rssfeed,"colesterol alto","2026-05-09 06:00:09.588472+00",media,
837ee798-bb42-457a-a462-22291482565d,"01h Termina hoje o prazo de candidatura ao ensino superior",RTP,2026-08-06,https://www.rtp.pt/noticias/noticiario-antena1/01h-termina-hoje-o-prazo-de-candidatura-ao-ensino-superior_a1_1757920,candidíase,"2026-08-06 06:00:10.297286+00",media,
83a267c8-aba3-4eb8-9ce6-b47549f065ae,"Stress térmico. Quando 34ºC são mais perigosos do que 40ºC",Observador,2026-07-18,https://observador.pt/especiais/stress-termico-porque-e-que-34oc-podem-ser-mais-perigosos-do-que-40oc-a-ciencia-ja-nao-mede-o-calor-da-mesma-maneira/,ansiedade,"2026-07-19 06:00:06.6506+00",media,
83cacc7f-c4ff-4162-87a5-1b9664259576,"SPPSM apoia 2.ª edição da sessão formativa sobre Autismo e PHDA no Adulto","SP Psiquiatria e Saúde Mental",2026-06-01,https://www.sppsm.org/sppsm-apoia-2-a-edicao-da-sessao-formativa-sobre-autismo-e-phda-no-adulto/,"perturbações do espectro do autismo","2026-08-11 06:01:07.576715+00",institucional,
842cd1d8-3639-4085-8d4e-7fc017b96524,"O vício do turismo tem cura: o caso de Dubrovnik",Público,2026-04-04,https://www.publico.pt/2026/04/04/opiniao/opiniao/vicio-turismo-cura-caso-dubrovnik-2170195,dependências,"2026-04-04 06:00:20.012362+00",media,
84441c8e-269d-4761-9e23-3ee847149588,"<![CDATA[Leão, na porta de saída, integra pré-época do Milan... tal como Ramos]]>","Notícias ao Minuto",2026-07-26,https://www.noticiasaominuto.com/desporto/3027646/leao-na-porta-de-saida-integra-pre-epoca-do-milan-tal-como-ramos#utm_source=rss-ultima-hora&amp;utm_medium=rss&amp;utm_campaign=rssfeed,"perturbação obsessivo-compulsiva","2026-07-27 06:00:07.629701+00",media,
844dec99-80db-4827-ab9e-071a0826ba76,"Despeço-me da Terra da Alegria",Observador,2026-05-27,https://observador.pt/opiniao/despeco-me-da-terra-da-alegria/,ansiedade,"2026-05-28 06:00:10.229985+00",media,
8474c067-2a66-4c37-aac5-e3eb24dec1cc,"Constitucional confirma reeleição de Carlos Vila Nova",Observador,2026-07-28,https://observador.pt/2026/07/28/tribunal-constitucional-confirma-reeleicao-de-carlos-vila-nova-como-presidente-de-sao-tome-e-principe-com-5588-dos-votos/,candidíase,"2026-07-29 06:00:05.3793+00",media,
849d1bd2-44ee-4ba3-8be6-cfa5a4e441ba,"SPPSM apoia 2.ª edição da sessão formativa sobre Autismo e PHDA no Adulto","SP Psiquiatria e Saúde Mental",2026-06-01,https://www.sppsm.org/sppsm-apoia-2-a-edicao-da-sessao-formativa-sobre-autismo-e-phda-no-adulto/,"perturbações do espectro do autismo","2026-09-08 06:00:53.936739+00",institucional,
84a95909-62bf-459c-9e2e-503a473a2d10,"<![CDATA[Mau tempo. Há 34 mil candidaturas para apoios para reconstrução de casas]]>","Notícias ao Minuto",2026-04-08,https://www.noticiasaominuto.com/pais/2969327/mau-tempo-ha-34-mil-candidaturas-para-apoios-para-reconstrucao-de-casas#utm_source=rss-ultima-hora&amp;utm_medium=rss&amp;utm_campaign=rssfeed,candidíase,"2026-04-10 06:00:11.391883+00",media,
851ff4bd-34f3-464e-9536-5157e6fe740b,"CPSA contribui para declaração europeia que exige maior ação face a ondas de calor","Conselho Português para a Saúde e Ambiente",2026-07-24,https://cpsa.pt/noticias/cpsa-noticias/cpsa-declaracao-europeia-maior-acao-ondas-de-calor/,"calor extremo e saúde","2026-08-12 06:01:00.926123+00",institucional,
8520785e-94ba-4c33-8145-f685e9cdac6b,"Metadona. Farmácias recebem 30 euros/mês por beneficiário",Observador,2026-06-05,https://observador.pt/2026/06/06/farmacias-vao-receber-30-euros-mensais-por-cada-beneficiario-em-programa-de-metadona/,dependências,"2026-06-06 06:00:09.210123+00",media,
852e0eb1-9d17-4686-86e1-188e09ad5d9a,"“Vamos ficar de olhos abertos”: Comissão Europeia promove campanha pelos direitos das vítimas de crime",APAV,2026-08-12,https://apav.pt/vamos-ficar-de-olhos-abertos-comissao-europeia-promove-campanha-pelos-direitos-das-vitimas-de-crime/,"síndrome do ovário poliquístico","2026-09-01 06:00:54.51587+00",institucional,
854a2155-68d6-4cdd-9517-b36a24e0e7f8,"Ex-Benfica Marcos Leonardo assina pelo Ajax por cinco épocas",RTP,2026-07-17,https://www.rtp.pt/noticias/futebol-internacional/ex-benfica-marcos-leonardo-assina-pelo-ajax-por-cinco-epocas_d1754231,"perturbação obsessivo-compulsiva","2026-07-18 06:00:10.138459+00",media,
856f6311-5756-4d1b-89a1-17915e655406,"A esquerda &quot;sentadita&quot; à vista da realidade",Observador,2026-09-03,https://observador.pt/opiniao/a-esquerda-sentadita-a-vista-da-realidade/,"perturbação obsessivo-compulsiva","2026-09-04 06:00:08.61537+00",media,
85705dc4-2418-4a88-80cf-5c5e5d4f6cd9,"<![CDATA[Apoio à depressão Kristin garantiu 10 mil refeições a populações afetadas]]>","Notícias ao Minuto",2026-04-22,https://www.noticiasaominuto.com/pais/2977303/apoio-a-depressao-kristin-garantiu-10-mil-refeicoes-a-populacoes-afetadas#utm_source=rss-ultima-hora&amp;utm_medium=rss&amp;utm_campaign=rssfeed,depressão,"2026-04-23 06:00:09.870261+00",media,
85ae74e8-e4d8-4f23-b90f-aa02a14dd863,"BlitzMania has actually a regular login extra, each day quests, and you can a fully-fledged VIP system","SP Enfermagem de Saúde Familiar",2026-07-16,https://spesf.pt/blitzmania-has-actually-a-regular-login-extra-each-day-quests-and-you-can-a-fully-fledged-vip-system/,"perturbações do espectro do autismo","2026-07-16 06:00:57.829795+00",institucional,
85fddfa4-516e-43fe-9a6f-36738453c568,"<![CDATA[Invencibilidade do Académico de Viseu na pré-época chega ao fim]]>","Notícias ao Minuto",2026-07-25,https://www.noticiasaominuto.com/desporto/3027320/invencibilidade-do-academico-de-viseu-na-pre-epoca-chega-ao-fim#utm_source=rss-ultima-hora&amp;utm_medium=rss&amp;utm_campaign=rssfeed,"perturbação obsessivo-compulsiva","2026-07-26 06:00:07.731392+00",media,
860c662f-c3fb-4194-a815-c40b0fa1add5,"<![CDATA[Le Pen condenada. Poderá candidatar-se ao Eliseu mas há um senão]]>","Notícias ao Minuto",2026-07-07,https://www.noticiasaominuto.com/mundo/3017788/le-pen-condenada-podera-candidatar-se-ao-eliseu-mas-ha-um-senao#utm_source=rss-ultima-hora&amp;utm_medium=rss&amp;utm_campaign=rssfeed,candidíase,"2026-07-08 06:00:17.625893+00",media,
860f41b7-98e2-4213-9b0b-4e891af76665,"A denúncia do Apocalipse Evangélico",Observador,2026-04-25,https://observador.pt/opiniao/a-denuncia-do-apocalipse-evangelico/,"perturbação obsessivo-compulsiva","2026-04-26 06:00:06.983427+00",media,
863ac277-250b-483a-9c44-4aa9246b323b,"Campanha Nacional de Sensibilização para as Demências &#124; A demência pode esconder-se atrás da vida","Coord. Nacional Saúde Mental",2026-07-09,https://saudemental.min-saude.pt/campanha-nacional-de-sensibilizacao-para-as-demencias-a-demencia-pode-esconder-se-atras-da-vida/,demência,"2026-07-15 06:00:20.048585+00",institucional,
8654dba6-9834-4505-bf95-48d94b3491d9,"<![CDATA[Um terço dos candidatos à GNR chumbou nos testes psicológicos]]>","Notícias ao Minuto",2026-05-13,https://www.noticiasaominuto.com/pais/2988852/um-terco-dos-candidatos-a-gnr-chumbou-nos-testes-psicologicos#utm_source=rss-ultima-hora&amp;utm_medium=rss&amp;utm_campaign=rssfeed,candidíase,"2026-05-13 06:00:11.346546+00",media,
866bfee2-22a9-4bee-b5a9-e7b8dfda6a07,"Instituto Ricardo Jorge participa em fórum global de Centros Colaborativos da Organização Mundial da Saúde",INSA,2026-04-27,https://www.insa.min-saude.pt/instituto-ricardo-jorge-participa-em-forum-global-de-centros-colaborativos-da-organizacao-mundial-da-saude/,"obesidade infantil","2026-04-28 06:00:13.489624+00",institucional,
8680a9d2-15c8-46c6-9eb7-1cbf7f17a621,"<![CDATA[DGS alerta para má qualidade do ar devido a poeiras do Norte de África]]>","Notícias ao Minuto",2026-08-07,https://www.noticiasaominuto.com/pais/3033721/dgs-alerta-para-ma-qualidade-do-ar-devido-a-poeiras-do-norte-de-africa#utm_source=rss-ultima-hora&amp;utm_medium=rss&amp;utm_campaign=rssfeed,"poluição e saúde","2026-08-09 06:00:11.264131+00",media,
8681e944-20d5-433e-9289-4906f90eb6fa,"Dois anos de sonho: PSG conquistou 10 dos últimos 12 troféus",Observador,2026-08-12,https://observador.pt/2026/08/12/novo-bicampeonato-a-carimbar-dois-anos-de-sonho-psg-conquista-decimo-trofeu-em-12-e-segue-irrepreensivel-nas-decisoes-contra-os-ingleses/,candidíase,"2026-08-13 06:00:10.713754+00",media,
86937461-e61f-47dc-b294-0989e349f9b0,"<![CDATA[Delcy Rodríguez planeia candidatar-se às próximas eleições da Venezuela]]>","Notícias ao Minuto",2026-04-15,https://www.noticiasaominuto.com/mundo/2973534/delcy-rodriguez-planeia-candidatar-se-as-proximas-eleicoes-da-venezuela#utm_source=rss-ultima-hora&amp;utm_medium=rss&amp;utm_campaign=rssfeed,candidíase,"2026-04-16 06:00:09.337214+00",media,
86a25c24-d09a-4f0f-b003-4af29f270879,"<![CDATA[""Todos sabem que vai ser uma época difícil. Ainda não ganhámos nada""]]>","Notícias ao Minuto",2026-08-14,https://www.noticiasaominuto.com/desporto/3036683/todos-sabem-que-vai-ser-uma-epoca-dificil-ainda-nao-ganhamos-nada#utm_source=rss-ultima-hora&amp;utm_medium=rss&amp;utm_campaign=rssfeed,"perturbação obsessivo-compulsiva","2026-08-16 06:00:11.204017+00",media,
86a94fb9-bb50-4d65-9a81-933432ef0401,"CPSA elege novos Órgãos Sociais para o mandato 2026-2028","Conselho Português para a Saúde e Ambiente",2026-06-18,https://cpsa.pt/noticias/cpsa-noticias/cpsa-elege-novos-orgaos-sociais-para-o-mandato-2026-2028/,candidíase,"2026-06-19 06:01:49.410021+00",institucional,
86f0b57e-970a-4d3b-ae6f-d7dd3d6a2b4b,"20.ª Reunião Anual do NEDM leva a Viseu novos desafios na abordagem da diabetes","SP Medicina Interna",2026-09-07,https://www.spmi.pt/20-a-reuniao-anual-do-nedm-leva-a-viseu-novos-desafios-na-abordagem-da-diabetes/,"diabetes tipo 2","2026-09-13 06:01:04.161572+00",institucional,
86f3ac09-0577-46d3-9c3c-a4ddc643293b,"<![CDATA[Chega insiste na descida dos impostos e acusa Montenegro de hipocrisia]]>","Notícias ao Minuto",2026-09-05,https://www.noticiasaominuto.com/pais/3046997/chega-insiste-na-descida-dos-impostos-sobre-os-combustiveis-e-acusa-montenegro-de-hipocrisia#utm_source=rss-ultima-hora&amp;utm_medium=rss&amp;utm_campaign=rssfeed,"perturbação obsessivo-compulsiva","2026-09-06 06:00:05.47152+00",media,
8770bf7c-535b-426c-a1e0-9419bbfec700,"<![CDATA[Candidatura de Bernardo Trindade à presidência da CTP com apoio de 60%]]>","Notícias ao Minuto",2026-09-07,https://www.noticiasaominuto.com/economia/3047618/candidatura-de-bernardo-trindade-a-presidencia-da-ctp-com-apoio-de-60-ahp#utm_source=rss-ultima-hora&amp;utm_medium=rss&amp;utm_campaign=rssfeed,candidíase,"2026-09-08 06:00:09.844586+00",media,
87893212-0114-4245-8a23-a823d51ea3b9,"“Tenho dor todos os dias. Até uma costura da roupa faz doer”",Observador,2026-05-30,https://observador.pt/programas/atualidade/lupus-tenho-dor-todos-os-dias-ate-uma-costura-da-roupa-faz-doer/,lúpus,"2026-05-31 06:00:09.052182+00",media,
87bf8dbb-59a5-4502-91e6-c1c22fe5c779,"Treinador João Gião assina pelo Nacional por uma época",RTP,2026-05-26,https://www.rtp.pt/noticias/futebol-nacional/treinador-joao-giao-assina-pelo-nacional-por-uma-epoca_d1743654,"perturbação obsessivo-compulsiva","2026-05-27 06:00:12.771943+00",media,
87dddd74-50a9-445f-b8bf-76a8b16dc93a,"<![CDATA[Pote abre o coração após época frustrante no Sporting: ""Peço desculpa...""]]>","Notícias ao Minuto",2026-05-26,https://www.noticiasaominuto.com/desporto/2996073/pote-abre-o-coracao-apos-epoca-frustrante-no-sporting-peco-desculpa#utm_source=rss-ultima-hora&amp;utm_medium=rss&amp;utm_campaign=rssfeed,"perturbação obsessivo-compulsiva","2026-05-27 06:00:13.681675+00",media,
87e802f0-4999-4c1b-a57d-56a512b24bd4,"A epidemia silenciosa das dores da coluna: um olhar de quem opera, mas prefere prevenir","Sociedade Portuguesa Patologia Coluna Vertebral",2026-04-02,https://sppcv.org/artigos-de-opiniao/a-epidemia-silenciosa-das-dores-da-coluna-um-olhar-de-quem-opera-mas-prefere-prevenir/,"doenças cardiovasculares","2026-04-10 06:00:42.39863+00",institucional,
88030aaa-cc27-4ea2-b9d5-1825a57d2e27,"<![CDATA[Macau quer ligar China e mercados hsipânicos onde é ""desconhecido""]]>","Notícias ao Minuto",2026-08-02,https://www.noticiasaominuto.com/economia/3031059/macau-quer-ligar-china-e-mercados-hsipanicos-onde-e-desconhecido#utm_source=rss-ultima-hora&amp;utm_medium=rss&amp;utm_campaign=rssfeed,pânico,"2026-08-04 06:00:10.402023+00",media,
88121c14-36e4-4397-b44a-13de8e450ddc,"Dragão volta a parar nos dois: FC Porto bate Rio Ave fora",Observador,2026-08-15,https://observador.pt/liveblogs/rio-ave-fc-porto-dragoes-visitam-arcos-sem-alan-varela-mas-com-nehuen-perez-e-deniz-gul-no-onze/,"perturbação obsessivo-compulsiva","2026-08-16 06:00:09.649116+00",media,
8827eafc-5748-4a0d-a9ad-39123369e9e4,"Elogio da maçã e da castanha, duas confrarias irmãs",Observador,2026-05-22,https://observador.pt/programas/a-historia-das-historias/elogio-da-maca-e-da-castanha-duas-confrarias-irmas/,"síndrome do ovário poliquístico","2026-05-22 06:00:06.0391+00",media,
884d8e00-659f-46b7-afbc-ee0fd8a2cc90,"Transição infantil e hipocrisia: as confissões da WPATH",Observador,2026-08-07,https://observador.pt/opiniao/transicao-infantil-e-hipocrisia-as-confissoes-privadas-da-wpath/,"perturbação obsessivo-compulsiva","2026-08-08 06:00:06.97896+00",media,
8862d966-84ec-4678-9c7e-3fd6dd570022,"Medicina: desconfiança que mata",Público,2026-05-29,https://www.publico.pt/2026/05/30/opiniao/opiniao/medicina-desconfianca-mata-2176342,"perturbação obsessivo-compulsiva","2026-05-30 06:00:08.779095+00",media,
8869cc91-f922-4c9f-b354-74eb0edc8d69,"5h Ondas de calor fazem 30 mil mortes em excesso na Europa",RTP,2026-08-22,https://www.rtp.pt/noticias/noticiario-antena1/5h-ondas-de-calor-fazem-30-mil-mortes-em-excesso-na-europa_a1_1760934,"calor extremo e saúde","2026-08-22 06:00:08.55806+00",media,
889612e7-3681-475e-92ed-7af316a7dc61,"<![CDATA[Após AVC, pianista reinventa-se e volta aos palcos e toca só com uma mão]]>","Notícias ao Minuto",2026-04-21,https://www.noticiasaominuto.com/mundo/2976471/apos-avc-pianista-reinventa-se-e-volta-aos-palcos-e-toca-so-com-uma-mao#utm_source=rss-ultima-hora&amp;utm_medium=rss&amp;utm_campaign=rssfeed,avc,"2026-04-22 06:00:12.405074+00",media,
88a705a0-c61e-4292-b24e-81836fcffb9f,"<![CDATA[Moçambique: Aproximação de supostos terroristas cria pânico em Macomia]]>","Notícias ao Minuto",2026-09-10,https://www.noticiasaominuto.com/mundo/3049377/mocambique-aproximacao-de-supostos-terroristas-cria-panico-em-macomia#utm_source=rss-ultima-hora&amp;utm_medium=rss&amp;utm_campaign=rssfeed,pânico,"2026-09-11 06:00:12.638031+00",media,
88c0d68a-beba-4385-9431-1a65a5603d4b,"O ódio dos que falam em discurso de ódio",Observador,2026-07-12,https://observador.pt/opiniao/o-odio-dos-que-falam-em-discurso-de-odio/,"síndrome do ovário poliquístico","2026-07-13 06:00:07.216284+00",media,
88d15c3e-5ed7-493b-9fdf-10b453bb1d26,"SPPSM apoia 2.ª edição da sessão formativa sobre Autismo e PHDA no Adulto","SP Psiquiatria e Saúde Mental",2026-06-01,https://www.sppsm.org/sppsm-apoia-2-a-edicao-da-sessao-formativa-sobre-autismo-e-phda-no-adulto/,"perturbações do espectro do autismo","2026-08-18 06:00:44.33454+00",institucional,
88e022fd-3dea-49a8-800c-4e258e44ae26,"São Bento: quando um homem muda uma época",Observador,2026-07-26,https://observador.pt/opiniao/novos-tempos-sao-bento-quando-um-homem-muda-uma-epoca/,"perturbação obsessivo-compulsiva","2026-07-27 06:00:06.034731+00",media,
88f7dba1-97c1-49f5-a84b-5eac47c1be05,"05h Palestina decidiu retirar a candidatura à vice-presidência da assembleia-geral da ONU",RTP,2026-05-22,https://www.rtp.pt/noticias/noticiario-antena1/05h-palestina-decidiu-retirar-a-candidatura-a-vice-presidencia-da-assembleia-geral-da-onu_a1_1742772,candidíase,"2026-05-22 06:00:06.868902+00",media,
8a1e4d44-53b1-4e7b-8d8e-6e6ebecccbd3,"<![CDATA[Primárias na Califórnia com disputas renhidas e candidatos antissistema]]>","Notícias ao Minuto",2026-06-01,https://www.noticiasaominuto.com/mundo/2999281/primarias-na-california-com-disputas-renhidas-e-candidatos-antissistema#utm_source=rss-ultima-hora&amp;utm_medium=rss&amp;utm_campaign=rssfeed,candidíase,"2026-06-02 06:00:11.750406+00",media,
8a217e2e-69ec-4227-9def-f13163e5a725,"Como os uniformes da escola voltaram a estar na moda",Observador,2026-09-09,https://observador.pt/programas/do-avesso/como-os-uniformes-da-escola-voltaram-a-estar-na-moda/,"perturbações do espectro do autismo","2026-09-09 06:00:05.443276+00",media,
8a47781b-cef1-4303-a6d8-8fb601f0221a,"<![CDATA[Nigel Farage recandidata-se após polémica no financiamento]]>","Notícias ao Minuto",2026-07-10,https://www.noticiasaominuto.com/mundo/3019762/nigel-farage-recandidata-se-apos-polemica-no-financiamento#utm_source=rss-ultima-hora&amp;utm_medium=rss&amp;utm_campaign=rssfeed,candidíase,"2026-07-11 06:00:11.060245+00",media,
8a68e0dd-16ca-4975-903d-cf06efeebc45,"WHO says Europe must act after 200,000 preventable heat-related deaths","Conselho Português para a Saúde e Ambiente",2026-06-11,https://cpsa.pt/noticias/mundo-noticias/who-says-europe-must-act-after-200000-preventable-heat-related-deaths/,"terapia hormonal","2026-06-17 06:01:23.57414+00",institucional,
8a6aa51a-e7b0-40d6-864b-f0585df54d78,"Roberto Sánchez recorre a comissão interamericana para travar proclamação de Fujimori no Peru",RTP,2026-07-02,https://www.rtp.pt/noticias/mundo/roberto-sanchez-recorre-a-comissao-interamericana-para-travar-proclamacao-de-fujimori-no-peru_n1750788,candidíase,"2026-07-02 06:00:05.677213+00",media,
8a76a5a9-6ee4-47a0-9920-9f5c1814eb8b,"<![CDATA[César Silva recandidata-se a presidente da Distrital de Évora do Chega]]>","Notícias ao Minuto",2026-06-05,https://www.noticiasaominuto.com/politica/3000901/cesar-silva-recandidata-se-a-presidente-da-distrital-de-evora-do-chega#utm_source=rss-ultima-hora&amp;utm_medium=rss&amp;utm_campaign=rssfeed,candidíase,"2026-06-06 06:00:10.764271+00",media,
8a8ece24-fadf-40ce-acb6-d90c94e0511c,"<![CDATA[AR ouve na sexta-feira Tiago Antunes, candidato a Provedor de Justiça]]>","Notícias ao Minuto",2026-04-08,https://www.noticiasaominuto.com/politica/2969014/ar-ouve-na-sexta-feira-tiago-antunes-candidato-a-provedor-de-justica#utm_source=rss-ultima-hora&amp;utm_medium=rss&amp;utm_campaign=rssfeed,candidíase,"2026-04-10 06:00:11.391883+00",media,
8a92a0ed-e2c7-4878-8cee-0b8ecf8ef170,"<![CDATA[Machu Picchu recebe a partir de hoje 5.600 visitantes/dia em época alta]]>","Notícias ao Minuto",2026-06-19,https://www.noticiasaominuto.com/mundo/3007818/machu-picchu-recebe-a-partir-de-hoje-5600-visitantesdia-em-epoca-alta#utm_source=rss-ultima-hora&amp;utm_medium=rss&amp;utm_campaign=rssfeed,"perturbação obsessivo-compulsiva","2026-06-19 06:00:45.839366+00",media,
8aaab6d4-1c20-42b4-abdd-76e4a3c15ce3,"<![CDATA[Cabo Verde: Três candidatos disputam liderança do partido da oposição]]>","Notícias ao Minuto",2026-08-06,https://www.noticiasaominuto.com/mundo/3033050/cabo-verde-tres-candidatos-disputam-lideranca-do-partido-da-oposicao#utm_source=rss-ultima-hora&amp;utm_medium=rss&amp;utm_campaign=rssfeed,candidíase,"2026-08-08 06:00:08.519628+00",media,
8abf7f7d-7d5d-421a-a2e9-03b5e30fddc3,"<![CDATA[Poluição atmosférica pode ser a causa de 9 milhões de casos de diabetes]]>","Notícias ao Minuto",2026-05-13,https://www.noticiasaominuto.com/mundo/2988812/poluicao-atmosferica-pode-ser-a-causa-de-9-milhoes-de-casos-de-diabetes#utm_source=rss-ultima-hora&amp;utm_medium=rss&amp;utm_campaign=rssfeed,"diabetes tipo 2","2026-05-13 06:00:11.346546+00",media,
8ad47011-e04f-4ae6-952a-8a4e87db23bd,"<![CDATA[Rendimento real das famílias na OCDE desacelera no primeiro trimestre]]>","Notícias ao Minuto",2026-08-06,https://www.noticiasaominuto.com/economia/3033061/rendimento-real-das-familias-na-ocde-desacelera-no-primeiro-trimestre#utm_source=rss-ultima-hora&amp;utm_medium=rss&amp;utm_campaign=rssfeed,"perturbação obsessivo-compulsiva","2026-08-09 06:00:11.264131+00",media,
8b05c17a-edf8-467c-9d48-47fec12ddd9a,"<![CDATA[Petrolífera mexicana tentar conter derrame de petróleo no Golfo do México]]>","Notícias ao Minuto",2026-09-12,https://www.noticiasaominuto.com/mundo/3050284/petrolifera-mexicana-tentar-conter-derrame-de-petroleo-no-golfo-do-mexico#utm_source=rss-ultima-hora&amp;utm_medium=rss&amp;utm_campaign=rssfeed,avc,"2026-09-13 06:00:09.495425+00",media,
8b780c3c-440f-4da6-8437-dd43d6530ab3,"Cérebro e coluna: envelhecem juntos, protegem-se juntos","Sociedade Portuguesa Patologia Coluna Vertebral",2026-07-09,https://sppcv.org/artigos-de-opiniao/cerebro-e-coluna-envelhecem-juntos-protegem-se-juntos/,demência,"2026-07-19 06:00:34.925912+00",institucional,
8b7d25de-b4ba-4399-bd2a-b5ce187949ce,"<![CDATA[Época de churrascos já chegou! Como limpar o seu grelhador]]>","Notícias ao Minuto",2026-05-28,https://www.noticiasaominuto.com/lifestyle/2997121/epoca-de-churrascos-ja-chegou-como-limpar-o-seu-grelhador#utm_source=rss-ultima-hora&amp;utm_medium=rss&amp;utm_campaign=rssfeed,"perturbação obsessivo-compulsiva","2026-05-29 06:00:13.155138+00",media,
8b9cfdd0-8f26-4488-955a-9458e71c6728,"Sporting de Braga recua e mantém preços da época passada dos lugares anuais",RTP,2026-06-16,https://www.rtp.pt/noticias/outras-modalidades/sporting-de-braga-recua-e-mantem-precos-da-epoca-passada-dos-lugares-anuais_d1747464,"perturbação obsessivo-compulsiva","2026-06-17 06:00:06.70561+00",media,
8bb36053-fe74-4d21-9931-b38bedde4c93,"<![CDATA[Oficial: Richarllyson assina por duas épocas com o Tondela]]>","Notícias ao Minuto",2026-07-07,https://www.noticiasaominuto.com/desporto/3017952/oficial-richarllyson-assina-por-duas-epocas-com-o-tondela#utm_source=rss-ultima-hora&amp;utm_medium=rss&amp;utm_campaign=rssfeed,"perturbação obsessivo-compulsiva","2026-07-08 06:00:17.625893+00",media,
8bc01247-0348-464c-8c7c-5299a596faf0,"<![CDATA[Petit quer Santa Clara motivado para ""acabar época"" em casa ante Nacional]]>","Notícias ao Minuto",2026-05-10,https://www.noticiasaominuto.com/desporto/2987318/petit-quer-santa-clara-motivado-para-acabar-epoca-em-casa-ante-nacional#utm_source=rss-ultima-hora&amp;utm_medium=rss&amp;utm_campaign=rssfeed,"perturbação obsessivo-compulsiva","2026-05-11 06:00:10.493089+00",media,
8c6f01fa-c14e-4844-9ea9-013df53f318d,"<![CDATA[Após grave depressão, Marcos Bastinhas volta às arenas com triunfo]]>","Notícias ao Minuto",2026-06-09,https://www.noticiasaominuto.com/fama/3002070/apos-grave-depressao-marcos-bastinhas-volta-as-arenas-com-triunfo#utm_source=rss-ultima-hora&amp;utm_medium=rss&amp;utm_campaign=rssfeed,depressão,"2026-06-10 06:00:05.688843+00",media,
8c944108-9ebe-4f1a-bef6-784d9cbf8e9d,"<![CDATA[Quer entrar na universidade? Exames, datas e candidaturas a ter atenção]]>","Notícias ao Minuto",2026-07-21,https://www.noticiasaominuto.com/pais/3024780/quer-entrar-na-universidade-exames-datas-e-candidaturas-a-ter-atencao#utm_source=rss-ultima-hora&amp;utm_medium=rss&amp;utm_campaign=rssfeed,candidíase,"2026-07-22 06:00:06.724704+00",media,
8d1bc266-e1e8-4cd4-af4b-637576bcd3d5,"<![CDATA[Que delícia! Aprenda a receita de sopa de cenoura da tia Cátia]]>","Notícias ao Minuto",2026-04-13,https://www.noticiasaominuto.com/lifestyle/2971934/que-delicia-aprenda-a-receita-de-sopa-de-cenoura-da-tia-catia#utm_source=rss-ultima-hora&amp;utm_medium=rss&amp;utm_campaign=rssfeed,"síndrome do ovário poliquístico","2026-04-14 06:00:07.861746+00",media,
8d258908-fb45-4cd8-9d6a-a98a5da26486,"Bruxelas abre concurso para sete “gigafábricas” de IA na Europa, com Portugal na corrida",Público,2026-07-30,https://www.publico.pt/2026/07/31/enter/noticia/bruxelas-abre-concurso-sete-gigafabricas-ia-europa-portugal-corrida-2183584,candidíase,"2026-07-31 06:00:08.139552+00",media,
8d8b1134-40bd-4fd8-8534-bf83fc6eed40,"<![CDATA[4 carboidratos 'maus' que na verdade ajudam a melhorar o colesterol]]>","Notícias ao Minuto",2026-05-11,https://www.noticiasaominuto.com/lifestyle/2986322/4-carboidratos-maus-que-na-verdade-ajudam-a-melhorar-o-colesterol#utm_source=rss-ultima-hora&amp;utm_medium=rss&amp;utm_campaign=rssfeed,"colesterol alto","2026-05-11 06:00:10.493089+00",media,
8d938f6a-c5ed-41d2-8942-718e34164b53,"Vila Nova pede voto e promete unir são-tomenses",Observador,2026-07-05,https://observador.pt/2026/07/05/carlos-vila-nova-quer-ser-reeleito-para-garantir-estabilidade-e-uniao-em-sao-tome/,candidíase,"2026-07-06 06:00:09.853203+00",media,
8dafb811-1997-4181-ac66-17b697c080fc,"Os enfurecidos. Os irritadiços. Os amuados.",Observador,2026-05-17,https://observador.pt/opiniao/os-enfurecidos-os-irritadicos-os-amuados/,"refluxo gastroesofágico","2026-05-18 06:00:06.647575+00",media,
8ddb5985-7924-4e38-858c-dc8db00bc531,"<![CDATA[Associações genéticas podem estar relacionadas com ansiedade]]>","Notícias ao Minuto",2026-06-09,https://www.noticiasaominuto.com/lifestyle/3002824/associacoes-geneticas-podem-estar-relacionadas-com-ansiedade#utm_source=rss-ultima-hora&amp;utm_medium=rss&amp;utm_campaign=rssfeed,ansiedade,"2026-06-10 06:00:05.688843+00",media,
8e272140-81df-4491-92c2-bc7f54facbab,"<![CDATA[Rui Silva e Constança Sequeira antecipam ""época mais competitiva""]]>","Notícias ao Minuto",2026-07-16,https://www.noticiasaominuto.com/desporto/3022815/rui-silva-e-constanca-sequeira-antecipam-epoca-mais-competitiva#utm_source=rss-ultima-hora&amp;utm_medium=rss&amp;utm_campaign=rssfeed,"perturbação obsessivo-compulsiva","2026-07-18 06:00:10.749625+00",media,
8e41c8e0-5400-4b60-888c-f0472d6025c0,"Líder da esquerda radical francesa lança campanha para 2027",Observador,2026-06-07,https://observador.pt/2026/06/07/lider-da-esquerda-radical-francesa-lanca-campanha-presidencial-para-2027/,candidíase,"2026-06-08 06:00:09.934682+00",media,
8e5c1cf3-9b5b-4530-808b-31a2690f8a8e,"<![CDATA[Vitória SC derrota Felgueiras no primeiro 'teste' da pré-época]]>","Notícias ao Minuto",2026-07-11,https://www.noticiasaominuto.com/desporto/3020074/vitoria-sc-derrota-felgueiras-no-primeiro-teste-da-pre-epoca#utm_source=rss-ultima-hora&amp;utm_medium=rss&amp;utm_campaign=rssfeed,"perturbação obsessivo-compulsiva","2026-07-13 06:00:08.60075+00",media,
8ea13f54-8fc4-4f14-91e5-8f3701dc741f,"<![CDATA[Colômbia: Petro e candidato de Esquerda rejeitam resultados das eleições]]>","Notícias ao Minuto",2026-06-01,https://www.noticiasaominuto.com/mundo/2998820/colombia-petro-e-candidato-de-esquerda-rejeitam-resultados-das-eleicoes#utm_source=rss-ultima-hora&amp;utm_medium=rss&amp;utm_campaign=rssfeed,candidíase,"2026-06-01 06:00:11.673805+00",media,
8ea2b8c4-c40a-4f50-b968-cc2b1c49c478,"<![CDATA[Adeus, enxaquecas! 6 formas de pôr fim às crises]]>","Notícias ao Minuto",2026-06-17,https://www.noticiasaominuto.com/lifestyle/3006532/adeus-enxaquecas-6-formas-de-por-fim-as-crises#utm_source=rss-ultima-hora&amp;utm_medium=rss&amp;utm_campaign=rssfeed,enxaqueca,"2026-06-18 06:00:10.881534+00",media,
8ea3e46b-9096-404b-b514-3ffce8152dd9,"SPPSM apoia 2.ª edição da sessão formativa sobre Autismo e PHDA no Adulto","SP Psiquiatria e Saúde Mental",2026-06-01,https://www.sppsm.org/sppsm-apoia-2-a-edicao-da-sessao-formativa-sobre-autismo-e-phda-no-adulto/,"perturbações do espectro do autismo","2026-08-19 06:00:55.26409+00",institucional,
8efc58c3-4bd8-40e9-ad9e-a73d69ab1907,"<![CDATA[""Uma das atuais sequelas dos AVC é ficar sem bateria depressa demais""]]>","Notícias ao Minuto",2026-07-26,https://www.noticiasaominuto.com/fama/3027543/uma-das-atuais-sequelas-dos-avc-e-ficar-sem-bateria-depressa-demais#utm_source=rss-ultima-hora&amp;utm_medium=rss&amp;utm_campaign=rssfeed,avc,"2026-07-27 06:00:07.629701+00",media,
8f43efe1-56d2-4ccb-b4d9-35f7759f2eb8,"<![CDATA[IP3 cortado nos dois sentidos após derrame de resina em Penacova]]>","Notícias ao Minuto",2026-07-20,https://www.noticiasaominuto.com/pais/3024311/ip3-cortado-nos-dois-sentidos-apos-derrame-de-resina-em-penacova#utm_source=rss-ultima-hora&amp;utm_medium=rss&amp;utm_campaign=rssfeed,avc,"2026-07-21 06:00:06.718319+00",media,
8f501381-1895-408b-8db7-35d860582256,"<![CDATA[Lote de democratas candidatos à Califórnia reduz-se com saída de Swalwell]]>","Notícias ao Minuto",2026-04-13,https://www.noticiasaominuto.com/mundo/2972034/lote-de-democratas-candidatos-a-california-reduz-se-com-saida-de-swalwell#utm_source=rss-ultima-hora&amp;utm_medium=rss&amp;utm_campaign=rssfeed,candidíase,"2026-04-14 06:00:07.861746+00",media,
8f543e1f-f570-4338-908b-aef6afcf7a38,"<![CDATA[Este hábito matinal comum pode aumentar risco de demência, alerta estudo]]>","Notícias ao Minuto",2026-06-19,https://www.noticiasaominuto.com/lifestyle/3007305/este-habito-matinal-comum-pode-aumentar-risco-de-demencia-alerta-estudo#utm_source=rss-ultima-hora&amp;utm_medium=rss&amp;utm_campaign=rssfeed,demência,"2026-06-19 06:00:45.839366+00",media,
8f7f84ce-183a-4cc5-bbff-736f928dd77d,"Hester Prynne e a dança macabra",Observador,2026-05-15,https://observador.pt/opiniao/hester-prynne-e-a-danca-macabra/,solidão,"2026-05-16 06:00:09.260445+00",media,
8f88dcac-4583-43c7-b96b-d11390e95b63,"<![CDATA[Iker Casillas reclama indemnização por enfarte e revela incapacidades ]]>","Notícias ao Minuto",2026-06-09,https://www.noticiasaominuto.com/desporto/3002581/casillas-reclama-indemnizacao-por-enfarte-e-revela-incapacidades#utm_source=rss-ultima-hora&amp;utm_medium=rss&amp;utm_campaign=rssfeed,"doenças cardiovasculares","2026-06-10 06:00:05.688843+00",media,
8f9f45b5-f9fe-4735-952e-be78bffb578b,"<![CDATA[Orçamento do Sporting para a época 2025/26 foi aprovado pelos sócios]]>","Notícias ao Minuto",2026-07-25,https://www.noticiasaominuto.com/desporto/3027484/orcamento-do-sporting-para-a-epoca-202526-foi-aprovado-pelos-socios#utm_source=rss-ultima-hora&amp;utm_medium=rss&amp;utm_campaign=rssfeed,"perturbação obsessivo-compulsiva","2026-07-27 06:00:07.629701+00",media,
8fa8a08c-474a-4f7c-9232-4323b9638572,"<![CDATA[Ricardo Costa anuncia candidatura à Federação Distrital de Braga do PS]]>","Notícias ao Minuto",2026-05-07,https://www.noticiasaominuto.com/politica/2985742/ricardo-costa-anuncia-candidatura-a-federacao-distrital-de-braga-do-ps#utm_source=rss-ultima-hora&amp;utm_medium=rss&amp;utm_campaign=rssfeed,candidíase,"2026-05-08 06:00:08.82177+00",media,
8fb8225c-4695-49fa-b491-fc6a23347c66,"CPSA contribui para declaração europeia que exige maior ação face a ondas de calor","Conselho Português para a Saúde e Ambiente",2026-07-24,https://cpsa.pt/noticias/cpsa-noticias/cpsa-declaracao-europeia-maior-acao-ondas-de-calor/,"calor extremo e saúde","2026-08-08 06:00:56.584699+00",institucional,
8fcca028-5be9-4bdb-86bf-ceed56dd503a,"<![CDATA[União de Leiria prepara nova época com estágio em Espanha]]>","Notícias ao Minuto",2026-07-22,https://www.noticiasaominuto.com/desporto/3025435/uniao-de-leiria-prepara-nova-epoca-com-estagio-em-espanha#utm_source=rss-ultima-hora&amp;utm_medium=rss&amp;utm_campaign=rssfeed,"perturbação obsessivo-compulsiva","2026-07-24 06:00:08.480521+00",media,
8fd82c7f-ff84-48f4-8daf-3a6121aaaf05,"Tribunal obriga PJ a refazer entrevistas em concurso que colocou 80 inspectores-chefe",Público,2026-06-18,https://www.publico.pt/2026/06/18/sociedade/noticia/tribunal-obriga-pj-refazer-entrevistas-concurso-colocou-80-inspectoreschefe-2178585,candidíase,"2026-06-18 06:00:09.167768+00",media,
8feaec4a-c8fb-4079-8c00-e105cff8fbf2,"<![CDATA[Em lágrimas, atriz acusa Joana Marques de a humilhar por ter autismo]]>","Notícias ao Minuto",2026-07-27,https://www.noticiasaominuto.com/fama/3027935/em-lagrimas-atriz-acusa-joana-marques-de-a-humilhar-por-ter-autismo#utm_source=rss-ultima-hora&amp;utm_medium=rss&amp;utm_campaign=rssfeed,"perturbações do espectro do autismo","2026-07-28 06:00:06.037697+00",media,
9044467a-fe06-410f-8df9-2f4b3eef582b,"O Estado deve financiar cursos com pouca saída? — Ouvintes",Observador,2026-08-30,https://observador.pt/programas/fora-do-baralho/o-estado-deve-financiar-cursos-com-pouca-saida-ouvintes/,candidíase,"2026-08-30 06:00:08.580448+00",media,
9091929b-e193-48ba-ba58-fc3fcd9c0572,"<![CDATA[Human Rigths Watch critica condenação de ativistas em Hong Kong]]>","Notícias ao Minuto",2026-08-22,https://www.noticiasaominuto.com/mundo/3039989/human-rigths-watch-critica-condenacao-de-ativistas-em-hong-kong#utm_source=rss-ultima-hora&amp;utm_medium=rss&amp;utm_campaign=rssfeed,"terapia hormonal","2026-08-23 06:00:14.075723+00",media,
90b89b19-1a3d-4b73-a74c-1e32de8eb75f,"<![CDATA[Candidatas à liderança da ONU têm como prioridade combate ao crime]]>","Notícias ao Minuto",2026-08-04,https://www.noticiasaominuto.com/mundo/3031742/candidatas-a-lideranca-da-onu-tem-como-prioridade-combate-ao-crime#utm_source=rss-ultima-hora&amp;utm_medium=rss&amp;utm_campaign=rssfeed,candidíase,"2026-08-05 06:00:10.761498+00",media,
90ba6481-fa87-4b09-ad0b-d8820358adfe,"<![CDATA[Dormir com esta planta ao lado ""reduz o stress e melhora o sono""]]>","Notícias ao Minuto",2026-06-15,https://www.noticiasaominuto.com/lifestyle/3005186/dormir-com-esta-planta-ao-lado-reduz-o-stress-e-melhora-o-sono#utm_source=rss-ultima-hora&amp;utm_medium=rss&amp;utm_campaign=rssfeed,ansiedade,"2026-06-16 06:00:07.256418+00",media,
90e2f8cb-abfd-413b-8315-39eca2efbda8,"<![CDATA[Filipe Coelho fala em ""época histórica e sentimento de dever cumprido""]]>","Notícias ao Minuto",2026-05-18,https://www.noticiasaominuto.com/desporto/2992019/filipe-coelho-fala-em-epoca-historica-e-sentimento-de-dever-cumprido#utm_source=rss-ultima-hora&amp;utm_medium=rss&amp;utm_campaign=rssfeed,"perturbação obsessivo-compulsiva","2026-05-19 06:00:06.176873+00",media,
90f9020e-af80-4aaa-a659-13eaf5d3954c,"“Não gosto da palavra excelência. Prefiro a competência”",Observador,2026-05-08,https://observador.pt/programas/melhor-e-dificil/sobrinho-simoes-nao-gosto-da-palavra-excelencia-prefiro-a-competencia/,"doenças da tiroide","2026-05-08 06:00:07.120957+00",media,
9116c63f-124d-4254-bbc5-a0ea5b6fd7c8,"<![CDATA[Ansiedade nos ""pets"": Aprenda a reconhecer os sinais e saiba o que fazer]]>","Notícias ao Minuto",2026-09-12,https://www.noticiasaominuto.com/lifestyle/3049900/ansiedade-nos-pets-aprenda-a-reconhecer-os-sinais-e-saiba-o-que-fazer#utm_source=rss-ultima-hora&amp;utm_medium=rss&amp;utm_campaign=rssfeed,ansiedade,"2026-09-14 06:00:12.111358+00",media,
91251971-fca3-49ac-b4d7-56fc9092521a,"Marine Le Pen garante candidatura a presidenciais de França 2027",RTP,2026-07-07,https://www.rtp.pt/noticias/mundo/marine-le-pen-garante-candidatura-a-presidenciais-de-franca-2027_v1751954,candidíase,"2026-07-08 06:00:16.902338+00",media,
9125f1ae-e52c-4a56-917c-a313027175be,"<![CDATA[Cientistas chineses querem tratar depressão com robôs de IA ]]>","Notícias ao Minuto",2026-08-28,https://www.noticiasaominuto.com/tech/3042741/cientistas-chineses-querem-tratar-depressao-com-robos-de-ia#utm_source=rss-ultima-hora&amp;utm_medium=rss&amp;utm_campaign=rssfeed,depressão,"2026-08-30 06:00:09.990253+00",media,
91371aae-04aa-4e42-8c7a-6aae17f57e08,"<![CDATA[A solidão chega ao fim para estes 3 signos do zodíaco chinês. É o seu?]]>","Notícias ao Minuto",2026-04-30,https://www.noticiasaominuto.com/lifestyle/2982371/a-solidao-chega-ao-fim-para-estes-3-signos-do-zodiaco-chines-e-o-seu#utm_source=rss-ultima-hora&amp;utm_medium=rss&amp;utm_campaign=rssfeed,solidão,"2026-05-01 06:00:08.294148+00",media,
917ce847-819b-4eed-837a-c0a4d21b458d,"<![CDATA[Tempo útil de jogo na primeira jornada superior a toda a época passada]]>","Notícias ao Minuto",2026-08-12,https://www.noticiasaominuto.com/desporto/3035623/tempo-util-de-jogo-na-primeira-jornada-superior-a-toda-a-epoca-passada#utm_source=rss-ultima-hora&amp;utm_medium=rss&amp;utm_campaign=rssfeed,"perturbação obsessivo-compulsiva","2026-08-13 06:00:12.208572+00",media,
918d0234-24f9-49cd-8c68-a6e272e4ce19,"Qual o calendário dos exames e candidaturas ao Ensino Superior?",RTP,2026-07-18,https://www.rtp.pt/noticias/pais/qual-o-calendario-dos-exames-e-candidaturas-ao-ensino-superior_n1754355,candidíase,"2026-07-19 06:00:07.47541+00",media,
91a6f4c2-ba09-49ed-b769-673d57af922b,"Extremismo e candidato simpático: AfD destacada na Saxónia-Anhalt",Público,2026-08-21,https://www.publico.pt/2026/08/21/mundo/noticia/extremismo-candidato-simpatico-afd-destacada-saxoniaanhnalt-2185732,candidíase,"2026-08-22 06:00:07.700669+00",media,
91b259c1-82dc-445e-8d2d-e49af80da77a,"Cérebro e coluna: envelhecem juntos, protegem-se juntos","Sociedade Portuguesa Patologia Coluna Vertebral",2026-07-09,https://sppcv.org/artigos-de-opiniao/cerebro-e-coluna-envelhecem-juntos-protegem-se-juntos/,demência,"2026-07-18 06:00:31.179194+00",institucional,
91c141b0-f46b-4067-a090-59ba7b0918c4,"Alckmin é oficializado candidato a vice de Lula para eleições gerais de outubro",RTP,2026-07-30,https://www.rtp.pt/noticias/mundo/alckmin-e-oficializado-candidato-a-vice-de-lula-para-eleicoes-gerais-de-outubro_n1756648,candidíase,"2026-07-30 06:00:14.696811+00",media,
920910b5-8439-4a36-8930-14acf52a1064,"Arrancou a época extraordinária de exames do secundário",RTP,2026-09-03,https://www.rtp.pt/noticias/pais/arrancou-a-epoca-extraordinaria-de-exames-do-secundario_v1763273,"perturbação obsessivo-compulsiva","2026-09-04 06:00:09.553959+00",media,
9216887e-e1be-476c-ae57-6dca280a18ba,"<![CDATA[Adeptos da Académica antecipam época difícil no regresso ao profissional]]>","Notícias ao Minuto",2026-08-08,https://www.noticiasaominuto.com/desporto/3033901/adeptos-da-academica-antecipam-epoca-dificil-no-regresso-ao-profissional#utm_source=rss-ultima-hora&amp;utm_medium=rss&amp;utm_campaign=rssfeed,"perturbação obsessivo-compulsiva","2026-08-09 06:00:11.264131+00",media,
923894de-58ed-47b2-81b3-3e427c1a4376,"Higino Carneiro não desiste de candidatura ao MPLA",Observador,2026-08-19,https://observador.pt/2026/08/19/mantenho-a-minha-decisao-higino-carneiro-nao-desiste-do-mpla-apesar-de-acusacao-por-peculato-e-branqueamento/,candidíase,"2026-08-20 06:00:07.651532+00",media,
923b3326-482b-45fa-a6d7-35c0787f1259,"<![CDATA[Companhia de Teatro de Almada estreia ""Medida por Medida"" de Shakespeare]]>","Notícias ao Minuto",2026-08-22,https://www.noticiasaominuto.com/cultura/3039958/companhia-de-teatro-de-almada-estreia-medida-por-medida-de-shakespeare#utm_source=rss-ultima-hora&amp;utm_medium=rss&amp;utm_campaign=rssfeed,"perturbações do espectro do autismo","2026-08-23 06:00:14.075723+00",media,
9247df01-d52c-4d32-9832-9040dc7d182e,"<![CDATA[Conselho da UE quer melhor preparação para época de incêndios]]>","Notícias ao Minuto",2026-06-29,https://www.noticiasaominuto.com/mundo/3013013/conselho-da-ue-quer-melhor-preparacao-para-epoca-de-incendios#utm_source=rss-ultima-hora&amp;utm_medium=rss&amp;utm_campaign=rssfeed,"perturbação obsessivo-compulsiva","2026-06-30 06:00:14.244257+00",media,
925aed91-68fd-4b52-a942-eeb5ee873a56,"<![CDATA[Criança com autismo resgatada de lago com ajuda de drone. Eis o vídeo]]>","Notícias ao Minuto",2026-09-10,https://www.noticiasaominuto.com/mundo/3049602/crianca-com-autismo-resgatada-de-lago-com-ajuda-de-drone-eis-o-video#utm_source=rss-ultima-hora&amp;utm_medium=rss&amp;utm_campaign=rssfeed,"perturbações do espectro do autismo","2026-09-13 06:00:09.495425+00",media,
926ef603-1718-41bf-9823-b2c87eeadf4e,"SAD 1662/2025 &#8211; Aquisição de Serviços de Cloud Computing &#8211; Término da 2ª Ronda de Qualificação de Candidatos",SPMS,2026-07-17,https://www.spms.min-saude.pt/2026/07/sad-1662-2025-aquisicao-de-servicos-de-cloud-computing-termino-da-2a-ronda-de-qualificacao-de-candidatos/,candidíase,"2026-07-20 06:00:20.130472+00",institucional,
92bcc2ef-9885-45f9-af7e-c33bbfc870ff,"<![CDATA[Tudo a postos para início da época balnear em Viana do Castelo e Caminha]]>","Notícias ao Minuto",2026-06-12,https://www.noticiasaominuto.com/pais/3004365/tudo-a-postos-para-inicio-da-epoca-balnear-em-viana-do-castelo-e-caminha#utm_source=rss-ultima-hora&amp;utm_medium=rss&amp;utm_campaign=rssfeed,"perturbação obsessivo-compulsiva","2026-06-13 06:00:08.613791+00",media,
92f3d674-d332-4224-be6d-f9a843aa3694,"<![CDATA[Mulher denuncia companheiro: Fazia-a prostituir-se (e temia pela filha)]]>","Notícias ao Minuto",2026-07-17,https://www.noticiasaominuto.com/pais/3023066/mulher-denuncia-companheiro-que-a-obrigava-a-prostituir-temia-pela-filha#utm_source=rss-ultima-hora&amp;utm_medium=rss&amp;utm_campaign=rssfeed,"refluxo gastroesofágico","2026-07-18 06:00:10.749625+00",media,
92f404bf-1fbc-4423-b4ae-6fda2b8f82b2,"<![CDATA[Colesterol alto? 3 coisas que os cardiologistas querem que pare de fazer]]>","Notícias ao Minuto",2026-08-22,https://www.noticiasaominuto.com/lifestyle/3037696/colesterol-alto-3-coisas-que-os-cardiologistas-querem-que-pare-de-fazer#utm_source=rss-ultima-hora&amp;utm_medium=rss&amp;utm_campaign=rssfeed,"colesterol alto","2026-08-24 06:00:11.840935+00",media,
9314c19c-17aa-4034-998d-e2f604d7057e,"Alentejo 2030 apoia modernização digital de autarquias",Observador,2026-08-24,https://observador.pt/2026/08/24/alentejo-2030-abre-concurso-de-um-milhao-de-euros-para-digitalizar-municipios-e-comunidades-intermunicipais/,candidíase,"2026-08-25 06:00:06.548209+00",media,
935ca07a-6b65-4c26-9436-89267679e9b9,"SPPSM apoia 2.ª edição da sessão formativa sobre Autismo e PHDA no Adulto","SP Psiquiatria e Saúde Mental",2026-06-01,https://www.sppsm.org/sppsm-apoia-2-a-edicao-da-sessao-formativa-sobre-autismo-e-phda-no-adulto/,"perturbações do espectro do autismo","2026-08-27 06:00:46.860941+00",institucional,
9361eb9c-497c-4644-9090-6a2a31386e66,"<![CDATA[Pré-candidato à liderança do MPLA admite integrar outro partido]]>","Notícias ao Minuto",2026-06-16,https://www.noticiasaominuto.com/mundo/3006091/pre-candidato-a-lideranca-do-mpla-admite-integrar-outro-partido#utm_source=rss-ultima-hora&amp;utm_medium=rss&amp;utm_campaign=rssfeed,candidíase,"2026-06-17 06:00:07.436327+00",media,
93688276-2214-475e-a482-78544ff77a50,"<![CDATA[""Se tivesse um filho em época de exames era capaz de estar preocupado""]]>","Notícias ao Minuto",2026-07-11,https://www.noticiasaominuto.com/pais/3020119/se-tivesse-um-filho-em-epoca-de-exames-era-capaz-de-estar-preocupado#utm_source=rss-ultima-hora&amp;utm_medium=rss&amp;utm_campaign=rssfeed,"perturbação obsessivo-compulsiva","2026-07-14 06:00:07.455812+00",media,
93bfd17f-d690-4f76-8363-c24b383be7c5,"<![CDATA[Este alimento é um dos maiores aliados contra o colesterol, diz estudo]]>","Notícias ao Minuto",2026-04-11,https://www.noticiasaominuto.com/lifestyle/2968909/este-alimento-e-um-dos-maiores-aliados-contra-o-colesterol-diz-estudo#utm_source=rss-ultima-hora&amp;utm_medium=rss&amp;utm_campaign=rssfeed,"colesterol alto","2026-04-12 06:00:08.151266+00",media,
93dae751-786e-48f4-8682-3d2a569f5c25,"2h Trabalhadores sofrem com assédio e burnout",RTP,2026-05-15,https://www.rtp.pt/noticias/noticiario-antena1/2h-trabalhadores-sofrem-com-assedio-e-burnout_a1_1741388,burnout,"2026-05-15 06:00:07.818567+00",media,
93eaa592-33b8-4031-be0b-f7399a498307,"Bolsa de Investigação “Vida após AVC”","SP Medicina Interna",2026-04-09,https://www.spmi.pt/bolsa-de-investigacao-vida-apos-avc/,avc,"2026-04-11 06:00:48.029187+00",institucional,
93ff51ad-54c2-4352-a9f5-2c84053c99b4,"<![CDATA[Sporting vai participar de Gabri Veiga e época de Hjulmand está em risco]]>","Notícias ao Minuto",2026-04-23,https://www.noticiasaominuto.com/desporto/2978341/sporting-vai-participar-de-gabri-veiga-e-epoca-de-hjulmand-esta-em-risco#utm_source=rss-ultima-hora&amp;utm_medium=rss&amp;utm_campaign=rssfeed,"perturbação obsessivo-compulsiva","2026-04-24 06:00:10.111579+00",media,
940ef676-724c-4d1c-9f5f-93206d668401,"Petit quer Santa Clara com &quot;ambição&quot; frente ao Sporting",Observador,2026-04-02,https://observador.pt/2026/04/02/i-liga-petit-quer-santa-clara-com-personalidade-e-ambicao-frente-ao-sporting/,"perturbação obsessivo-compulsiva","2026-04-03 06:00:18.813795+00",media,
94425395-b920-410d-967e-8584a701b9cb,"Lajes. Candidaturas abrem para arrendar no bairro dos EUA",Observador,2026-04-13,https://observador.pt/2026/04/14/92-casas-da-base-das-lajes-abertas-a-arrendamento-com-opcao-de-compra-nos-acores-candidaturas-arrancam-esta-quarta-feira/,candidíase,"2026-04-14 06:00:06.284817+00",media,
9467b91c-ffd9-4a1d-9879-0a0053400638,"Flávio Bolsonaro abre campanha no Brasil invocando o pai",Observador,2026-08-16,https://observador.pt/2026/08/16/flavio-bolsonaro-abre-campanha-no-brasil-invocando-o-pai/,candidíase,"2026-08-17 06:00:08.731365+00",media,
946da098-9028-41ee-8410-ec28c7fc404d,"<![CDATA[Bangladesh enfrenta pior surto de sarampo em 20 anos]]>","Notícias ao Minuto",2026-05-08,https://www.noticiasaominuto.com/mundo/2986509/bangladesh-enfrenta-pior-surto-de-sarampo-em-20-anos#utm_source=rss-ultima-hora&amp;utm_medium=rss&amp;utm_campaign=rssfeed,"sarampo surto","2026-05-09 06:00:09.588472+00",media,
94761af4-219c-4f9a-8b4e-eb57e3089d57,"<![CDATA[Kremlin responde à Alemanha sobre Leipzig: Acusações são ""vazias""]]>","Notícias ao Minuto",2026-09-04,https://www.noticiasaominuto.com/mundo/3046355/russia-classifica-como-vazias-e-infundadas-acusacoes-de-ataque-hibrido-na-alemanha#utm_source=rss-ultima-hora&amp;utm_medium=rss&amp;utm_campaign=rssfeed,"refluxo gastroesofágico","2026-09-07 06:00:16.483552+00",media,
948e2189-09c8-400b-b8c3-93ef4ade3015,"<![CDATA[Fórmula 1 admite acabar época na Europa. Pode vir a Portugal?]]>","Notícias ao Minuto",2026-07-29,https://www.noticiasaominuto.com/auto/3029215/formula-1-admite-acabar-epoca-na-europa-pode-vir-a-portugal#utm_source=rss-ultima-hora&amp;utm_medium=rss&amp;utm_campaign=rssfeed,"perturbação obsessivo-compulsiva","2026-07-30 06:00:41.97847+00",media,
94cbf1d1-863a-4ce8-b11d-be494db93be3,"<![CDATA[Nacional encerra pré-época com vitória frente à AD Camacha]]>","Notícias ao Minuto",2026-08-02,https://www.noticiasaominuto.com/desporto/3031151/nacional-encerra-pre-epoca-com-vitoria-frente-a-ad-camacha#utm_source=rss-ultima-hora&amp;utm_medium=rss&amp;utm_campaign=rssfeed,"perturbação obsessivo-compulsiva","2026-08-03 06:00:08.436187+00",media,
94d2876e-7abb-46ce-a304-a783c42977ca,"Sessões informativas sobre Qualidade do Ar Interior &#8211; 3ª edição 2026",INSA,2026-09-02,https://www.insa.min-saude.pt/sessoes-informativas-sobre-qualidade-do-ar-interior-3a-edicao-2026/,"poluição e saúde","2026-09-11 06:00:19.53728+00",institucional,
94e8a3d3-0a18-4616-bbe0-11fb275445bb,"3h. Marques Mendes: revisão constitucional não é necessária",Observador,2026-08-27,https://observador.pt/programas/noticiario/as-noticias-das-3h-2418/,candidíase,"2026-08-27 06:00:09.032612+00",media,
94faaeb5-bd4d-4b06-aded-1b8531a91917,"<![CDATA[""Voltei a beber"": Brad Pitt faz confissão sobre vício do álcool]]>","Notícias ao Minuto",2026-08-11,https://www.noticiasaominuto.com/fama/3034875/voltei-a-beber-brad-pitt-faz-confissao-sobre-vicio-do-alcool#utm_source=rss-ultima-hora&amp;utm_medium=rss&amp;utm_campaign=rssfeed,dependências,"2026-08-13 06:00:12.208572+00",media,
94ffd5fe-9d99-41bb-9d6c-14daf329fbfc,"<![CDATA[Mulher denuncia companheiro: Fazia-a prostituir-se (e temia pela filha)]]>","Notícias ao Minuto",2026-07-17,https://www.noticiasaominuto.com/pais/3023066/mulher-denuncia-companheiro-que-a-obrigava-a-prostituir-temia-pela-filha#utm_source=rss-ultima-hora&amp;utm_medium=rss&amp;utm_campaign=rssfeed,"refluxo gastroesofágico","2026-07-19 06:00:08.057305+00",media,
9508fb00-a245-4a45-9cb5-640e08674ca7,"<![CDATA[Por cá: Cristiano Ronaldo entre o ""Siiiiim"" e o... ""Shiuuuuuu""]]>","Notícias ao Minuto",2026-06-24,https://www.noticiasaominuto.com/desporto/3010318/por-ca-cristiano-ronaldo-entre-o-siiiiim-e-o-shiuuuuuu#utm_source=rss-ultima-hora&amp;utm_medium=rss&amp;utm_campaign=rssfeed,"síndrome de intestino irritável","2026-06-25 06:00:18.090096+00",media,
9550310e-9abd-4e89-a508-3ba615c4b6d5,"<![CDATA[Utentes apelam a médicos para que receitem novos genéricos para diabetes]]>","Notícias ao Minuto",2026-08-11,https://www.noticiasaominuto.com/pais/3034880/utentes-apelam-a-medicos-para-que-receitem-novos-genericos-para-diabetes#utm_source=rss-ultima-hora&amp;utm_medium=rss&amp;utm_campaign=rssfeed,"diabetes tipo 2","2026-08-13 06:00:12.208572+00",media,
9551b5d1-61dd-4fe3-8fb2-65c087b55ac5,"Ex-PR senegalês relativiza tradição de rotação geográfica para liderança da ONU",RTP,2026-04-23,https://www.rtp.pt/noticias/mundo/ex-pr-senegales-relativiza-tradicao-de-rotacao-geografica-para-lideranca-da-onu_n1736173,candidíase,"2026-04-23 06:00:09.005342+00",media,
9556e91f-2c53-49e0-9c43-306748eb3d3c,"<![CDATA[Ópera portuguesa leva mito de Pigmalião a um futuro pós-apocalíptico]]>","Notícias ao Minuto",2026-08-31,https://www.noticiasaominuto.com/cultura/3043976/opera-portuguesa-leva-mito-de-pigmaliao-a-um-futuro-pos-apocaliptico#utm_source=rss-ultima-hora&amp;utm_medium=rss&amp;utm_campaign=rssfeed,"perturbação obsessivo-compulsiva","2026-09-01 06:00:08.684224+00",media,
9563b854-68ae-4188-b5cd-2cd8436bebe4,"<![CDATA[""Obviamente"". Infantino recandidata-se à presidência da FIFA]]>","Notícias ao Minuto",2026-09-11,https://www.noticiasaominuto.com/desporto/3050156/obviamente-infantino-recandidata-se-a-presidencia-da-fifa#utm_source=rss-ultima-hora&amp;utm_medium=rss&amp;utm_campaign=rssfeed,candidíase,"2026-09-13 06:00:09.495425+00",media,
957eae7b-5a2d-48c4-9423-608baaf65ea8,"<![CDATA[FC Porto arrasa no Golden Boy e já vai em cinco candidatos]]>","Notícias ao Minuto",2026-08-13,https://www.noticiasaominuto.com/desporto/3035940/fc-porto-arrasa-no-golden-boy-e-ja-vai-em-cinco-candidatos#utm_source=rss-ultima-hora&amp;utm_medium=rss&amp;utm_campaign=rssfeed,candidíase,"2026-08-14 06:00:11.985508+00",media,
9589787b-714f-4d11-9754-61bb9919e003,"<![CDATA[Estudo. Eis os alimentos que ajudam a reduzir risco de cancro da mama]]>","Notícias ao Minuto",2026-08-08,https://www.noticiasaominuto.com/lifestyle/3031502/estudo-eis-os-alimentos-que-ajudam-a-reduzir-risco-de-cancro-da-mama#utm_source=rss-ultima-hora&amp;utm_medium=rss&amp;utm_campaign=rssfeed,"cancro da mama","2026-08-10 06:00:10.246201+00",media,
959be481-6da7-40df-b6eb-16a2fc69a462,"<![CDATA[Ministro admite que candidatos da 2.ª fase são os mais prejudicados]]>","Notícias ao Minuto",2026-09-01,https://www.noticiasaominuto.com/pais/3044763/candidatos-da-segunda-fase-sao-os-mais-prejudicados-com-atrasos-nos-exames-ministro-caudio#utm_source=rss-ultima-hora&amp;utm_medium=rss&amp;utm_campaign=rssfeed,candidíase,"2026-09-02 06:00:06.388454+00",media,
960e8fd1-96ad-49f4-b09a-654c83df33f0,"<![CDATA[Mãe de Catarina Gouveia com sépsis grave. Porque é que é tão sério?]]>","Notícias ao Minuto",2026-08-13,https://www.noticiasaominuto.com/lifestyle/3035907/mae-de-catarina-gouveia-com-sepsis-grave-por-que-isto-e-tao-serio#utm_source=rss-ultima-hora&amp;utm_medium=rss&amp;utm_campaign=rssfeed,sepsis,"2026-08-14 06:00:11.985508+00",media,
9610067a-0472-4af2-83bb-be55c7579d1e,"<![CDATA[Partido dos Trabalhadores oficializa Lula como candidato presidencial]]>","Notícias ao Minuto",2026-08-02,https://www.noticiasaominuto.com/mundo/3031049/partido-dos-trabalhadores-oficializa-lula-como-candidato-presidencial#utm_source=rss-ultima-hora&amp;utm_medium=rss&amp;utm_campaign=rssfeed,candidíase,"2026-08-03 06:00:08.436187+00",media,
961feeec-5254-45b3-b477-5e922fd5dde9,"<![CDATA[Nutricionista recomenda erva aromática para se livrar do ""mau colesterol""]]>","Notícias ao Minuto",2026-08-12,https://www.noticiasaominuto.com/lifestyle/3035148/nutricionista-recomenda-erva-aromatica-para-se-livrar-do-mau-colesterol#utm_source=rss-ultima-hora&amp;utm_medium=rss&amp;utm_campaign=rssfeed,"colesterol alto","2026-08-13 06:00:12.208572+00",media,
96418846-cb7f-46ff-9f5b-a7653ca0b650,"<![CDATA[3 hábitos diários que podem estar a aumentar os seus níveis de colesterol]]>","Notícias ao Minuto",2026-08-06,https://www.noticiasaominuto.com/lifestyle/3032923/3-habitos-diarios-que-podem-estar-a-aumentar-os-seus-niveis-de-colesterol#utm_source=rss-ultima-hora&amp;utm_medium=rss&amp;utm_campaign=rssfeed,"colesterol alto","2026-08-08 06:00:08.519628+00",media,
967b69b5-3fd2-4ee7-8569-cc0cd70f394a,"<![CDATA[""Economia da solidão"" supera 866 mil milhões de euros na China]]>","Notícias ao Minuto",2026-09-14,https://www.noticiasaominuto.com/mundo/3050934/economia-da-solidao-supera-866-mil-milhoes-de-euros-na-china-relatorio#utm_source=rss-ultima-hora&amp;utm_medium=rss&amp;utm_campaign=rssfeed,solidão,"2026-09-15 06:00:07.629104+00",media,
9685e979-e97c-43a7-b99f-e55981bfeae2,"Diagnósticos de TDAH em adultos triplicam em Portugal",Expresso,2025-03-10,https://expresso.pt/tdah-adultos-portugal,TDAH,"2026-03-08 11:22:47.09953+00",media,
968d4c28-be98-48b2-a484-784c31aceeb8,"<![CDATA[Hábito inofensivo no trabalho pode ser sinal de sintoma de ansiedade]]>","Notícias ao Minuto",2026-09-03,https://www.noticiasaominuto.com/lifestyle/3045923/habito-inofensivo-no-trabalho-pode-ser-sinal-de-sintoma-de-ansiedade#utm_source=rss-ultima-hora&amp;utm_medium=rss&amp;utm_campaign=rssfeed,ansiedade,"2026-09-04 06:00:10.110953+00",media,
96960f70-ac50-47ad-aa9d-5798a9bdf686,"<![CDATA[Foi assim que Schjelderup chegou ao 10.º golo pelo Benfica esta época]]>","Notícias ao Minuto",2026-05-02,https://www.noticiasaominuto.com/desporto/2983025/foi-assim-que-schjelderup-chegou-ao-10-golo-pelo-benfica-esta-epoca#utm_source=rss-ultima-hora&amp;utm_medium=rss&amp;utm_campaign=rssfeed,"perturbação obsessivo-compulsiva","2026-05-03 06:00:09.931818+00",media,
96eb31d2-203b-4145-8a7a-8d6aafe12816,"<![CDATA[Pipoca Mais Doce forçada a adiar espetáculos ""por aconselhamento médico""]]>","Notícias ao Minuto",2026-09-11,https://www.noticiasaominuto.com/fama/3049800/pipoca-mais-doce-forcada-a-adiar-espetaculos-por-aconselhamento-medico#utm_source=rss-ultima-hora&amp;utm_medium=rss&amp;utm_campaign=rssfeed,"perturbação obsessivo-compulsiva","2026-09-12 06:00:11.851977+00",media,
97294920-a939-46db-a0ba-8ccb2144f8ed,"<![CDATA[Ex-ministro acusado da morte de candidato à presidência extraditado]]>","Notícias ao Minuto",2026-08-29,https://www.noticiasaominuto.com/mundo/3043224/ex-ministro-acusado-da-morte-de-candidato-a-presidencia-extraditado#utm_source=rss-ultima-hora&amp;utm_medium=rss&amp;utm_campaign=rssfeed,candidíase,"2026-08-30 06:00:09.990253+00",media,
975077e7-8da8-4243-ac7d-338af37c9e43,"<![CDATA[Governo vai corrigir despacho que visa médicos das unidades de AVC]]>","Notícias ao Minuto",2026-07-13,https://www.noticiasaominuto.com/pais/3020937/governo-vai-corrigir-despacho-que-visa-medicos-das-unidades-de-avc#utm_source=rss-ultima-hora&amp;utm_medium=rss&amp;utm_campaign=rssfeed,avc,"2026-07-14 06:00:07.455812+00",media,
9760ff83-978f-4d0e-8cb0-c317ec110e81,"<![CDATA[Sporting começa época na Champions... como rei da Liga Europa]]>","Notícias ao Minuto",2026-09-04,https://www.noticiasaominuto.com/desporto/3036530/sporting-comeca-epoca-na-champions-como-rei-da-liga-europa#utm_source=rss-ultima-hora&amp;utm_medium=rss&amp;utm_campaign=rssfeed,"perturbação obsessivo-compulsiva","2026-09-05 06:00:09.983409+00",media,
97661bc4-f76c-4d9c-91a5-a9d48d77fbce,"<![CDATA[Candidatos a juízes do TC prometem ""independência e imparcialidade""]]>","Notícias ao Minuto",2026-06-02,https://www.noticiasaominuto.com/pais/2999672/candidatos-a-juizes-do-tc-prometem-independencia-e-imparcialidade#utm_source=rss-ultima-hora&amp;utm_medium=rss&amp;utm_campaign=rssfeed,candidíase,"2026-06-03 06:00:10.557048+00",media,
9799ac11-4309-4b37-a3e4-91e719850d81,"<![CDATA[Noah Madsen renova com Marítimo por mais uma época]]>","Notícias ao Minuto",2026-05-22,https://www.noticiasaominuto.com/desporto/2994009/noah-madsen-renova-com-maritimo-por-mais-uma-epoca#utm_source=rss-ultima-hora&amp;utm_medium=rss&amp;utm_campaign=rssfeed,"perturbação obsessivo-compulsiva","2026-05-23 06:00:10.234888+00",media,
97a56a2c-ffd7-41ea-be0c-137405b3bd72,"DGS lança campanha contra uso excessivo de antibióticos","Diário de Notícias",2026-03-08,https://dn.pt/campanha-antibioticos-dgs,"resistência antibióticos","2026-03-08 11:22:47.09953+00",media,
97e2d1b9-e9b1-4cce-b0c6-55caa6f120aa,"<![CDATA[Estudo da Greenpeace deteta microplásticos em comida para bebés]]>","Notícias ao Minuto",2026-05-21,https://www.noticiasaominuto.com/mundo/2993497/estudo-da-greenpeace-deteta-microplasticos-em-comida-para-bebes#utm_source=rss-ultima-hora&amp;utm_medium=rss&amp;utm_campaign=rssfeed,"perturbações do espectro do autismo","2026-05-22 06:00:07.53249+00",media,
97e5dcc6-3eb5-4577-9d24-ea79b94fea40,"SPMS brings together national partners to mark the closing of the European action EU Interoperability with HERA’s IT Platform (EU-HIP)",SPMS,2026-04-24,https://www.spms.min-saude.pt/2026/04/spms-brings-together-national-partners-to-mark-the-closing-of-the-european-action-eu-interoperability-with-heras-it-platform-eu-hip/,"perturbações do espectro do autismo","2026-04-25 06:00:17.355984+00",institucional,
984b242a-0938-454a-b2ae-0f7dcef46a94,"<![CDATA[Estoril e Famalicão abrem nova época, campeão FC Porto joga ao domingo]]>","Notícias ao Minuto",2026-07-17,https://www.noticiasaominuto.com/desporto/3023392/estoril-e-famalicao-abrem-nova-epoca-campeao-fc-porto-joga-ao-domingo#utm_source=rss-ultima-hora&amp;utm_medium=rss&amp;utm_campaign=rssfeed,"perturbação obsessivo-compulsiva","2026-07-20 06:00:12.191085+00",media,
9895a2bc-1122-41ef-ba07-ff56f9fcd379,"<![CDATA[Estoril e Famalicão abrem nova época, campeão FC Porto joga ao domingo]]>","Notícias ao Minuto",2026-07-17,https://www.noticiasaominuto.com/desporto/3023392/estoril-e-famalicao-abrem-nova-epoca-campeao-fc-porto-joga-ao-domingo#utm_source=rss-ultima-hora&amp;utm_medium=rss&amp;utm_campaign=rssfeed,"perturbação obsessivo-compulsiva","2026-07-18 06:00:10.749625+00",media,
98a88ccc-a84b-49da-b40c-efbdbc124539,"O mar já não existe",Observador,2026-06-20,https://observador.pt/opiniao/o-mar-ja-nao-existe/,"perturbação obsessivo-compulsiva","2026-06-21 06:00:23.028404+00",media,
98db8ce5-5e22-4039-a650-1182023b0f26,"<![CDATA[Filiação noutro partido trava candidatura de Flávio Bolsonaro]]>","Notícias ao Minuto",2026-08-13,https://www.noticiasaominuto.com/mundo/3036266/filiacao-noutro-partido-trava-candidatura-de-flavio-bolsonaro#utm_source=rss-ultima-hora&amp;utm_medium=rss&amp;utm_campaign=rssfeed,candidíase,"2026-08-15 06:00:11.370737+00",media,
98fb89e9-cfd5-46c1-bc67-00c96dbab07d,"<![CDATA[Moldova. Sandu escolheu Vasile Tofan como candidato a primeiro-ministro]]>","Notícias ao Minuto",2026-07-11,https://www.noticiasaominuto.com/mundo/3020020/moldova-sandu-escolheu-vasile-tofan-como-candidato-a-primeiro-ministro#utm_source=rss-ultima-hora&amp;utm_medium=rss&amp;utm_campaign=rssfeed,candidíase,"2026-07-13 06:00:08.60075+00",media,
9912626e-78bf-4b55-b1b3-d420dd3d8fb0,"<![CDATA[Taxa de emprego em Portugal e outros 8 países da OCDE em máximos]]>","Notícias ao Minuto",2026-04-16,https://www.noticiasaominuto.com/economia/2973830/taxa-de-emprego-em-portugal-e-outros-8-paises-da-ocde-em-maximos#utm_source=rss-ultima-hora&amp;utm_medium=rss&amp;utm_campaign=rssfeed,"perturbação obsessivo-compulsiva","2026-04-17 06:00:06.553751+00",media,
99411585-4a91-43fa-920f-a6b7b9066598,"<![CDATA[Acesso ao Superior com maior procura em três décadas: 60.391 candidatos]]>","Notícias ao Minuto",2026-08-07,https://www.noticiasaominuto.com/pais/3033394/acesso-ao-superior-com-maior-procura-em-tres-decadas-60391-candidatos#utm_source=rss-ultima-hora&amp;utm_medium=rss&amp;utm_campaign=rssfeed,candidíase,"2026-08-10 06:00:10.246201+00",media,
994512be-a6c7-441e-8fee-7ab589ee0384,"<![CDATA[Luís Montenegro assume Portugal como candidato a ganhar Mundial2026]]>","Notícias ao Minuto",2026-05-28,https://www.noticiasaominuto.com/desporto/2997147/luis-montenegro-assume-portugal-como-candidato-a-ganhar-mundial2026#utm_source=rss-ultima-hora&amp;utm_medium=rss&amp;utm_campaign=rssfeed,candidíase,"2026-05-29 06:00:13.155138+00",media,
9958bc24-7724-4b77-bfc5-5c51491af729,"Aposta da China nos eléctricos salvou vidas. Mas não todas",Observador,2026-06-09,https://observador.pt/2026/06/09/aposta-da-china-nos-electricos-salvou-vidas-mas-nao-todas/,"poluição e saúde","2026-06-10 06:00:03.882258+00",media,
9989e99a-8c03-4332-9954-a5877ef4adb4,"A rede que nunca dorme",Observador,2026-06-04,https://observador.pt/opiniao/a-rede-que-nunca-dorme/,candidíase,"2026-06-05 06:00:11.328487+00",media,
99928716-c21a-4876-83a4-5cb33410d4e3,"Sopa no fim ajuda a digestão? – A sua pergunta",Observador,2026-07-17,https://observador.pt/programas/aprender-a-comer/sopa-no-fim-ajuda-a-digestao-a-sua-pergunta/,"síndrome do ovário poliquístico","2026-07-17 06:00:08.346791+00",media,
99ba364a-d764-4a57-ba16-4b666de6cae9,"Os looks da passadeira vermelha dos Emmys",Observador,2026-09-14,https://observador.pt/2026/09/15/os-looks-da-passadeira-vermelha-dos-emmys/,"perturbações do espectro do autismo","2026-09-15 06:00:06.316389+00",media,
99bdff60-88ea-462d-823a-3f7a094c6c64,"Inundações ameaçam cerca de 15 mil pessoas em Moçambique",Observador,2026-03-20,https://observador.pt/2026/03/20/inundacoes-ameacam-cerca-de-15-mil-pessoas-em-provincia-do-centro-de-mocambique/,"perturbação obsessivo-compulsiva","2026-03-21 06:00:12.467197+00",media,
99cb5f22-ee26-4011-9c3b-215f3da66af2,"<![CDATA[Médicos aconselham este pequeno-almoço para reduzir o colesterol]]>","Notícias ao Minuto",2026-06-18,https://www.noticiasaominuto.com/lifestyle/3006554/medicos-aconselham-este-pequeno-almoco-para-reduzir-o-colesterol#utm_source=rss-ultima-hora&amp;utm_medium=rss&amp;utm_campaign=rssfeed,"colesterol alto","2026-06-18 06:00:10.881534+00",media,
99d87eb4-f725-4814-8f51-b61abe074b4a,"<![CDATA[Covid longa custa às economias da OCDE até 115.000 milhões anuais]]>","Notícias ao Minuto",2026-04-08,https://www.noticiasaominuto.com/economia/2969072/covid-longa-custa-as-economias-da-ocde-ate-115000-milhoes-anuais#utm_source=rss-ultima-hora&amp;utm_medium=rss&amp;utm_campaign=rssfeed,"long covid","2026-04-10 06:00:11.391883+00",media,
99e682cc-8994-4787-958b-dc1df33db768,"<![CDATA[Duas mulheres e dois homens: Quem são os candidatos a secretário da ONU?]]>","Notícias ao Minuto",2026-04-19,https://www.noticiasaominuto.com/mundo/2975460/duas-mulheres-e-dois-homens-quem-sao-os-candidatos-a-secretario-da-onu#utm_source=rss-ultima-hora&amp;utm_medium=rss&amp;utm_campaign=rssfeed,candidíase,"2026-04-20 06:00:08.412601+00",media,
99f06c6d-8844-4ba7-bd59-9dcd6c9d4b85,"Marco Silva &quot;passou a ansiedade&quot; à equipa",Observador,2026-09-13,https://observador.pt/programas/relat-rio-de-jogo/benfica-x-gil-vicente-marco-silva-passou-a-ansiedade-a-equipa/,ansiedade,"2026-09-14 06:00:10.495825+00",media,
9a0a202f-1b7d-4541-8973-beecd7422d6b,"Sánchez promete continuar a luta para anular votos dos peruanos no estrangeiro",RTP,2026-06-25,https://www.rtp.pt/noticias/mundo/sanchez-promete-continuar-a-luta-para-anular-votos-dos-peruanos-no-estrangeiro_n1749262,candidíase,"2026-06-25 06:00:17.393817+00",media,
9a1fcd8c-8990-4f19-a3b0-2b74fcc5ab06,"SPPSM apoia 2.ª edição da sessão formativa sobre Autismo e PHDA no Adulto","SP Psiquiatria e Saúde Mental",2026-06-01,https://www.sppsm.org/sppsm-apoia-2-a-edicao-da-sessao-formativa-sobre-autismo-e-phda-no-adulto/,"perturbações do espectro do autismo","2026-09-03 06:01:06.191382+00",institucional,
9a37aff0-5448-4d86-92e7-7616a31d854e,"<![CDATA[Projeto detetou falta de qualidade do ar em 12 escolas do norte e centro]]>","Notícias ao Minuto",2026-09-07,https://www.noticiasaominuto.com/pais/3047456/projeto-piloto-detetou-falta-de-qualidade-do-ar-em-12-escolas-do-norte-e-centro#utm_source=rss-ultima-hora&amp;utm_medium=rss&amp;utm_campaign=rssfeed,"poluição e saúde","2026-09-09 06:00:06.936079+00",media,
9a4ba35f-0ea7-47d5-ac3c-915abdbe0332,"21h Já se candidataram ao Ensino Superior 2700 estudantes, número muito abaixo do que se registou no ano passado",RTP,2026-07-22,https://www.rtp.pt/noticias/noticiario-antena1/21h-ja-se-candidataram-ao-ensino-superior-2700-estudantes-numero-muito-abaixo-do-que-se-registou-no-ano-passado_a1_1755255,candidíase,"2026-07-23 06:00:09.555677+00",media,
9a532892-e865-49f9-a54e-25b7080a0d03,"<![CDATA[Lusoponte admite portagens nas quatro travessias do Tejo]]>","Notícias ao Minuto",2026-08-06,https://www.noticiasaominuto.com/economia/3033122/lusoponte-admite-portagens-nas-quatro-travessias-do-tejo#utm_source=rss-ultima-hora&amp;utm_medium=rss&amp;utm_campaign=rssfeed,"síndrome do ovário poliquístico","2026-08-07 06:00:08.574076+00",media,
9a6009e7-da61-45b0-851f-58bfaf4a15e5,"<![CDATA[Académica goleia Chaves no duelo inaugural da época 2026/27]]>","Notícias ao Minuto",2026-08-08,https://www.noticiasaominuto.com/desporto/3033942/academica-goleia-chaves-no-duelo-inaugural-da-epoca-202627#utm_source=rss-ultima-hora&amp;utm_medium=rss&amp;utm_campaign=rssfeed,"perturbação obsessivo-compulsiva","2026-08-10 06:00:10.246201+00",media,
9a6de9db-7515-4f67-8d1e-90a798d3c764,"Projecto Sophia",Observador,2026-04-11,https://observador.pt/opiniao/projecto-sophia/,"síndrome do ovário poliquístico","2026-04-12 06:00:05.962207+00",media,
9a8ee1aa-41a0-49b7-84d1-0444185d2d7f,"PS Bragança: Júlia Rodrigues vence com 636 votos",Observador,2026-06-19,https://observador.pt/2026/06/20/julia-rodrigues-eleita-presidente-da-federacao-distrital-de-braganca-do-ps/,candidíase,"2026-06-20 06:00:07.950171+00",media,
9aa59723-6cf0-4b4b-bd20-421d40753b4d,"Britney Spears acusada de conduzir sob efeito de substâncias",Observador,2026-04-30,https://observador.pt/2026/04/30/britney-spears-acusada-de-conduzir-sob-o-efeito-de-substancias-na-california/,"perturbações do espectro do autismo","2026-05-01 06:00:06.648509+00",media,
9aba6a1e-211b-4f0f-aa5c-fa17069eca33,"<![CDATA[Época espetacular do Torreense analisada por Tralhão: ""Mágoa que existe…""]]>","Notícias ao Minuto",2026-06-05,https://www.noticiasaominuto.com/desporto/3000977/epoca-espetacular-do-torreense-analisada-por-tralhao-magoa-que-existe#utm_source=rss-ultima-hora&amp;utm_medium=rss&amp;utm_campaign=rssfeed,"perturbação obsessivo-compulsiva","2026-06-06 06:00:10.764271+00",media,
9ac7d388-1bd9-4c72-b440-431acb11f869,"<![CDATA[Governo vai corrigir despacho que visa médicos das unidades de AVC]]>","Notícias ao Minuto",2026-07-13,https://www.noticiasaominuto.com/pais/3020937/governo-vai-corrigir-despacho-que-visa-medicos-das-unidades-de-avc#utm_source=rss-ultima-hora&amp;utm_medium=rss&amp;utm_campaign=rssfeed,avc,"2026-07-15 06:00:11.103862+00",media,
9af4e122-c528-4d07-9b45-631430360b08,"<![CDATA[Cientistas chineses querem tratar depressão com robôs de IA ]]>","Notícias ao Minuto",2026-08-28,https://www.noticiasaominuto.com/tech/3042741/cientistas-chineses-querem-tratar-depressao-com-robos-de-ia#utm_source=rss-ultima-hora&amp;utm_medium=rss&amp;utm_campaign=rssfeed,depressão,"2026-08-31 06:00:09.311004+00",media,
9b356dd0-7729-412a-ade1-1b4be9a59f1b,"<![CDATA[Tiago Margarido despede-se do Nacional após três épocas de sucesso]]>","Notícias ao Minuto",2026-05-21,https://www.noticiasaominuto.com/desporto/2993403/tiago-margarido-despede-se-do-nacional-apos-tres-epocas-de-sucesso#utm_source=rss-ultima-hora&amp;utm_medium=rss&amp;utm_campaign=rssfeed,"perturbação obsessivo-compulsiva","2026-05-22 06:00:07.53249+00",media,
9b7cf499-b67f-4054-948f-3b6d2880b248,"SPPSM apoia 2.ª edição da sessão formativa sobre Autismo e PHDA no Adulto","SP Psiquiatria e Saúde Mental",2026-06-01,https://www.sppsm.org/sppsm-apoia-2-a-edicao-da-sessao-formativa-sobre-autismo-e-phda-no-adulto/,"perturbações do espectro do autismo","2026-08-31 06:00:54.657107+00",institucional,
9bc55c10-5b63-498b-b756-737654218238,"<![CDATA[Irão acusa Estados Unidos: ""Claro exemplo do vício compulsivo em sanções""]]>","Notícias ao Minuto",2026-08-11,https://www.noticiasaominuto.com/mundo/3034897/irao-acusa-estados-unidos-claro-exemplo-do-vicio-compulsivo-em-sancoes#utm_source=rss-ultima-hora&amp;utm_medium=rss&amp;utm_campaign=rssfeed,dependências,"2026-08-12 06:00:09.004678+00",media,
9bfe1b2d-bceb-4722-9574-cea269cfd01b,"Hikikomori: o isolamento social extremo",Observador,2026-05-18,https://observador.pt/opiniao/hikikomori-o-isolamento-social-extremo/,solidão,"2026-05-19 06:00:03.73867+00",media,
9c1b90d6-67f1-4745-a4eb-9dbc9f85179b,"<![CDATA[Falsa médica fazia procedimentos estéticos sem habilitação em 2 clínicas]]>","Notícias ao Minuto",2026-05-28,https://www.noticiasaominuto.com/pais/2997413/falsa-medica-fazia-procedimentos-esteticos-sem-habilitacao-em-2-clinicas#utm_source=rss-ultima-hora&amp;utm_medium=rss&amp;utm_campaign=rssfeed,"refluxo gastroesofágico","2026-05-29 06:00:13.155138+00",media,
9c475d83-5063-424b-909d-4e14bd8c5250,"<![CDATA[Oficial: Estrela anuncia saída de Jovane Cabral após duas épocas]]>","Notícias ao Minuto",2026-07-02,https://www.noticiasaominuto.com/desporto/3014995/oficial-estrela-anuncia-saida-de-jovane-cabral-apos-duas-epocas#utm_source=rss-ultima-hora&amp;utm_medium=rss&amp;utm_campaign=rssfeed,"perturbação obsessivo-compulsiva","2026-07-03 06:00:14.205479+00",media,
9c6dffd9-1fee-48f0-aa5d-ddafd79e7cce,"23h. Chega acusa PSD e PS de “irresponsabilidade”",Observador,2026-06-29,https://observador.pt/programas/noticiario/as-noticias-das-23h-2114/,candidíase,"2026-06-30 06:00:12.398652+00",media,
9c6fe2d3-30bd-4e5f-9b0e-079c9e637c7d,"Jill Biden pensou que marido Joe estava a ter AVC durante debate de 2024 com Trump",RTP,2026-05-28,https://www.rtp.pt/noticias/mundo/jill-biden-pensou-que-marido-joe-estava-a-ter-avc-durante-debate-de-2024-com-trump_n1743910,avc,"2026-05-28 06:00:11.225158+00",media,
9c792bc8-6029-40f6-ae37-30012116ff7d,"Vale do Tejo &quot;muito fragilizado&quot; 7 meses após a Kristin",Observador,2026-08-26,https://observador.pt/2026/08/27/vale-do-tejo-ainda-muito-fragilizado-sete-meses-apos-kristin-avisa-associacao-de-agricultores-do-ribatejo/,candidíase,"2026-08-27 06:00:09.032612+00",media,
9c7a021d-6cd1-4732-a395-7265cb40f2e2,"Esquerda ganha Paris e Marselha, direita vence 93 cidades",Observador,2026-03-22,https://observador.pt/2026/03/22/esquerda-francesa-vence-eleicoes-autarquicas-em-paris-lyon-e-marselha-direita-a-frente-em-93-cidades/,candidíase,"2026-03-23 06:00:27.401017+00",media,
9c9717ea-5030-40af-aa41-4a0833a0e410,"Ondas de calor causaram pelo menos 125 mortes",Observador,2026-07-09,https://observador.pt/programas/conferencia-de-imprensa/ondas-de-calor-causaram-pelo-menos-125-mortes/,"calor extremo e saúde","2026-07-09 06:00:11.595111+00",media,
9cc61992-06b6-416e-b28d-969c8b3d8feb,"<![CDATA[UE pode obrigar empresas a avaliar riscos de stress e burnout no trabalho]]>","Notícias ao Minuto",2026-09-02,https://www.noticiasaominuto.com/mundo/3045323/eurodeputados-querem-lei-para-combater-stress-e-assedio-no-trabalho-na-uniao-europeia#utm_source=rss-ultima-hora&amp;utm_medium=rss&amp;utm_campaign=rssfeed,burnout,"2026-09-04 06:00:10.110953+00",media,
9cf611b2-bcfc-4ef2-8eec-62fe587d5782,"O smartwatch diz que dormiu mal. Deve acreditar?",Observador,2026-07-30,https://observador.pt/programas/tratar-da-saude/o-smartwatch-diz-que-dormiu-mal-deve-acreditar/,ansiedade,"2026-07-30 06:00:12.739009+00",media,
9d03e7dc-ea62-4e5f-9bed-928241c487ef,"<![CDATA[Pipoca Mais Doce revoltada com a CP: ""Não houve um que chegasse a horas""]]>","Notícias ao Minuto",2026-05-15,https://www.noticiasaominuto.com/fama/2990758/ana-garcia-martins-revoltada-com-a-cp#utm_source=rss-ultima-hora&amp;utm_medium=rss&amp;utm_campaign=rssfeed,"perturbação obsessivo-compulsiva","2026-05-16 06:00:11.05527+00",media,
9d1d918f-29bb-4656-acdf-26224208b579,"Epstein. A possível carta de suicídio que a justiça oculta",Observador,2026-04-30,https://observador.pt/2026/04/30/hora-de-dizer-adeus-a-possivel-carta-de-suicidio-de-jeffrey-epstein-que-a-justica-mantem-engavetada-desde-2019/,suicídio,"2026-05-01 06:00:06.648509+00",media,
9d26cbb6-a1f7-4a01-b140-27de5a6c13fc,"<![CDATA[Oficial: Zé Ricardo assina por duas épocas com o Tondela]]>","Notícias ao Minuto",2026-07-02,https://www.noticiasaominuto.com/desporto/3015399/oficial-ze-ricardo-assina-por-duas-epocas-com-o-tondela#utm_source=rss-ultima-hora&amp;utm_medium=rss&amp;utm_campaign=rssfeed,"perturbação obsessivo-compulsiva","2026-07-03 06:00:14.205479+00",media,
9d27d714-2820-47ef-83ba-600625c66cb7,"II Liga: Desportivo de Chaves vence Torreense e complica contas do play-off",RTP,2026-04-11,https://www.rtp.pt/noticias/futebol-nacional/ii-liga-desportivo-de-chaves-vence-torreense-e-complica-contas-do-play-off_d1733233,candidíase,"2026-04-12 06:00:07.07666+00",media,
9d69cabe-eada-4571-80f9-41eb77abf792,"<![CDATA[Cinco noites de música em Leiria com sopros de metal no festival LizBrass]]>","Notícias ao Minuto",2026-07-30,https://www.noticiasaominuto.com/cultura/3029627/cinco-noites-de-musica-em-leiria-com-sopros-de-metal-no-festival-lizbrass#utm_source=rss-ultima-hora&amp;utm_medium=rss&amp;utm_campaign=rssfeed,"síndrome do ovário poliquístico","2026-07-31 06:00:13.014067+00",media,
9d7cd3ac-808a-4ad8-a2eb-2bed68474197,"Falta de vitaminas: os sinais que não deve ignorar",Observador,2026-07-31,https://observador.pt/programas/tratar-da-saude/falta-de-vitaminas-os-sinais-que-nao-deve-ignorar/,"suplementos alimentares","2026-07-31 06:00:08.333584+00",media,
9db4663e-dbdd-4b6b-b683-3215f09bea57,"<![CDATA[Fresca e deliciosa! Receita de sopa de tomate à portuguesa em 10 minutos]]>","Notícias ao Minuto",2026-07-30,https://www.noticiasaominuto.com/lifestyle/3030019/fresca-e-deliciosa-receita-de-sopa-de-tomate-a-portuguesa-em-10-minutos#utm_source=rss-ultima-hora&amp;utm_medium=rss&amp;utm_campaign=rssfeed,"síndrome do ovário poliquístico","2026-07-31 06:00:13.014067+00",media,
9dc327c2-c771-4b07-892a-1de181fc30a3,"<![CDATA[Académica goleia Chaves no duelo inaugural da época 2026/27]]>","Notícias ao Minuto",2026-08-08,https://www.noticiasaominuto.com/desporto/3033942/academica-goleia-chaves-no-duelo-inaugural-da-epoca-202627#utm_source=rss-ultima-hora&amp;utm_medium=rss&amp;utm_campaign=rssfeed,"perturbação obsessivo-compulsiva","2026-08-09 06:00:11.264131+00",media,
9e081f24-cc6e-4717-a0a3-424dbe120ac3,"2h PSD vai a eleições diretas, Montenegro é o candidato único à presidência do partido",RTP,2026-05-30,https://www.rtp.pt/noticias/noticiario-antena1/2h-psd-vai-a-eleicoes-diretas-montenegro-e-o-candidato-unico-a-presidencia-do-partido_a1_1744448,candidíase,"2026-05-30 06:00:09.708544+00",media,
9e09ce9f-173e-4002-b18a-b95b0da95bf3,"<![CDATA[FC Porto empata com o Hibernian no primeiro desafio da pré-época]]>","Notícias ao Minuto",2026-07-11,https://www.noticiasaominuto.com/desporto/3020154/fc-porto-empata-com-o-hibernian-no-primeiro-desafio-da-pre-epoca#utm_source=rss-ultima-hora&amp;utm_medium=rss&amp;utm_campaign=rssfeed,"perturbação obsessivo-compulsiva","2026-07-14 06:00:07.455812+00",media,
9e0fd672-95f6-4a4b-99a3-f190ffc9e8df,"<![CDATA[Zulmira Garrido vive momento de pânico em avião: ""Havia pessoas a rezar"" ]]>","Notícias ao Minuto",2026-07-20,https://www.noticiasaominuto.com/fama/3024604/zulmira-garrido-vive-momento-de-panico-em-aviao-havia-pessoas-a-rezar#utm_source=rss-ultima-hora&amp;utm_medium=rss&amp;utm_campaign=rssfeed,pânico,"2026-07-21 06:00:06.718319+00",media,
9e166836-b9e6-4c53-b4ef-6956904d5748,"<![CDATA[Cinema e audiovisual: Candidaturas a novo regime de incentivos abrem hoje]]>","Notícias ao Minuto",2026-06-29,https://www.noticiasaominuto.com/cultura/3012724/cinema-e-audiovisual-candidaturas-a-novo-regime-de-incentivos-abrem-hoje#utm_source=rss-ultima-hora&amp;utm_medium=rss&amp;utm_campaign=rssfeed,candidíase,"2026-06-29 06:00:17.41872+00",media,
9e3625fc-db46-49da-abdb-f39e64621222,"Rendição de Donetsk seria suicídio da Ucrânia",Observador,2026-04-19,https://observador.pt/opiniao/por-que-a-rendicao-unilateral-da-regiao-de-donetsk-equivale-a-um-suicidio-estrategico-e-militar-para-a-ucrania/,suicídio,"2026-04-20 06:00:06.941151+00",media,
9e49c136-95e6-48c2-ae23-9de08a631deb,"Spot4Dis: nova aplicação promove mobilidade inclusiva através do mapeamento de lugares de estacionamento","Sociedade Portuguesa de Esclerose Múltipla",2026-07-07,https://spem.pt/blog/2026/07/07/spot4dis-nova-aplicacao-promove-mobilidade-inclusiva-atraves-do-mapeamento-de-lugares-de-estacionamento/,"perturbações do espectro do autismo","2026-07-24 06:00:52.42622+00",institucional,
9e68031a-01a9-48c2-ab55-972a5f08220b,"<![CDATA[Morreu Vincent Pastore, ator da série ""Os Sopranos"". Tinha 80 anos]]>","Notícias ao Minuto",2026-08-02,https://www.noticiasaominuto.com/fama/3031020/morreu-vincent-pastore-ator-da-serie-os-sopranos-tinha-80-anos#utm_source=rss-ultima-hora&amp;utm_medium=rss&amp;utm_campaign=rssfeed,"síndrome do ovário poliquístico","2026-08-04 06:00:10.402023+00",media,
9e873a5a-6618-49d5-acc4-71f23748b57b,"<![CDATA[Contradições sobre cheque marcam julgamento da Operação Lex]]>","Notícias ao Minuto",2026-06-23,https://www.noticiasaominuto.com/pais/3010049/contradicoes-sobre-cheque-marcam-julgamento-da-operacao-lex#utm_source=rss-ultima-hora&amp;utm_medium=rss&amp;utm_campaign=rssfeed,dependências,"2026-06-24 06:00:05.456571+00",media,
9e919610-feb1-436f-aa86-112aa7a114d0,"<![CDATA[Bois espalham pânico em cortejo etnográfico nos Açores. Eis as imagens]]>","Notícias ao Minuto",2026-07-13,https://www.noticiasaominuto.com/pais/3020490/bois-espalham-panico-em-cortejo-do-etnografico-nos-acores-eis-as-imagens#utm_source=rss-ultima-hora&amp;utm_medium=rss&amp;utm_campaign=rssfeed,pânico,"2026-07-14 06:00:07.455812+00",media,
9ea4e66d-85dc-4df3-a391-00cf2023d898,"<![CDATA[Leixões em superioridade fecha época com triunfo sobre o Lourosa]]>","Notícias ao Minuto",2026-05-17,https://www.noticiasaominuto.com/desporto/2991480/leixoes-em-superioridade-fecha-epoca-com-triunfo-sobre-o-lourosa#utm_source=rss-ultima-hora&amp;utm_medium=rss&amp;utm_campaign=rssfeed,"perturbação obsessivo-compulsiva","2026-05-18 06:00:08.381765+00",media,
9ed47fbc-0ba0-42e0-baa3-93edaf47defb,"<![CDATA[Pipoca Mais Doce forçada a adiar espetáculos ""por aconselhamento médico""]]>","Notícias ao Minuto",2026-09-11,https://www.noticiasaominuto.com/fama/3049800/pipoca-mais-doce-forcada-a-adiar-espetaculos-por-aconselhamento-medico#utm_source=rss-ultima-hora&amp;utm_medium=rss&amp;utm_campaign=rssfeed,"perturbação obsessivo-compulsiva","2026-09-13 06:00:09.495425+00",media,
9edb4bc6-02ee-464c-b8ca-665c2172b28a,"<![CDATA[De onde veio e o que fazia Carolina Pinto? ""Das alturas mais felizes""]]>","Notícias ao Minuto",2026-07-17,https://www.noticiasaominuto.com/fama/3022958/de-onde-veio-e-o-que-fazia-carolina-pinto-das-alturas-mais-felizes#utm_source=rss-ultima-hora&amp;utm_medium=rss&amp;utm_campaign=rssfeed,"refluxo gastroesofágico","2026-07-20 06:00:12.191085+00",media,
9f1d7e46-6a04-4c4d-80c8-c53199e90fc9,"<![CDATA[Vitória SC tem quatro candidatos confirmados pela primeira vez]]>","Notícias ao Minuto",2026-05-15,https://www.noticiasaominuto.com/desporto/2990737/vitoria-sc-tem-quatro-candidatos-confirmados-pela-primeira-vez#utm_source=rss-ultima-hora&amp;utm_medium=rss&amp;utm_campaign=rssfeed,candidíase,"2026-05-16 06:00:11.05527+00",media,
9f27c02f-a3d0-454f-aac6-238fedcb3563,"<![CDATA[Estudante burla vítimas em 73 mil euros para alimentar vício em apostas]]>","Notícias ao Minuto",2026-04-15,https://www.noticiasaominuto.com/pais/2972884/estudante-burla-vitimas-em-73-mil-euros-para-alimentar-vicio-em-apostas#utm_source=rss-ultima-hora&amp;utm_medium=rss&amp;utm_campaign=rssfeed,dependências,"2026-04-16 06:00:09.337214+00",media,
9f291638-970b-44ec-a127-57ba4a843b24,"CathStart -Curso de Simulação em Coronariografia Diagnóstica","Sociedade Portuguesa de Cardiologia",2026-09-04,https://spc.pt/arquivo-mensal/cathstart-curso-de-simulacao-em-coronariografia-diagnostica/,"terapia hormonal","2026-09-08 06:00:51.194444+00",institucional,
9f32c076-d959-4695-8c09-962968082805,"<![CDATA[De onde veio e o que fazia Carolina Pinto? ""Das alturas mais felizes""]]>","Notícias ao Minuto",2026-07-17,https://www.noticiasaominuto.com/fama/3022958/de-onde-veio-e-o-que-fazia-carolina-pinto-das-alturas-mais-felizes#utm_source=rss-ultima-hora&amp;utm_medium=rss&amp;utm_campaign=rssfeed,"refluxo gastroesofágico","2026-07-19 06:00:08.057305+00",media,
9f3d6603-8bfe-47f2-a4c3-29af58f1864d,"<![CDATA[Ópera portuguesa leva mito de Pigmalião a um futuro pós-apocalíptico]]>","Notícias ao Minuto",2026-08-31,https://www.noticiasaominuto.com/cultura/3043976/opera-portuguesa-leva-mito-de-pigmaliao-a-um-futuro-pos-apocaliptico#utm_source=rss-ultima-hora&amp;utm_medium=rss&amp;utm_campaign=rssfeed,"perturbação obsessivo-compulsiva","2026-09-02 06:00:06.388454+00",media,
9f4ea641-382b-4e32-8e05-92576921cf6f,"<![CDATA[""Expressão de pânico"". Reação de Melania após ouvir tiros torna-se viral]]>","Notícias ao Minuto",2026-04-26,https://www.noticiasaominuto.com/mundo/2979745/expressao-de-panico-reacao-de-melania-apos-ouvir-tiros-torna-se-viral#utm_source=rss-ultima-hora&amp;utm_medium=rss&amp;utm_campaign=rssfeed,pânico,"2026-04-27 06:00:09.617431+00",media,
9f530380-800b-4e52-a85d-ec7041443e84,"<![CDATA[Projeto detetou falta de qualidade do ar em 12 escolas do norte e centro]]>","Notícias ao Minuto",2026-09-07,https://www.noticiasaominuto.com/pais/3047456/projeto-piloto-detetou-falta-de-qualidade-do-ar-em-12-escolas-do-norte-e-centro#utm_source=rss-ultima-hora&amp;utm_medium=rss&amp;utm_campaign=rssfeed,"poluição e saúde","2026-09-08 06:00:09.844586+00",media,
9f5be905-3fc2-4e28-90c0-9501b7b71c57,"<![CDATA[""Só me apetece abraçar esta criança. Vai conhecer a rejeição e solidão""]]>","Notícias ao Minuto",2026-08-07,https://www.noticiasaominuto.com/fama/3033460/kiko-is-hot#utm_source=rss-ultima-hora&amp;utm_medium=rss&amp;utm_campaign=rssfeed,solidão,"2026-08-08 06:00:08.519628+00",media,
9fb452e0-8d3c-454d-8cd8-edf2732af4e4,"<![CDATA[Apanha irmão a abusar de mãe com Alzheimer na Madeira]]>","Notícias ao Minuto",2026-06-30,https://www.noticiasaominuto.com/pais/3013748/apanha-irmao-a-abusar-de-mae-com-alzheimer-na-madeira#utm_source=rss-ultima-hora&amp;utm_medium=rss&amp;utm_campaign=rssfeed,alzheimer,"2026-07-01 06:00:13.168736+00",media,
9fbc4163-68e0-4db6-8fe2-f9b86fe48ce1,"<![CDATA[Homem desafia a demência ao correr maratona com frigorífico às costas]]>","Notícias ao Minuto",2026-05-01,https://www.noticiasaominuto.com/mundo/2982555/homem-desafia-a-demencia-ao-correr-maratona-com-frigorifico-as-costas#utm_source=rss-ultima-hora&amp;utm_medium=rss&amp;utm_campaign=rssfeed,demência,"2026-05-02 06:00:15.425175+00",media,
9fd39cb6-f1ed-4819-804b-661645dede69,"<![CDATA[Touros, largadas, tradições. Pamplona enche-se para festas de San Fermín]]>","Notícias ao Minuto",2026-07-08,https://www.noticiasaominuto.com/mundo/3018374/touros-largadas-tradicoes-pamplona-enche-se-para-festas-de-san-fermin#utm_source=rss-ultima-hora&amp;utm_medium=rss&amp;utm_campaign=rssfeed,dependências,"2026-07-09 06:00:13.094772+00",media,
9fdfd4eb-57e3-4199-94f9-0d1ee80b3d02,"Porque é que a vitamina D não subiu? – A sua pergunta",Observador,2026-04-24,https://observador.pt/programas/aprender-a-comer/porque-e-que-a-vitamina-d-nao-subiu-a-sua-pergunta/,"suplementos alimentares","2026-04-24 06:00:08.514018+00",media,
9ffb1b27-6f01-4f39-9410-a9392cf8d681,"<![CDATA[David Alaba vai deixar o Real Madrid no final da época]]>","Notícias ao Minuto",2026-05-22,https://www.noticiasaominuto.com/desporto/2994265/david-alaba-vai-deixar-o-real-madrid-no-final-da-epoca#utm_source=rss-ultima-hora&amp;utm_medium=rss&amp;utm_campaign=rssfeed,"perturbação obsessivo-compulsiva","2026-05-23 06:00:10.234888+00",media,
a02e0887-ad15-4c4b-9657-41232f0eb561,"<![CDATA[Sopa de alface com queijo? Veja esta receita antes de torcer o nariz]]>","Notícias ao Minuto",2026-09-02,https://www.noticiasaominuto.com/lifestyle/3045372/sopa-de-alface-com-queijo-veja-esta-receita-antes-de-torcer-o-nariz#utm_source=rss-ultima-hora&amp;utm_medium=rss&amp;utm_campaign=rssfeed,"síndrome do ovário poliquístico","2026-09-03 06:00:14.963501+00",media,
a02e77dc-5bf3-4bce-a784-48b9138f00f3,"3h. TC.  Parlamento vota hoje quatro novos juizes",Observador,2026-06-12,https://observador.pt/programas/noticiario/as-noticias-das-3h-2350/,candidíase,"2026-06-12 06:00:07.426987+00",media,
a03221f3-1fd6-4454-8e4f-af15b74ff010,"<![CDATA[""Assustada"". Jill pensou que Biden estava a ter AVC em debate com Trump]]>","Notícias ao Minuto",2026-05-27,https://www.noticiasaominuto.com/mundo/2996914/aterrorizada-jill-pensou-que-biden-teve-avc-durante-debate-com-trump#utm_source=rss-ultima-hora&amp;utm_medium=rss&amp;utm_campaign=rssfeed,avc,"2026-05-28 06:00:12.033939+00",media,
a0429648-47a0-4e81-967f-52811cbce2bb,"Seleção sai de Leiria com registo 100% vitorioso",Observador,2026-06-11,https://observador.pt/programas/vamos-a-bola/selecao-sai-de-leiria-com-registo-100-vitorioso/,"perturbação obsessivo-compulsiva","2026-06-11 06:00:07.345857+00",media,
a0909014-27fa-4628-b661-93d363b0a96a,"Benfica perde primeiro jogo da pré-época",RTP,2026-07-11,https://www.rtp.pt/noticias/benfica/benfica-perde-primeiro-jogo-da-pre-epoca_d1752774,"perturbação obsessivo-compulsiva","2026-07-12 06:00:07.545337+00",media,
a099439a-ccb0-4510-aece-400ca2cecded,"<![CDATA[Presidenciais no Brasil: Oficializada candidatura de Flávio Bolsonaro]]>","Notícias ao Minuto",2026-07-25,https://www.noticiasaominuto.com/mundo/3027409/presidenciais-no-brasil-oficializada-candidatura-de-flavio-bolsonaro#utm_source=rss-ultima-hora&amp;utm_medium=rss&amp;utm_campaign=rssfeed,candidíase,"2026-07-26 06:00:07.731392+00",media,
a0a101ae-5735-4c15-b853-4852c8dd0279,"<![CDATA[Ponta de lança francês Evans Maurin assina por três épocas com Casa Pia]]>","Notícias ao Minuto",2026-08-29,https://www.noticiasaominuto.com/desporto/3043287/ponta-de-lanca-frances-evans-maurin-assina-por-tres-epocas-com-casa-pia#utm_source=rss-ultima-hora&amp;utm_medium=rss&amp;utm_campaign=rssfeed,"perturbação obsessivo-compulsiva","2026-08-31 06:00:09.311004+00",media,
a0d7ace4-c726-49c0-b497-e67cd3625675,"As centenárias tílias de Soutosa",Observador,2026-04-23,https://observador.pt/programas/a-historia-das-historias/as-centenarias-tilias-de-soutosa/,"refluxo gastroesofágico","2026-04-23 06:00:07.844096+00",media,
a0e0f6b8-ae55-419f-aae1-344af7d5c8f6,"<![CDATA[Leivinha, ex-internacional brasileiro, morre após luta contra Alzheimer]]>","Notícias ao Minuto",2026-06-05,https://www.noticiasaominuto.com/desporto/3000841/leivinha-ex-internacional-brasileiro-morre-apos-luta-contra-alzheimer#utm_source=rss-ultima-hora&amp;utm_medium=rss&amp;utm_campaign=rssfeed,alzheimer,"2026-06-06 06:00:10.764271+00",media,
a0f4d9b1-d28b-4bf3-b007-947194eedc49,"<![CDATA[Mourinho atira: ""Época no Benfica foi muito boa, conta como um título""]]>","Notícias ao Minuto",2026-06-25,https://www.noticiasaominuto.com/desporto/3011411/mourinho-atira-epoca-no-benfica-foi-muito-boa-conta-como-um-titulo#utm_source=rss-ultima-hora&amp;utm_medium=rss&amp;utm_campaign=rssfeed,"perturbação obsessivo-compulsiva","2026-06-26 06:00:16.145972+00",media,
a10c336e-01ce-4725-ac60-a8472ef10717,"Seremos capazes de um sobressalto cívico na educação?",Público,2026-09-14,https://www.publico.pt/2026/09/15/opiniao/opiniao/capazes-sobressalto-civico-educacao-2187973,"perturbação obsessivo-compulsiva","2026-09-15 06:00:06.213524+00",media,
a1149dd4-d617-4935-836b-e152d25e56f6,"Procurador-geral da Ucrânia demite-se após acusações de corrupção",RTP,2026-09-08,https://www.rtp.pt/noticias/mundo/procurador-geral-da-ucrania-demite-se-apos-acusacoes-de-corrupcao_n1763950,avc,"2026-09-08 06:00:09.071453+00",media,
a1725b6c-474c-436f-8942-872ec1774a4c,"Campanha Nacional de Sensibilização para as Demências &#124; A demência pode esconder-se atrás da vida","Coord. Nacional Saúde Mental",2026-07-09,https://saudemental.min-saude.pt/campanha-nacional-de-sensibilizacao-para-as-demencias-a-demencia-pode-esconder-se-atras-da-vida/,demência,"2026-07-21 06:00:15.940293+00",institucional,
a179800d-a134-417b-adc5-6ee9a7612c7e,"<![CDATA[União de Leiria prepara nova época com estágio em Espanha]]>","Notícias ao Minuto",2026-07-22,https://www.noticiasaominuto.com/desporto/3025435/uniao-de-leiria-prepara-nova-epoca-com-estagio-em-espanha#utm_source=rss-ultima-hora&amp;utm_medium=rss&amp;utm_campaign=rssfeed,"perturbação obsessivo-compulsiva","2026-07-23 06:00:10.278551+00",media,
a184ffec-d4bd-4e11-806e-491cea6f1e53,"II Liga. União de Leiria e Feirense despedem-se da época com um empate",RTP,2026-05-17,https://www.rtp.pt/noticias/futebol-nacional/ii-liga-uniao-de-leiria-e-feirense-despedem-se-da-epoca-com-um-empate_d1741852,"perturbação obsessivo-compulsiva","2026-05-18 06:00:07.619527+00",media,
a1995964-31cd-4a37-8e33-270c50493d38,"<![CDATA[Ator Rui de Sá sofre enfarte e está hospitalizado]]>","Notícias ao Minuto",2026-08-05,https://www.noticiasaominuto.com/fama/3032273/ator-rui-de-sa-sofre-enfarte-e-esta-hospitalizado#utm_source=rss-ultima-hora&amp;utm_medium=rss&amp;utm_campaign=rssfeed,"doenças cardiovasculares","2026-08-07 06:00:08.574076+00",media,
a1e01165-8a0b-40a1-bbf3-8e7f7112611e,"<![CDATA[Sp. Braga recua e mantém preços da época passada dos lugares anuais]]>","Notícias ao Minuto",2026-06-16,https://www.noticiasaominuto.com/desporto/3006235/sp-braga-recua-e-mantem-precos-da-epoca-passada-dos-lugares-anuais#utm_source=rss-ultima-hora&amp;utm_medium=rss&amp;utm_campaign=rssfeed,"perturbação obsessivo-compulsiva","2026-06-17 06:00:07.436327+00",media,
a1f4e9d7-6294-4270-93d7-f7e07a5a6bf5,"<![CDATA[Israel mantém intenção de esvaziar Gaza: ""No prazo e da maneira correta""]]>","Notícias ao Minuto",2026-05-27,https://www.noticiasaominuto.com/mundo/2996276/israel-mantem-intencao-de-esvaziar-gaza-no-prazo-e-da-maneira-correta#utm_source=rss-ultima-hora&amp;utm_medium=rss&amp;utm_campaign=rssfeed,"refluxo gastroesofágico","2026-05-28 06:00:12.033939+00",media,
a205ca74-5bce-4daf-ad8f-75bcf7bcb36d,"<![CDATA[Leão fala em época que testou ""estado físico e psicológico ao máximo""]]>","Notícias ao Minuto",2026-05-26,https://www.noticiasaominuto.com/desporto/2996113/leao-fala-em-epoca-que-testou-estado-fisico-e-psicologico-ao-maximo#utm_source=rss-ultima-hora&amp;utm_medium=rss&amp;utm_campaign=rssfeed,"perturbação obsessivo-compulsiva","2026-05-27 06:00:13.681675+00",media,
a207a634-20a7-4a0e-98f4-a8a4828301f4,"<![CDATA[FC Porto-Santa Clara: Última dança da época para coroar o dragão campeão]]>","Notícias ao Minuto",2026-05-16,https://www.noticiasaominuto.com/desporto/2990562/fc-porto-santa-clara-ultima-danca-da-epoca-para-coroar-o-dragao-campeao#utm_source=rss-ultima-hora&amp;utm_medium=rss&amp;utm_campaign=rssfeed,"perturbação obsessivo-compulsiva","2026-05-16 06:00:11.05527+00",media,
a2a767c2-9664-45ad-8b8b-c94f57500c48,"<![CDATA[Tromalyt para prevenção de doenças cardiovasculares em rutura de stock]]>","Notícias ao Minuto",2026-06-05,https://www.noticiasaominuto.com/pais/3001033/tromalyt-para-prevencao-de-doencas-cardiovasculares-em-rutura-de-stock#utm_source=rss-ultima-hora&amp;utm_medium=rss&amp;utm_campaign=rssfeed,"doenças cardiovasculares","2026-06-06 06:00:10.764271+00",media,
a2d8f6aa-132d-4238-a7d7-624cc2367209,"<![CDATA[Partido dos Trabalhadores oficializa Lula como candidato presidencial]]>","Notícias ao Minuto",2026-08-02,https://www.noticiasaominuto.com/mundo/3031049/partido-dos-trabalhadores-oficializa-lula-como-candidato-presidencial#utm_source=rss-ultima-hora&amp;utm_medium=rss&amp;utm_campaign=rssfeed,candidíase,"2026-08-04 06:00:10.402023+00",media,
a2fd8c2a-1ae7-4359-8f32-2dfed1dd1709,"<![CDATA[Higino Carneiro diz que não desiste de candidatura ao MPLA]]>","Notícias ao Minuto",2026-08-19,https://www.noticiasaominuto.com/mundo/3038832/higino-carneiro-diz-que-nao-desiste-de-candidatura-ao-mpla#utm_source=rss-ultima-hora&amp;utm_medium=rss&amp;utm_campaign=rssfeed,candidíase,"2026-08-21 06:00:10.348707+00",media,
a315a62d-e156-4d94-af09-0d3d5e53f681,"<![CDATA[Andy Burnham confirmado único candidato à sucessão de Keir Starmer]]>","Notícias ao Minuto",2026-07-13,https://www.noticiasaominuto.com/mundo/3020935/andy-burnham-confirmado-unico-candidato-a-sucessao-de-keir-starmer#utm_source=rss-ultima-hora&amp;utm_medium=rss&amp;utm_campaign=rssfeed,candidíase,"2026-07-14 06:00:07.455812+00",media,
a34e5edb-cbfc-40eb-94a0-12f226dad181,"SPPSM apoia 2.ª edição da sessão formativa sobre Autismo e PHDA no Adulto","SP Psiquiatria e Saúde Mental",2026-06-01,https://www.sppsm.org/sppsm-apoia-2-a-edicao-da-sessao-formativa-sobre-autismo-e-phda-no-adulto/,"perturbações do espectro do autismo","2026-08-21 06:00:59.095008+00",institucional,
a376238c-1fb2-4610-b1c6-b462bf9e40c7,"<![CDATA[Macau quer ligar China e mercados hsipânicos onde é ""desconhecido""]]>","Notícias ao Minuto",2026-08-02,https://www.noticiasaominuto.com/economia/3031059/macau-quer-ligar-china-e-mercados-hsipanicos-onde-e-desconhecido#utm_source=rss-ultima-hora&amp;utm_medium=rss&amp;utm_campaign=rssfeed,pânico,"2026-08-03 06:00:08.436187+00",media,
a38d4c9d-afb7-43d8-a383-a21df2be2e4b,"Amentação das Almas. Cantar para recordar quem já morreu",Observador,2026-06-03,https://observador.pt/programas/a-nossa-cultura/amentacao-das-almas-cantar-para-recordar-quem-ja-morreu/,dependências,"2026-06-03 06:00:09.178373+00",media,
a3cace5d-bef5-49ca-a41c-a6756a9522a1,"Pego em leilão nacional de energias renováveis",Observador,2026-07-03,https://observador.pt/2026/07/03/central-do-pego-integra-leilao-nacional-de-300-mva-para-renovaveis-com-armazenamento/,candidíase,"2026-07-04 06:00:09.329814+00",media,
a455dee0-e9f5-408e-bb41-80ddea3f1df0,"Primeiro caso humano de H5N1 detectado em Espanha","CM Jornal",2026-03-01,https://cmjornal.pt/h5n1-espanha-caso,"gripe aviária","2026-03-08 11:22:47.09953+00",media,
a475d615-bf86-4071-9416-303d284b3686,"<![CDATA[Sporting cancela jantar de final de época após derrota na Taça]]>","Notícias ao Minuto",2026-05-25,https://www.noticiasaominuto.com/desporto/2995463/sporting-cancela-jantar-de-final-de-epoca-apos-derrota-na-taca#utm_source=rss-ultima-hora&amp;utm_medium=rss&amp;utm_campaign=rssfeed,"perturbação obsessivo-compulsiva","2026-05-26 06:00:09.324361+00",media,
a478a1fa-0b37-471f-8b7a-b970e68d0f14,"Cem anos de solidão",Público,2026-06-12,https://www.publico.pt/2026/06/12/opiniao/opiniao/cem-anos-solidao-2177749,solidão,"2026-06-12 06:00:07.251113+00",media,
a48a4623-ee76-44f3-9e65-808ac5cb3647,"<![CDATA[Oficial: Daniel Fernandes renova e vai cumprir oitava época no Hamburgo]]>","Notícias ao Minuto",2026-05-28,https://www.noticiasaominuto.com/desporto/2997138/oficial-daniel-fernandes-renova-e-vai-cumprir-oitava-epoca-no-hamburgo#utm_source=rss-ultima-hora&amp;utm_medium=rss&amp;utm_campaign=rssfeed,"perturbação obsessivo-compulsiva","2026-05-29 06:00:13.155138+00",media,
a48fed39-8bb7-4220-b9d2-488772b3657d,"<![CDATA[Pelo menos 110 veteranos da guerra na Ucrânia candidatos na Rússia]]>","Notícias ao Minuto",2026-08-05,https://www.noticiasaominuto.com/mundo/3032708/pelo-menos-110-veteranos-da-guerra-na-ucrania-candidatos-na-russia#utm_source=rss-ultima-hora&amp;utm_medium=rss&amp;utm_campaign=rssfeed,candidíase,"2026-08-07 06:00:08.574076+00",media,
a4a92879-2353-4406-b3e7-cc7f5eff369d,"<![CDATA[Candidatos à ONU começam a ser ouvidos terça-feira em Nova Iorque]]>","Notícias ao Minuto",2026-04-19,https://www.noticiasaominuto.com/mundo/2975451/candidatos-a-onu-comecam-a-ser-ouvidos-terca-feira-em-nova-iorque#utm_source=rss-ultima-hora&amp;utm_medium=rss&amp;utm_campaign=rssfeed,candidíase,"2026-04-20 06:00:08.412601+00",media,
a4aef0f1-201c-4d59-b61d-8d0f2d55beeb,"<![CDATA[Nobel da Paz iraniana em estado grave após sofrer enfarte na prisão]]>","Notícias ao Minuto",2026-04-15,https://www.noticiasaominuto.com/mundo/2973527/nobel-da-paz-iraniana-em-estado-grave-apos-sofrer-enfarte-na-prisao#utm_source=rss-ultima-hora&amp;utm_medium=rss&amp;utm_campaign=rssfeed,"doenças cardiovasculares","2026-04-16 06:00:09.337214+00",media,
a4c2fb7a-77bb-43b7-bd71-01a6b5300aa6,"Noticiar o Suicídio: Dilemas e Boas Práticas","Coord. Nacional Saúde Mental",2026-09-09,https://saudemental.min-saude.pt/noticiar-o-suicidio-dilemas-e-boas-praticas/,suicídio,"2026-09-15 06:00:14.94998+00",institucional,
a4cec08b-3a8e-4bd6-9853-73c7fb560446,"<![CDATA[CNMI confirma morte de médicas portuguesas. O que faziam Teresa e Rita]]>","Notícias ao Minuto",2026-07-23,https://www.noticiasaominuto.com/pais/3026166/ordem-confirma-morte-de-medicas-portuguesas-o-que-faziam-teresa-e-rita#utm_source=rss-ultima-hora&amp;utm_medium=rss&amp;utm_campaign=rssfeed,"refluxo gastroesofágico","2026-07-24 06:00:08.480521+00",media,
a4dea184-0d06-4184-bd80-813130c9869d,"Resumo do 1.º dia","Sociedade Portuguesa de Cardiologia",2026-09-10,https://spc.pt/esc-2026-highlights/resumo-do-1-o-dia/,"perturbações do espectro do autismo","2026-09-12 06:00:46.573093+00",institucional,
a4deae04-6908-410c-b37f-a2f80243b64f,"Jejum intermitente cura diabetes? Fact-check",Polígrafo,2025-02-12,https://poligrafo.sapo.pt/jejum-diabetes,"jejum intermitente","2026-03-08 12:35:50.177732+00",factcheck,
a502b678-20f3-469d-9e07-06b79e9940df,"<![CDATA[Idoso com ""demência"" estava desorientado na Parede. Tinha pulseira da PSP]]>","Notícias ao Minuto",2026-04-14,https://www.noticiasaominuto.com/pais/2972678/idoso-com-demencia-estava-desorientado-na-parede-tinha-pulseira-da-psp#utm_source=rss-ultima-hora&amp;utm_medium=rss&amp;utm_campaign=rssfeed,demência,"2026-04-15 06:00:08.095381+00",media,
a50dd4c0-a653-4ee1-bfbe-2aef385a42f0,"<![CDATA[6 hábitos inofensivos que podem disfarçar ""grandes níveis de ansiedade""]]>","Notícias ao Minuto",2026-07-15,https://www.noticiasaominuto.com/lifestyle/3022116/6-habitos-inofensivos-que-podem-disfarcar-grandes-niveis-de-ansiedade#utm_source=rss-ultima-hora&amp;utm_medium=rss&amp;utm_campaign=rssfeed,ansiedade,"2026-07-16 06:00:10.26627+00",media,
a5246a6d-8391-48d5-b526-c499659dcd0d,"<![CDATA[Gen Z. All at Once. A exposição que reflete as contradições desta geração]]>","Notícias ao Minuto",2026-04-22,https://www.noticiasaominuto.com/lifestyle/2974460/gen-z-all-at-once-a-exposicao-que-reflete-as-contradicoes-desta-geracao#utm_source=rss-ultima-hora&amp;utm_medium=rss&amp;utm_campaign=rssfeed,dependências,"2026-04-23 06:00:09.870261+00",media,
a525f476-e38b-48dc-8c6a-1a57141728c2,"<![CDATA[Seis meses após AVC, Nuno Markl anuncia regresso à rádio Comercial]]>","Notícias ao Minuto",2026-05-19,https://www.noticiasaominuto.com/fama/2992442/seis-meses-apos-avc-nuno-markl-anuncia-regresso-a-radio-comercial#utm_source=rss-ultima-hora&amp;utm_medium=rss&amp;utm_campaign=rssfeed,avc,"2026-05-20 06:00:08.835469+00",media,
a53d8ca9-64db-411a-a8da-16ce511f52ce,"<![CDATA[Época delas! A receita da tarte de uvas ""com ingrediente surpreendente""]]>","Notícias ao Minuto",2026-08-24,https://www.noticiasaominuto.com/lifestyle/3040717/epoca-delas-a-receita-da-tarte-de-uvas-com-ingrediente-surpreendente#utm_source=rss-ultima-hora&amp;utm_medium=rss&amp;utm_campaign=rssfeed,"perturbação obsessivo-compulsiva","2026-08-25 06:00:08.032206+00",media,
a55c292b-7e60-4fe0-ab34-f6a356d25acd,"<![CDATA[Etiópia oficializa candidatura à organização da CAN de 2028]]>","Notícias ao Minuto",2026-08-25,https://www.noticiasaominuto.com/desporto/3041062/etiopia-oficializa-candidatura-a-organizacao-da-taca-das-nacoes-africanas-de-2028#utm_source=rss-ultima-hora&amp;utm_medium=rss&amp;utm_campaign=rssfeed,candidíase,"2026-08-26 06:00:10.214346+00",media,
a5807366-32e9-4181-868d-d2ab7c044837,"<![CDATA[5 hábitos que ajudam a proteger o cérebro contra a ansiedade]]>","Notícias ao Minuto",2026-05-21,https://www.noticiasaominuto.com/lifestyle/2993511/5-habitos-que-ajudam-a-proteger-o-cerebro-contra-a-ansiedade#utm_source=rss-ultima-hora&amp;utm_medium=rss&amp;utm_campaign=rssfeed,ansiedade,"2026-05-22 06:00:07.53249+00",media,
a58885b5-639d-425d-86eb-e2582016682d,"<![CDATA[Por cá: Schjelderup cotado em Inglaterra e Farioli aponta à próxima época]]>","Notícias ao Minuto",2026-06-06,https://www.noticiasaominuto.com/desporto/3001409/por-ca-schjelderup-cotado-em-inglaterra-e-farioli-aponta-a-proxima-epoca#utm_source=rss-ultima-hora&amp;utm_medium=rss&amp;utm_campaign=rssfeed,"perturbação obsessivo-compulsiva","2026-06-07 06:00:11.351268+00",media,
a589fd6c-7a44-4773-9d68-b7a189e1d0d5,"CPSA contribui para declaração europeia que exige maior ação face a ondas de calor","Conselho Português para a Saúde e Ambiente",2026-07-24,https://cpsa.pt/noticias/cpsa-noticias/cpsa-declaracao-europeia-maior-acao-ondas-de-calor/,"calor extremo e saúde","2026-07-31 06:01:16.07535+00",institucional,
a5bc0a5e-11d2-4a7e-ac93-8ee28f347b4c,"<![CDATA[OCDE aconselha Japão a subir IVA e a reduzir dívida pública]]>","Notícias ao Minuto",2026-05-13,https://www.noticiasaominuto.com/economia/2988893/ocde-aconselha-japao-a-subir-iva-e-a-reduzir-divida-publica#utm_source=rss-ultima-hora&amp;utm_medium=rss&amp;utm_campaign=rssfeed,"perturbação obsessivo-compulsiva","2026-05-14 06:00:08.402532+00",media,
a5c7ac85-6184-4a3c-80ea-2b49e0552dee,"Ministro preocupado com aposentação de milhares de docentes",Observador,2026-04-22,https://observador.pt/2026/04/23/aposentacao-de-milhares-de-docentes-desafia-niveis-elevados-de-conhecimento-pedagogico-diz-ministro/,"perturbação obsessivo-compulsiva","2026-04-23 06:00:07.844096+00",media,
a5c7d572-4cc5-4615-b92a-c4d9c5145590,"Módulo 8","Sociedade Portuguesa de Cardiologia",2026-04-08,https://spc.pt/curso-atualizacao-2026/modulo-8-2/,"perturbações do espectro do autismo","2026-04-10 06:00:50.414301+00",institucional,
a5facfa5-ef0a-4790-bb75-6c82a5e67b88,"<![CDATA[Tondela deseja as melhoras a ex-treinador Natxo González após enfarte]]>","Notícias ao Minuto",2026-04-17,https://www.noticiasaominuto.com/desporto/2974806/tondela-deseja-as-melhoras-a-ex-treinador-natxo-gonzalez-apos-enfarte#utm_source=rss-ultima-hora&amp;utm_medium=rss&amp;utm_campaign=rssfeed,"doenças cardiovasculares","2026-04-18 06:00:07.618753+00",media,
a61cc329-2b28-4465-8fc0-2d71a9953861,"Mação abre época balnear a 13 de junho após recuperar danos",Observador,2026-06-05,https://observador.pt/2026/06/06/macao-abre-epoca-balnear-a-13-de-junho-apos-recuperar-danos-de-cheias-e-tempestade/,"perturbação obsessivo-compulsiva","2026-06-06 06:00:09.210123+00",media,
a649e4af-23c0-4396-b5c4-e2bffb80e4be,"Trump quer que Infantino se candidate a secretário-geral da ONU",RTP,2026-07-22,https://www.rtp.pt/noticias/mundo/trump-quer-que-infantino-se-candidate-a-secretario-geral-da-onu_n1755040,candidíase,"2026-07-22 06:00:06.04051+00",media,
a64a6289-071c-463f-bd46-9a8704c3259d,"<![CDATA[""Obviamente"". Infantino recandidata-se à presidência da FIFA]]>","Notícias ao Minuto",2026-09-11,https://www.noticiasaominuto.com/desporto/3050156/obviamente-infantino-recandidata-se-a-presidencia-da-fifa#utm_source=rss-ultima-hora&amp;utm_medium=rss&amp;utm_campaign=rssfeed,candidíase,"2026-09-12 06:00:11.851977+00",media,
a6676a5f-e0b6-4097-8b5f-72d1f2cb224d,"Papa pede solução diplomática para o Médio Oriente",RTP,2026-07-12,https://www.rtp.pt/noticias/mundo/papa-pede-solucao-diplomatica-para-o-medio-oriente_v1752885,"síndrome do ovário poliquístico","2026-07-13 06:00:07.990165+00",media,
a6678fe9-0b49-4b15-a51a-dba98541c772,"<![CDATA[Nepal. Peregrinação fatal ao sopé do monte sagrado Kailash]]>","Notícias ao Minuto",2026-08-28,https://www.noticiasaominuto.com/mundo/3042771/nepal-peregrinacao-fatal-ao-sope-do-monte-sagrado-kailash#utm_source=rss-ultima-hora&amp;utm_medium=rss&amp;utm_campaign=rssfeed,"síndrome do ovário poliquístico","2026-08-29 06:00:11.446272+00",media,
a69653f2-6788-4c9c-a4ff-7862bf016d6e,"&quot;Estou inteiraço&quot;. Lula da Silva oficializa candidatura à presidência do Brasil",RTP,2026-08-02,https://www.rtp.pt/noticias/mundo/estou-inteiraco-lula-da-silva-oficializa-candidatura-a-presidencia-do-brasil_n1757326,candidíase,"2026-08-03 06:00:07.644474+00",media,
a6b9e584-4256-4c2c-bcbe-781af15e0a05,"<![CDATA[Santa Clara com final tranquilo após época atribulada]]>","Notícias ao Minuto",2026-05-18,https://www.noticiasaominuto.com/desporto/2991574/santa-clara-com-final-tranquilo-apos-epoca-atribulada#utm_source=rss-ultima-hora&amp;utm_medium=rss&amp;utm_campaign=rssfeed,"perturbação obsessivo-compulsiva","2026-05-19 06:00:06.176873+00",media,
a6bf5272-1dbe-49e8-b291-803e0b0686de,"Burnout atinge níveis recorde entre profissionais de saúde",RTP,2025-02-20,https://rtp.pt/burnout-saude-2025,burnout,"2026-03-08 11:22:47.09953+00",media,
a6c4c111-5ce1-425d-a075-3c48168b1204,"Casa de família do Shakespeare em risco após embate de carro",Observador,2026-04-28,https://observador.pt/2026/04/28/casa-de-familia-do-shakespeare-em-risco-apos-embate-de-carro/,"perturbações do espectro do autismo","2026-04-29 06:00:08.276167+00",media,
a6c98dd7-c43c-4ae4-b794-60ff92006ca3,"<![CDATA[China acusa OCDE de politizar relatório sobre subsídios industriais]]>","Notícias ao Minuto",2026-06-04,https://www.noticiasaominuto.com/economia/3000398/china-acusa-ocde-de-politizar-relatorio-sobre-subsidios-industriais#utm_source=rss-ultima-hora&amp;utm_medium=rss&amp;utm_campaign=rssfeed,"perturbação obsessivo-compulsiva","2026-06-04 06:00:12.178883+00",media,
a6dbc1c2-dcf5-4431-92a6-b6ed668a8fce,"4h. Benfica arranca a época esta quinta-feira na Suiça",Observador,2026-07-23,https://observador.pt/programas/noticiario/as-noticias-das-4h-2350/,"perturbação obsessivo-compulsiva","2026-07-23 06:00:08.684195+00",media,
a7008a7a-2b91-4206-9e38-2788f9be0aca,"<![CDATA[Atenção, Cristiano Ronaldo. 'Candidatura' de Vitinha já dá que falar]]>","Notícias ao Minuto",2026-06-15,https://www.noticiasaominuto.com/desporto/3005661/atencao-cristiano-ronaldo-candidatura-de-vitinha-ja-da-que-falar#utm_source=rss-ultima-hora&amp;utm_medium=rss&amp;utm_campaign=rssfeed,candidíase,"2026-06-16 06:00:07.256418+00",media,
a73b0e19-f8f1-47d1-9681-804c9b555965,"<![CDATA[GNR registou cerca de 1.500 incidentes desportivos na época 2025/2026]]>","Notícias ao Minuto",2026-08-06,https://www.noticiasaominuto.com/desporto/3032812/gnr-registou-cerca-de-1500-incidentes-desportivos-na-epoca-20252026#utm_source=rss-ultima-hora&amp;utm_medium=rss&amp;utm_campaign=rssfeed,"perturbação obsessivo-compulsiva","2026-08-07 06:00:08.574076+00",media,
a7440b9c-6052-4c67-ab36-dc3d20785ebf,"Taça de Portugal. Adeptos conviveram sem rivalidades antes do jogo",RTP,2026-05-17,https://www.rtp.pt/noticias/desporto/taca-de-portugal-adeptos-conviveram-sem-rivalidades-antes-do-jogo_v1741878,"refluxo gastroesofágico","2026-05-18 06:00:07.619527+00",media,
a7688e8d-60a9-4bcb-b672-24c68e60e802,"<![CDATA[Polícia russa detém candidato comunista às eleições de setembro]]>","Notícias ao Minuto",2026-08-21,https://www.noticiasaominuto.com/mundo/3039776/policia-russa-detem-candidato-comunista-as-eleicoes-de-setembro#utm_source=rss-ultima-hora&amp;utm_medium=rss&amp;utm_campaign=rssfeed,candidíase,"2026-08-24 06:00:11.840935+00",media,
a7d1063a-bd2e-4824-8ce7-1ed0ebffec93,"Carneiro pede para se ponderar prolongamento do prazo de candidatura ao Ensino Superior",RTP,2026-07-19,https://www.rtp.pt/noticias/politica/carneiro-pede-para-se-ponderar-prolongamento-do-prazo-de-candidatura-ao-ensino-superior_n1754462,candidíase,"2026-07-20 06:00:11.466164+00",media,
a7e6b9af-cac0-49a2-b809-4448ea34aeef,"<![CDATA[Oficial: Lucas França reforça Santa Clara após quatro épocas no Nacional]]>","Notícias ao Minuto",2026-07-22,https://www.noticiasaominuto.com/desporto/3025567/oficial-lucas-franca-reforca-santa-clara-apos-quatro-epocas-no-nacional#utm_source=rss-ultima-hora&amp;utm_medium=rss&amp;utm_campaign=rssfeed,"perturbação obsessivo-compulsiva","2026-07-24 06:00:08.480521+00",media,
a81c8bf7-8058-4a2e-8165-fccc19f680b7,"Os ares de Viseu não mudaram a tendência do clássico",Observador,2026-09-06,https://observador.pt/2026/09/06/os-ares-de-viseu-nao-mudaram-a-tendencia-do-classico-benfica-goleia-fc-porto-e-iguala-1o-dezembro-como-equipa-mais-titulada-de-portugal/,"perturbação obsessivo-compulsiva","2026-09-07 06:00:15.069266+00",media,
a86908e3-4173-48fb-b13d-3262655880cd,"&quot;Número residual&quot; de reapreciações por enviar às escolas",Observador,2026-08-08,https://observador.pt/2026/08/08/exames-apenas-numero-residual-de-reapreciacoes-continua-por-enviar-as-escolas/,candidíase,"2026-08-09 06:00:09.809932+00",media,
a8a7b5f0-3d04-4d0d-a099-a71f41621319,"Módulo 7","Sociedade Portuguesa de Cardiologia",2026-04-08,https://spc.pt/curso-atualizacao-2026/modulo-7-2/,"perturbações do espectro do autismo","2026-04-10 06:00:50.414301+00",institucional,
a9077a83-8a3d-43cb-b489-72d2f78b96f0,"<![CDATA[Nuno Espírito Santo conduz West Ham à goleada da época em Inglaterra]]>","Notícias ao Minuto",2026-09-11,https://www.noticiasaominuto.com/desporto/3050244/nuno-espirito-santo-conduz-west-ham-a-goleada-da-epoca-em-inglaterra#utm_source=rss-ultima-hora&amp;utm_medium=rss&amp;utm_campaign=rssfeed,"perturbação obsessivo-compulsiva","2026-09-14 06:00:12.111358+00",media,
a923311f-0eb2-4a26-8e1c-9bde0b483b5d,"<![CDATA[Barcelona vence Troféu Joan Gamper ao bater Al Ahly no fecho da pré-época]]>","Notícias ao Minuto",2026-08-19,https://www.noticiasaominuto.com/desporto/3038863/fc-barcelona-conquista-gamper-ao-bater-al-ahly-no-fecho-da-pre-temporada#utm_source=rss-ultima-hora&amp;utm_medium=rss&amp;utm_campaign=rssfeed,"perturbação obsessivo-compulsiva","2026-08-21 06:00:10.348707+00",media,
a98f86ae-08c1-44b9-8146-aa4c66163a5e,"Angolano Higino Carneiro prepara entrega de candidatura ao MPLA e resposta à PGR",RTP,2026-06-23,https://www.rtp.pt/noticias/mundo/angolano-higino-carneiro-prepara-entrega-de-candidatura-ao-mpla-e-resposta-a-pgr_n1748955,candidíase,"2026-06-24 06:00:04.693913+00",media,
a9a83451-7073-49b9-9bb6-e870ed646b92,"<![CDATA[Missão pré-época: Quem ganhou terreno entre os reforços do Sporting?]]>","Notícias ao Minuto",2026-08-02,https://www.noticiasaominuto.com/desporto/3030904/missao-pre-epoca-quem-ganhou-terreno-entre-os-reforcos-do-sporting#utm_source=rss-ultima-hora&amp;utm_medium=rss&amp;utm_campaign=rssfeed,"perturbação obsessivo-compulsiva","2026-08-03 06:00:08.436187+00",media,
a9ae4030-5172-4723-8956-763770330bf5,"<![CDATA[PR guineense deposto é livre de se candidatar nas eleições em dezembro]]>","Notícias ao Minuto",2026-04-21,https://www.noticiasaominuto.com/mundo/2977022/pr-guineense-deposto-e-livre-de-se-candidatar-nas-eleicoes-em-dezembro#utm_source=rss-ultima-hora&amp;utm_medium=rss&amp;utm_campaign=rssfeed,candidíase,"2026-04-22 06:00:12.405074+00",media,
aa195000-c598-4b63-b83e-494fbaebfdad,"SPPSM apoia 2.ª edição da sessão formativa sobre Autismo e PHDA no Adulto","SP Psiquiatria e Saúde Mental",2026-06-01,https://www.sppsm.org/sppsm-apoia-2-a-edicao-da-sessao-formativa-sobre-autismo-e-phda-no-adulto/,"perturbações do espectro do autismo","2026-08-25 06:00:51.535543+00",institucional,
aa58a681-ce07-440e-bb4a-1a55303bd349,"<![CDATA[Ondas de calor provocaram 123 óbitos em excesso, abaixo das previsões]]>","Notícias ao Minuto",2026-07-09,https://www.noticiasaominuto.com/pais/3018798/ondas-de-calor-provocaram-123-obitos-em-excesso-abaixo-das-previsoes#utm_source=rss-ultima-hora&amp;utm_medium=rss&amp;utm_campaign=rssfeed,"calor extremo e saúde","2026-07-10 06:00:11.52006+00",media,
aa5bb48e-ff63-45ab-8f75-846012bf6f1e,"<![CDATA[Lufthansa. Candidata à compra da TAP (também) passa de lucro a prejuízo]]>","Notícias ao Minuto",2026-08-04,https://www.noticiasaominuto.com/mundo/3031822/lufthansa-candidata-a-compra-da-tap-tambem-passa-de-lucro-a-prejuizo#utm_source=rss-ultima-hora&amp;utm_medium=rss&amp;utm_campaign=rssfeed,candidíase,"2026-08-05 06:00:10.761498+00",media,
aa5c992c-3621-4b7d-88f1-cf88f27806d2,"<![CDATA[Quando era pequenina: ""Assisti a discriminação quando fazia voluntariado""]]>","Notícias ao Minuto",2026-06-20,https://www.noticiasaominuto.com/fama/3007950/quando-era-pequenina-assisti-a-discriminacao-quando-fazia-voluntariado#utm_source=rss-ultima-hora&amp;utm_medium=rss&amp;utm_campaign=rssfeed,"refluxo gastroesofágico","2026-06-21 06:00:24.958542+00",media,
aa6229ea-b1f9-48d3-ace7-c4fd82a95b42,"As lições e os riscos do PISA 2025",Público,2026-09-09,https://www.publico.pt/2026/09/10/opiniao/opiniao/licoes-riscos-pisa-2025-2187513,"perturbação obsessivo-compulsiva","2026-09-10 06:00:04.265946+00",media,
aaa8265b-9c95-4e0c-8ee1-2da33cd902ac,"Na minha rua",Público,2026-05-17,https://www.publico.pt/2026/05/17/opiniao/opiniao/rua-2174773,"perturbação obsessivo-compulsiva","2026-05-17 06:00:09.218953+00",media,
aacb26ef-0f88-44a2-b786-7a4967a2d8a6,"Candidata ao Miss Brasil Europa 2026 visita a APAV",APAV,2026-09-03,https://apav.pt/candidata-ao-miss-brasil-europa-2026-visita-a-apav/,candidíase,"2026-09-10 06:01:02.49909+00",institucional,
aae6c748-3ed8-43c3-b579-1ad45abeabe1,"Ondas de calor marinhas estão a fechar a janela de recuperação dos recifes de coral",Público,2026-08-31,https://www.publico.pt/2026/08/31/azul/noticia/ondas-calor-marinhas-estao-fechar-janela-recuperacao-recifes-coral-2186364,"calor extremo e saúde","2026-08-31 06:00:07.412622+00",media,
ab19759f-7bd6-4703-894a-c19d3ebf57d3,"<![CDATA[Nunca tome este suplemento de barriga vazia! Eis o que pode acontecer]]>","Notícias ao Minuto",2026-05-22,https://www.noticiasaominuto.com/lifestyle/2993449/nunca-tome-este-suplemento-de-barriga-vazia-eis-o-que-pode-acontecer#utm_source=rss-ultima-hora&amp;utm_medium=rss&amp;utm_campaign=rssfeed,"refluxo gastroesofágico","2026-05-23 06:00:10.234888+00",media,
ab55833b-bbb0-46c3-be8a-0b259d9a5d8c,"Emails revelam &quot;mergulho VIP&quot; de Kash Patel em Pearl Harbor",Observador,2026-05-14,https://observador.pt/2026/05/15/e-como-uma-despedida-de-solteiro-numa-igreja-emails-expoem-que-a-visita-do-diretor-do-fbi-ao-havai-incluiu-mergulho-vip-em-pearl-harbor/,"perturbações do espectro do autismo","2026-05-15 06:00:05.82873+00",media,
ab5b4ca1-898a-4360-9876-40b9c75b37a3,"Defesa Costinha deixa Olympiacos e assina por cinco anos com o Brighton",RTP,2026-06-15,https://www.rtp.pt/noticias/futebol-internacional/defesa-costinha-deixa-olympiacos-e-assina-por-cinco-anos-com-o-brighton_d1747291,"perturbação obsessivo-compulsiva","2026-06-16 06:00:03.434837+00",media,
ab920b88-3cfd-40ee-9465-45265628466b,"<![CDATA[Mau tempo: Governo prolonga candidaturas aos apoios até 15 de setembro]]>","Notícias ao Minuto",2026-07-16,https://www.noticiasaominuto.com/economia/3022373/mau-tempo-governo-prolonga-candidaturas-aos-apoios-ate-15-de-setembro#utm_source=rss-ultima-hora&amp;utm_medium=rss&amp;utm_campaign=rssfeed,candidíase,"2026-07-17 06:00:10.134984+00",media,
aba1b3a8-b8c5-46b8-8f9c-b3062bac6ef8,"Instituto Ricardo Jorge participa em evento de programa de combate à obesidade infantil do Ministério da Saúde da Grécia",INSA,2026-06-02,https://www.insa.min-saude.pt/instituto-ricardo-jorge-participa-em-evento-de-programa-de-combate-a-obesidade-infantil-do-ministerio-da-saude-da-grecia/,"obesidade infantil","2026-06-03 06:00:14.36573+00",institucional,
ac0b52d7-56aa-497c-8997-baa6de4501dc,"Perguntar para uma amiga",Público,2026-03-30,https://www.publico.pt/2026/03/31/opiniao/opiniao/perguntar-amiga-2169610,avc,"2026-03-31 06:00:20.106092+00",media,
ac71c527-e778-4f01-b944-edbc5d140633,"Candidata ao Miss Brasil Europa 2026 visita a APAV",APAV,2026-09-03,https://apav.pt/candidata-ao-miss-brasil-europa-2026-visita-a-apav/,candidíase,"2026-09-14 06:00:58.207479+00",institucional,
ac99542e-6ecb-4907-b708-906b9b252ee2,"Continua a polémica nas eleições para reitor da Nova: candidatos pedem nova data",Público,2026-04-29,https://www.publico.pt/2026/04/29/sociedade/noticia/continua-polemica-eleicoes-reitor-nova-candidatos-pedem-nova-data-2172728,candidíase,"2026-04-29 06:00:08.138014+00",media,
acb2412d-be07-4064-82c1-a07a98dae3ab,"CPSA contribui para declaração europeia que exige maior ação face a ondas de calor","Conselho Português para a Saúde e Ambiente",2026-07-24,https://cpsa.pt/noticias/cpsa-noticias/cpsa-declaracao-europeia-maior-acao-ondas-de-calor/,"calor extremo e saúde","2026-07-30 06:01:44.97383+00",institucional,
ace81c58-88eb-4e5e-a0fc-982655b4354d,"<![CDATA[Xabi Alonso atraiu todas as atenções no arranque da pré-época do Chelsea]]>","Notícias ao Minuto",2026-07-09,https://www.noticiasaominuto.com/desporto/3019269/xabi-alonso-atraiu-todas-as-atencoes-no-arranque-da-pre-epoca-do-chelsea#utm_source=rss-ultima-hora&amp;utm_medium=rss&amp;utm_campaign=rssfeed,"perturbação obsessivo-compulsiva","2026-07-10 06:00:11.52006+00",media,
acf9871d-ca69-4456-9b1b-4aad4aa4ce41,"<![CDATA[Nepal. Peregrinação fatal ao sopé do monte sagrado Kailash]]>","Notícias ao Minuto",2026-08-28,https://www.noticiasaominuto.com/mundo/3042771/nepal-peregrinacao-fatal-ao-sope-do-monte-sagrado-kailash#utm_source=rss-ultima-hora&amp;utm_medium=rss&amp;utm_campaign=rssfeed,"síndrome do ovário poliquístico","2026-08-31 06:00:09.311004+00",media,
ad00c0c4-cdc2-49b8-9dda-49316c7492b6,"A hipocrisia da reforma",Observador,2026-05-21,https://observador.pt/opiniao/a-hipocrisia-da-reforma-exigem-decadas-de-descontos-a-quem-vice-com-mais-obstaculos/,"perturbação obsessivo-compulsiva","2026-05-22 06:00:06.0391+00",media,
ad032103-ba65-4d9f-96d4-c52290cf8f2a,"Doçaria de tradição popular em Terras do Demo",Observador,2026-06-24,https://observador.pt/programas/a-historia-das-historias/docaria-de-tradicao-popular-em-terras-do-demo/,"síndrome do ovário poliquístico","2026-06-24 06:00:03.865302+00",media,
ad03aaad-37bd-41c9-867d-fadf1e910298,"<![CDATA[Nuno Espírito Santo conduz West Ham à goleada da época em Inglaterra]]>","Notícias ao Minuto",2026-09-11,https://www.noticiasaominuto.com/desporto/3050244/nuno-espirito-santo-conduz-west-ham-a-goleada-da-epoca-em-inglaterra#utm_source=rss-ultima-hora&amp;utm_medium=rss&amp;utm_campaign=rssfeed,"perturbação obsessivo-compulsiva","2026-09-12 06:00:11.851977+00",media,
ad1770f4-4e35-48f5-9c75-1b0699c40456,"Candidata ao Miss Brasil Europa 2026 visita a APAV",APAV,2026-09-03,https://apav.pt/candidata-ao-miss-brasil-europa-2026-visita-a-apav/,candidíase,"2026-09-07 06:01:01.166887+00",institucional,
ad2c837b-8afe-49a5-b2c3-4f14b2ba222b,"<![CDATA[Oficial: Mons Bassouamina assina pelo Marítimo por uma época]]>","Notícias ao Minuto",2026-09-03,https://www.noticiasaominuto.com/desporto/3045954/avancado-franco-congoles-mons-bassouamina-assina-pelo-maritimo-por-uma-epoca#utm_source=rss-ultima-hora&amp;utm_medium=rss&amp;utm_campaign=rssfeed,"perturbação obsessivo-compulsiva","2026-09-06 06:00:05.47152+00",media,
ad514944-74a0-4b2e-b93b-e69cc6d4b2cd,"SPPSM apoia 2.ª edição da sessão formativa sobre Autismo e PHDA no Adulto","SP Psiquiatria e Saúde Mental",2026-06-01,https://www.sppsm.org/sppsm-apoia-2-a-edicao-da-sessao-formativa-sobre-autismo-e-phda-no-adulto/,"perturbações do espectro do autismo","2026-09-10 06:00:52.895855+00",institucional,
ad788372-d6e8-4d17-a6a2-6a509f047888,"<![CDATA[Seguro exige notas dos exames ""a tempo"" da candidatura ao superior]]>","Notícias ao Minuto",2026-07-31,https://www.noticiasaominuto.com/pais/3030671/seguro-exige-notas-dos-exames-a-tempo-da-candidatura-ao-superior#utm_source=rss-ultima-hora&amp;utm_medium=rss&amp;utm_campaign=rssfeed,candidíase,"2026-08-01 06:00:08.893027+00",media,
ad80007e-0dcf-47b8-9f27-1909c1fa9b88,"<![CDATA[Federação italiana retira o apoio a candidatura de Gianni Infantino]]>","Notícias ao Minuto",2026-08-26,https://www.noticiasaominuto.com/desporto/3041809/federacao-italiana-retira-o-apoio-a-candidatura-de-gianni-infantino#utm_source=rss-ultima-hora&amp;utm_medium=rss&amp;utm_campaign=rssfeed,candidíase,"2026-08-27 06:00:12.714325+00",media,
adaf98da-92df-4ad9-8712-4d2f14b7bf5a,"<![CDATA[Como fazer salmorejo, a sopa fria espanhola que rivaliza com o gaspacho]]>","Notícias ao Minuto",2026-08-13,https://www.noticiasaominuto.com/lifestyle/3036213/como-fazer-salmorejo-a-sopa-fria-espanhola-que-rivaliza-com-o-gaspacho#utm_source=rss-ultima-hora&amp;utm_medium=rss&amp;utm_campaign=rssfeed,"síndrome do ovário poliquístico","2026-08-16 06:00:11.204017+00",media,
adb27691-a1a2-4143-83e3-9da65aef56ef,"<![CDATA[Desportivo de Chaves quer lutar pelo regresso à I Liga na época 2026/27]]>","Notícias ao Minuto",2026-08-04,https://www.noticiasaominuto.com/desporto/3032067/desportivo-de-chaves-quer-lutar-pelo-regresso-a-i-liga-na-epoca-202627#utm_source=rss-ultima-hora&amp;utm_medium=rss&amp;utm_campaign=rssfeed,"perturbação obsessivo-compulsiva","2026-08-05 06:00:10.761498+00",media,
adb7ca6c-cd58-4bed-b0de-e414aa2c6273,"5h Época especial exames do secundário. Inscrições esta semana",RTP,2026-07-27,https://www.rtp.pt/noticias/noticiario-antena1/5h-epoca-especial-exames-do-secundario-inscricoes-esta-semana_a1_1756054,"perturbação obsessivo-compulsiva","2026-07-27 06:00:06.98129+00",media,
adeca6bc-7f9a-4db5-b375-a5ef54e2af3c,"<![CDATA[Britney Spears formalmente acusada por conduzir sob o efeito de álcool]]>","Notícias ao Minuto",2026-05-01,https://www.noticiasaominuto.com/fama/2982594/britney-spears-formalmente-acusada#utm_source=rss-ultima-hora&amp;utm_medium=rss&amp;utm_campaign=rssfeed,"perturbações do espectro do autismo","2026-05-02 06:00:15.425175+00",media,
ae1dd05f-af23-4502-a04c-7b444f08de96,"Candidata ao Miss Brasil Europa 2026 visita a APAV",APAV,2026-09-03,https://apav.pt/candidata-ao-miss-brasil-europa-2026-visita-a-apav/,candidíase,"2026-09-05 06:00:59.773564+00",institucional,
ae70f336-f323-4d5a-b17b-16e6d9e81b67,"Avançado brasileiro Gabriel Silva no Sporting de Braga por cinco épocas",RTP,2026-06-19,https://www.rtp.pt/noticias/futebol-nacional/avancado-brasileiro-gabriel-silva-no-sporting-de-braga-por-cinco-epocas_d1748255,"perturbação obsessivo-compulsiva","2026-06-20 06:00:08.835869+00",media,
ae7a9a0a-ca03-448e-b8dd-ce5803bc71c4,"<![CDATA[Nolan Wells, 18 anos, morto após festa. Há ""contradições""... e racismo?]]>","Notícias ao Minuto",2026-07-22,https://www.noticiasaominuto.com/mundo/3025335/nolan-wells-18-anos-morto-apos-festa-ha-contradicoes-e-racismo#utm_source=rss-ultima-hora&amp;utm_medium=rss&amp;utm_campaign=rssfeed,dependências,"2026-07-23 06:00:10.278551+00",media,
aea28d92-d1ff-4367-aad1-2c6891665b0e,"<![CDATA[3 hábitos que aumentam (sem que dê por isso) o risco de cancro da mama]]>","Notícias ao Minuto",2026-06-22,https://www.noticiasaominuto.com/lifestyle/3007970/3-habitos-que-aumentam-sem-que-de-por-isso-o-risco-de-cancro-da-mama#utm_source=rss-ultima-hora&amp;utm_medium=rss&amp;utm_campaign=rssfeed,"cancro da mama","2026-06-22 06:00:06.341284+00",media,
aec31e2c-655d-41df-8b68-f9e09fcb007a,"<![CDATA[5 sinais subtis de colesterol que não devem ser ignorados]]>","Notícias ao Minuto",2026-07-09,https://www.noticiasaominuto.com/lifestyle/3018583/5-sinais-subtis-de-colesterol-que-nao-devem-ser-ignorados#utm_source=rss-ultima-hora&amp;utm_medium=rss&amp;utm_campaign=rssfeed,"colesterol alto","2026-07-10 06:00:11.52006+00",media,
aec3e0af-727d-4399-a574-8c63a5f07b69,"Cérebro e coluna: envelhecem juntos, protegem-se juntos","Sociedade Portuguesa Patologia Coluna Vertebral",2026-07-09,https://sppcv.org/artigos-de-opiniao/cerebro-e-coluna-envelhecem-juntos-protegem-se-juntos/,demência,"2026-07-16 06:00:38.401166+00",institucional,
aed3d53c-6aaa-44f5-b951-6949fa3915d2,"Mourinho não garante permanência no Benfica na próxima época",RTP,2026-04-18,https://www.rtp.pt/noticias/desporto/mourinho-nao-garante-permanencia-no-benfica-na-proxima-epoca_v1735074,"perturbação obsessivo-compulsiva","2026-04-19 06:00:08.204787+00",media,
aef7d206-c984-448d-9574-8e0dd725d7e2,"Substituição dos F-16: “Janela de decisões é relativamente curta”",Público,2026-05-31,https://www.publico.pt/2026/05/31/politica/entrevista/substituicao-f16-janela-decisoes-relativamente-curta-2176619,candidíase,"2026-05-31 06:00:08.939364+00",media,
af118cc4-8ffe-4ca5-96a9-9c21568741dd,"<![CDATA[Netanyahu anuncia candidatura às próximas eleições legislativas em Israel]]>","Notícias ao Minuto",2026-06-15,https://www.noticiasaominuto.com/mundo/3005660/netanyahu-anuncia-candidatura-as-proximas-eleicoes-legislativas-em-israel#utm_source=rss-ultima-hora&amp;utm_medium=rss&amp;utm_campaign=rssfeed,candidíase,"2026-06-16 06:00:07.256418+00",media,
af13cc0b-2410-4abf-beb4-a500b650f41c,"Flávio Bolsonaro recupera filiação partidária após fraude e pode registar candidatura",RTP,2026-08-13,https://www.rtp.pt/noticias/mundo/flavio-bolsonaro-recupera-filiacao-partidaria-apos-fraude-e-pode-registar-candidatura_n1759356,candidíase,"2026-08-14 06:00:11.231371+00",media,
af143d77-ae6d-4f73-bac5-c3857c3f788a,"<![CDATA[Tiago Margarido promete equipa ""com ADN Vitória"" para a nova época]]>","Notícias ao Minuto",2026-08-07,https://www.noticiasaominuto.com/desporto/3033531/tiago-margarido-promete-equipa-com-adn-vitoria-para-a-nova-epoca#utm_source=rss-ultima-hora&amp;utm_medium=rss&amp;utm_campaign=rssfeed,"perturbação obsessivo-compulsiva","2026-08-08 06:00:08.519628+00",media,
af7696b1-430c-475c-b313-118fb0f39831,"Governo reafetou 900 milhões de euros do PRR para a inovação",Observador,2026-04-22,https://observador.pt/2026/04/22/governo-reafetou-900-milhoes-de-euros-do-prr-para-a-inovacao-e-competitividade-diz-ministro/,candidíase,"2026-04-23 06:00:07.844096+00",media,
afc2ff66-6f2d-4eb6-bc8e-d22f77fa8673,"<![CDATA[Associação madeirense com 42 nadadores-salvadores para época balnear]]>","Notícias ao Minuto",2026-05-31,https://www.noticiasaominuto.com/pais/2998706/associacao-madeirense-com-42-nadadores-salvadores-para-epoca-balnear#utm_source=rss-ultima-hora&amp;utm_medium=rss&amp;utm_campaign=rssfeed,"perturbação obsessivo-compulsiva","2026-06-01 06:00:11.673805+00",media,
afc6287a-8d11-4459-a7a2-64607f6386f9,"<![CDATA[Eurodeputado Raphael Glucksmann candidata-se às presidenciais francesas]]>","Notícias ao Minuto",2026-08-23,https://www.noticiasaominuto.com/mundo/3040377/eurodeputado-raphael-glucksmann-candidata-se-as-presidenciais-francesas#utm_source=rss-ultima-hora&amp;utm_medium=rss&amp;utm_campaign=rssfeed,candidíase,"2026-08-26 06:00:10.214346+00",media,
afcc5e9a-eb46-489a-a217-d42889dc7c3c,"Governo pediu urgência para aprovar PSU após oito meses a preparar diploma",Público,2026-06-09,https://www.publico.pt/2026/06/09/politica/noticia/governo-pediu-urgencia-aprovar-psu-apos-oito-meses-preparar-diploma-2177526,"perturbação obsessivo-compulsiva","2026-06-09 06:00:08.214952+00",media,
afe5390b-116f-4dd2-baf5-5c5c975e58c4,"<![CDATA[Por cá: ""Depressão Ronaldo"" e novo episódio na 'novela Yeremay']]>","Notícias ao Minuto",2026-06-19,https://www.noticiasaominuto.com/desporto/3007841/por-ca-depressao-ronaldo-e-novo-episodio-na-novela-yeremay#utm_source=rss-ultima-hora&amp;utm_medium=rss&amp;utm_campaign=rssfeed,depressão,"2026-06-20 06:00:09.590423+00",media,
affe4986-3735-4614-b0db-db2776019f6d,"PS quer saber efetivos das Forças Armadas desde 2022",Observador,2026-04-10,https://observador.pt/2026/04/11/ps-quer-saber-evolucao-detalhada-de-efetivos-nas-forcas-armadas-desde-2022/,candidíase,"2026-04-11 06:00:06.664879+00",media,
b0162c34-95e7-489e-9ef7-28ca486e8816,"<![CDATA[Ocasio-Cortez admite candidatar-se à presidência dos EUA em 2028]]>","Notícias ao Minuto",2026-08-09,https://www.noticiasaominuto.com/mundo/3034266/ocasio-cortez-admite-candidatar-se-a-presidencia-dos-eua-em-2028#utm_source=rss-ultima-hora&amp;utm_medium=rss&amp;utm_campaign=rssfeed,candidíase,"2026-08-10 06:00:10.246201+00",media,
b0260346-8960-4068-ba4d-c819610f20af,"<![CDATA[Petrolífera mexicana tentar conter derrame de petróleo no Golfo do México]]>","Notícias ao Minuto",2026-09-12,https://www.noticiasaominuto.com/mundo/3050284/petrolifera-mexicana-tentar-conter-derrame-de-petroleo-no-golfo-do-mexico#utm_source=rss-ultima-hora&amp;utm_medium=rss&amp;utm_campaign=rssfeed,avc,"2026-09-12 06:00:11.851977+00",media,
b0282282-394f-4fc3-87b2-6d573ee20a31,"O Irão e as birras transatlânticas",Observador,2026-04-05,https://observador.pt/opiniao/o-irao-e-as-birras-transatlanticas/,"refluxo gastroesofágico","2026-04-06 06:00:11.172037+00",media,
b02bc2e6-9af5-403f-b5c3-6073a3abcdfd,"Burnout e violência na enfermagem",Observador,2026-05-24,https://observador.pt/opiniao/burnout-e-violencia-na-enfermagem-a-urgencia-de-proteger-quem-cuida/,burnout,"2026-05-25 06:00:08.514442+00",media,
b0501464-520a-4fac-8a4f-445a77a1176b,"Autismo: sinais precoces a que os pais devem estar atentos",Observador,2026-04-02,https://observador.pt/programas/tratar-da-saude/autismo-sinais-precoces-a-que-os-pais-devem-estar-atentos/,"perturbações do espectro do autismo","2026-04-02 06:00:13.435662+00",media,
b0681bbe-bdd7-4ef5-a4b1-02ea8f6d4627,"Temperaturas 10 graus acima do normal para a época em vários países europeus",RTP,2026-06-21,https://www.rtp.pt/noticias/mundo/temperaturas-10-graus-acima-do-normal-para-a-epoca-em-varios-paises-europeus_v1748564,"perturbação obsessivo-compulsiva","2026-06-22 06:00:05.523032+00",media,
b069c5f4-75bd-4137-840f-f0757b8e4494,"<![CDATA[Os alimentos comuns e acessíveis que ajudam a reduzir o colesterol]]>","Notícias ao Minuto",2026-07-13,https://www.noticiasaominuto.com/lifestyle/3019738/os-alimentos-comuns-e-acessiveis-que-ajudam-a-reduzir-o-colesterol#utm_source=rss-ultima-hora&amp;utm_medium=rss&amp;utm_campaign=rssfeed,"colesterol alto","2026-07-14 06:00:07.455812+00",media,
b0958101-3499-4c59-81fb-167c73ee29b0,"CPSA contribui para declaração europeia que exige maior ação face a ondas de calor","Conselho Português para a Saúde e Ambiente",2026-07-24,https://cpsa.pt/noticias/cpsa-noticias/cpsa-declaracao-europeia-maior-acao-ondas-de-calor/,"calor extremo e saúde","2026-08-10 06:00:56.802043+00",institucional,
b0a9c651-26c3-4075-a6a3-c2d9fdad6a4c,"Pequeno manual de pastoreio e torrefacção",Observador,2026-06-12,https://observador.pt/opiniao/pequeno-manual-de-pastoreio-e-torrefaccao/,"resistência antibióticos","2026-06-13 06:00:07.113927+00",media,
b0b5127e-eb5a-4e90-a7c9-7fe1087bdb07,"Abertura de concurso a financiamento público para projetos na área da alimentação escolar","Nutrimento (PNPAS)",2025-09-15,https://nutrimento.pt/noticias/concurso-projetos-alimentacao-escolar-pnpas/,candidíase,"2026-04-10 06:00:24.011275+00",institucional,
b0b6ee79-e599-4252-9a0a-0c422b12b660,"<![CDATA[Hoje é notícia: Pinto da Costa? Conta vazia; Ventura quer privatizar RTP]]>","Notícias ao Minuto",2026-06-12,https://www.noticiasaominuto.com/pais/3004027/hoje-e-noticia-pinto-da-costa-conta-vazia-ventura-quer-privatizar-rtp#utm_source=rss-ultima-hora&amp;utm_medium=rss&amp;utm_campaign=rssfeed,"refluxo gastroesofágico","2026-06-13 06:00:08.613791+00",media,
b1103d8e-a23d-4cb0-a867-07ca440723cc,"<![CDATA[Especialistas explicam como colecionar cromos pode aliviar o stress ]]>","Notícias ao Minuto",2026-05-11,https://www.noticiasaominuto.com/lifestyle/2987976/especialistas-explicam-como-colecionar-cromos-pode-aliviar-o-stress#utm_source=rss-ultima-hora&amp;utm_medium=rss&amp;utm_campaign=rssfeed,ansiedade,"2026-05-12 06:00:06.86756+00",media,
b112189f-a592-439b-8ca6-759e318e3b51,"<![CDATA[ASAE apreende quase 7 mil suplementos alimentares com canábis]]>","Notícias ao Minuto",2026-05-08,https://www.noticiasaominuto.com/pais/2986445/asae-apreende-quase-7-mil-suplementos-alimentares-com-canabis#utm_source=rss-ultima-hora&amp;utm_medium=rss&amp;utm_campaign=rssfeed,"suplementos alimentares","2026-05-09 06:00:09.588472+00",media,
b11785ec-5cd2-47b8-899b-db74983a1e2c,"TDAH em adultos: o diagnóstico que muitos portugueses desconhecem",Público,2025-03-01,https://www.publico.pt/tdah-adultos,"TDAH adulto","2026-03-08 12:35:50.177732+00",media,
b126439b-86f0-43f9-82d9-6fcc34a3e2ec,"<![CDATA[""Compactuar com genocídio""? Pipoca e David Cristina reagem a polémica]]>","Notícias ao Minuto",2026-09-09,https://www.noticiasaominuto.com/fama/3049029/compactuar-com-genocidio-pipoca-e-david-cristina-reagem-a-polemica#utm_source=rss-ultima-hora&amp;utm_medium=rss&amp;utm_campaign=rssfeed,"perturbação obsessivo-compulsiva","2026-09-12 06:00:11.851977+00",media,
b12a9f2c-f88e-461d-bffd-8ce773518fa7,"“Vamos ficar de olhos abertos”: Comissão Europeia promove campanha pelos direitos das vítimas de crime",APAV,2026-08-12,https://apav.pt/vamos-ficar-de-olhos-abertos-comissao-europeia-promove-campanha-pelos-direitos-das-vitimas-de-crime/,"síndrome do ovário poliquístico","2026-08-15 06:01:07.969056+00",institucional,
b159793f-0b28-497e-b2a0-75742774a603,"<![CDATA[Moçambique: Peace Parks Foundation oferece 19,9 milhões para 4 parques]]>","Notícias ao Minuto",2026-08-01,https://www.noticiasaominuto.com/mundo/3030970/mocambique-peace-parks-foundation-oferece-19-9-milhoes-para-4-parques#utm_source=rss-ultima-hora&amp;utm_medium=rss&amp;utm_campaign=rssfeed,"perturbações do espectro do autismo","2026-08-02 06:00:09.596979+00",media,
b172dd3a-5ff8-42d9-80b9-b7a09497c91e,"<![CDATA[Oficial: Pedro Lima é o segundo reforço do Sporting para a nova época]]>","Notícias ao Minuto",2026-05-28,https://www.noticiasaominuto.com/desporto/2997488/oficial-pedro-lima-e-o-segundo-reforco-do-sporting-para-a-nova-epoca#utm_source=rss-ultima-hora&amp;utm_medium=rss&amp;utm_campaign=rssfeed,"perturbação obsessivo-compulsiva","2026-05-29 06:00:13.155138+00",media,
b17ba5d8-744d-424c-b207-dbc71fd69f0b,"<![CDATA[Fumo afeta qualidade do ar em Nova Iorque dias antes da final do Mundial]]>","Notícias ao Minuto",2026-07-17,https://www.noticiasaominuto.com/mundo/3023171/fumo-afeta-qualidade-do-ar-em-nova-iorque-dias-antes-da-final-do-mundial#utm_source=rss-ultima-hora&amp;utm_medium=rss&amp;utm_campaign=rssfeed,"poluição e saúde","2026-07-18 06:00:10.749625+00",media,
b1a79b1d-9676-4ef1-b1e7-c294d695feac,"<![CDATA[Janine Lélis anuncia candidatura à presidência de Cabo Verde]]>","Notícias ao Minuto",2026-06-24,https://www.noticiasaominuto.com/mundo/3010518/janine-lelis-anuncia-candidatura-a-presidencia-de-cabo-verde#utm_source=rss-ultima-hora&amp;utm_medium=rss&amp;utm_campaign=rssfeed,candidíase,"2026-06-25 06:00:18.090096+00",media,
b1aa2054-259f-47d1-8d86-2e5b2f9e44be,"Ondas de calor aceleram subida do risco económico das alterações climáticas",Público,2026-08-17,https://www.publico.pt/2026/08/17/economia/noticia/ondas-calor-antecipam-risco-economico-alteracoes-climaticas-2185124,"calor extremo e saúde","2026-08-17 06:00:08.609028+00",media,
b1e1b298-ce2a-452c-842b-1ba15a0c64d1,"Médicos. 60% das vagas por ocupar, mas contratações subiram",Observador,2026-07-17,https://observador.pt/2026/07/18/concurso-para-medicos-de-familia-deixa-mais-de-60-das-vagas-por-preencher-mas-numero-de-colocados-aumentou/,"perturbação obsessivo-compulsiva","2026-07-18 06:00:09.266809+00",media,
b213e0d8-aff8-48fb-a966-e9e5dcde8be3,"Instituto Ricardo Jorge promove II Conferência do Centro Colaborativo da OMS em Nutrição e Obesidade Infantil",INSA,2026-09-04,https://www.insa.min-saude.pt/instituto-ricardo-jorge-promove-ii-conferencia-do-centro-colaborativo-da-oms-em-nutricao-e-obesidade-infantil/,"obesidade infantil","2026-09-11 06:00:19.53728+00",institucional,
b2296f8f-f1ee-402e-b85b-fa320cb03336,"5h Começa época dos exames nacionais com a prova de Português 12º",RTP,2026-06-16,https://www.rtp.pt/noticias/noticiario-antena1/5h-comeca-epoca-dos-exames-nacionais-com-a-prova-de-portugues-12o_a1_1747324,"perturbação obsessivo-compulsiva","2026-06-16 06:00:03.434837+00",media,
b22e3412-ff90-4a30-a4c9-d92992be79e2,"Beja formaliza projeto para criar rede de refúgios climáticos","Conselho Português para a Saúde e Ambiente",2026-07-07,https://cpsa.pt/noticias/portugal-noticias/beja-formaliza-projeto-rede-refugios-climaticos/,"calor extremo e saúde","2026-07-24 06:01:11.486352+00",institucional,
b2329c33-3c43-448f-ae91-6efa92f6227e,"<![CDATA[""Incrível"". Manuel Luís Goucha comovido com mensagem de fã com demência]]>","Notícias ao Minuto",2026-09-11,https://www.noticiasaominuto.com/fama/3049916/incrivel-manuel-luis-goucha-comovido-com-mensagem-de-fa-com-demencia#utm_source=rss-ultima-hora&amp;utm_medium=rss&amp;utm_campaign=rssfeed,demência,"2026-09-14 06:00:12.111358+00",media,
b24091fc-b727-4ac7-9e94-e9aa74cd4894,"Turbulência em voo da TAP faz dois feridos",RTP,2026-05-27,https://www.rtp.pt/noticias/pais/turbulencia-em-voo-da-tap-faz-dois-feridos_v1743876,"refluxo gastroesofágico","2026-05-28 06:00:11.225158+00",media,
b245d251-de21-4f32-b664-a97c2f101d42,"<![CDATA[""Enxaqueca é incapacitante e silenciosa e só quem tem percebe a dimensão""]]>","Notícias ao Minuto",2026-05-20,https://www.noticiasaominuto.com/fama/2992935/enxaqueca-e-incapacitante-e-silenciosa-e-so-quem-tem-percebe-a-dimensao#utm_source=rss-ultima-hora&amp;utm_medium=rss&amp;utm_campaign=rssfeed,enxaqueca,"2026-05-21 06:00:09.802052+00",media,
b2931960-e312-45bf-bbfc-45e380cf3aca,"Diplomata argentina Virginia Gamba abandona corrida a secretária-geral da ONU",RTP,2026-03-26,https://www.rtp.pt/noticias/mundo/diplomata-argentina-virginia-gamba-abandona-corrida-a-secretaria-geral-da-onu_n1729530,candidíase,"2026-03-27 06:00:19.049278+00",media,
b296ff93-37bd-4f6f-a78f-6cc48c13d365,"<![CDATA[Carneiro pede eventual prolongamento da candidatura ao Ensino Superior]]>","Notícias ao Minuto",2026-07-19,https://www.noticiasaominuto.com/politica/3023855/carneiro-pede-eventual-prolongamento-da-candidatura-ao-ensino-superior#utm_source=rss-ultima-hora&amp;utm_medium=rss&amp;utm_campaign=rssfeed,candidíase,"2026-07-20 06:00:12.191085+00",media,
b2b571d0-2a86-47e7-befd-f90d60684dfd,"Giovanni Stanghellini","SP Psiquiatria e Saúde Mental",2026-06-24,https://www.sppsm.org/giovanni-stanghellini/,"síndrome do ovário poliquístico","2026-06-25 06:00:58.550292+00",institucional,
b311de24-daa6-4089-b86f-fda2836890ec,"<![CDATA[""Durante muito tempo, escolhemos o silêncio. Alcoolismo é doença grave""]]>","Notícias ao Minuto",2026-07-24,https://www.noticiasaominuto.com/fama/3026697/durante-muito-tempo-escolhemos-o-silencio-alcoolismo-e-doenca-grave#utm_source=rss-ultima-hora&amp;utm_medium=rss&amp;utm_campaign=rssfeed,alcoolismo,"2026-07-26 06:00:07.731392+00",media,
b31e5ce8-e20e-4a2f-9eb1-2bf9aa13a63b,"&quot;Erro&quot;. Despacho para as Vias Verdes da saúde já está corrigido",RTP,2026-08-03,https://www.rtp.pt/noticias/pais/erro-despacho-para-as-vias-verdes-da-saude-ja-esta-corrigido_v1757501,avc,"2026-08-04 06:00:09.429813+00",media,
b366702a-222d-4f98-9f3b-d95ab525eeea,"<![CDATA[""Amei-me gorda e amo-me magra"", diz Deslandes após fã falar em hipocrisia]]>","Notícias ao Minuto",2026-09-02,https://www.noticiasaominuto.com/fama/3045380/amei-me-gorda-e-amo-me-magra-diz-deslandes-apos-fa-falar-em-hipocrisia#utm_source=rss-ultima-hora&amp;utm_medium=rss&amp;utm_campaign=rssfeed,"perturbação obsessivo-compulsiva","2026-09-03 06:00:14.963501+00",media,
b3b1f9f0-4046-4e8b-aa25-d5d17a916cf1,"<![CDATA[Leão, na porta de saída, integra pré-época do Milan... tal como Ramos]]>","Notícias ao Minuto",2026-07-26,https://www.noticiasaominuto.com/desporto/3027646/leao-na-porta-de-saida-integra-pre-epoca-do-milan-tal-como-ramos#utm_source=rss-ultima-hora&amp;utm_medium=rss&amp;utm_campaign=rssfeed,"perturbação obsessivo-compulsiva","2026-07-28 06:00:06.037697+00",media,
b3e220a8-eb7c-4f42-877d-7369dab54923,"<![CDATA[Lindsay Clancy. Psicose pós-parto ou depressão pós-parto? Como distinguir]]>","Notícias ao Minuto",2026-08-27,https://www.noticiasaominuto.com/lifestyle/3042135/lindsay-clancy-psicose-pos-parto-ou-depressao-pos-parto-como-distinguir#utm_source=rss-ultima-hora&amp;utm_medium=rss&amp;utm_campaign=rssfeed,depressão,"2026-08-29 06:00:11.446272+00",media,
b3e3a1b4-3554-4d93-add0-3eb57c681f63,"Candidata ao Miss Brasil Europa 2026 visita a APAV",APAV,2026-09-03,https://apav.pt/candidata-ao-miss-brasil-europa-2026-visita-a-apav/,candidíase,"2026-09-12 06:00:55.182301+00",institucional,
b4606387-6018-4bee-b179-5afd09472f44,"<![CDATA[Morreu Vincent Pastore, ator da série ""Os Sopranos"". Tinha 80 anos]]>","Notícias ao Minuto",2026-08-02,https://www.noticiasaominuto.com/fama/3031020/morreu-vincent-pastore-ator-da-serie-os-sopranos-tinha-80-anos#utm_source=rss-ultima-hora&amp;utm_medium=rss&amp;utm_campaign=rssfeed,"síndrome do ovário poliquístico","2026-08-03 06:00:08.436187+00",media,
b47da56e-8c10-4885-8e54-b4391ebab769,"<![CDATA[Olivier Faure é candidato às primárias da esquerda para presidenciais francesas]]>","Notícias ao Minuto",2026-08-30,https://www.noticiasaominuto.com/mundo/3043557/olivier-faure-e-candidato-as-primarias-da-esquerda-para-presidenciais-francesas#utm_source=rss-ultima-hora&amp;utm_medium=rss&amp;utm_campaign=rssfeed,candidíase,"2026-09-01 06:00:08.684224+00",media,
b4a9c9ac-92e5-4aca-a887-82b4a6100972,"<![CDATA[A dieta de Ferran Torres: Jejum intermitente e waffles com chocolate]]>","Notícias ao Minuto",2026-07-20,https://www.noticiasaominuto.com/lifestyle/3024564/a-dieta-de-ferran-torres-jejum-intermitente-e-waffles-com-chocolate#utm_source=rss-ultima-hora&amp;utm_medium=rss&amp;utm_campaign=rssfeed,"jejum intermitente","2026-07-21 06:00:06.718319+00",media,
b4c3c219-50ea-4c15-8bac-e8e06abf1e31,"<![CDATA[A melhor sopa do mundo com pão é portuguesa (e há mais no top 10)]]>","Notícias ao Minuto",2026-05-11,https://www.noticiasaominuto.com/lifestyle/2987613/a-melhor-sopa-do-mundo-com-pao-e-portuguesa-e-ha-mais-no-top-10#utm_source=rss-ultima-hora&amp;utm_medium=rss&amp;utm_campaign=rssfeed,"síndrome do ovário poliquístico","2026-05-12 06:00:06.86756+00",media,
b4d8d536-03d5-4ef4-9ac1-995852eef7ed,"<![CDATA[""Só me apetece abraçar esta criança. Vai conhecer a rejeição e solidão""]]>","Notícias ao Minuto",2026-08-07,https://www.noticiasaominuto.com/fama/3033460/kiko-is-hot#utm_source=rss-ultima-hora&amp;utm_medium=rss&amp;utm_campaign=rssfeed,solidão,"2026-08-09 06:00:11.264131+00",media,
b4da15f8-4f31-448d-82ae-5be3073a4723,"<![CDATA[Bugalho aponta ""hipocrisia"" ao PS e garante: ""Neves não é um problema""]]>","Notícias ao Minuto",2026-08-22,https://www.noticiasaominuto.com/politica/3039913/bugalho-aponta-hipocrisia-ao-ps-e-garante-neves-nao-e-um-problema#utm_source=rss-ultima-hora&amp;utm_medium=rss&amp;utm_campaign=rssfeed,"perturbação obsessivo-compulsiva","2026-08-24 06:00:11.840935+00",media,
b4e1106d-eed9-4968-95ae-3d15aacf22fd,"<![CDATA[""A solidão não se pode colmatar. Temos de aprender a conviver com ela""]]>","Notícias ao Minuto",2026-09-10,https://www.noticiasaominuto.com/fama/3049159/a-solidao-nao-se-pode-colmatar-temos-de-aprender-a-conviver-com-a-ela#utm_source=rss-ultima-hora&amp;utm_medium=rss&amp;utm_campaign=rssfeed,solidão,"2026-09-11 06:00:12.638031+00",media,
b4e7e285-4e4c-4fb4-a892-0e16a2a9273c,"II Liga. Leixões em superioridade fecha época com triunfo sobre o Lourosa",RTP,2026-05-17,https://www.rtp.pt/noticias/futebol-nacional/ii-liga-leixoes-em-superioridade-fecha-epoca-com-triunfo-sobre-o-lourosa_d1741861,"perturbação obsessivo-compulsiva","2026-05-18 06:00:07.619527+00",media,
b4ff7ed1-e5d4-4001-8098-66fb006a89f7,"AMN regista 22 mortos em quatro meses de época balnear",RTP,2026-09-01,https://www.rtp.pt/noticias/cultura/amn-regista-22-mortos-em-quatro-meses-de-epoca-balnear_n1762829,"perturbação obsessivo-compulsiva","2026-09-02 06:00:05.627644+00",media,
b5144b5b-8109-4d0e-be82-0e7fefa9d179,"<![CDATA[Greenpeace lança expedição às águas profundas do Ártico na sexta-feira]]>","Notícias ao Minuto",2026-05-07,https://www.noticiasaominuto.com/mundo/2985482/greenpeace-lanca-expedicao-as-aguas-profundas-do-artico-na-sexta-feira#utm_source=rss-ultima-hora&amp;utm_medium=rss&amp;utm_campaign=rssfeed,"perturbações do espectro do autismo","2026-05-07 06:00:10.312798+00",media,
b514c3c2-dc7d-40b4-b26a-78bba8bf2341,"<![CDATA[Demência. 5 mudanças na alimentação que podem ser alarmantes]]>","Notícias ao Minuto",2026-09-04,https://www.noticiasaominuto.com/lifestyle/3046460/demencia-5-mudancas-na-alimentacao-que-podem-ser-alarmantes#utm_source=rss-ultima-hora&amp;utm_medium=rss&amp;utm_campaign=rssfeed,demência,"2026-09-07 06:00:16.483552+00",media,
b5524483-200c-426c-96ca-fb2500e1a81b,"<![CDATA[Lindsay Clancy. Psicose pós-parto ou depressão pós-parto? Como distinguir]]>","Notícias ao Minuto",2026-08-27,https://www.noticiasaominuto.com/lifestyle/3042135/lindsay-clancy-psicose-pos-parto-ou-depressao-pos-parto-como-distinguir#utm_source=rss-ultima-hora&amp;utm_medium=rss&amp;utm_campaign=rssfeed,depressão,"2026-08-28 06:00:06.059715+00",media,
b5570edf-37f0-43d7-ae8a-c2083faa3ca5,"Afinal, como é a vida no mundo espiritual?",Observador,2026-06-03,https://observador.pt/programas/somos-todos-malucos/afinal-como-e-a-vida-no-mundo-espiritual/,"perturbações do espectro do autismo","2026-06-03 06:00:09.178373+00",media,
b5704e5b-80d7-4a7a-abf7-bf8b86113bf7,"Programa da coligação de Lula da Silva para a reeleição com foco na soberania e segurança",RTP,2026-08-08,https://www.rtp.pt/noticias/mundo/programa-da-coligacao-de-lula-da-silva-para-a-reeleicao-com-foco-na-soberania-e-seguranca_n1758425,candidíase,"2026-08-09 06:00:10.627375+00",media,
b5775f77-2027-4cf4-942e-1fe6b2176295,"16h Nada pode falhar nas candidaturas ao Ensino Superior",RTP,2026-07-18,https://www.rtp.pt/noticias/noticiario-antena1/16h-nada-pode-falhar-nas-candidaturas-ao-ensino-superior_a1_1754349,candidíase,"2026-07-19 06:00:07.47541+00",media,
b5cd1785-ade0-4a08-b122-8f1475fc66f5,"Ansiedade: técnicas simples para recuperar o controlo do ...",Observador,2026-04-10,https://observador.pt/programas/tratar-da-saude/ansiedade-tecnicas-simples-para-recuperar-o-controlo-do-seu-corpo/,ansiedade,"2026-04-10 06:00:09.613778+00",media,
b5eb9dde-8317-4360-997c-9645b2e50ce8,"<![CDATA[Demência. O sinal que pode aparecer muito antes da perda de memória]]>","Notícias ao Minuto",2026-09-07,https://www.noticiasaominuto.com/lifestyle/3047382/demencia-o-sinal-que-pode-aparecer-muito-antes-da-perda-de-memoria#utm_source=rss-ultima-hora&amp;utm_medium=rss&amp;utm_campaign=rssfeed,demência,"2026-09-09 06:00:06.936079+00",media,
b6010956-6bf3-4266-ac5c-d878ded29faf,"Entre casas vazias e famílias em conflito",Observador,2026-05-19,https://observador.pt/opiniao/entre-casas-vazias-e-familias-em-conflito/,"refluxo gastroesofágico","2026-05-20 06:00:07.095278+00",media,
b614ee75-59b1-4cd4-b369-69fa590ec2d0,"<![CDATA[Criança com autismo resgatada de lago com ajuda de drone. Eis o vídeo]]>","Notícias ao Minuto",2026-09-10,https://www.noticiasaominuto.com/mundo/3049602/crianca-com-autismo-resgatada-de-lago-com-ajuda-de-drone-eis-o-video#utm_source=rss-ultima-hora&amp;utm_medium=rss&amp;utm_campaign=rssfeed,"perturbações do espectro do autismo","2026-09-11 06:00:12.638031+00",media,
b663d961-804e-4135-8a5a-1497b2d945d3,"Menopausa: novo tratamento hormonal aprovado pela EMA",Público,2025-11-15,https://publico.pt/menopausa-tratamento-ema,menopausa,"2026-03-08 11:22:47.09953+00",media,
b673c4f9-35cf-430a-905b-c4778ea600f3,"<![CDATA[Estudo. Afinal, há alimentos ultraprocessados que fazem bem à saúde]]>","Notícias ao Minuto",2026-07-29,https://www.noticiasaominuto.com/lifestyle/3029159/estudo-afinal-ha-alimentos-ultraprocessados-que-fazem-bem-a-saude#utm_source=rss-ultima-hora&amp;utm_medium=rss&amp;utm_campaign=rssfeed,ultraprocessados,"2026-07-30 06:00:41.97847+00",media,
b68d168e-858d-4d10-83ea-f59145f613f4,"PRR. Mais 185 milhões de euros e 478 candidaturas",Observador,2026-05-29,https://observador.pt/2026/05/29/prr-mais-185-milhoes-de-euros-pagos-e-478-candidaturas-aprovadas-na-ultima-semana/,candidíase,"2026-05-30 06:00:08.8636+00",media,
b69e2467-c950-4225-8742-670ab80f5a0e,"Feira da Golegã candidata-se a Património Imaterial",Observador,2026-08-24,https://observador.pt/2026/08/24/feira-da-golega-em-consulta-publica-para-patrimonio-cultural-imaterial-e-com-olho-posto-na-unesco/,candidíase,"2026-08-25 06:00:06.548209+00",media,
b6ac9cf3-11d2-44dc-9ebc-c5567f062350,"Mélechon anuncia candidatura às presidenciais de 2027",Observador,2026-05-03,https://observador.pt/2026/05/03/jean-luc-melechon-da-esquerda-francesa-anuncia-candidatura-as-presidenciais-de-2027/,candidíase,"2026-05-04 06:00:08.002287+00",media,
b6b32929-3c3e-456e-af04-c7958be0aefa,"<![CDATA[Sismo. Como conseguir conter o pânico e a ansiedade? Eis o que fazer]]>","Notícias ao Minuto",2026-06-26,https://www.noticiasaominuto.com/lifestyle/3012128/sismo-como-conseguir-conter-o-panico-e-a-ansiedade-eis-o-que-fazer#utm_source=rss-ultima-hora&amp;utm_medium=rss&amp;utm_campaign=rssfeed,ansiedade,"2026-06-27 06:00:12.803594+00",media,
b6c2d403-076f-489f-bc98-93e2528b8269,"<![CDATA[Depois da vitória paraguaia come-se esta ""sopa"" que, afinal, não é sopa]]>","Notícias ao Minuto",2026-06-30,https://www.noticiasaominuto.com/lifestyle/3013547/depois-da-vitoria-paraguaia-come-se-esta-sopa-que-afinal-nao-e-sopa#utm_source=rss-ultima-hora&amp;utm_medium=rss&amp;utm_campaign=rssfeed,"síndrome do ovário poliquístico","2026-07-01 06:00:13.168736+00",media,
b6dcf69d-8990-43cd-bdbf-12a34c6148c6,"<![CDATA[Aston Villa pode 'ajudar' Sporting a aliviar pré-época e aumentar férias]]>","Notícias ao Minuto",2026-05-19,https://www.noticiasaominuto.com/desporto/2991903/aston-villa-pode-ajudar-sporting-a-aliviar-pre-epoca-e-aumentar-ferias#utm_source=rss-ultima-hora&amp;utm_medium=rss&amp;utm_campaign=rssfeed,"perturbação obsessivo-compulsiva","2026-05-20 06:00:08.835469+00",media,
b6de236a-3905-4eb3-b3e6-6f34c1cee928,"<![CDATA[""Incrível"". Manuel Luís Goucha comovido com mensagem de fã com demência]]>","Notícias ao Minuto",2026-09-11,https://www.noticiasaominuto.com/fama/3049916/incrivel-manuel-luis-goucha-comovido-com-mensagem-de-fa-com-demencia#utm_source=rss-ultima-hora&amp;utm_medium=rss&amp;utm_campaign=rssfeed,demência,"2026-09-13 06:00:09.495425+00",media,
b6e30adf-3cbf-47ce-9fcc-28b2ef0ddbc5,"Presidente da Argentina Javier Milei diz que irá recandidatar-se em 2027",RTP,2026-04-24,https://www.rtp.pt/noticias/mundo/presidente-da-argentina-javier-milei-diz-que-ira-recandidatar-se-em-2027_n1736496,candidíase,"2026-04-24 06:00:09.372141+00",media,
b70c7f70-f563-4aca-809f-cd1203b4df4f,"Fujimori consolida liderança com mais de metade dos votos apurados no Peru",RTP,2026-04-14,https://www.rtp.pt/noticias/mundo/fujimori-consolida-lideranca-com-mais-de-metade-dos-votos-apurados-no-peru_n1733680,candidíase,"2026-04-14 06:00:07.112675+00",media,
b71190cb-379e-45c2-aaff-1e2fc65943c7,"20.ª Reunião Anual do NEDM leva a Viseu novos desafios na abordagem da diabetes","SP Medicina Interna",2026-09-07,https://www.spmi.pt/20-a-reuniao-anual-do-nedm-leva-a-viseu-novos-desafios-na-abordagem-da-diabetes/,"diabetes tipo 2","2026-09-12 06:00:49.972518+00",institucional,
b717d87a-9d50-4163-a528-9dff5a388e07,"Entre o frio da solidão e os espinhos da proximidade",Observador,2026-03-29,https://observador.pt/opiniao/entre-o-frio-da-solidao-e-os-espinhos-da-proximidade/,solidão,"2026-03-29 06:00:11.675477+00",media,
b7377bf7-53ef-4649-a07b-a8fde76bb103,"<![CDATA[Álvaro Mendonça e Moura é o único candidato à presidência da CAP]]>","Notícias ao Minuto",2026-04-15,https://www.noticiasaominuto.com/economia/2973253/alvaro-mendonca-e-moura-e-o-unico-candidato-a-presidencia-da-cap#utm_source=rss-ultima-hora&amp;utm_medium=rss&amp;utm_campaign=rssfeed,candidíase,"2026-04-16 06:00:09.337214+00",media,
b758b927-e7c8-4be1-8049-e5f3a1b575ad,"<![CDATA[Salman Rushdie lembrou ""Oz"" e Shakespeare no Porto]]>","Notícias ao Minuto",2026-06-29,https://www.noticiasaominuto.com/pais/3012701/salman-rushdie-lembrou-oz-e-shakespeare-no-porto#utm_source=rss-ultima-hora&amp;utm_medium=rss&amp;utm_campaign=rssfeed,"perturbações do espectro do autismo","2026-06-29 06:00:17.41872+00",media,
b7ce6a55-b219-49da-a9df-a40ed3ca93ec,"<![CDATA[Desportivo de Chaves quer lutar pelo regresso à I Liga na época 2026/27]]>","Notícias ao Minuto",2026-08-04,https://www.noticiasaominuto.com/desporto/3032067/desportivo-de-chaves-quer-lutar-pelo-regresso-a-i-liga-na-epoca-202627#utm_source=rss-ultima-hora&amp;utm_medium=rss&amp;utm_campaign=rssfeed,"perturbação obsessivo-compulsiva","2026-08-06 06:00:11.012929+00",media,
b7e56ac9-fe8b-4ee9-a4e9-781dbe8ce324,"Defesa de Flávio Bolsonaro critica juiz por proibi-lo de visitar pai durante 90 dias",RTP,2026-07-13,https://www.rtp.pt/noticias/mundo/defesa-de-flavio-bolsonaro-critica-juiz-por-proibi-lo-de-visitar-pai-durante-90-dias_n1753142,candidíase,"2026-07-14 06:00:06.714743+00",media,
b80a2fdc-a6b6-4697-85c1-8b2427b5d399,"<![CDATA[""É a imagem da segunda parte que queremos levar para o resto da época""]]>","Notícias ao Minuto",2026-08-14,https://www.noticiasaominuto.com/desporto/3036838/e-a-imagem-da-segunda-parte-que-queremos-levar-para-o-resto-da-epoca#utm_source=rss-ultima-hora&amp;utm_medium=rss&amp;utm_campaign=rssfeed,"perturbação obsessivo-compulsiva","2026-08-15 06:00:11.370737+00",media,
b844e74b-12fd-4e99-bcbe-c3f735e6e901,"Mais candidatos ao superior são um “sinal positivo”, mas universidades temem aumento do abandono no 1.º ano",Público,2026-08-08,https://www.publico.pt/2026/08/08/sociedade/noticia/candidatos-superior-sao-sinal-positivo-universidades-temem-aumento-abandono-1-ano-2184417,candidíase,"2026-08-08 06:00:06.714501+00",media,
b845f90e-01a2-4044-adb0-28d2d4da353d,"Diretores. Fusão de 1.º e 2.º ciclos pode ser positiva",Observador,2026-09-10,https://observador.pt/2026/09/11/diretores-das-escolas-dizem-fusao-de-1-o-e-2-o-ciclos-pode-ser-positiva-mas-deve-ser-explicada/,ansiedade,"2026-09-11 06:00:10.972314+00",media,
b88371df-2503-4ef8-81cc-152726c8aea0,"4h. Governo apresenta hoje a versão final do PTRR",Observador,2026-04-28,https://observador.pt/programas/noticiario/as-noticias-das-4h-2274/,depressão,"2026-04-28 06:00:06.921743+00",media,
b8d96861-d847-48d6-80c0-9ba82d27b770,"SAD 1662/2025 &#8211; Aquisição de Serviços de Cloud Computing &#8211; Término da 2ª Ronda de Qualificação de Candidatos",SPMS,2026-07-17,https://www.spms.min-saude.pt/2026/07/sad-1662-2025-aquisicao-de-servicos-de-cloud-computing-termino-da-2a-ronda-de-qualificacao-de-candidatos/,candidíase,"2026-07-21 06:00:15.355038+00",institucional,
b8fa6eb3-cba0-492c-94bd-53ee1a6c8ec9,"<![CDATA[FC Porto revela todos os detalhes da pré-época 2026/27]]>","Notícias ao Minuto",2026-06-24,https://www.noticiasaominuto.com/desporto/3010658/fc-porto-revela-todos-os-detalhes-da-pre-epoca-202627#utm_source=rss-ultima-hora&amp;utm_medium=rss&amp;utm_campaign=rssfeed,"perturbação obsessivo-compulsiva","2026-06-25 06:00:18.090096+00",media,
b90cea92-2a83-471f-ac2e-4eb1d2b540bd,"<![CDATA[""Dois AVC não são brincadeira. O Markl super disponível faleceu""]]>","Notícias ao Minuto",2026-05-14,https://www.noticiasaominuto.com/fama/2989687/dois-avc-nao-sao-brincadeira-o-markl-super-disponivel-faleceu#utm_source=rss-ultima-hora&amp;utm_medium=rss&amp;utm_campaign=rssfeed,avc,"2026-05-15 06:00:09.033335+00",media,
b936414c-e192-47db-8f06-f83f7d63ac57,"Angelina Jolie na alta costura com baixa voltagem dramática",Observador,2026-09-03,https://observador.pt/2026/09/03/couture-angelina-jolie-na-alta-costura-mas-com-baixa-voltagem-dramatica/,"cancro da mama","2026-09-03 06:00:12.901646+00",media,
b94b764a-e651-47f0-9acb-8a4f1f97ba5e,"<![CDATA[Líder do Partido Comunista Francês anuncia candidatura às presidenciais]]>","Notícias ao Minuto",2026-09-06,https://www.noticiasaominuto.com/mundo/3047297/lider-do-partido-comunista-frances-anuncia-candidatura-as-presidenciais#utm_source=rss-ultima-hora&amp;utm_medium=rss&amp;utm_campaign=rssfeed,candidíase,"2026-09-07 06:00:16.483552+00",media,
b9554685-eb1d-4bb8-a8de-089a9d610a7e,"A direita que vota PCP",Observador,2026-06-21,https://observador.pt/opiniao/a-direita-que-vota-pcp/,candidíase,"2026-06-22 06:00:04.884156+00",media,
b9b8b87d-ee71-4fd7-ae76-517fdeb3f800,"&quot;Terá de ser operado&quot;: Pogacar com Mundiais e época em risco",Observador,2026-08-29,https://observador.pt/2026/08/29/tera-de-ser-submetido-a-uma-cirurgia-a-clavicula-que-sera-adiada-devido-a-concussao-pogacar-tem-mundiais-e-resto-da-epoca-em-risco/,"perturbação obsessivo-compulsiva","2026-08-30 06:00:08.580448+00",media,
b9da2de1-2f51-4d02-ada2-80ee6b304103,"Ian Cathro troca Estoril Praia pelo Saint-Étienne",Observador,2026-06-08,https://observador.pt/2026/06/08/treinador-ian-cathro-troca-estoril-praia-pelo-saint-etienne/,"perturbação obsessivo-compulsiva","2026-06-09 06:00:08.385532+00",media,
b9df864f-4867-4053-8dd1-7246cbbec6ac,"<![CDATA[Colesterol elevado? 5 alimentos prejudiciais, segundo especialistas]]>","Notícias ao Minuto",2026-06-09,https://www.noticiasaominuto.com/lifestyle/3002849/colesterol-elevado-5-alimentos-prejudiciais-segundo-especialistas#utm_source=rss-ultima-hora&amp;utm_medium=rss&amp;utm_campaign=rssfeed,"colesterol alto","2026-06-10 06:00:05.688843+00",media,
ba254f18-bae1-4685-b519-f6a8bdbf30f0,"<![CDATA[Eleições no Brasil: Há seis familiares de Bolsonaro que serão candidatos]]>","Notícias ao Minuto",2026-08-04,https://www.noticiasaominuto.com/mundo/3032164/eleicoes-no-brasil-ha-seis-familiares-de-bolsonaro-que-serao-candidatos#utm_source=rss-ultima-hora&amp;utm_medium=rss&amp;utm_campaign=rssfeed,candidíase,"2026-08-06 06:00:11.012929+00",media,
ba364666-0ebf-4e24-8cfa-b4fc64c16044,"<![CDATA[É falta de educação chegar de mãos vazias a casa de um amigo?]]>","Notícias ao Minuto",2026-06-06,https://www.noticiasaominuto.com/lifestyle/3000189/e-falta-de-educacao-chegar-de-maos-vazias-a-casa-de-um-amigo#utm_source=rss-ultima-hora&amp;utm_medium=rss&amp;utm_campaign=rssfeed,"refluxo gastroesofágico","2026-06-07 06:00:11.351268+00",media,
ba591758-8b28-4ac6-aaf1-0b5cd19328b0,"<![CDATA[23 dias de stress. Diogo Costa trava 'sangria', mas FC Porto não descansa]]>","Notícias ao Minuto",2026-08-12,https://www.noticiasaominuto.com/desporto/3034930/23-dias-de-stress-diogo-costa-trava-sangria-mas-fc-porto-nao-descansa#utm_source=rss-ultima-hora&amp;utm_medium=rss&amp;utm_campaign=rssfeed,ansiedade,"2026-08-13 06:00:12.208572+00",media,
ba6cd7ea-8d2f-4e97-a6e8-189c7ec5756f,"<![CDATA[Primárias: Progressistas avançam e candidatos de Trump dividem resultados]]>","Notícias ao Minuto",2026-08-19,https://www.noticiasaominuto.com/mundo/3038764/primarias-progressistas-avancam-e-candidatos-de-trump-dividem-resultados#utm_source=rss-ultima-hora&amp;utm_medium=rss&amp;utm_campaign=rssfeed,candidíase,"2026-08-21 06:00:10.348707+00",media,
ba9656ba-656f-4a19-b596-d1905c91378b,"<![CDATA[Candidata de extrema-direita às presidenciais em França contesta condenação]]>","Notícias ao Minuto",2026-07-21,https://www.noticiasaominuto.com/mundo/3025184/candidata-de-extrema-direita-as-presidenciais-em-franca-contesta-condenacao#utm_source=rss-ultima-hora&amp;utm_medium=rss&amp;utm_campaign=rssfeed,candidíase,"2026-07-22 06:00:06.724704+00",media,
baf4411c-c1b7-42af-86d1-1924859b28c9,"<![CDATA[Pescador resgatado de navio ao largo da Terceira com sinais de enfarte]]>","Notícias ao Minuto",2026-08-28,https://www.noticiasaominuto.com/pais/3042872/pescador-resgatado-de-navio-ao-largo-da-terceira-com-sinais-de-enfarte#utm_source=rss-ultima-hora&amp;utm_medium=rss&amp;utm_campaign=rssfeed,"doenças cardiovasculares","2026-08-30 06:00:09.990253+00",media,
baf61f01-b902-4446-8620-2980441ef8f1,"<![CDATA[Ondas de calor ameaçam fatura do supermercado: Alimentos vão encarecer]]>","Notícias ao Minuto",2026-07-28,https://www.noticiasaominuto.com/economia/3028370/ondas-de-calor-ameacam-fatura-do-supermercado-alimentos-vao-encarecer#utm_source=rss-ultima-hora&amp;utm_medium=rss&amp;utm_campaign=rssfeed,"calor extremo e saúde","2026-07-29 06:00:07.041086+00",media,
baf6badd-14bb-41f1-aecc-bbd1951e310d,"<![CDATA[Canadá suspende novas candidaturas ao programa para pais e avós]]>","Notícias ao Minuto",2026-07-18,https://www.noticiasaominuto.com/mundo/3023527/canada-suspende-novas-candidaturas-ao-programa-para-pais-e-avos#utm_source=rss-ultima-hora&amp;utm_medium=rss&amp;utm_campaign=rssfeed,candidíase,"2026-07-20 06:00:12.191085+00",media,
bb015004-9781-42f0-8e41-32f2d083116f,"Alverca alcança primeiro triunfo da época na visita ao Nacional",RTP,2026-09-12,https://www.rtp.pt/noticias/desporto/alverca-alcanca-primeiro-triunfo-da-epoca-na-visita-ao-nacional_e1765021,"perturbação obsessivo-compulsiva","2026-09-13 06:00:08.790898+00",media,
bb0acdc2-c807-4dbb-8e96-c1e21adcb53e,"Lula ou Flávio Bolsonaro: quem será menos rejeitado pelos brasileiros?",Público,2026-08-25,https://www.publico.pt/2026/08/25/mundo/noticia/lula-flavio-bolsonaro-sera-menos-rejeitado-brasileiros-2185966,candidíase,"2026-08-25 06:00:06.430749+00",media,
bb271503-31c2-4da2-99d4-44dbe33393db,"<![CDATA[I Liga: Videoárbitro completa 10.ª época com caminho por fazer ]]>","Notícias ao Minuto",2026-08-06,https://www.noticiasaominuto.com/desporto/3032836/i-liga-videoarbitro-completa-10-epoca-com-caminho-por-fazer#utm_source=rss-ultima-hora&amp;utm_medium=rss&amp;utm_campaign=rssfeed,"perturbação obsessivo-compulsiva","2026-08-08 06:00:08.519628+00",media,
bb6c8d2d-94b5-45b2-a14a-a85ebde997bd,"<![CDATA[Hospital de Ponta Delgada trata AVC com tecnologia de IA]]>","Notícias ao Minuto",2026-06-26,https://www.noticiasaominuto.com/tech/3011974/hospital-de-ponta-delgada-trata-avc-com-tecnologia-de-ia#utm_source=rss-ultima-hora&amp;utm_medium=rss&amp;utm_campaign=rssfeed,avc,"2026-06-27 06:00:12.803594+00",media,
bbbf6122-83f1-43b6-9f16-fa8789e57ee1,"<![CDATA[Ventura acusa PS de ""hipocrisia"" sobre IVA zero e combustíveis]]>","Notícias ao Minuto",2026-08-27,https://www.noticiasaominuto.com/pais/3042485/chega-acusa-ps-de-hipocrisia-sobre-reducao-do-iva-no-cabaz-alimentar-caudio-e-fotos#utm_source=rss-ultima-hora&amp;utm_medium=rss&amp;utm_campaign=rssfeed,"perturbação obsessivo-compulsiva","2026-08-30 06:00:09.990253+00",media,
bbc70be3-aedb-41f9-932e-3014090fdb36,"SPPSM apoia 2.ª edição da sessão formativa sobre Autismo e PHDA no Adulto","SP Psiquiatria e Saúde Mental",2026-06-01,https://www.sppsm.org/sppsm-apoia-2-a-edicao-da-sessao-formativa-sobre-autismo-e-phda-no-adulto/,"perturbações do espectro do autismo","2026-08-26 06:00:49.458841+00",institucional,
bbe3c61b-8d58-452a-b003-110206825c14,"<![CDATA[Sindicato exige correção de despacho que exclui médicos das unidades de AVC]]>","Notícias ao Minuto",2026-07-13,https://www.noticiasaominuto.com/pais/3020521/sindicato-exige-correcao-de-despacho-que-exclui-medicos-das-unidades-de-avc#utm_source=rss-ultima-hora&amp;utm_medium=rss&amp;utm_campaign=rssfeed,avc,"2026-07-14 06:00:07.455812+00",media,
bbe78894-ef14-44dd-8613-66d4f4529b10,"<![CDATA[5 (maus) hábitos que pioram a ansiedade, segundo psicólogos]]>","Notícias ao Minuto",2026-06-24,https://www.noticiasaominuto.com/lifestyle/3010423/5-maus-habitos-que-pioram-a-ansiedade-segundo-psicologos#utm_source=rss-ultima-hora&amp;utm_medium=rss&amp;utm_campaign=rssfeed,ansiedade,"2026-06-25 06:00:18.090096+00",media,
bbea9d87-603a-4d26-804e-109ec265c694,"Uma época de apelo à inutilidade humana",Observador,2026-06-24,https://observador.pt/opiniao/uma-epoca-de-apelo-a-inutilidade-humana/,"perturbação obsessivo-compulsiva","2026-06-25 06:00:16.667068+00",media,
bbeecfb9-3ce3-450f-84f7-bbaa4476296e,"Inglaterra entra de forma afirmativa com triunfo sobre a Croácia",RTP,2026-06-17,https://www.rtp.pt/noticias/desporto/inglaterra-entra-de-forma-afirmativa-com-triunfo-sobre-a-croacia_e1747734,candidíase,"2026-06-18 06:00:10.176943+00",media,
bc156e9c-7033-48b1-8211-f413262f7c24,"Noticiar o Suicídio: Dilemas e Boas Práticas","Coord. Nacional Saúde Mental",2026-09-09,https://saudemental.min-saude.pt/noticiar-o-suicidio-dilemas-e-boas-praticas/,suicídio,"2026-09-10 06:00:16.949295+00",institucional,
bc36bf26-8520-481b-b2bb-eda26d7177ed,"<![CDATA[""Viver com ansiedade é como ter a mente sempre em alerta""]]>","Notícias ao Minuto",2026-05-16,https://www.noticiasaominuto.com/lifestyle/2988794/viver-com-ansiedade-e-como-ter-a-mente-sempre-em-alerta#utm_source=rss-ultima-hora&amp;utm_medium=rss&amp;utm_campaign=rssfeed,ansiedade,"2026-05-17 06:00:10.770179+00",media,
bc721da1-5821-49ea-b59b-aacfcd561050,"Festa da Transumância realiza-se há 26 anos em Fernão Joanes, na Guarda",RTP,2026-09-13,https://www.rtp.pt/noticias/cultura/festa-da-transumancia-realiza-se-ha-26-anos-em-fernao-joanes-na-guarda_v1765191,dependências,"2026-09-14 06:00:11.44635+00",media,
bcabfc4d-ad77-4cfb-9cc4-0ee8514a5e4c,"<![CDATA[Michelle Bolsonaro apresentada como candidata ao Senado brasileiro]]>","Notícias ao Minuto",2026-08-03,https://www.noticiasaominuto.com/mundo/3031242/michelle-bolsonaro-apresentada-como-candidata-ao-senado-brasileiro#utm_source=rss-ultima-hora&amp;utm_medium=rss&amp;utm_campaign=rssfeed,candidíase,"2026-08-03 06:00:08.436187+00",media,
bcd74ec0-de8f-44f3-8ec5-0ee87f85f7fc,"<![CDATA[Higino Carneiro entrega candidatura ao MPLA com 19 mil subscrições]]>","Notícias ao Minuto",2026-06-25,https://www.noticiasaominuto.com/mundo/3011178/higino-carneiro-entrega-candidatura-ao-mpla-com-19-mil-subscricoes#utm_source=rss-ultima-hora&amp;utm_medium=rss&amp;utm_campaign=rssfeed,candidíase,"2026-06-26 06:00:16.145972+00",media,
bcee0aad-247a-44d6-9f5e-86618beb0606,"Raphael Glucksmann é candidato às presidenciais francesas",Observador,2026-08-23,https://observador.pt/2026/08/23/eurodeputado-raphael-glucksmann-anuncia-candidatura-as-eleicoes-presidenciais-de-franca/,candidíase,"2026-08-24 06:00:10.498949+00",media,
bd18b634-b57c-449c-b7a8-419c6303cbe7,"<![CDATA[Livre considera que época de incêndios desaconselha substituir Luís Neves]]>","Notícias ao Minuto",2026-07-29,https://www.noticiasaominuto.com/politica/3029420/livre-considera-que-epoca-de-incendios-desaconselha-substituir-luis-neves#utm_source=rss-ultima-hora&amp;utm_medium=rss&amp;utm_campaign=rssfeed,"perturbação obsessivo-compulsiva","2026-07-31 06:00:13.014067+00",media,
bd344bb9-5e5f-4f3a-a9be-480503a831f3,"&quot;Inconcebível&quot; se falhas travassem candidaturas. Calendário nos politécnicos mantém-se",RTP,2026-07-18,https://www.rtp.pt/noticias/pais/inconcebivel-se-falhas-travassem-candidaturas-calendario-nos-politecnicos-mantem-se_n1754347,candidíase,"2026-07-19 06:00:07.47541+00",media,
bd3798a8-243b-4a75-986a-f6cc568b549b,"<![CDATA[BYD avança com candidatura histórica à associação europeia de fabricantes]]>","Notícias ao Minuto",2026-04-23,https://www.noticiasaominuto.com/auto/2978136/byd-avanca-com-candidatura-historica-a-associacao-europeia-de-fabricantes#utm_source=rss-ultima-hora&amp;utm_medium=rss&amp;utm_campaign=rssfeed,candidíase,"2026-04-24 06:00:10.111579+00",media,
bd5a279a-cd74-4d9e-b690-7cba17e0f621,"A Tirania do Bem",Observador,2026-03-24,https://observador.pt/opiniao/a-tirania-do-bem/,"refluxo gastroesofágico","2026-03-24 06:00:12.188217+00",media,
bd99a386-1775-466d-96a8-00c67754584d,"O suicídio económico da Europa chama-se transição climática",Observador,2026-07-07,https://observador.pt/opiniao/o-suicidio-economico-da-europa-tem-um-nome-transicao-climatica/,suicídio,"2026-07-08 06:00:16.025611+00",media,
bdbd52c6-979b-47ab-a340-47c024a54271,"SNS lança programa de apoio à saúde mental nas escolas","Jornal de Notícias",2025-04-05,https://jn.pt/saude-mental-escolas,ansiedade,"2026-03-08 11:22:47.09953+00",media,
bdbf0e51-8647-43d0-8819-1f77bfb8cd4c,"Há um leão made in Alcochete a aparecer quando o nível sobe",Observador,2026-07-31,https://observador.pt/2026/07/31/ha-um-leao-made-in-alcochete-a-aparecer-quando-o-nivel-e-de-premier-sporting-goleia-nottingham-forest-na-despedida-da-pre-epoca/,"perturbação obsessivo-compulsiva","2026-08-01 06:00:07.417851+00",media,
bdc08129-126c-4475-8953-6aba2416a7a4,"<![CDATA[Esperam-se mais de 12 mil doses de Sopa da Pedra neste festival]]>","Notícias ao Minuto",2026-08-12,https://www.noticiasaominuto.com/lifestyle/3035542/esperam-se-mais-de-12-mil-doses-de-sopa-da-pedra-neste-festival#utm_source=rss-ultima-hora&amp;utm_medium=rss&amp;utm_campaign=rssfeed,"síndrome do ovário poliquístico","2026-08-13 06:00:12.208572+00",media,
be262de3-8ea0-40c6-94b5-41eddfe78a54,"Nações Unidas. Debate com candidatos à sucessão de Guterres agendado para 23 de julho",RTP,2026-07-09,https://www.rtp.pt/noticias/mundo/nacoes-unidas-debate-com-candidatos-a-sucessao-de-guterres-agendado-para-23-de-julho_n1752404,candidíase,"2026-07-10 06:00:10.726022+00",media,
be2fddb0-fc92-40f6-b4a0-6912a0f3c349,"<![CDATA[Amarante vai candidatar-se a Capital Portuguesa da Cultura 2028]]>","Notícias ao Minuto",2026-08-07,https://www.noticiasaominuto.com/cultura/3033348/amarante-vai-candidatar-se-a-capital-portuguesa-da-cultura-2028#utm_source=rss-ultima-hora&amp;utm_medium=rss&amp;utm_campaign=rssfeed,candidíase,"2026-08-10 06:00:10.246201+00",media,
be303a2d-14a2-4672-a814-371c67c97b5e,"<![CDATA[Kristin: Leiria encerra análise das 10.807 candidaturas recebidas]]>","Notícias ao Minuto",2026-08-28,https://www.noticiasaominuto.com/pais/3043106/mau-tempo-municipio-de-leiria-encerra-analise-das-10807-candidaturas-recebidas#utm_source=rss-ultima-hora&amp;utm_medium=rss&amp;utm_campaign=rssfeed,candidíase,"2026-08-29 06:00:11.446272+00",media,
be38c9b7-8f6c-4f52-b452-3aa3120586e5,"Sporting recebe um Alverca à procura da primeira vitória",RTP,2026-08-21,https://www.rtp.pt/noticias/desporto/sporting-recebe-um-alverca-a-procura-da-primeira-vitoria_v1760886,"perturbação obsessivo-compulsiva","2026-08-22 06:00:08.55806+00",media,
be4a605d-ef4c-4abc-b942-6893eb06b605,"Instituto Ricardo Jorge promove II Conferência do Centro Colaborativo da OMS em Nutrição e Obesidade Infantil",INSA,2026-09-04,https://www.insa.min-saude.pt/instituto-ricardo-jorge-promove-ii-conferencia-do-centro-colaborativo-da-oms-em-nutricao-e-obesidade-infantil/,"obesidade infantil","2026-09-06 06:00:09.81838+00",institucional,
be51e268-c607-410b-89ae-1ff7c01dba38,"<![CDATA[CNE pede revisão da lei eleitoral para eliminar ""candidatos fantasma""]]>","Notícias ao Minuto",2026-04-08,https://www.noticiasaominuto.com/politica/2969361/cne-pede-revisao-da-lei-eleitoral-para-eliminar-candidatos-fantasma#utm_source=rss-ultima-hora&amp;utm_medium=rss&amp;utm_campaign=rssfeed,candidíase,"2026-04-10 06:00:11.391883+00",media,
be702a43-f516-4e7b-881c-b1192caba41e,"<![CDATA[""Homem está predestinado à solidão. A mulher não, descobriu o clitóris""]]>","Notícias ao Minuto",2026-07-03,https://www.noticiasaominuto.com/lifestyle/3013793/homem-esta-predestinado-a-solidao-a-mulher-nao-descobriu-o-clitoris#utm_source=rss-ultima-hora&amp;utm_medium=rss&amp;utm_campaign=rssfeed,solidão,"2026-07-04 06:00:11.566441+00",media,
be8e8230-6f16-4e9e-899e-5e1f5c77aba1,"<![CDATA[Nolan Wells, 18 anos, morto após festa. Há ""contradições""... e racismo?]]>","Notícias ao Minuto",2026-07-22,https://www.noticiasaominuto.com/mundo/3025335/nolan-wells-18-anos-morto-apos-festa-ha-contradicoes-e-racismo#utm_source=rss-ultima-hora&amp;utm_medium=rss&amp;utm_campaign=rssfeed,dependências,"2026-07-24 06:00:08.480521+00",media,
bebc3598-7301-4496-ae03-f4eb17549e51,"Aeroporto de Lisboa enfrenta maior subida de voos não Schengen",Público,2026-06-21,https://www.publico.pt/2026/06/21/economia/noticia/aeroporto-lisboa-enfrenta-maior-subida-voos-nao-schengen-2178815,"perturbação obsessivo-compulsiva","2026-06-21 06:00:22.654912+00",media,
bec596c5-ad41-40b0-8390-a2eb5473328a,"<![CDATA[Desintoxique o corpo com esta receita de sopa de tomate cherry e pimentos]]>","Notícias ao Minuto",2026-04-29,https://www.noticiasaominuto.com/lifestyle/2981379/desintoxique-o-corpo-com-esta-receita-de-sopa-de-tomate-cherry-e-pimentos#utm_source=rss-ultima-hora&amp;utm_medium=rss&amp;utm_campaign=rssfeed,"síndrome do ovário poliquístico","2026-04-30 06:00:09.077392+00",media,
bf0cff12-0829-4087-85af-7b9a33cf18da,"Beja formaliza projeto para criar rede de refúgios climáticos","Conselho Português para a Saúde e Ambiente",2026-07-07,https://cpsa.pt/noticias/portugal-noticias/beja-formaliza-projeto-rede-refugios-climaticos/,"calor extremo e saúde","2026-07-23 06:01:17.311334+00",institucional,
bf3be332-8d81-456c-aaf8-09ab29262957,"DGS atualiza protocolo de vigilância da gripe aviária",DGS,2025-03-01,https://www.dgs.pt/protocolo-gripe-aviaria,"gripe aviária H5N1","2026-03-08 12:35:50.177732+00",institucional,
bf509e33-f710-4543-bd57-b69a39a64ce1,"Noticiar o Suicídio: Dilemas e Boas Práticas","Coord. Nacional Saúde Mental",2026-09-09,https://saudemental.min-saude.pt/noticiar-o-suicidio-dilemas-e-boas-praticas-2/,suicídio,"2026-09-12 06:00:20.345383+00",institucional,
bf54a40b-d275-43a0-a36d-698a0543963f,"<![CDATA[Florentino Pérez afasta gestão improvisada na recandidatura ao Real Madrid]]>","Notícias ao Minuto",2026-05-26,https://www.noticiasaominuto.com/desporto/2996101/florentino-perez-afasta-gestao-improvisada-na-recandidatura-ao-real-madrid#utm_source=rss-ultima-hora&amp;utm_medium=rss&amp;utm_campaign=rssfeed,candidíase,"2026-05-27 06:00:13.681675+00",media,
c035da4b-52aa-41be-b2fd-bf76859addd8,"Compasso pascal. Mantém-se a tradição da visita do pároco às casas",RTP,2026-04-05,https://www.rtp.pt/noticias/cultura/compasso-pascal-mantem-se-a-tradicao-da-visita-do-paroco-as-casas_v1731583,dependências,"2026-04-06 06:00:13.641821+00",media,
c04267de-407a-4aea-b1a6-b2eea1b39498,"SPPSM apoia 2.ª edição da sessão formativa sobre Autismo e PHDA no Adulto","SP Psiquiatria e Saúde Mental",2026-06-01,https://www.sppsm.org/sppsm-apoia-2-a-edicao-da-sessao-formativa-sobre-autismo-e-phda-no-adulto/,"perturbações do espectro do autismo","2026-08-30 06:00:43.534496+00",institucional,
c0536659-f4f4-4304-8f6d-c312740a9668,"A locomotiva que virou TGV e encontrou os dois apeadeiros",Observador,2026-06-23,https://observador.pt/especiais/a-locomotiva-que-virou-tgv-e-encontrou-os-dois-principais-apeadeiros-da-linha-as-notas-da-goleada-de-portugal-um-a-um/,"perturbações do espectro do autismo","2026-06-24 06:00:03.865302+00",media,
c0a2073f-1e60-405a-bddd-0cb317239f98,"&quot;Da mesma forma que errei com 20 anos, Pepe errou com 41&quot;",Observador,2026-06-23,https://observador.pt/2026/06/23/a-culpa-e-do-antonio-o-mar-de-rosas-e-o-erro-de-pepe-no-euro-2024-antonio-silva-diz-ainda-nao-saber-se-vai-renovar-pelo-benfica/,"perturbação obsessivo-compulsiva","2026-06-23 06:00:10.902298+00",media,
c0e343b4-14f7-41ec-bb59-9f2ca01d18e8,"<![CDATA[Nova época, o mesmo motor. Froholdt resolve em Coimbra e dispara alarmes]]>","Notícias ao Minuto",2026-08-02,https://www.noticiasaominuto.com/desporto/3030965/nova-epoca-o-mesmo-motor-froholdt-resolve-em-coimbra-e-dispara-alarmes#utm_source=rss-ultima-hora&amp;utm_medium=rss&amp;utm_campaign=rssfeed,"perturbação obsessivo-compulsiva","2026-08-03 06:00:08.436187+00",media,
c0f609fc-2708-49b4-b1f0-8471a9f38cdb,"<![CDATA[Amarante vai candidatar-se a Capital Portuguesa da Cultura 2028]]>","Notícias ao Minuto",2026-08-07,https://www.noticiasaominuto.com/cultura/3033348/amarante-vai-candidatar-se-a-capital-portuguesa-da-cultura-2028#utm_source=rss-ultima-hora&amp;utm_medium=rss&amp;utm_campaign=rssfeed,candidíase,"2026-08-08 06:00:08.519628+00",media,
c1137b20-fa19-4b2c-8e47-f483ec6ac6fe,"<![CDATA[Potencial candidato acusa Netanyahu de transformar Israel em pária]]>","Notícias ao Minuto",2026-07-08,https://www.noticiasaominuto.com/mundo/3018733/potencial-candidato-acusa-netanyahu-de-transformar-israel-em-paria#utm_source=rss-ultima-hora&amp;utm_medium=rss&amp;utm_campaign=rssfeed,candidíase,"2026-07-09 06:00:13.094772+00",media,
c15a47e2-af88-4d7a-a7bf-dfae64e4636e,"<![CDATA[Venezia confirma regresso à Serie A após uma época de ausência]]>","Notícias ao Minuto",2026-05-01,https://www.noticiasaominuto.com/desporto/2982816/venezia-regressa-a-liga-italiana-apos-uma-epoca-de-ausencia#utm_source=rss-ultima-hora&amp;utm_medium=rss&amp;utm_campaign=rssfeed,"perturbação obsessivo-compulsiva","2026-05-02 06:00:15.425175+00",media,
c1683728-a832-447a-9234-0a57ff0839fb,"<![CDATA[""Se Espanha não tiver a final do Mundial2030, deve deixar a candidatura""]]>","Notícias ao Minuto",2026-08-06,https://www.noticiasaominuto.com/desporto/3033255/se-espanha-nao-tiver-a-final-do-mundial2030-deve-deixar-a-candidatura#utm_source=rss-ultima-hora&amp;utm_medium=rss&amp;utm_campaign=rssfeed,candidíase,"2026-08-07 06:00:08.574076+00",media,
c1d37514-eada-4854-bb67-86587b37c264,"<![CDATA[Época balnear soma 22 mortes e 1.285 salvamentos em quatro meses]]>","Notícias ao Minuto",2026-09-01,https://www.noticiasaominuto.com/pais/3044823/amn-regista-22-mortos-em-quatro-meses-de-epoca-balnear#utm_source=rss-ultima-hora&amp;utm_medium=rss&amp;utm_campaign=rssfeed,"perturbação obsessivo-compulsiva","2026-09-02 06:00:06.388454+00",media,
c1dcaee0-d885-4a31-a6c2-c14a91faa01b,"SAD 1662/2025 &#8211; Aquisição de Serviços de Cloud Computing &#8211; Término da 2ª Ronda de Qualificação de Candidatos",SPMS,2026-07-17,https://www.spms.min-saude.pt/2026/07/sad-1662-2025-aquisicao-de-servicos-de-cloud-computing-termino-da-2a-ronda-de-qualificacao-de-candidatos/,candidíase,"2026-07-18 06:00:19.092687+00",institucional,
c2110273-446a-4bae-adb9-f4d0a36e8864,"<![CDATA[Primárias: Progressistas avançam e candidatos de Trump dividem resultados]]>","Notícias ao Minuto",2026-08-19,https://www.noticiasaominuto.com/mundo/3038764/primarias-progressistas-avancam-e-candidatos-de-trump-dividem-resultados#utm_source=rss-ultima-hora&amp;utm_medium=rss&amp;utm_campaign=rssfeed,candidíase,"2026-08-20 06:00:08.999348+00",media,
c211a52b-a17d-4998-912c-613fa6dc2664,"<![CDATA[Ascensão à Torre começa a selecionar candidatos à Volta a Portugal]]>","Notícias ao Minuto",2026-08-09,https://www.noticiasaominuto.com/desporto/3034116/ascensao-a-torre-comeca-a-selecionar-candidatos-a-volta-a-portugal#utm_source=rss-ultima-hora&amp;utm_medium=rss&amp;utm_campaign=rssfeed,candidíase,"2026-08-10 06:00:10.246201+00",media,
c227adf2-ee01-4f82-b4a7-ad177f7de241,"A dura realidade de que nem todos os dias são de reviravolta",Observador,2026-09-05,https://observador.pt/2026/09/05/ronaldo-e-a-dura-realidade-de-que-nem-todos-os-dias-sao-de-reviravolta-al-nassr-perde-e-sofre-primeira-derrota-da-epoca/,"perturbação obsessivo-compulsiva","2026-09-06 06:00:03.849694+00",media,
c26dbc01-1151-4ef9-aab3-08d9a8ddec29,"<![CDATA[Época balnear arranca sexta-feira em 13 praias de Cascais e 4 da Madeira]]>","Notícias ao Minuto",2026-04-30,https://www.noticiasaominuto.com/pais/2982317/epoca-balnear-arranca-sexta-feira-em-13-praias-de-cascais-e-4-da-madeira#utm_source=rss-ultima-hora&amp;utm_medium=rss&amp;utm_campaign=rssfeed,"perturbação obsessivo-compulsiva","2026-05-01 06:00:08.294148+00",media,
c2967e90-2ef5-4854-8d60-3c2f7a5eaf62,"<![CDATA[Mãe de Catarina Gouveia diagnosticada com ""sépsis grave"": ""Preciso de ti""]]>","Notícias ao Minuto",2026-08-13,https://www.noticiasaominuto.com/fama/3035885/mae-de-catarina-gouveia-diagnosticada-com-sepsis-grave-preciso-de-ti#utm_source=rss-ultima-hora&amp;utm_medium=rss&amp;utm_campaign=rssfeed,sepsis,"2026-08-14 06:00:11.985508+00",media,
c2a338c7-7f46-42a7-aa4a-6fd9f756887e,"<![CDATA[Luís Figo fala sobre José Mourinho e aponta candidatos ao Mundial2026]]>","Notícias ao Minuto",2026-04-20,https://www.noticiasaominuto.com/desporto/2976168/luis-figo-fala-sobre-jose-mourinho-e-aponta-candidatos-ao-mundial2026#utm_source=rss-ultima-hora&amp;utm_medium=rss&amp;utm_campaign=rssfeed,candidíase,"2026-04-21 06:00:07.124285+00",media,
c2aa9b88-4db9-4c1a-90be-81c2c1e93dd8,"<![CDATA[Santa Clara fecha pré-época com 'chapa três' ao Arouca]]>","Notícias ao Minuto",2026-07-25,https://www.noticiasaominuto.com/desporto/3027333/santa-clara-fecha-pre-epoca-com-chapa-tres-ao-arouca#utm_source=rss-ultima-hora&amp;utm_medium=rss&amp;utm_campaign=rssfeed,"perturbação obsessivo-compulsiva","2026-07-26 06:00:07.731392+00",media,
c2bfa62a-16f1-45db-a664-4215c7160914,"A rigidez que dá jeito",Público,2026-05-01,https://www.publico.pt/2026/05/02/opiniao/opiniao/rigidez-jeito-2173148,"perturbação obsessivo-compulsiva","2026-05-02 06:00:13.640031+00",media,
c2f330b4-e3a5-4627-9766-5543c558b83e,"Carneiro junta-se a Ventura na pressão. Governo respira",Observador,2026-07-29,https://observador.pt/especiais/carneiro-sobe-tom-sobre-neves-e-junta-se-a-ventura-na-pressao-governo-acredita-que-pior-ja-passou/,"refluxo gastroesofágico","2026-07-30 06:00:12.739009+00",media,
c2f84010-ab79-4cf7-916a-9aa378584479,"Governo garante até 1500 euros por hectare para limpar floresta. Basta uma fotografia",Público,2026-05-20,https://www.publico.pt/2026/05/20/azul/noticia/governo-garante-ate-1500-euros-hectare-limpar-floresta-basta-fotografia-2175280,candidíase,"2026-05-20 06:00:06.931109+00",media,
c30f5b2e-4940-4578-add1-f7e57c9771ad,"&quot;Demonstrámos muita qualidade e chegamos ao fim sem troféus&quot;",Observador,2026-05-24,https://observador.pt/2026/05/24/os-jogadores-demonstraram-muita-qualidade-e-chegam-ao-fim-sem-conquistas-rui-borges-assume-responsabilidade-e-parabeniza-torreense/,"perturbação obsessivo-compulsiva","2026-05-25 06:00:08.514442+00",media,
c31fdba9-4887-4a2b-8749-e9409c22422b,"<![CDATA[Mãe em depressão matou três filhos. Nas redes sociais, há outra teoria]]>","Notícias ao Minuto",2026-08-14,https://www.noticiasaominuto.com/mundo/3036528/mae-em-depressao-matou-tres-filhos-nas-redes-sociais-ha-outra-teoria#utm_source=rss-ultima-hora&amp;utm_medium=rss&amp;utm_campaign=rssfeed,depressão,"2026-08-15 06:00:11.370737+00",media,
c3bd06eb-3730-4fad-8fb6-45c1972b50d5,"Grande Entrevista. Nuno Markl e o recurso ao humor na recuperação de dois AVC",RTP,2026-08-19,https://www.rtp.pt/noticias/cultura/grande-entrevista-nuno-markl-e-o-recurso-ao-humor-na-recuperacao-de-dois-avc_n1760437,avc,"2026-08-20 06:00:08.341791+00",media,
c3cadab8-2989-4498-8a70-0f64dedb5ead,"<![CDATA[Michelle Bolsonaro apresentada como candidata ao Senado brasileiro]]>","Notícias ao Minuto",2026-08-03,https://www.noticiasaominuto.com/mundo/3031242/michelle-bolsonaro-apresentada-como-candidata-ao-senado-brasileiro#utm_source=rss-ultima-hora&amp;utm_medium=rss&amp;utm_campaign=rssfeed,candidíase,"2026-08-04 06:00:10.402023+00",media,
c410299c-5159-47da-97ad-046e8b7b5152,"<![CDATA[Demência. O sinal que pode aparecer muito antes da perda de memória]]>","Notícias ao Minuto",2026-09-07,https://www.noticiasaominuto.com/lifestyle/3047382/demencia-o-sinal-que-pode-aparecer-muito-antes-da-perda-de-memoria#utm_source=rss-ultima-hora&amp;utm_medium=rss&amp;utm_campaign=rssfeed,demência,"2026-09-08 06:00:09.844586+00",media,
c434b56b-f708-4f04-91d3-dc821e895171,"Depressão em jovens atinge máximos históricos em Portugal","SIC Notícias",2025-01-15,https://sicnoticias.pt/depressao-jovens,depressão,"2026-03-08 12:35:50.177732+00",media,
c44192ba-2039-45cd-aeec-16bb00691e58,"<![CDATA[Netflix. Final de ""Cem Anos de Solidão"" tem estreia marcada para agosto]]>","Notícias ao Minuto",2026-05-20,https://www.noticiasaominuto.com/tech/2992965/netflix-final-de-cem-anos-de-solidao-tem-estreia-marcada-para-agosto#utm_source=rss-ultima-hora&amp;utm_medium=rss&amp;utm_campaign=rssfeed,solidão,"2026-05-21 06:00:09.802052+00",media,
c44e51c9-9894-4721-bfeb-46d390d0034f,"Candidata ao Miss Brasil Europa 2026 visita a APAV",APAV,2026-09-03,https://apav.pt/candidata-ao-miss-brasil-europa-2026-visita-a-apav/,candidíase,"2026-09-11 06:01:14.968586+00",institucional,
c465a4d4-55b4-4fcb-84c2-0f2d4787c548,"Noticiar o Suicídio: Dilemas e Boas Práticas","Coord. Nacional Saúde Mental",2026-09-09,https://saudemental.min-saude.pt/noticiar-o-suicidio-dilemas-e-boas-praticas/,suicídio,"2026-09-12 06:00:20.345383+00",institucional,
c4765a05-e66b-41cc-b73c-eeabe5ffa1f5,"<![CDATA[UNESCO avalia 30 candidaturas a Património, incluindo fortalezas portuguesas]]>","Notícias ao Minuto",2026-07-19,https://www.noticiasaominuto.com/cultura/3023922/unesco-avalia-30-candidaturas-a-patrimonio-incluindo-fortalezas-portuguesas#utm_source=rss-ultima-hora&amp;utm_medium=rss&amp;utm_campaign=rssfeed,candidíase,"2026-07-21 06:00:06.718319+00",media,
c49f5822-5dbf-4098-b898-f8f96c0fe5d0,"Três imagens num minuto que explicam o que é um candidato",Observador,2026-06-30,https://observador.pt/2026/06/30/tres-imagens-num-minuto-que-fazem-a-anatomia-do-que-e-um-candidato-a-cronica-do-franca-suecia/,candidíase,"2026-07-01 06:00:11.591713+00",media,
c4a156ae-7302-471c-943b-ff380c4c9a8c,"6h. Arranca época especial de exames do ensino secundário",Observador,2026-09-03,https://observador.pt/programas/noticiario/as-noticias-das-6h-2483/,"perturbação obsessivo-compulsiva","2026-09-03 06:00:12.901646+00",media,
c4b0e81c-3acd-4f92-84e8-023c0ac6c485,"Tempestades. Negócios em corrida contra o tempo para abrir no verão",RTP,2026-05-25,https://www.rtp.pt/noticias/pais/tempestades-negocios-em-corrida-contra-o-tempo-para-abrir-no-verao_v1743423,"perturbação obsessivo-compulsiva","2026-05-26 06:00:08.64614+00",media,
c4bdbcc8-64d8-4468-9a67-4a169d58705c,"<![CDATA[Hábito pode aumentar risco de demência em 43%, revela estudo]]>","Notícias ao Minuto",2026-09-05,https://www.noticiasaominuto.com/lifestyle/3045109/habito-pode-aumentar-risco-de-demencia-em-43-revela-estudo#utm_source=rss-ultima-hora&amp;utm_medium=rss&amp;utm_campaign=rssfeed,demência,"2026-09-07 06:00:16.483552+00",media,
c4ded1bc-8b0f-46e6-a966-92f5b0c5d49e,"Endometriose. “A doença roubou-me sonhos”",Observador,2026-07-25,https://observador.pt/programas/atualidade/endometriose-a-doenca-roubou-me-sonhos/,endometriose,"2026-07-26 06:00:06.131488+00",media,
c50fede5-b876-4b0b-af7b-800b9770fe79,"<![CDATA[Fretilin decide não apresentar candidato às presidenciais de Timor-Leste]]>","Notícias ao Minuto",2026-08-30,https://www.noticiasaominuto.com/mundo/3043505/fretilin-decide-nao-apresentar-candidato-as-presidenciais-de-timor-leste#utm_source=rss-ultima-hora&amp;utm_medium=rss&amp;utm_campaign=rssfeed,candidíase,"2026-08-30 06:00:09.990253+00",media,
c5237c05-cc71-4022-bef6-908e31ae0fec,"<![CDATA[Trump quer que Infantino se candidate a secretário-geral da ONU]]>","Notícias ao Minuto",2026-07-22,https://www.noticiasaominuto.com/mundo/3025229/trump-quer-que-infantino-se-candidate-a-secretario-geral-da-onu#utm_source=rss-ultima-hora&amp;utm_medium=rss&amp;utm_campaign=rssfeed,candidíase,"2026-07-22 06:00:06.724704+00",media,
c539e8bd-beb9-430c-a235-d80fad98dfe4,"Cientistas portugueses desenvolvem teste rápido para long COVID",Expresso,2026-03-05,https://expresso.pt/teste-rapido-long-covid,"long covid","2026-03-08 11:22:47.09953+00",media,
c572b2a9-324e-46be-b8bd-1d6dd9eba654,"CathStart -Curso de Simulação em Coronariografia Diagnóstica","Sociedade Portuguesa de Cardiologia",2026-09-04,https://spc.pt/arquivo-mensal/cathstart-curso-de-simulacao-em-coronariografia-diagnostica/,"terapia hormonal","2026-09-05 06:00:50.022304+00",institucional,
c589c15f-df3d-4426-8c7f-63ea906d5e55,"Candidato a Provedor de Justiça. Tiago Antunes defende a sua independência política",RTP,2026-04-10,https://www.rtp.pt/noticias/politica/candidato-a-provedor-de-justica-tiago-antunes-defende-a-sua-independencia-politica_n1732963,candidíase,"2026-04-11 06:00:07.338655+00",media,
c5a2ba69-2d2a-42c2-83dc-37cbecc068c0,"<![CDATA[Metade das candidaturas para reconstrução de casas processadas pelas CCDR]]>","Notícias ao Minuto",2026-06-09,https://www.noticiasaominuto.com/economia/3002719/metade-das-candidaturas-para-reconstrucao-de-casas-processadas-pelas-ccdr#utm_source=rss-ultima-hora&amp;utm_medium=rss&amp;utm_campaign=rssfeed,candidíase,"2026-06-10 06:00:05.688843+00",media,
c5c9014d-cd93-4260-b50c-259ae31149dd,"Há uma falha escondida sob Évora. O sismo de 3,7 denunciou-a",Observador,2026-07-22,https://observador.pt/especiais/ha-uma-falha-escondida-sob-evora-o-sismo-de-37-denunciou-a-mas-e-preciso-encontra-la/,"perturbações do espectro do autismo","2026-07-23 06:00:08.684195+00",media,
c5e9a905-78c1-4c37-b5c0-c80a574114ab,"1h. Anunciada linha de crédito para investir em Cabo Verde",Observador,2026-07-22,https://observador.pt/programas/noticiario/as-noticias-da-1h-2330/,candidíase,"2026-07-22 06:00:05.060405+00",media,
c5ebc55e-f630-4540-a4ec-256644cc52b0,"<![CDATA[Alzheimer. Sandra Silva em lágrimas com decisão sobre a mãe ]]>","Notícias ao Minuto",2026-07-29,https://www.noticiasaominuto.com/fama/3028923/alzheimer-sandra-silva-em-lagrimas-com-decisao-sobre-a-mae#utm_source=rss-ultima-hora&amp;utm_medium=rss&amp;utm_campaign=rssfeed,alzheimer,"2026-07-30 06:00:41.97847+00",media,
c5f97553-30e1-4088-b5bd-28bd463eece2,"Moçambique mobiliza 28,5 milhões para repor estradas",Observador,2026-08-12,https://observador.pt/2026/08/12/mocambique-mobiliza-285-milhoes-de-euros-para-repor-estradas-danificadas-pelas-chuvas-no-sul/,"perturbação obsessivo-compulsiva","2026-08-13 06:00:10.713754+00",media,
c634d5f2-248b-4c5c-b474-98ae3c484127,"<![CDATA[Liga candidata modernização e eficiência energética a apoios do PTRR]]>","Notícias ao Minuto",2026-04-13,https://www.noticiasaominuto.com/desporto/2971830/liga-candidata-modernizacao-e-eficiencia-energetica-a-apoios-do-ptrr#utm_source=rss-ultima-hora&amp;utm_medium=rss&amp;utm_campaign=rssfeed,candidíase,"2026-04-14 06:00:07.861746+00",media,
c64fbdc1-8cca-440e-b7f6-f425f8100d98,"<![CDATA[Kristin: Leiria encerra análise das 10.807 candidaturas recebidas]]>","Notícias ao Minuto",2026-08-28,https://www.noticiasaominuto.com/pais/3043106/mau-tempo-municipio-de-leiria-encerra-analise-das-10807-candidaturas-recebidas#utm_source=rss-ultima-hora&amp;utm_medium=rss&amp;utm_campaign=rssfeed,candidíase,"2026-08-31 06:00:09.311004+00",media,
c6578cd4-e1d0-41d0-88de-b706e9ec406f,"<![CDATA[Vizela realiza sete particulares de preparação para a nova época]]>","Notícias ao Minuto",2026-06-23,https://www.noticiasaominuto.com/desporto/3009940/vizela-realiza-sete-particulares-de-preparacao-para-a-nova-epoca#utm_source=rss-ultima-hora&amp;utm_medium=rss&amp;utm_campaign=rssfeed,"perturbação obsessivo-compulsiva","2026-06-24 06:00:05.456571+00",media,
c664b7f4-2208-439e-96f9-4cbc4c734d2a,"Candidatos a secretário-geral da ONU querem restaurar credibilidade da organização",RTP,2026-07-24,https://www.rtp.pt/noticias/mundo/candidatos-a-secretario-geral-da-onu-querem-restaurar-credibilidade-da-organizacao_n1755505,candidíase,"2026-07-24 06:00:07.841019+00",media,
c669093f-c5a3-4e08-a559-df21f11de403,"Tu é que não estás bom",Público,2026-08-17,https://www.publico.pt/2026/08/17/opiniao/opiniao/nao-bom-2185179,"refluxo gastroesofágico","2026-08-17 06:00:08.609028+00",media,
c67572ec-72ac-4705-a7cf-899b1a21f5f3,"<![CDATA[Candidato ao TC indicado pelo Chega afasta perpétua da ""cultura jurídica""]]>","Notícias ao Minuto",2026-06-02,https://www.noticiasaominuto.com/pais/2999719/candidato-ao-tc-indicado-pelo-chega-afasta-perpetua-da-cultura-juridica#utm_source=rss-ultima-hora&amp;utm_medium=rss&amp;utm_campaign=rssfeed,candidíase,"2026-06-03 06:00:10.557048+00",media,
c68a9f6b-ecad-4e29-b907-80c86a6f41ff,"Módulo 6","Sociedade Portuguesa de Cardiologia",2026-04-08,https://spc.pt/curso-atualizacao-2026/modulo-6-2/,"perturbações do espectro do autismo","2026-04-10 06:00:50.414301+00",institucional,
c6bb0f5c-27ff-4a9a-a635-bfd1aa80705b,"<![CDATA[Vieira de Leiria: 3 feridos graves por inalação de hipoclorito de sódio]]>","Notícias ao Minuto",2026-08-07,https://www.noticiasaominuto.com/pais/3033491/vieira-de-leiria-3-feridos-graves-por-inalacao-de-hipoclorito-de-sodio#utm_source=rss-ultima-hora&amp;utm_medium=rss&amp;utm_campaign=rssfeed,"perturbação obsessivo-compulsiva","2026-08-08 06:00:08.519628+00",media,
c6d7ae59-200b-4833-8ebc-7c671bbce15f,"Banco de Portugal condenado a pagar 30 mil euros a ex-trabalhador por assédio moral",Público,2026-06-18,https://www.publico.pt/2026/06/18/economia/noticia/banco-portugal-condenado-pagar-30-mil-euros-extrabalhador-assedio-moral-2178558,"refluxo gastroesofágico","2026-06-18 06:00:09.167768+00",media,
c6e391d1-46e5-4287-a856-3ab43e8ef494,"<![CDATA[Cozido à Portuguesa dos tempos modernos? A receita que rende uma sopa]]>","Notícias ao Minuto",2026-05-12,https://www.noticiasaominuto.com/lifestyle/2988214/cozido-a-portuguesa-dos-tempos-modernos-a-receita-que-rende-uma-sopa#utm_source=rss-ultima-hora&amp;utm_medium=rss&amp;utm_campaign=rssfeed,"síndrome do ovário poliquístico","2026-05-13 06:00:11.346546+00",media,
c6e755fe-02a8-4fe8-af22-58226d90859d,"<![CDATA[Miss Universo Tailândia: Candidatas inovam com vestidos de pratos típicos]]>","Notícias ao Minuto",2026-08-20,https://www.noticiasaominuto.com/lifestyle/3039265/miss-universo-tailandia-candidatas-inovam-com-vestidos-de-pratos-tipicos#utm_source=rss-ultima-hora&amp;utm_medium=rss&amp;utm_campaign=rssfeed,candidíase,"2026-08-22 06:00:09.293988+00",media,
c727083e-16fd-443a-b303-113299eb535a,"<![CDATA[6 alimentos 'maus' que pode (e deve) comer para reduzir o stress]]>","Notícias ao Minuto",2026-09-05,https://www.noticiasaominuto.com/lifestyle/3045655/6-alimentos-maus-que-pode-e-deve-comer-para-reduzir-o-stress#utm_source=rss-ultima-hora&amp;utm_medium=rss&amp;utm_campaign=rssfeed,ansiedade,"2026-09-07 06:00:16.483552+00",media,
c732f770-3e74-4297-953c-ebe01f368386,"Marco Silva. &quot;Plantel com qualidade e Benfica tem de ser candidato na Liga Europa&quot;",RTP,2026-06-12,https://www.rtp.pt/noticias/lusa/marco-silva-plantel-com-qualidade-e-benfica-tem-de-ser-candidato-na-liga-europa_d1746808,candidíase,"2026-06-13 06:00:07.909656+00",media,
c73b42b7-5e72-4651-a36c-d8b879d0ef8e,"Porto procura novos diretores para Rivoli e Galeria",Observador,2026-08-24,https://observador.pt/2026/08/24/camara-do-porto-abre-concursos-para-direcao-artistica-de-teatro-e-galeria-municipal/,candidíase,"2026-08-25 06:00:06.548209+00",media,
c744d83d-6d86-41cd-a5f9-332094c274f0,"<![CDATA[Candidato de esquerda consolida segundo lugar nas presidenciais do Peru]]>","Notícias ao Minuto",2026-04-26,https://www.noticiasaominuto.com/mundo/2979578/candidato-de-esquerda-consolida-segundo-lugar-nas-presidenciais-do-peru#utm_source=rss-ultima-hora&amp;utm_medium=rss&amp;utm_campaign=rssfeed,candidíase,"2026-04-26 06:00:09.020176+00",media,
c75bca1c-9a98-400f-8f35-c57f67281385,"<![CDATA[Inflação na OCDE acelera para 4,6% em maio devido aos preços da energia]]>","Notícias ao Minuto",2026-07-06,https://www.noticiasaominuto.com/economia/3017123/inflacao-na-ocde-acelera-para-4-6-em-maio-devido-aos-precos-da-energia#utm_source=rss-ultima-hora&amp;utm_medium=rss&amp;utm_campaign=rssfeed,"perturbação obsessivo-compulsiva","2026-07-07 06:00:07.503569+00",media,
c760c6b2-2600-41c4-8240-5c142c821e26,"O menino que virou lenda e as eleições: o dia 1 do novo Real",Observador,2026-05-23,https://observador.pt/2026/05/23/o-menino-que-se-tornou-lenda-o-predio-com-a-cara-de-florentino-e-os-gritos-pelo-presidente-o-primeiro-dia-do-novo-velho-real-madrid/,"perturbação obsessivo-compulsiva","2026-05-24 06:00:11.325503+00",media,
c76aa411-45f4-4a91-af1b-9e3addbd32ec,"Dia Mundial do Sono. Apneia e insónia aumenta risco de doenças",RTP,2026-03-13,https://www.rtp.pt/noticias/pais/dia-mundial-do-sono-apneia-e-insonia-aumenta-risco-de-doencas_v1726192,insónia,"2026-03-14 06:00:13.221631+00",media,
c76c4de4-0133-4f98-baa3-c4eaab689db4,"20ª Reunião do Núcleo de Estudos de Diabetes Mellitus","SP Medicina Interna",2026-04-15,https://www.spmi.pt/20a-reuniao-do-nucleo-de-estudos-de-diabetes-mellitus/,"diabetes tipo 2","2026-04-16 06:01:02.03802+00",institucional,
c7a3e1d6-4d58-48c4-b3ec-9c7643c2d29f,"<![CDATA[Campeão europeu com Portugal, José Fonte termina carreira no fim da época]]>","Notícias ao Minuto",2026-05-18,https://www.noticiasaominuto.com/ultima-hora/2991530/campeao-europeu-com-portugal-jose-fonte-termina-carreira-no-fim-da-epoca#utm_source=rss-ultima-hora&amp;utm_medium=rss&amp;utm_campaign=rssfeed,"perturbação obsessivo-compulsiva","2026-05-18 06:00:08.381765+00",media,
c80e713d-9c5a-4bf1-afad-82afdb53c451,"<![CDATA[Ex-ministra Janine Lélis retira candidatura à presidência de Cabo Verde]]>","Notícias ao Minuto",2026-08-14,https://www.noticiasaominuto.com/mundo/3036658/ex-ministra-janine-lelis-retira-candidatura-a-presidencia-de-cabo-verde#utm_source=rss-ultima-hora&amp;utm_medium=rss&amp;utm_campaign=rssfeed,candidíase,"2026-08-16 06:00:11.204017+00",media,
c813cd6a-ea4b-458b-a725-7d5c08d5a7c3,"<![CDATA[Finanças marcam eleições do Vitória SC com recorde de candidatos]]>","Notícias ao Minuto",2026-06-10,https://www.noticiasaominuto.com/desporto/3003076/financas-marcam-eleicoes-do-vitoria-sc-com-recorde-de-candidatos#utm_source=rss-ultima-hora&amp;utm_medium=rss&amp;utm_campaign=rssfeed,candidíase,"2026-06-11 06:00:08.871782+00",media,
c83464e5-ce2b-4bce-8063-0cb3ec7dc1c0,"Pedida &quot;licença médica imediata&quot; para tirar Nobel da prisão",Observador,2026-03-31,https://observador.pt/2026/03/31/irao-pedida-licenca-medica-imediata-para-retirar-nobel-da-paz-2023-da-prisao/,"doenças cardiovasculares","2026-04-01 06:00:43.515181+00",media,
c8595cbf-1235-4034-b67c-bacf76a64899,"<![CDATA[Kokovic elogia Sp. Braga, mas promete luta: ""Não tenho nenhuma ansiedade""]]>","Notícias ao Minuto",2026-07-29,https://www.noticiasaominuto.com/desporto/3029375/kokovic-elogia-sp-braga-mas-promete-luta-nao-tenho-nenhuma-ansiedade#utm_source=rss-ultima-hora&amp;utm_medium=rss&amp;utm_campaign=rssfeed,ansiedade,"2026-07-30 06:00:41.97847+00",media,
c8a0b370-8970-4f7b-8265-8e7c1fd7a30f,"<![CDATA[Tondela vence Varzim no primeiro jogo da pré época em casa]]>","Notícias ao Minuto",2026-07-15,https://www.noticiasaominuto.com/desporto/3021957/tondela-vence-varzim-no-primeiro-jogo-da-pre-epoca-em-casa#utm_source=rss-ultima-hora&amp;utm_medium=rss&amp;utm_campaign=rssfeed,"perturbação obsessivo-compulsiva","2026-07-16 06:00:10.26627+00",media,
c8d60312-be97-4804-bcc6-c0d9164b404b,"<![CDATA[Freira atirada ao chão e pontapeada por judeu em Israel. Homem foi detido]]>","Notícias ao Minuto",2026-05-02,https://www.noticiasaominuto.com/mundo/2982873/freira-atirada-ao-chao-e-pontapeada-por-judeu-em-israel-homem-foi-detido#utm_source=rss-ultima-hora&amp;utm_medium=rss&amp;utm_campaign=rssfeed,"perturbações do espectro do autismo","2026-05-03 06:00:09.931818+00",media,
c917d37b-6e18-4304-908d-399a7b63529f,"<![CDATA[Suicídios sob custódia do ICE atingem máximo histórico com Trump]]>","Notícias ao Minuto",2026-05-27,https://www.noticiasaominuto.com/mundo/2996673/suicidios-sob-custodia-do-ice-atingem-maximo-historico-com-trump#utm_source=rss-ultima-hora&amp;utm_medium=rss&amp;utm_campaign=rssfeed,suicídio,"2026-05-28 06:00:12.033939+00",media,
c95688e7-e65f-42ed-9fa8-38f0c40eaedc,"<![CDATA[Federação Francesa retira apoio à recandidatura de Infantino na FIFA]]>","Notícias ao Minuto",2026-09-10,https://www.noticiasaominuto.com/desporto/3049359/federacao-francesa-retira-apoio-a-recandidatura-de-infantino-na-fifa#utm_source=rss-ultima-hora&amp;utm_medium=rss&amp;utm_campaign=rssfeed,candidíase,"2026-09-11 06:00:12.638031+00",media,
c978b01d-1f3a-46ac-9465-018b016a94ff,"<![CDATA[Tiago Margarido promete equipa ""com ADN Vitória"" para a nova época]]>","Notícias ao Minuto",2026-08-07,https://www.noticiasaominuto.com/desporto/3033531/tiago-margarido-promete-equipa-com-adn-vitoria-para-a-nova-epoca#utm_source=rss-ultima-hora&amp;utm_medium=rss&amp;utm_campaign=rssfeed,"perturbação obsessivo-compulsiva","2026-08-09 06:00:11.264131+00",media,
c995c782-084c-4799-b9bf-8fc98c14be9b,"Webinar &#8211; Tenecteplase no tratamento do AVC uma nova era em Portugal","SP Acidente Vascular Cerebral",2025-09-01,https://spavc.org/webinar-tenecteplase-no-tratamento-do-avc-uma-nova-era-em-portugal/,avc,"2026-04-10 06:01:13.215451+00",institucional,
c9b16552-59b0-4b6e-90b4-c15cda5adff9,"A camisola não faz o líder",Observador,2026-08-09,https://observador.pt/opiniao/a-camisola-nao-faz-o-lider/,candidíase,"2026-08-10 06:00:08.825675+00",media,
c9be0741-7686-4b5b-88d7-91e80eebb9b6,"Diário de uma insónia enervada",Público,2026-09-02,https://www.publico.pt/2026/09/03/opiniao/opiniao/diario-insonia-enervada-2186866,insónia,"2026-09-03 06:00:12.76993+00",media,
ca02aaf3-d240-4064-bb26-f755b8540d84,"<![CDATA[""Compactuar com genocídio""? Pipoca e David Cristina reagem a polémica]]>","Notícias ao Minuto",2026-09-09,https://www.noticiasaominuto.com/fama/3049029/compactuar-com-genocidio-pipoca-e-david-cristina-reagem-a-polemica#utm_source=rss-ultima-hora&amp;utm_medium=rss&amp;utm_campaign=rssfeed,"perturbação obsessivo-compulsiva","2026-09-11 06:00:12.638031+00",media,
ca2a4979-2570-4e1e-8b6b-f13f0966c42c,"<![CDATA[Oficial: Iraola deixa o comando técnico do Bournemouth no final da época]]>","Notícias ao Minuto",2026-04-14,https://www.noticiasaominuto.com/desporto/2972486/oficial-iraola-deixa-o-comando-tecnico-do-bournemouth-no-final-da-epoca#utm_source=rss-ultima-hora&amp;utm_medium=rss&amp;utm_campaign=rssfeed,"perturbação obsessivo-compulsiva","2026-04-15 06:00:08.095381+00",media,
ca2c67b8-a2c7-46cd-bd3d-4e8d43352afd,"Instituto Ricardo Jorge assinala Dia Mundial das Doenças Raras 2026",INSA,2026-03-06,https://www.insa.min-saude.pt/instituto-ricardo-jorge-assinala-dia-mundial-das-doencas-raras-2026/,"perturbações do espectro do autismo","2026-03-11 06:00:18.179114+00",institucional,
ca2d1ddf-9249-4fcd-ad46-a6c5bd11de69,"<![CDATA[Tonga nomeia diplomata equatoriana Ivonne A-Baki como candidata na ONU]]>","Notícias ao Minuto",2026-08-18,https://www.noticiasaominuto.com/mundo/3038234/tonga-nomeia-diplomata-equatoriana-ivonne-a-baki-como-candidata-na-onu#utm_source=rss-ultima-hora&amp;utm_medium=rss&amp;utm_campaign=rssfeed,candidíase,"2026-08-20 06:00:08.999348+00",media,
ca2d730d-ea43-4fa0-927d-423516d1d993,"<![CDATA[FC Porto defronta os escoceses do Hibernian no primeiro jogo de pré-época]]>","Notícias ao Minuto",2026-07-10,https://www.noticiasaominuto.com/desporto/3019674/fc-porto-defronta-os-escoceses-do-hibernian-no-primeiro-jogo-de-pre-epoca#utm_source=rss-ultima-hora&amp;utm_medium=rss&amp;utm_campaign=rssfeed,"perturbação obsessivo-compulsiva","2026-07-13 06:00:08.60075+00",media,
ca46ad26-1c3d-46b5-8df9-46e745fd2d9d,"<![CDATA[IP3 reaberto em Penacova no sentido Viseu-Coimbra após derrame de resina]]>","Notícias ao Minuto",2026-07-23,https://www.noticiasaominuto.com/pais/3026327/ip3-reaberto-em-penacova-no-sentido-viseu-coimbra-apos-derrame-de-resina#utm_source=rss-ultima-hora&amp;utm_medium=rss&amp;utm_campaign=rssfeed,avc,"2026-07-24 06:00:08.480521+00",media,
ca4e712c-39a9-4df7-a9a0-41d6a86d533c,"<![CDATA[Europa com melhor qualidade do ar (mas são precisas mais ações)]]>","Notícias ao Minuto",2026-04-30,https://www.noticiasaominuto.com/mundo/2982410/europa-com-melhor-qualidade-do-ar-mas-sao-precisas-mais-acoes#utm_source=rss-ultima-hora&amp;utm_medium=rss&amp;utm_campaign=rssfeed,"poluição e saúde","2026-05-01 06:00:08.294148+00",media,
ca692839-640d-42f3-b8cf-e8b8db319627,"Topo de gama da Skoda eléctrico é o Peaq, com 5 ou 7 lugares",Observador,2026-06-25,https://observador.pt/2026/06/26/o-novo-topo-de-gama-da-skoda-electrico-e-o-peaq-com-5-ou-7-lugares/,"perturbações do espectro do autismo","2026-06-26 06:00:14.406738+00",media,
ca74c40c-d378-4946-ae46-f36635283a64,"Brasil teve sete ondas de calor e seca extrema em 2025",Observador,2026-05-18,https://observador.pt/2026/05/19/brasil-registou-sete-ondas-de-calor-e-seca-extrema-em-2025-onu/,"calor extremo e saúde","2026-05-19 06:00:03.73867+00",media,
cac45f01-fa64-4ebc-a6b0-6f2f4f6a65b3,"Ex-vice-presidente dos EUA Kamala Harris admite nova candidatura à presidência",RTP,2026-04-10,https://www.rtp.pt/noticias/mundo/ex-vice-presidente-dos-eua-kamala-harris-admite-nova-candidatura-a-presidencia_n1732983,candidíase,"2026-04-11 06:00:07.338655+00",media,
caf86c1c-2dd0-4fd7-97c1-339929066c0c,"<![CDATA[Bomba no Sporting? Suárez terá acordo com candidato a líder do Fenerbahçe]]>","Notícias ao Minuto",2026-06-03,https://www.noticiasaominuto.com/desporto/3000241/bomba-no-sporting-suarez-tera-acordo-com-candidato-a-lider-do-fenerbahce#utm_source=rss-ultima-hora&amp;utm_medium=rss&amp;utm_campaign=rssfeed,candidíase,"2026-06-04 06:00:12.178883+00",media,
cb1378ef-9207-499f-92b2-2a6b2d4e3a3c,"<![CDATA[Partido Trabalhista aprova candidatura de autarca de Grande Manchester]]>","Notícias ao Minuto",2026-05-15,https://www.noticiasaominuto.com/mundo/2990818/partido-trabalhista-aprova-candidatura-de-autarca-de-grande-manchester#utm_source=rss-ultima-hora&amp;utm_medium=rss&amp;utm_campaign=rssfeed,candidíase,"2026-05-16 06:00:11.05527+00",media,
cb25f821-44ee-4189-81df-178b4ba5fb7d,"<![CDATA[Harrison Ford revela a sua luta contra a depressão: ""Estava doente""]]>","Notícias ao Minuto",2026-04-10,https://www.noticiasaominuto.com/fama/2970328/harrison-ford-revela-a-sua-luta-contra-a-depressao-estava-doente#utm_source=rss-ultima-hora&amp;utm_medium=rss&amp;utm_campaign=rssfeed,depressão,"2026-04-11 06:00:08.687512+00",media,
cb819caf-69a5-49a2-9823-ac7fe0ea1ba6,"<![CDATA[Filho de Britney Spears questionado sobre como está a cantora]]>","Notícias ao Minuto",2026-05-07,https://www.noticiasaominuto.com/fama/2986010/filho-de-britney-spears-questionado-sobre-como-esta-a-cantora#utm_source=rss-ultima-hora&amp;utm_medium=rss&amp;utm_campaign=rssfeed,"perturbações do espectro do autismo","2026-05-08 06:00:08.82177+00",media,
cbc63be1-049b-4aa0-9eb1-eb858eb01985,"<![CDATA[MAI nega contradições e defende Viegas Nunes: ""Era a pessoa certa""]]>","Notícias ao Minuto",2026-05-26,https://www.noticiasaominuto.com/pais/2995930/apos-polemica-mai-defende-general-este-homem-era-a-pessoa-certa#utm_source=rss-ultima-hora&amp;utm_medium=rss&amp;utm_campaign=rssfeed,dependências,"2026-05-27 06:00:13.681675+00",media,
cbceaba6-324a-46de-ba9b-cb5b18c2328d,"Quando o acesso à saúde deixa de ser um direito",Observador,2026-04-10,https://observador.pt/opiniao/quando-o-acesso-a-saude-deixa-de-ser-um-direito/,"refluxo gastroesofágico","2026-04-11 06:00:06.664879+00",media,
cbf83023-6918-4221-965d-1989f7f8b950,"&quot;Sophia Setembro de 1963&quot; recria viagem de Sophia de Mello Breyner Andresen à Grécia",RTP,2026-07-31,https://www.rtp.pt/noticias/cultura/sophia-setembro-de-1963-recria-viagem-de-sophia-de-mello-breyner-andresen-a-grecia_a1757066,"síndrome do ovário poliquístico","2026-08-01 06:00:08.367143+00",media,
cc32e5a9-1b7e-4c1f-b149-5a4429d7e995,"<![CDATA[Há mais um país a retirar o apoio à recandidatura de Infantino na FIFA]]>","Notícias ao Minuto",2026-08-13,https://www.noticiasaominuto.com/desporto/3036041/ha-mais-um-pais-a-retirar-o-apoio-a-recandidatura-de-infantino-na-fifa#utm_source=rss-ultima-hora&amp;utm_medium=rss&amp;utm_campaign=rssfeed,candidíase,"2026-08-14 06:00:11.985508+00",media,
cc345ab2-b97a-437c-a07c-f07eee655b83,"IA na gestão, entre a virtude e o vício",Público,2026-05-07,https://www.publico.pt/2026/05/07/sociedade/noticia/ia-gestao-virtude-vicio-2172925,dependências,"2026-05-07 06:00:08.809346+00",media,
cc7f779d-fe59-4cf4-93ec-ef4ef3964447,"O veredito do fantasma",Observador,2026-05-28,https://observador.pt/opiniao/o-veredito-do-fantasma/,candidíase,"2026-05-29 06:00:11.679675+00",media,
cc853b31-4e82-40c8-b928-b6005b120bf3,"Sessões informativas sobre Qualidade do Ar Interior &#8211; 3ª edição 2026",INSA,2026-09-02,https://www.insa.min-saude.pt/sessoes-informativas-sobre-qualidade-do-ar-interior-3a-edicao-2026/,"poluição e saúde","2026-09-08 06:00:14.933395+00",institucional,
cc8e1dbf-1941-40dd-a1c9-4d1d991dbdd1,"Corrupção nacional gera consenso entre candidatos presidenciais de São Tomé e Príncipe",RTP,2026-07-15,https://www.rtp.pt/noticias/mundo/corrupcao-nacional-gera-consenso-entre-candidatos-presidenciais-de-sao-tome-e-principe_n1753418,candidíase,"2026-07-15 06:00:10.46642+00",media,
cc9343cb-16ee-487d-9483-99686baab5fa,"<![CDATA[Vizela quebra 'enguiço' de pré-época contra o Chaves]]>","Notícias ao Minuto",2026-07-18,https://www.noticiasaominuto.com/desporto/3023622/vizela-quebra-enguico-de-pre-epoca-contra-o-chaves#utm_source=rss-ultima-hora&amp;utm_medium=rss&amp;utm_campaign=rssfeed,"perturbação obsessivo-compulsiva","2026-07-19 06:00:08.057305+00",media,
cce325f8-d6d9-408a-af90-e0d244187763,"<![CDATA[""O 1.º grande projeto pós-AVC e o mais ambicioso de 30 anos de carreira""]]>","Notícias ao Minuto",2026-06-03,https://www.noticiasaominuto.com/fama/3000146/o-1-grande-projeto-pos-avc-e-o-mais-ambicioso-de-30-anos-de-carreira#utm_source=rss-ultima-hora&amp;utm_medium=rss&amp;utm_campaign=rssfeed,avc,"2026-06-04 06:00:12.178883+00",media,
ccf4658c-ec77-4cae-ae77-01df74b4f839,"Rui Rodrigues ganha Vitória de Guimarães por 2 votos",Observador,2026-06-13,https://observador.pt/2026/06/13/rui-rodrigues-eleito-presidente-do-vitoria-de-guimaraes-por-margem-de-dois-votos/,candidíase,"2026-06-14 06:00:08.386667+00",media,
ccf58dec-7968-4697-991f-18b8f7832da0,"Brasileiro lança livro que aborda “burnout” e incerteza na sociedade atual",Público,2026-03-21,https://www.publico.pt/2026/03/21/publico-brasil/noticia/brasileiro-lanca-livro-aborda-burnout-incerteza-sociedade-atual-2168724,burnout,"2026-03-22 06:00:13.340618+00",media,
cd0fd4c3-8d24-429a-9199-ea1129eeae58,"2.500 euros em jogo no prémio coral de Évora",Observador,2026-08-11,https://observador.pt/2026/08/12/premio-de-composicao-da-eborae-mvsica-recebe-obras-musicais-ate-dia-31-deste-mes/,candidíase,"2026-08-12 06:00:07.684133+00",media,
cd1d7706-6dc7-4e51-9e3d-60ca374fef01,"<![CDATA[Três equipas na Champions em 2027/28 é 'chamariz' de nova época]]>","Notícias ao Minuto",2026-08-06,https://www.noticiasaominuto.com/desporto/3032841/tres-equipas-na-champions-em-202728-e-chamariz-de-nova-epoca#utm_source=rss-ultima-hora&amp;utm_medium=rss&amp;utm_campaign=rssfeed,"perturbação obsessivo-compulsiva","2026-08-08 06:00:08.519628+00",media,
cd279c02-4a21-46b4-9763-121e3a5b68ad,"O caso da depressão que escondia outra doença",Observador,2026-08-02,https://observador.pt/programas/dooutrolado/do-outro-lado-a-mulher-com-depressao-que-afinal-tinha-uma-doenca-neurologica/,depressão,"2026-08-03 06:00:06.282654+00",media,
cd54d88c-50e5-4c13-90b0-ee42499295cc,"<![CDATA[Oficial: Sebastien Pocognoli é o novo selecionador de futebol da Escócia]]>","Notícias ao Minuto",2026-08-17,https://www.noticiasaominuto.com/desporto/3037645/oficial-sebastien-pocognoli-e-o-novo-selecionador-de-futebol-da-escocia#utm_source=rss-ultima-hora&amp;utm_medium=rss&amp;utm_campaign=rssfeed,"perturbação obsessivo-compulsiva","2026-08-18 06:00:08.695834+00",media,
cd602423-e574-4da7-867a-dc243d086398,"Campanha Nacional de Sensibilização para as Demências &#124; A demência pode esconder-se atrás da vida","Coord. Nacional Saúde Mental",2026-07-09,https://saudemental.min-saude.pt/campanha-nacional-de-sensibilizacao-para-as-demencias-a-demencia-pode-esconder-se-atras-da-vida/,demência,"2026-07-11 06:00:23.940918+00",institucional,
cd6043c8-dd38-4747-9892-32ae5fa06eb5,"4h Investigadores identificam sinais para a doença de Alzheimer",RTP,2026-08-25,https://www.rtp.pt/noticias/noticiario-antena1/4h-investigadores-identificam-sinais-para-a-doenca-de-alzheimer_a1_1761368,alzheimer,"2026-08-25 06:00:07.387498+00",media,
cd6465b7-ff50-4290-a3a5-d47aca382428,"<![CDATA[Corte radical. Haaland arranca nova época com mudança... de visual]]>","Notícias ao Minuto",2026-08-23,https://www.noticiasaominuto.com/desporto/3040223/corte-radical-haaland-arranca-nova-epoca-com-mudanca-de-visual#utm_source=rss-ultima-hora&amp;utm_medium=rss&amp;utm_campaign=rssfeed,"perturbação obsessivo-compulsiva","2026-08-25 06:00:08.032206+00",media,
cd66c598-3f52-44e0-b37f-f589c417748e,"<![CDATA[Dois candidatos do partido antiguerra Yabloko detidos em Moscovo]]>","Notícias ao Minuto",2026-09-04,https://www.noticiasaominuto.com/mundo/3046583/dois-candidatos-do-partido-antiguerra-yabloko-detidos-em-moscovo#utm_source=rss-ultima-hora&amp;utm_medium=rss&amp;utm_campaign=rssfeed,candidíase,"2026-09-06 06:00:05.47152+00",media,
cd912fa8-cc75-44ec-ac9a-1dd9cb72c8a9,"Fujimori ligeiramente à frente na segunda volta das presidenciais no Peru",RTP,2026-06-08,https://www.rtp.pt/noticias/mundo/fujimori-ligeiramente-a-frente-na-segunda-volta-das-presidenciais-no-peru_n1745834,candidíase,"2026-06-08 06:00:10.852813+00",media,
cdb76193-7fef-4bb1-aab3-e9e3d251f9d7,"<![CDATA[Relatório alerta para ""adaptação"" a stress e exaustão dos trabalhadores]]>","Notícias ao Minuto",2026-05-15,https://www.noticiasaominuto.com/economia/2990146/relatorio-alerta-para-adaptacao-a-stress-e-exaustao-dos-trabalhadores#utm_source=rss-ultima-hora&amp;utm_medium=rss&amp;utm_campaign=rssfeed,ansiedade,"2026-05-15 06:00:09.033335+00",media,
cddb63c3-367d-4f08-a811-bb20c7936ee1,"<![CDATA[""FC Porto? Santa Clara não vai para a festa. Queremos acabar bem a época""]]>","Notícias ao Minuto",2026-05-15,https://www.noticiasaominuto.com/desporto/2990438/fc-porto-santa-clara-nao-vai-para-a-festa-queremos-acabar-a-epoca#utm_source=rss-ultima-hora&amp;utm_medium=rss&amp;utm_campaign=rssfeed,"perturbação obsessivo-compulsiva","2026-05-16 06:00:11.05527+00",media,
cdedffa3-3d6b-471f-9ba1-73ba49460ef4,"<![CDATA[Ex-toureiro espanhol morre subitamente no dia em que fazia 55 anos ]]>","Notícias ao Minuto",2026-08-28,https://www.noticiasaominuto.com/mundo/3042956/ex-toureiro-espanhol-morre-subitamente-no-dia-em-que-fazia-55-anos#utm_source=rss-ultima-hora&amp;utm_medium=rss&amp;utm_campaign=rssfeed,"refluxo gastroesofágico","2026-08-29 06:00:11.446272+00",media,
cdee5299-5a64-4e99-bcfe-d5d495b0d56d,"<![CDATA[Dia de Prevenção ao Suicídio. Kate Middleton usa brincos simbólicos]]>","Notícias ao Minuto",2026-09-11,https://www.noticiasaominuto.com/fama/3049846/dia-de-prevencao-ao-suicidio-kate-middleton-usa-brincos-simbolicos#utm_source=rss-ultima-hora&amp;utm_medium=rss&amp;utm_campaign=rssfeed,suicídio,"2026-09-12 06:00:11.851977+00",media,
cdfcb6b1-2768-4b95-81d7-2e1a128f617e,"<![CDATA[Antigo líder catalão Jordi Pujol livre de julgamento por demência]]>","Notícias ao Minuto",2026-04-27,https://www.noticiasaominuto.com/mundo/2980094/antigo-lider-catalao-jordi-pujol-livre-de-julgamento-por-demencia#utm_source=rss-ultima-hora&amp;utm_medium=rss&amp;utm_campaign=rssfeed,demência,"2026-04-28 06:00:08.764756+00",media,
ce382b7e-2f2f-4335-b5c7-9386bdfaaae6,"<![CDATA[Esposende vai cobrar taxa turística de 2€ na época alta e 1,5€ na baixa]]>","Notícias ao Minuto",2026-07-23,https://www.noticiasaominuto.com/pais/3026133/esposende-vai-cobrar-taxa-turistica-de-2-na-epoca-alta-e-1-5-na-baixa#utm_source=rss-ultima-hora&amp;utm_medium=rss&amp;utm_campaign=rssfeed,"perturbação obsessivo-compulsiva","2026-07-24 06:00:08.480521+00",media,
ce4dc930-d29e-49d7-a4a3-124e1c5187bb,"Portugal tem 559 praias com água de excelente qualidade",Observador,2026-06-16,https://observador.pt/2026/06/16/portugal-tem-559-praias-com-agua-de-qualidade-excelente-mas-mas-sobem-de-9-para-12-segundo-agencia-europeia-do-ambiente/,"perturbação obsessivo-compulsiva","2026-06-17 06:00:05.825467+00",media,
ce627bb9-2675-4c38-bfe9-cdf1f6c7ad08,"ONU procura novo líder, mas arrisca &quot;tornar-se numa sombra&quot;",Observador,2026-07-25,https://observador.pt/especiais/falta-de-fundos-mundo-em-crise-e-pressao-de-trump-onu-procura-novo-secretario-geral-mas-arrisca-tornar-se-uma-sombra/,candidíase,"2026-07-26 06:00:06.131488+00",media,
ce72e3fd-c487-4189-b43a-700940d63988,"<![CDATA[IPMA. Depressão ""pouco habitual"" pode trazer chuva e vento no domingo]]>","Notícias ao Minuto",2026-08-20,https://www.noticiasaominuto.com/pais/3039189/ipma-depressao-pouco-habitual-pode-trazer-chuva-e-vento-no-domingo#utm_source=rss-ultima-hora&amp;utm_medium=rss&amp;utm_campaign=rssfeed,depressão,"2026-08-21 06:00:10.348707+00",media,
ce8726ac-43bf-48c2-acf8-201e02e2b214,"<![CDATA[Herói da final da Taça da Liga falha estágio de pré-época do Vitória SC]]>","Notícias ao Minuto",2026-07-20,https://www.noticiasaominuto.com/desporto/3024490/heroi-da-final-da-taca-da-liga-falha-estagio-de-pre-epoca-do-vitoria-sc#utm_source=rss-ultima-hora&amp;utm_medium=rss&amp;utm_campaign=rssfeed,"perturbação obsessivo-compulsiva","2026-07-21 06:00:06.718319+00",media,
cea85e1d-eb8d-4fb4-8a4f-d98208c47713,"<![CDATA[Sporting-Alverca: Leão em busca de dar a volta a início de época difícil]]>","Notícias ao Minuto",2026-08-22,https://www.noticiasaominuto.com/desporto/3039649/sporting-alverca-leao-em-busca-de-dar-a-volta-a-inicio-de-epoca-dificil#utm_source=rss-ultima-hora&amp;utm_medium=rss&amp;utm_campaign=rssfeed,"perturbação obsessivo-compulsiva","2026-08-25 06:00:08.032206+00",media,
ced6f7bb-ce64-469b-bb17-8027908513fb,"<![CDATA[Invencibilidade do Académico de Viseu na pré-época chega ao fim]]>","Notícias ao Minuto",2026-07-25,https://www.noticiasaominuto.com/desporto/3027320/invencibilidade-do-academico-de-viseu-na-pre-epoca-chega-ao-fim#utm_source=rss-ultima-hora&amp;utm_medium=rss&amp;utm_campaign=rssfeed,"perturbação obsessivo-compulsiva","2026-07-27 06:00:07.629701+00",media,
cee3913e-7d19-4efa-a123-f7492bfd3344,"20.ª Reunião Anual do NEDM leva a Viseu novos desafios na abordagem da diabetes","SP Medicina Interna",2026-09-07,https://www.spmi.pt/20-a-reuniao-anual-do-nedm-leva-a-viseu-novos-desafios-na-abordagem-da-diabetes/,"diabetes tipo 2","2026-09-08 06:00:54.672275+00",institucional,
ceefc520-f146-4305-ad2f-883cc1e19ef0,"“O que tinha era um protótipo com 400 slides num powerpoint”",Observador,2026-05-07,https://observador.pt/programas/querido-lder/o-que-tinha-era-um-prototipo-com-400-slides-num-powerpoint/,ansiedade,"2026-05-07 06:00:08.907436+00",media,
cefc143c-df5f-4151-ab71-d45d7ab21404,"<![CDATA[Chocante. Jogadora suspensa cinco anos por pontapear cabeça de adversária]]>","Notícias ao Minuto",2026-07-26,https://www.noticiasaominuto.com/desporto/3027705/chocante-jogadora-suspensa-cinco-anos-por-pontapear-cabeca-de-adversaria#utm_source=rss-ultima-hora&amp;utm_medium=rss&amp;utm_campaign=rssfeed,"perturbações do espectro do autismo","2026-07-28 06:00:06.037697+00",media,
cf18fe8b-00de-46e5-bee4-5e2cfac28137,"Campanha Nacional de Sensibilização para as Demências &#124; A demência pode esconder-se atrás da vida","Coord. Nacional Saúde Mental",2026-07-09,https://saudemental.min-saude.pt/campanha-nacional-de-sensibilizacao-para-as-demencias-a-demencia-pode-esconder-se-atras-da-vida/,demência,"2026-07-18 06:00:19.79437+00",institucional,
cf1dc59b-3853-47dd-b489-64e007964304,"Bipolaridade. Entre o estigma e o silêncio",Observador,2026-03-27,https://observador.pt/opiniao/bipolaridade-entre-o-estigma-e-o-silencio/,"perturbação bipolar","2026-03-28 00:30:16.617694+00",media,
cf3d2925-3d5f-4829-ad4a-87a112128982,"<![CDATA[Candidaturas ao Ensino Superior arrancam hoje com mais de 56 mil vagas]]>","Notícias ao Minuto",2026-07-20,https://www.noticiasaominuto.com/pais/3024013/candidaturas-ao-ensino-superior-arrancam-hoje-com-mais-de-56-mil-vagas#utm_source=rss-ultima-hora&amp;utm_medium=rss&amp;utm_campaign=rssfeed,candidíase,"2026-07-20 06:00:12.191085+00",media,
cf5548d5-c5cf-4678-8b1e-39b99c1ab599,"<![CDATA[Fresca e deliciosa! Receita de sopa de tomate à portuguesa em 10 minutos]]>","Notícias ao Minuto",2026-07-30,https://www.noticiasaominuto.com/lifestyle/3030019/fresca-e-deliciosa-receita-de-sopa-de-tomate-a-portuguesa-em-10-minutos#utm_source=rss-ultima-hora&amp;utm_medium=rss&amp;utm_campaign=rssfeed,"síndrome do ovário poliquístico","2026-08-02 06:00:09.596979+00",media,
cf58ad16-5ea9-476e-959f-977103be9518,"<![CDATA[3 hábitos muito simples para fazer de manhã que reduzem o stress]]>","Notícias ao Minuto",2026-09-04,https://www.noticiasaominuto.com/lifestyle/3045639/3-habitos-muito-simples-para-fazer-de-manha-que-reduzem-o-stress#utm_source=rss-ultima-hora&amp;utm_medium=rss&amp;utm_campaign=rssfeed,ansiedade,"2026-09-04 06:00:10.110953+00",media,
cf612fe1-3722-4b43-9ae3-e580d9b1408a,"<![CDATA[Lusoponte admite portagens nas quatro travessias do Tejo]]>","Notícias ao Minuto",2026-08-06,https://www.noticiasaominuto.com/economia/3033122/lusoponte-admite-portagens-nas-quatro-travessias-do-tejo#utm_source=rss-ultima-hora&amp;utm_medium=rss&amp;utm_campaign=rssfeed,"síndrome do ovário poliquístico","2026-08-09 06:00:11.264131+00",media,
cf64efcb-8059-4507-9bce-a4678db5ac77,"<![CDATA[Milhares protestam contra candidata presidencial de direita no Peru]]>","Notícias ao Minuto",2026-05-31,https://www.noticiasaominuto.com/mundo/2998588/milhares-protestam-contra-candidata-presidencial-de-direita-no-peru#utm_source=rss-ultima-hora&amp;utm_medium=rss&amp;utm_campaign=rssfeed,candidíase,"2026-05-31 06:00:11.117706+00",media,
cfd83bc3-5a07-45d9-b30f-71ea9bca4b74,"<![CDATA[Oficial: Gabriel Jesus assina pelo Barcelona por três épocas]]>","Notícias ao Minuto",2026-09-01,https://www.noticiasaominuto.com/desporto/3044599/oficial-gabriel-jesus-assina-pelo-barcelona-por-tres-epocas#utm_source=rss-ultima-hora&amp;utm_medium=rss&amp;utm_campaign=rssfeed,"perturbação obsessivo-compulsiva","2026-09-03 06:00:14.963501+00",media,
cfef7118-9296-4a2b-865b-85e6b4db95bd,"Flávio Bolsonaro e partido de Lula trocam farpas em dia de novas tarifas dos EUA ao Brasil",RTP,2026-07-22,https://www.rtp.pt/noticias/mundo/flavio-bolsonaro-e-partido-de-lula-trocam-farpas-em-dia-de-novas-tarifas-dos-eua-ao-brasil_n1755216,candidíase,"2026-07-23 06:00:09.555677+00",media,
d00b2fb6-d842-48da-b77b-a6188f57723b,"<![CDATA[Glória. Um ano após tragédia, irmãs relembram morte dos pais: ""Pânico""]]>","Notícias ao Minuto",2026-09-03,https://www.noticiasaominuto.com/pais/3045960/gloria-um-ano-apos-tragedia-irmas-relembram-morte-dos-pais-panico#utm_source=rss-ultima-hora&amp;utm_medium=rss&amp;utm_campaign=rssfeed,pânico,"2026-09-05 06:00:09.983409+00",media,
d027e71c-6b89-451d-a73c-9f83bbf05053,"Conferência internacional da OCDE sobre Inteligência Artificial na Saúde com participação da SPMS",SPMS,2026-06-08,https://www.spms.min-saude.pt/2026/06/conferencia-internacional-da-ocde-sobre-inteligencia-artificial-na-saude-com-participacao-da-spms/,"perturbação obsessivo-compulsiva","2026-06-09 06:00:20.815546+00",institucional,
d076c475-3337-49de-875f-a791ad81a9ed,"<![CDATA[Candidaturas ao Superior terminam hoje. Há mais inscritos do que em 2025]]>","Notícias ao Minuto",2026-08-06,https://www.noticiasaominuto.com/pais/3032784/candidaturas-ao-superior-terminam-hoje-ha-mais-inscritos-do-que-em-2025#utm_source=rss-ultima-hora&amp;utm_medium=rss&amp;utm_campaign=rssfeed,candidíase,"2026-08-07 06:00:08.574076+00",media,
d07fbb53-9af4-466e-9138-95c13f2bf13e,"Candidatura a Capital da Cultura quer valorizar Setúbal",Observador,2026-09-11,https://observador.pt/2026/09/12/candidatura-a-capital-da-cultura-quer-valorizar-patrimonio-local-de-setubal-e-deixar-legado/,candidíase,"2026-09-12 06:00:10.095124+00",media,
d0816b75-6a69-4d08-80ac-2047932f6546,"<![CDATA[Vieira de Leiria: 3 feridos graves por inalação de hipoclorito de sódio]]>","Notícias ao Minuto",2026-08-07,https://www.noticiasaominuto.com/pais/3033491/vieira-de-leiria-3-feridos-graves-por-inalacao-de-hipoclorito-de-sodio#utm_source=rss-ultima-hora&amp;utm_medium=rss&amp;utm_campaign=rssfeed,"perturbação obsessivo-compulsiva","2026-08-10 06:00:10.246201+00",media,
d09c22be-d04c-4ac8-924a-cc32d3929e8c,"<![CDATA[Lucro do ABN Amro sobe 20% até junho e previsões melhoram]]>","Notícias ao Minuto",2026-08-12,https://www.noticiasaominuto.com/economia/3035497/lucro-do-abn-amro-sobe-20-ate-junho-e-previsoes-melhoram#utm_source=rss-ultima-hora&amp;utm_medium=rss&amp;utm_campaign=rssfeed,"resistência antibióticos","2026-08-13 06:00:12.208572+00",media,
d0c8ff89-882a-4eab-bb95-9564944bb3c7,"<![CDATA[Prestianni dá o mote para 2026/27: ""Vai ser uma época muito melhor""]]>","Notícias ao Minuto",2026-08-06,https://www.noticiasaominuto.com/desporto/3033262/prestianni-da-o-mote-para-202627-vai-ser-uma-epoca-muito-melhor#utm_source=rss-ultima-hora&amp;utm_medium=rss&amp;utm_campaign=rssfeed,"perturbação obsessivo-compulsiva","2026-08-07 06:00:08.574076+00",media,
d10180e2-3089-4eda-b42a-b028b650622f,"SPPSM apoia 2.ª edição da sessão formativa sobre Autismo e PHDA no Adulto","SP Psiquiatria e Saúde Mental",2026-06-01,https://www.sppsm.org/sppsm-apoia-2-a-edicao-da-sessao-formativa-sobre-autismo-e-phda-no-adulto/,"perturbações do espectro do autismo","2026-09-12 06:00:49.19022+00",institucional,
d1040ee1-52dd-45d7-a119-a3501e77be03,"Campanha Nacional de Sensibilização para as Demências &#124; A demência pode esconder-se atrás da vida","Coord. Nacional Saúde Mental",2026-07-09,https://saudemental.min-saude.pt/campanha-nacional-de-sensibilizacao-para-as-demencias-a-demencia-pode-esconder-se-atras-da-vida/,demência,"2026-07-16 06:00:20.142602+00",institucional,
d119f4cc-a594-4fc1-99e4-2ae04b282a87,"<![CDATA[Kremlin responde à Alemanha sobre Leipzig: Acusações são ""vazias""]]>","Notícias ao Minuto",2026-09-04,https://www.noticiasaominuto.com/mundo/3046355/russia-classifica-como-vazias-e-infundadas-acusacoes-de-ataque-hibrido-na-alemanha#utm_source=rss-ultima-hora&amp;utm_medium=rss&amp;utm_campaign=rssfeed,"refluxo gastroesofágico","2026-09-05 06:00:09.983409+00",media,
d120462e-6cd1-408e-9061-e1e732148e8c,"<![CDATA[Peabo Bryson, cantor de ""A Bela e o Monstro"", morre aos 75 anos]]>","Notícias ao Minuto",2026-06-03,https://www.noticiasaominuto.com/fama/3000090/peabo-bryson-cantor-de-a-bela-e-o-monstro-morre-aos-75-anos#utm_source=rss-ultima-hora&amp;utm_medium=rss&amp;utm_campaign=rssfeed,"perturbações do espectro do autismo","2026-06-04 06:00:12.178883+00",media,
d137d83e-db53-4e96-ae72-7e0f4c3c66a1,"<![CDATA[Quem é Anastasiia Berezovska, ucraniana suspeita do ataque no Mónaco?]]>","Notícias ao Minuto",2026-07-03,https://www.noticiasaominuto.com/mundo/3016187/quem-e-anastasiia-berezovska-ucraniana-suspeita-do-ataque-no-monaco#utm_source=rss-ultima-hora&amp;utm_medium=rss&amp;utm_campaign=rssfeed,"síndrome de intestino irritável","2026-07-04 06:00:11.566441+00",media,
d190bf60-5b59-440b-bb36-9071df16bb11,"<![CDATA[Chegar, ver e marcar. Eis o primeiro golo de Cristiano Ronaldo esta época]]>","Notícias ao Minuto",2026-08-21,https://www.noticiasaominuto.com/desporto/3039813/chegar-ver-e-marcar-eis-o-primeiro-golo-de-cristiano-ronaldo-esta-epoca#utm_source=rss-ultima-hora&amp;utm_medium=rss&amp;utm_campaign=rssfeed,"perturbação obsessivo-compulsiva","2026-08-24 06:00:11.840935+00",media,
d195a1e8-f73e-4265-96bf-26d0802f35f0,"<![CDATA[França investiga assédio após suicídios entre funcionários de Lecornu]]>","Notícias ao Minuto",2026-08-03,https://www.noticiasaominuto.com/mundo/3031445/franca-investiga-assedio-apos-suicidios-entre-funcionarios-de-lecornu#utm_source=rss-ultima-hora&amp;utm_medium=rss&amp;utm_campaign=rssfeed,suicídio,"2026-08-05 06:00:10.761498+00",media,
d1c363dc-3649-403e-8484-658bf583299f,"<![CDATA[Moldova. Sandu escolheu Vasile Tofan como candidato a primeiro-ministro]]>","Notícias ao Minuto",2026-07-11,https://www.noticiasaominuto.com/mundo/3020020/moldova-sandu-escolheu-vasile-tofan-como-candidato-a-primeiro-ministro#utm_source=rss-ultima-hora&amp;utm_medium=rss&amp;utm_campaign=rssfeed,candidíase,"2026-07-14 06:00:07.455812+00",media,
d1ca3bc9-67d5-4189-93ad-a3f1fbbf6240,"Mais de 21 mil investigadores doutorados pedem bolsas à UE",Observador,2026-09-11,https://observador.pt/2026/09/11/mais-de-21-mil-investigadores-doutorados-pedem-numero-recorde-de-bolsas-na-ue/,candidíase,"2026-09-12 06:00:10.095124+00",media,
d1ef480f-5253-417c-89dc-a3408d0e9c6b,"<![CDATA[Oficial: Defesa Carraça regressa ao Tondela e assina por duas épocas]]>","Notícias ao Minuto",2026-07-13,https://www.noticiasaominuto.com/desporto/3020816/oficial-defesa-carraca-regressa-ao-tondela-e-assina-por-duas-epocas#utm_source=rss-ultima-hora&amp;utm_medium=rss&amp;utm_campaign=rssfeed,"perturbação obsessivo-compulsiva","2026-07-14 06:00:07.455812+00",media,
d231031a-dbef-4bec-acfd-1d0d16ff8e45,"<![CDATA[3 nutricionistas revelam o que comem em momentos de stress]]>","Notícias ao Minuto",2026-07-30,https://www.noticiasaominuto.com/lifestyle/3029330/3-nutricionistas-revelam-o-que-comem-em-momentos-de-stress#utm_source=rss-ultima-hora&amp;utm_medium=rss&amp;utm_campaign=rssfeed,ansiedade,"2026-07-31 06:00:13.014067+00",media,
d277742c-e536-45c8-a310-52434b59c9dd,"<![CDATA[Novo despacho das unidades AVC pronto até agosto]]>","Notícias ao Minuto",2026-07-14,https://www.noticiasaominuto.com/pais/3021424/novo-despacho-das-unidades-avc-pronto-ate-agosto#utm_source=rss-ultima-hora&amp;utm_medium=rss&amp;utm_campaign=rssfeed,avc,"2026-07-15 06:00:11.103862+00",media,
d2b6052b-1b6f-485e-b20b-ad051d7e54f6,"Módulo 4","Sociedade Portuguesa de Cardiologia",2026-04-08,https://spc.pt/curso-atualizacao-2026/modulo-4-2/,"perturbações do espectro do autismo","2026-04-10 06:00:50.414301+00",institucional,
d2c78669-b805-4ee4-af5b-cf1a6f487221,"<![CDATA[Corrupção gera consenso entre candidatos presidenciais de São Tomé]]>","Notícias ao Minuto",2026-07-15,https://www.noticiasaominuto.com/mundo/3021592/corrupcao-gera-consenso-entre-candidatos-presidenciais-de-sao-tome#utm_source=rss-ultima-hora&amp;utm_medium=rss&amp;utm_campaign=rssfeed,candidíase,"2026-07-16 06:00:10.26627+00",media,
d2c9cd9d-8c75-43cd-b808-ad843950ae50,"Resumo do 1.º dia","Sociedade Portuguesa de Cardiologia",2026-09-10,https://spc.pt/esc-2026-highlights/resumo-do-1-o-dia/,"perturbações do espectro do autismo","2026-09-15 06:00:33.035509+00",institucional,
d2fe0681-8ffb-4ccf-bd60-7d0160da3619,"<![CDATA[Milei expressa apoio a candidatura de Flávio Bolsonaro ao Brasil]]>","Notícias ao Minuto",2026-06-30,https://www.noticiasaominuto.com/mundo/3013381/milei-expressa-apoio-a-candidatura-de-flavio-bolsonaro-ao-brasil#utm_source=rss-ultima-hora&amp;utm_medium=rss&amp;utm_campaign=rssfeed,candidíase,"2026-07-01 06:00:13.168736+00",media,
d3252339-3706-4b0a-922b-e47f4704ff7d,"<![CDATA[Meta faz acordo (milionário) para deixar cair caso de vício nas redes]]>","Notícias ao Minuto",2026-08-26,https://www.noticiasaominuto.com/tech/3041726/meta-faz-acordo-milionario-para-deixar-cair-caso-de-vicio-nas-redes#utm_source=rss-ultima-hora&amp;utm_medium=rss&amp;utm_campaign=rssfeed,dependências,"2026-08-28 06:00:06.059715+00",media,
d3367943-f5bd-48ce-abf7-1780ba358b06,"<![CDATA[Quase metade das cidades europeias bate recordes de stress térmico]]>","Notícias ao Minuto",2026-06-26,https://www.noticiasaominuto.com/mundo/3011616/quase-metade-das-cidades-europeias-bate-recordes-de-stress-termico#utm_source=rss-ultima-hora&amp;utm_medium=rss&amp;utm_campaign=rssfeed,ansiedade,"2026-06-27 06:00:12.803594+00",media,
d33dec4f-8820-44a7-b83a-7414d66e76a0,"<![CDATA[ASAE apreende quase 400 suplementos alimentares afrodisíacos contrafeitos]]>","Notícias ao Minuto",2026-04-17,https://www.noticiasaominuto.com/pais/2974538/asae-apreende-quase-400-suplementos-alimentares-afrodisiacos-contrafeitos#utm_source=rss-ultima-hora&amp;utm_medium=rss&amp;utm_campaign=rssfeed,"suplementos alimentares","2026-04-18 06:00:07.618753+00",media,
d3402458-4c95-4051-b97f-4ea1cfd6c42c,"<![CDATA[Ocasio-Cortez admite candidatar-se à presidência dos EUA em 2028]]>","Notícias ao Minuto",2026-08-09,https://www.noticiasaominuto.com/mundo/3034266/ocasio-cortez-admite-candidatar-se-a-presidencia-dos-eua-em-2028#utm_source=rss-ultima-hora&amp;utm_medium=rss&amp;utm_campaign=rssfeed,candidíase,"2026-08-11 06:00:14.460736+00",media,
d345207b-1b0d-4553-8245-5692ee18ce2b,"<![CDATA[Maioria dos alunos inscritos no 1.º dia da época especial faltou ao exame]]>","Notícias ao Minuto",2026-09-04,https://www.noticiasaominuto.com/pais/3046283/maioria-dos-alunos-inscritos-no-1-dia-da-epoca-especial-faltou-ao-exame#utm_source=rss-ultima-hora&amp;utm_medium=rss&amp;utm_campaign=rssfeed,"perturbação obsessivo-compulsiva","2026-09-07 06:00:16.483552+00",media,
d347f993-f79e-40dc-b427-3b9d2a2d5751,"<![CDATA[Óbidos candidata-se a Capital Portuguesa da Cultura 2028]]>","Notícias ao Minuto",2026-06-18,https://www.noticiasaominuto.com/pais/3007394/obidos-candidata-se-a-capital-portuguesa-da-cultura-2028#utm_source=rss-ultima-hora&amp;utm_medium=rss&amp;utm_campaign=rssfeed,candidíase,"2026-06-19 06:00:45.839366+00",media,
d34abf63-526e-44ed-b609-548b17475299,"Gripe das aves volta a ser detetada em Torres Vedras","CM JORNAL",2025-03-05,https://www.cmjornal.pt/sociedade/detalhe/gripe-das-aves-volta-a-ser-detetada-em-torres-vedras,"gripe aviária H5N1","2026-03-08 11:08:46.761027+00",media,
d37b6d34-7b8c-4116-80d7-a52a28d00df1,"<![CDATA[O que acontece ao seu colesterol depois de comer mirtilos]]>","Notícias ao Minuto",2026-06-05,https://www.noticiasaominuto.com/lifestyle/3001118/o-que-acontece-ao-seu-colesterol-depois-de-comer-mirtilos#utm_source=rss-ultima-hora&amp;utm_medium=rss&amp;utm_campaign=rssfeed,"colesterol alto","2026-06-06 06:00:10.764271+00",media,
d3b0f63e-9cf1-4b85-9d96-e257cf022cdb,"Inscrição na época especial de exames começa hoje",RTP,2026-07-27,https://www.rtp.pt/noticias/pais/inscricao-na-epoca-especial-de-exames-comeca-hoje_n1756055,"perturbação obsessivo-compulsiva","2026-07-27 06:00:06.98129+00",media,
d3bd43f7-c062-42bb-966f-5e944c7a16c7,"Cestaria, linho e funilaria. Tradições de Tondela em risco?",Observador,2026-05-04,https://observador.pt/programas/a-nossa-cultura/cestaria-linho-e-funilaria-tradicoes-de-tondela-em-risco/,dependências,"2026-05-04 06:00:08.002287+00",media,
d3c2d462-f276-4e1e-bed6-80a08905e36d,"Engolir em seco",Público,2026-08-29,https://www.publico.pt/2026/08/30/opiniao/cronica/engolir-seco-2186456,ultraprocessados,"2026-08-30 06:00:08.32774+00",media,
d3d2887e-e416-4da5-aa9a-8546ada839d1,"<![CDATA[Será anemia? Sinais na boca que podem revelar falta de ferro]]>","Notícias ao Minuto",2026-09-02,https://www.noticiasaominuto.com/lifestyle/3045301/sera-anemia-sinais-na-boca-que-podem-revelar-falta-de-ferro#utm_source=rss-ultima-hora&amp;utm_medium=rss&amp;utm_campaign=rssfeed,anemia,"2026-09-04 06:00:10.110953+00",media,
d3e2e593-0e2f-4e0b-9203-342ffe65fa87,"<![CDATA[Francisco Pimentel é o candidato social-democrata à liderança da UGT]]>","Notícias ao Minuto",2026-07-27,https://www.noticiasaominuto.com/economia/3028123/francisco-pimentel-e-o-candidato-social-democrata-a-lideranca-da-ugt#utm_source=rss-ultima-hora&amp;utm_medium=rss&amp;utm_campaign=rssfeed,candidíase,"2026-07-28 06:00:06.037697+00",media,
d3f4867b-2cd4-4191-9ec5-5622aa322622,"Supremo Tribunal pode levar Marine Le Pen a desistir de se recandidatar",RTP,2026-07-08,https://www.rtp.pt/noticias/mundo/supremo-tribunal-pode-levar-marine-le-pen-a-desistir-de-se-recandidatar_v1752184,candidíase,"2026-07-09 06:00:12.491579+00",media,
d427f91e-29a4-4015-803b-ed2dec3de1a5,"<![CDATA[António Raminhos e a luta contra a ansiedade: ""Pensava em perigos""]]>","Notícias ao Minuto",2026-07-31,https://www.noticiasaominuto.com/fama/3030180/antonio-raminhos-e-a-luta-contra-a-ansiedade-pensava-em-perigos#utm_source=rss-ultima-hora&amp;utm_medium=rss&amp;utm_campaign=rssfeed,ansiedade,"2026-08-02 06:00:09.596979+00",media,
d42e615a-7e17-4acb-b029-a30715999043,"<![CDATA[União de Leiria arranca nova época com plantel ainda em reformulação]]>","Notícias ao Minuto",2026-07-02,https://www.noticiasaominuto.com/desporto/3015239/uniao-de-leiria-arranca-nova-epoca-com-plantel-ainda-em-reformulacao#utm_source=rss-ultima-hora&amp;utm_medium=rss&amp;utm_campaign=rssfeed,"perturbação obsessivo-compulsiva","2026-07-03 06:00:14.205479+00",media,
d4963192-57c2-4558-93f7-0db5f593212c,"<![CDATA[""Consigo imaginar o teu sorriso feliz a soprar as velas. Saudades tuas""]]>","Notícias ao Minuto",2026-07-07,https://www.noticiasaominuto.com/fama/3017642/consigo-imaginar-o-teu-sorriso-feliz-a-soprar-as-velas-saudades-tuas#utm_source=rss-ultima-hora&amp;utm_medium=rss&amp;utm_campaign=rssfeed,"síndrome do ovário poliquístico","2026-07-08 06:00:17.625893+00",media,
d497d68a-6f8e-412b-a6dc-83cc19d6a854,"<![CDATA[Coreia do Sul no último verão com sopa de carne de cão antes de proibição]]>","Notícias ao Minuto",2026-08-30,https://www.noticiasaominuto.com/mundo/3043525/coreia-do-sul-vive-ultimo-verao-com-sopa-de-carne-de-cao-antes-de-proibicao#utm_source=rss-ultima-hora&amp;utm_medium=rss&amp;utm_campaign=rssfeed,"síndrome do ovário poliquístico","2026-09-01 06:00:08.684224+00",media,
d4b7cf8a-3d8f-4e82-ac41-53a2f1b366e8,"Vendaval, S. A.",Observador,2026-04-26,https://observador.pt/opiniao/vendaval-s-a/,"refluxo gastroesofágico","2026-04-27 06:00:08.371635+00",media,
d51fbf45-a55a-4fe9-accb-de857794de3f,"<![CDATA[Vicens destaca ""muita ambição e esperança"" para a próxima época]]>","Notícias ao Minuto",2026-05-15,https://www.noticiasaominuto.com/desporto/2990452/vicens-destaca-muita-ambicao-e-esperanca-para-a-proxima-epoca#utm_source=rss-ultima-hora&amp;utm_medium=rss&amp;utm_campaign=rssfeed,"perturbação obsessivo-compulsiva","2026-05-16 06:00:11.05527+00",media,
d588e9e5-6186-4a7a-b00e-0f62441a558a,"<![CDATA[Nuno Espírito Santo conduz West Ham à goleada da época em Inglaterra]]>","Notícias ao Minuto",2026-09-11,https://www.noticiasaominuto.com/desporto/3050244/nuno-espirito-santo-conduz-west-ham-a-goleada-da-epoca-em-inglaterra#utm_source=rss-ultima-hora&amp;utm_medium=rss&amp;utm_campaign=rssfeed,"perturbação obsessivo-compulsiva","2026-09-13 06:00:09.495425+00",media,
d5aa267a-e29f-4dfc-ae3f-fafe179cc907,"<![CDATA[Multa e consultas de psiquiatria. Tudo sobre a sentença de Britney Spears]]>","Notícias ao Minuto",2026-05-05,https://www.noticiasaominuto.com/fama/2984278/multa-e-consultas-de-psiquiatria-tudo-sobre-a-sentenca-de-britney-spears#utm_source=rss-ultima-hora&amp;utm_medium=rss&amp;utm_campaign=rssfeed,"perturbações do espectro do autismo","2026-05-06 06:00:08.912686+00",media,
d5d1bd53-4ed3-4640-b00e-1f8cd9a76a6e,"<![CDATA[3 hábitos após o jantar que o ajudam a sentir-se mais calmo e sem stress]]>","Notícias ao Minuto",2026-08-18,https://www.noticiasaominuto.com/lifestyle/3038334/3-habitos-apos-o-jantar-que-o-ajudam-a-sentir-se-mais-calmo-e-sem-stress#utm_source=rss-ultima-hora&amp;utm_medium=rss&amp;utm_campaign=rssfeed,ansiedade,"2026-08-20 06:00:08.999348+00",media,
d5d670cb-9459-4b66-89e2-8f7dca45cf1a,"Centro contra cancro da mama quer atender 10 mil mulheres",Observador,2026-03-16,https://observador.pt/2026/03/16/novo-centro-de-rastreio-contra-cancro-da-mama-em-lisboa-quer-atender-mais-10-mil-mulheres-por-ano/,"cancro da mama","2026-03-16 11:00:50.092657+00",media,
d5ed43e9-d597-4cc1-932e-4595cb0b3497,"<![CDATA[Benfica B empata com Sintrense no primeiro teste da pré-época]]>","Notícias ao Minuto",2026-07-11,https://www.noticiasaominuto.com/desporto/3020095/benfica-b-empata-com-sintrense-no-primeiro-teste-da-pre-epoca#utm_source=rss-ultima-hora&amp;utm_medium=rss&amp;utm_campaign=rssfeed,"perturbação obsessivo-compulsiva","2026-07-14 06:00:07.455812+00",media,
d5f2294f-80ae-4ae8-a3f9-3f54e663e64a,"<![CDATA[Ventura acusa PS de ""hipocrisia"" sobre IVA zero e combustíveis]]>","Notícias ao Minuto",2026-08-27,https://www.noticiasaominuto.com/pais/3042485/chega-acusa-ps-de-hipocrisia-sobre-reducao-do-iva-no-cabaz-alimentar-caudio-e-fotos#utm_source=rss-ultima-hora&amp;utm_medium=rss&amp;utm_campaign=rssfeed,"perturbação obsessivo-compulsiva","2026-08-29 06:00:11.446272+00",media,
d5f2fb89-6bed-4ea0-b0db-2913b2381094,"Lisboa indica rede de jardins e equipamentos para enfrentar o calor","Conselho Português para a Saúde e Ambiente",2026-07-03,https://cpsa.pt/noticias/portugal-noticias/lisboa-indica-rede-de-jardins-e-equipamentos-para-enfrentar-o-calor/,"calor extremo e saúde","2026-07-20 06:01:11.816244+00",institucional,
d61ed2b9-0c6e-4c42-bd83-1be63993cf32,"SPPSM apoia 2.ª edição da sessão formativa sobre Autismo e PHDA no Adulto","SP Psiquiatria e Saúde Mental",2026-06-01,https://www.sppsm.org/sppsm-apoia-2-a-edicao-da-sessao-formativa-sobre-autismo-e-phda-no-adulto/,"perturbações do espectro do autismo","2026-09-14 06:00:51.863507+00",institucional,
d62d6d53-e3f4-455b-b077-7f8c593a7ede,"Da resposta-não-resposta a Mourinho ao cartão a Suárez",Observador,2026-03-22,https://observador.pt/2026/03/22/da-resposta-nao-resposta-a-mourinho-ao-cartao-a-suarez-pensei-que-lhe-ia-dar-o-cartao-branco-que-agora-e-usual/,"perturbação obsessivo-compulsiva","2026-03-23 06:00:27.401017+00",media,
d63dad4e-f68f-4576-81e5-a89ffb86cc12,"<![CDATA[Mau tempo: 40% das candidaturas a apoio à recuperação de casas resolvidas]]>","Notícias ao Minuto",2026-05-27,https://www.noticiasaominuto.com/economia/2996432/mau-tempo-40-das-candidaturas-a-apoio-a-recuperacao-de-casas-resolvidas#utm_source=rss-ultima-hora&amp;utm_medium=rss&amp;utm_campaign=rssfeed,candidíase,"2026-05-28 06:00:12.033939+00",media,
d641e695-44ba-4aa8-a3e1-3c273fbf8bd4,"CathStart -Curso de Simulação em Coronariografia Diagnóstica","Sociedade Portuguesa de Cardiologia",2026-09-04,https://spc.pt/arquivo-mensal/cathstart-curso-de-simulacao-em-coronariografia-diagnostica/,"terapia hormonal","2026-09-14 06:00:47.693865+00",institucional,
d6782acc-9f87-492f-b5c0-ae9c7af9cc02,"<![CDATA[Hong Kong promete rever alerta de stress térmico após recorde de temperatura]]>","Notícias ao Minuto",2026-08-11,https://www.noticiasaominuto.com/mundo/3034971/hong-kong-promete-rever-alerta-de-stress-termico-apos-recorde-de-temperatura#utm_source=rss-ultima-hora&amp;utm_medium=rss&amp;utm_campaign=rssfeed,ansiedade,"2026-08-12 06:00:09.004678+00",media,
d68f502f-c256-48f3-9930-7ec06a806b0e,"<![CDATA[Petrolífera mexicana tentar conter derrame de petróleo no Golfo do México]]>","Notícias ao Minuto",2026-09-12,https://www.noticiasaominuto.com/mundo/3050284/petrolifera-mexicana-tentar-conter-derrame-de-petroleo-no-golfo-do-mexico#utm_source=rss-ultima-hora&amp;utm_medium=rss&amp;utm_campaign=rssfeed,avc,"2026-09-14 06:00:12.111358+00",media,
d69ef5f9-ca4d-450c-bbdd-c72e05ae9dd3,"“Vamos ficar de olhos abertos”: Comissão Europeia promove campanha pelos direitos das vítimas de crime",APAV,2026-08-12,https://apav.pt/vamos-ficar-de-olhos-abertos-comissao-europeia-promove-campanha-pelos-direitos-das-vitimas-de-crime/,"síndrome do ovário poliquístico","2026-08-25 06:00:59.732269+00",institucional,
d6c0ccdc-502e-4333-9e45-5aa4291cc4d0,"<![CDATA[Mais de 150 crianças morrem devido a surto de sarampo no Bangladesh]]>","Notícias ao Minuto",2026-04-08,https://www.noticiasaominuto.com/mundo/2969264/mais-de-150-criancas-morrem-devido-a-surto-de-sarampo-no-bangladesh#utm_source=rss-ultima-hora&amp;utm_medium=rss&amp;utm_campaign=rssfeed,"sarampo surto","2026-04-10 06:00:11.391883+00",media,
d6e84c17-c1af-46b8-bffb-5ec669e0c277,"Campeão Inter termina época sem motivação e deixa empate em Bolonha",RTP,2026-05-23,https://www.rtp.pt/noticias/futebol-internacional/campeao-inter-termina-epoca-sem-motivacao-e-deixa-empate-em-bolonha_d1743109,"perturbação obsessivo-compulsiva","2026-05-24 06:00:12.50772+00",media,
d7028699-5eab-4530-acfd-6c22b521a7ff,"<![CDATA[Quatro candidatos às eleições do Vitória SC entregam listas]]>","Notícias ao Minuto",2026-05-14,https://www.noticiasaominuto.com/desporto/2990062/quatro-candidatos-as-eleicoes-do-vitoria-sc-entregam-listas#utm_source=rss-ultima-hora&amp;utm_medium=rss&amp;utm_campaign=rssfeed,candidíase,"2026-05-15 06:00:09.033335+00",media,
d71f3ce3-62a0-423c-ba6e-63551c615509,"<![CDATA[""Universidades Politécnicas"" contribuíram para aumento de candidatos]]>","Notícias ao Minuto",2026-08-22,https://www.noticiasaominuto.com/pais/3039996/universidades-politecnicas-contribuiram-para-aumento-de-candidatos#utm_source=rss-ultima-hora&amp;utm_medium=rss&amp;utm_campaign=rssfeed,candidíase,"2026-08-24 06:00:11.840935+00",media,
d744ac5c-c552-4e9e-bf9a-3c7cba8a8aa9,"<![CDATA[Alunos prejudicados poderão realizar exames em época especial em setembro]]>","Notícias ao Minuto",2026-07-20,https://www.noticiasaominuto.com/pais/3024206/alunos-prejudicados-poderao-realizar-exames-em-epoca-especial-em-setembro#utm_source=rss-ultima-hora&amp;utm_medium=rss&amp;utm_campaign=rssfeed,"perturbação obsessivo-compulsiva","2026-07-21 06:00:06.718319+00",media,
d75259db-80d1-4064-bf86-fd306b8a84a6,"<![CDATA[OCDE e FAO estimam queda da produção agrícola este ano e em 2027]]>","Notícias ao Minuto",2026-06-29,https://www.noticiasaominuto.com/economia/3012915/ocde-e-fao-estimam-queda-da-producao-agricola-este-ano-e-em-2027#utm_source=rss-ultima-hora&amp;utm_medium=rss&amp;utm_campaign=rssfeed,"perturbação obsessivo-compulsiva","2026-06-30 06:00:14.244257+00",media,
d7601b36-d151-484a-8bcc-fab9fc024ef0,"<![CDATA[Alergistas apresentam 4 técnicas para melhorar a qualidade do ar em casa]]>","Notícias ao Minuto",2026-05-03,https://www.noticiasaominuto.com/lifestyle/2980301/alergistas-apresentam-4-tecnicas-para-melhorar-a-qualidade-do-ar-em-casa#utm_source=rss-ultima-hora&amp;utm_medium=rss&amp;utm_campaign=rssfeed,"poluição e saúde","2026-05-04 06:00:09.672583+00",media,
d761eccc-1f59-4e22-9bfa-811a085b2285,"<![CDATA[Tio e sobrinho pontapeados na cabeça por recusarem cigarro a agressores]]>","Notícias ao Minuto",2026-09-13,https://www.noticiasaominuto.com/pais/3050658/tio-e-sobrinho-pontapeados-na-cabeca-por-recusar-cigarro-a-agressores#utm_source=rss-ultima-hora&amp;utm_medium=rss&amp;utm_campaign=rssfeed,"perturbações do espectro do autismo","2026-09-14 06:00:12.111358+00",media,
d7b48889-b80c-422d-be04-14c765f9f152,"SPPSM apoia 2.ª edição da sessão formativa sobre Autismo e PHDA no Adulto","SP Psiquiatria e Saúde Mental",2026-06-01,https://www.sppsm.org/sppsm-apoia-2-a-edicao-da-sessao-formativa-sobre-autismo-e-phda-no-adulto/,"perturbações do espectro do autismo","2026-08-13 06:00:54.243081+00",institucional,
d7baeb59-3e9d-4ace-b43e-e7b15671a59f,"<![CDATA[Companhia de Teatro de Almada estreia ""Medida por Medida"" de Shakespeare]]>","Notícias ao Minuto",2026-08-22,https://www.noticiasaominuto.com/cultura/3039958/companhia-de-teatro-de-almada-estreia-medida-por-medida-de-shakespeare#utm_source=rss-ultima-hora&amp;utm_medium=rss&amp;utm_campaign=rssfeed,"perturbações do espectro do autismo","2026-08-25 06:00:08.032206+00",media,
d7d064aa-d97f-45ad-b0a6-b717103a8ae5,"<![CDATA[3 hábitos (na educação) que podem aumentar a ansiedade das crianças]]>","Notícias ao Minuto",2026-08-11,https://www.noticiasaominuto.com/lifestyle/3035026/3-habitos-na-educacao-que-podem-aumentar-a-ansiedade-das-criancas#utm_source=rss-ultima-hora&amp;utm_medium=rss&amp;utm_campaign=rssfeed,ansiedade,"2026-08-13 06:00:12.208572+00",media,
d7ef717f-5509-4273-b91a-d3f268ed5b27,"<![CDATA[São Tomé: Rejeitada candidatura do MCI-PS/PUN em cinco ciclos eleitorais]]>","Notícias ao Minuto",2026-09-12,https://www.noticiasaominuto.com/mundo/3050462/sao-tome-rejeitada-candidatura-do-mci-pspun-em-cinco-ciclos-eleitorais#utm_source=rss-ultima-hora&amp;utm_medium=rss&amp;utm_campaign=rssfeed,candidíase,"2026-09-14 06:00:12.111358+00",media,
d7fb47bd-c206-4846-bd0f-e0c94ee518e0,"A esquerda, o ecopopulismo e a habitual sopa de letras",Observador,2026-05-17,https://observador.pt/opiniao/a-esquerda-o-ecopopulismo-e-a-habitual-sopa-de-letras/,"síndrome do ovário poliquístico","2026-05-18 06:00:06.647575+00",media,
d8399c73-b355-4ee4-94b2-6684be5fa85c,"Cristiano Ronaldo: “Saio de consciência tranquila, de quem deu sempre tudo”",Público,2026-07-07,https://www.publico.pt/2026/07/07/desporto/noticia/cristiano-ronaldo-saio-consciencia-tranquila-deu-2180786,candidíase,"2026-07-07 06:00:06.018122+00",media,
d852845a-ef7e-4e7c-8a78-bf1da5d6590b,"<![CDATA[Ordem dos Nutricionistas insiste em IVA zero para dieta mediterrânica]]>","Notícias ao Minuto",2026-05-16,https://www.noticiasaominuto.com/pais/2990898/ordem-dos-nutricionistas-insiste-em-iva-zero-para-dieta-mediterranica#utm_source=rss-ultima-hora&amp;utm_medium=rss&amp;utm_campaign=rssfeed,"dieta mediterrânica","2026-05-17 06:00:10.770179+00",media,
d85eda27-bf42-4107-b852-c975ed15ec2a,"Níveis de ozono prejudiciais à saúde nos concelhos de Lisboa, Amadora e Loures",RTP,2026-07-05,https://www.rtp.pt/noticias/pais/niveis-de-ozono-prejudiciais-a-saude-nos-concelhos-de-lisboa-amadora-e-loures_n1751578,"poluição e saúde","2026-07-06 06:00:10.832762+00",media,
d8636638-a93d-4f04-9d94-27bedbeb4167,"<![CDATA[Mãe que matou filhos durante depressão pós-parto considerada inocente]]>","Notícias ao Minuto",2026-08-29,https://www.noticiasaominuto.com/mundo/3043330/mae-que-matou-filhos-durante-depressao-pos-parto-considerada-inocente#utm_source=rss-ultima-hora&amp;utm_medium=rss&amp;utm_campaign=rssfeed,depressão,"2026-08-30 06:00:09.990253+00",media,
d894295f-2e86-42d2-97a8-9c79e30be0dc,"Módulo 1","Sociedade Portuguesa de Cardiologia",2026-04-08,https://spc.pt/curso-atualizacao-2026/modulo-1-2/,"perturbações do espectro do autismo","2026-04-10 06:00:50.414301+00",institucional,
d8e4edf1-8d35-4ec9-990c-3c1cdd79e85c,"Investigadora do Instituto Ricardo Jorge participa na definição de guidelines para diagnóstico e tratamento de crianças com hipercolesterolemia familiar",INSA,2026-07-03,https://www.insa.min-saude.pt/investigadora-do-instituto-ricardo-jorge-participa-na-definicao-de-guidelines-para-diagnostico-e-tratamento-de-criancas-com-hipercolesterolemia-familiar/,"colesterol alto","2026-07-06 06:00:16.475166+00",institucional,
d9169cd1-9d93-4503-b46e-f0c13af1e172,"&quot;Sem pânico a bordo&quot;. Situação está calma no navio onde surgiu um surto de hantavírus",RTP,2026-05-07,https://www.rtp.pt/noticias/mundo/sem-panico-a-bordo-situacao-esta-calma-no-navio-onde-surgiu-um-surto-de-hantavirus_n1739679,pânico,"2026-05-08 06:00:08.149375+00",media,
d91e2f54-24fb-425a-b4d3-6f8696e69a2f,"Da Espasticidade  à Função","SP Acidente Vascular Cerebral",2026-03-18,https://spavc.org/da-espasticidade-a-funcao/,avc,"2026-04-10 06:01:13.215451+00",institucional,
d9374fca-044b-49a9-afcb-6b34f2d07ebf,"5h. Odaír Moniz. Alegações finais arrancam hoje",Observador,2026-05-18,https://observador.pt/programas/noticiario/as-noticias-das-5h-1527/,dependências,"2026-05-18 06:00:06.647575+00",media,
d93ae526-a87d-4a95-9786-0a7725e39194,"<![CDATA[Nigel Farage recandidata-se após polémica no financiamento]]>","Notícias ao Minuto",2026-07-10,https://www.noticiasaominuto.com/mundo/3019762/nigel-farage-recandidata-se-apos-polemica-no-financiamento#utm_source=rss-ultima-hora&amp;utm_medium=rss&amp;utm_campaign=rssfeed,candidíase,"2026-07-13 06:00:08.60075+00",media,
d9622b2c-f4a2-4a28-b97a-8a654ae933b9,"<![CDATA[PSP lança apelo a candidatos para a força policial: ""Carreira aliciante""]]>","Notícias ao Minuto",2026-06-17,https://www.noticiasaominuto.com/pais/3007048/psp-lanca-apelo-a-candidatos-para-a-forca-policial-carreira-aliciante#utm_source=rss-ultima-hora&amp;utm_medium=rss&amp;utm_campaign=rssfeed,candidíase,"2026-06-18 06:00:10.881534+00",media,
d969f59e-f941-4a3e-a7f2-ce34491ebcd8,"<![CDATA[UEFA quer afastar Infantino da FIFA e já escolheu candidato]]>","Notícias ao Minuto",2026-07-30,https://www.noticiasaominuto.com/desporto/3029692/uefa-quer-afastar-infantino-da-fifa-e-ja-escolheu-o-candidato#utm_source=rss-ultima-hora&amp;utm_medium=rss&amp;utm_campaign=rssfeed,candidíase,"2026-07-31 06:00:13.014067+00",media,
d973ad7f-c7ce-4cee-984c-98210d1c68c7,"Médicos. Governo corrige despacho das unidades de AVC",Observador,2026-07-13,https://observador.pt/2026/07/13/governo-vai-corrigir-despacho-que-visa-medicos-das-unidades-de-acidente-vascular-cerebral/,avc,"2026-07-14 06:00:05.754583+00",media,
d9859c3c-33c7-4499-8374-7148b0ba47ab,"<![CDATA[Candidatura de Bernardo Trindade à presidência da CTP com apoio de 60%]]>","Notícias ao Minuto",2026-09-07,https://www.noticiasaominuto.com/economia/3047618/candidatura-de-bernardo-trindade-a-presidencia-da-ctp-com-apoio-de-60-ahp#utm_source=rss-ultima-hora&amp;utm_medium=rss&amp;utm_campaign=rssfeed,candidíase,"2026-09-09 06:00:06.936079+00",media,
d9a60b45-0a3a-4d19-abd7-ff035145389a,"<![CDATA[Reduzir o colesterol? 5 hábitos após o jantar que fazem a diferença]]>","Notícias ao Minuto",2026-07-01,https://www.noticiasaominuto.com/lifestyle/3014733/reduzir-o-colesterol-5-habitos-apos-o-jantar-que-fazem-a-diferenca#utm_source=rss-ultima-hora&amp;utm_medium=rss&amp;utm_campaign=rssfeed,"colesterol alto","2026-07-02 06:00:06.429497+00",media,
d9c3261d-d131-41c7-90c8-384ff7b503ed,"A Europa e “o suicídio de uma superpotência”",Público,2026-04-25,https://www.publico.pt/2026/04/26/opiniao/analise/europa-suicidio-superpotencia-2172547,suicídio,"2026-04-26 06:00:06.862216+00",media,
d9e63072-6b17-4bc3-bec3-a0ad331960b1,"Apoios do Porta 65 estão a ser travados por condição não prevista na lei",Público,2026-04-26,https://www.publico.pt/2026/04/26/economia/noticia/apoios-porta-65-estao-travados-condicao-nao-prevista-lei-2172511,candidíase,"2026-04-26 06:00:06.862216+00",media,
da00febe-5013-4b51-b0f4-be7a861f4443,"<![CDATA[FIFA vai mesmo a votos. Gianni Infantino recandidata-se à presidência]]>","Notícias ao Minuto",2026-09-06,https://www.noticiasaominuto.com/desporto/3047194/fifa-vai-mesmo-a-votos-gianni-infantino-recandidata-se-a-presidencia#utm_source=rss-ultima-hora&amp;utm_medium=rss&amp;utm_campaign=rssfeed,candidíase,"2026-09-08 06:00:09.844586+00",media,
da2e6323-4d7b-4c14-aa1b-c5486d419ad7,"Despesa do SNS com medicamentos volta a subir e chega aos 4417 milhões de euros em 2025",Público,2026-05-19,https://www.publico.pt/2026/05/19/sociedade/noticia/despesa-sns-medicamentos-volta-subir-chega-4417-milhoes-euros-2025-2175187,"diabetes tipo 2","2026-05-19 06:00:03.55664+00",media,
da34a0a7-d562-45e5-a58b-79d2a9bee10a,"O Vício do Atalho",Observador,2026-07-23,https://observador.pt/opiniao/o-vicio-do-atalho/,dependências,"2026-07-24 06:00:07.045536+00",media,
da70964e-c393-4c22-8178-42347c922316,"<![CDATA[Época balnear arranca hoje em 13 praias de Cascais e quatro da Madeira]]>","Notícias ao Minuto",2026-05-01,https://www.noticiasaominuto.com/pais/2982574/epoca-balnear-arranca-hoje-em-13-praias-de-cascais-e-quatro-da-madeira#utm_source=rss-ultima-hora&amp;utm_medium=rss&amp;utm_campaign=rssfeed,"perturbação obsessivo-compulsiva","2026-05-02 06:00:15.425175+00",media,
da736c38-1af0-44b4-81d5-ee03678c161d,"<![CDATA[3 hábitos (comuns) que aumentam o risco de AVC, alertam cardiologistas]]>","Notícias ao Minuto",2026-07-31,https://www.noticiasaominuto.com/lifestyle/3029950/3-habitos-comuns-que-aumentam-o-risco-de-avc-alertam-cardiologistas#utm_source=rss-ultima-hora&amp;utm_medium=rss&amp;utm_campaign=rssfeed,avc,"2026-08-02 06:00:09.596979+00",media,
da7ee1f9-0f72-4bf5-be57-a140fff99e65,"<![CDATA[Milei no Brasil em julho para apoiar candidatura de Flávio Bolsonaro]]>","Notícias ao Minuto",2026-07-11,https://www.noticiasaominuto.com/mundo/3019916/milei-no-brasil-em-julho-para-apoiar-candidatura-de-flavio-bolsonaro#utm_source=rss-ultima-hora&amp;utm_medium=rss&amp;utm_campaign=rssfeed,candidíase,"2026-07-13 06:00:08.60075+00",media,
da8a82bc-d0df-4520-916b-bbc35e14959a,"1h. Trump não tomou decisão final sobre acordo com o Irão",Observador,2026-05-30,https://observador.pt/programas/noticiario/as-noticias-da-1h-2281/,candidíase,"2026-05-30 06:00:08.8636+00",media,
da9c2168-aa04-4608-9ced-bff4e6903a5b,"<![CDATA[Osteoporose. Escassez leva Infarmed a autorizar lotes em inglês]]>","Notícias ao Minuto",2026-04-29,https://www.noticiasaominuto.com/pais/2981405/osteoporose-escassez-leva-infarmed-a-autorizar-lotes-em-ingles#utm_source=rss-ultima-hora&amp;utm_medium=rss&amp;utm_campaign=rssfeed,osteoporose,"2026-04-30 06:00:09.077392+00",media,
dabdafb5-5f88-4ab5-937f-89789eaaf169,"<![CDATA[Zeleznicar Pancevo-Sp. Braga: Minhotos arrancam nova época na Sérvia]]>","Notícias ao Minuto",2026-07-22,https://www.noticiasaominuto.com/desporto/3025236/zeleznicar-pancevo-sp-braga-minhotos-arrancam-nova-epoca-na-servia#utm_source=rss-ultima-hora&amp;utm_medium=rss&amp;utm_campaign=rssfeed,"perturbação obsessivo-compulsiva","2026-07-22 06:00:06.724704+00",media,
dafa7179-128b-4ba7-8599-9f6009ad8818,"<![CDATA[Candidato a Provedor defende a sua independência política no parlamento]]>","Notícias ao Minuto",2026-04-10,https://www.noticiasaominuto.com/pais/2970640/candidato-a-provedor-defende-a-sua-independencia-politica-no-parlamento#utm_source=rss-ultima-hora&amp;utm_medium=rss&amp;utm_campaign=rssfeed,candidíase,"2026-04-11 06:00:08.687512+00",media,
db33e434-de2a-428f-b907-54a827d9737c,"O enigma que a PIDE nunca descobriu nas cartas de Sophia e  Francisco Sousa Tavares",RTP,2026-03-31,https://www.rtp.pt/noticias/cultura/o-enigma-que-a-pide-nunca-descobriu-nas-cartas-de-sophia-e-francisco-sousa-tavares_n1730437,"síndrome do ovário poliquístico","2026-03-31 06:00:28.514109+00",media,
db4ac5d5-5bb0-4759-a1cb-7148887b1959,"Vivemos um jogo de hipocrisia na União Europeia? O apagão digital dos direitos da criança",Público,2026-04-19,https://www.publico.pt/2026/04/20/opiniao/opiniao/vivemos-jogo-hipocrisia-uniao-europeia-apagao-digital-direitos-crianca-2171603,"perturbação obsessivo-compulsiva","2026-04-20 06:00:06.81789+00",media,
db5bfd9b-1826-41dc-a15b-53f43dfc2f6d,"Autoridade Marítima. Dois mortos nas praias no primeiro mês da época balnear",RTP,2026-06-01,https://www.rtp.pt/noticias/cultura/autoridade-maritima-dois-mortos-nas-praias-no-primeiro-mes-da-epoca-balnear_n1744844,"perturbação obsessivo-compulsiva","2026-06-02 06:00:10.986984+00",media,
db7f3443-88cc-4a9a-94da-ded97ffd13ee,"<![CDATA[3 hábitos (comuns) que aumentam o risco de AVC, alertam cardiologistas]]>","Notícias ao Minuto",2026-07-31,https://www.noticiasaominuto.com/lifestyle/3029950/3-habitos-comuns-que-aumentam-o-risco-de-avc-alertam-cardiologistas#utm_source=rss-ultima-hora&amp;utm_medium=rss&amp;utm_campaign=rssfeed,avc,"2026-08-01 06:00:08.893027+00",media,
dbb71c5e-4c7e-4a6b-b6d7-5ad7e2e0a4fd,"Suicídio: “Não aguento mais” pode ser mais do que uma frase.",Observador,2026-09-10,https://observador.pt/programas/tratar-da-saude/suicidio-nao-aguento-mais-pode-ser-mais-do-que-uma-frase/,suicídio,"2026-09-10 06:00:04.385469+00",media,
dbb86aa0-a562-44e6-9b32-e7f27b9c4c77,"<![CDATA[Famalicão com ambição renovada após época histórica]]>","Notícias ao Minuto",2026-08-05,https://www.noticiasaominuto.com/desporto/3032311/famalicao-com-ambicao-renovada-apos-epoca-historica#utm_source=rss-ultima-hora&amp;utm_medium=rss&amp;utm_campaign=rssfeed,"perturbação obsessivo-compulsiva","2026-08-06 06:00:11.012929+00",media,
dbd08c58-8dad-47cd-97c0-32a1dec3032c,"<![CDATA[Moreirense começa pré-época em 02 de julho e estagia em Esposende]]>","Notícias ao Minuto",2026-06-24,https://www.noticiasaominuto.com/desporto/3010753/moreirense-comeca-pre-epoca-em-02-de-julho-e-estagia-em-esposende#utm_source=rss-ultima-hora&amp;utm_medium=rss&amp;utm_campaign=rssfeed,"perturbação obsessivo-compulsiva","2026-06-25 06:00:18.090096+00",media,
dbe15a45-5216-43e8-b1b3-ce7bb51fadd3,"<![CDATA[""Vou vomitar"". Kika Cerqueira Gomes entra em pânico com Pierre Gasly ]]>","Notícias ao Minuto",2026-09-04,https://www.noticiasaominuto.com/fama/3046395/vou-vomitar-kika-cerqueira-gomes-entra-em-panico-com-pierre-gasly#utm_source=rss-ultima-hora&amp;utm_medium=rss&amp;utm_campaign=rssfeed,pânico,"2026-09-07 06:00:16.483552+00",media,
dbe925ed-a0b5-4972-bc98-3cdb7dbce607,"<![CDATA['Paizinho Estado', troika e acusações de ""hipocrisia"". O debate da PSU]]>","Notícias ao Minuto",2026-06-12,https://www.noticiasaominuto.com/politica/3004065/ao-minuto-parlamento-discute-psu-com-caminho-a-percorrer-acompanhe#utm_source=rss-ultima-hora&amp;utm_medium=rss&amp;utm_campaign=rssfeed,"perturbação obsessivo-compulsiva","2026-06-13 06:00:08.613791+00",media,
dc14ac5b-05fe-4a24-8571-ebed92ff1832,"Carneiro poderá não ter carisma, mas tem qualquer coisa",Público,2026-07-05,https://www.publico.pt/2026/07/05/opiniao/editorial/carneiro-podera-nao-carisma-qualquer-2180496,candidíase,"2026-07-05 06:00:10.13309+00",media,
dc2b8475-662a-4374-980b-9f43f5b89a17,"<![CDATA[Nigel Farage demite-se de deputado e recandidata-se ""contra o sistema""]]>","Notícias ao Minuto",2026-07-07,https://www.noticiasaominuto.com/mundo/3017873/nigel-farage-demite-se-de-deputado-e-recandidata-se-contra-o-sistema#utm_source=rss-ultima-hora&amp;utm_medium=rss&amp;utm_campaign=rssfeed,candidíase,"2026-07-08 06:00:17.625893+00",media,
dc43b520-6d64-4053-be53-d6c0f805348e,"<![CDATA[I Liga: Videoárbitro completa 10.ª época com caminho por fazer ]]>","Notícias ao Minuto",2026-08-06,https://www.noticiasaominuto.com/desporto/3032836/i-liga-videoarbitro-completa-10-epoca-com-caminho-por-fazer#utm_source=rss-ultima-hora&amp;utm_medium=rss&amp;utm_campaign=rssfeed,"perturbação obsessivo-compulsiva","2026-08-07 06:00:08.574076+00",media,
dc528359-e878-4de5-9626-b9572d2cf996,"<![CDATA[Candidato quer mudar o nome e a bandeira de São Tomé e Príncipe]]>","Notícias ao Minuto",2026-07-14,https://www.noticiasaominuto.com/mundo/3021477/candidato-quer-mudar-o-nome-e-a-bandeira-de-sao-tome-e-principe#utm_source=rss-ultima-hora&amp;utm_medium=rss&amp;utm_campaign=rssfeed,candidíase,"2026-07-15 06:00:11.103862+00",media,
dc8ac5d7-c28e-41a1-b143-e017f2a35253,"<![CDATA[Aprovadas 7 em cada dez candidaturas aos apoios ao regresso de emigrantes]]>","Notícias ao Minuto",2026-04-08,https://www.noticiasaominuto.com/pais/2969221/aprovadas-7-em-cada-dez-candidaturas-aos-apoios-ao-regresso-de-emigrantes#utm_source=rss-ultima-hora&amp;utm_medium=rss&amp;utm_campaign=rssfeed,candidíase,"2026-04-10 06:00:11.391883+00",media,
dc8cddde-49f4-45f6-8079-417d0fa399e2,"<![CDATA[Terminam hoje as inscrições para a época especial de exames]]>","Notícias ao Minuto",2026-07-31,https://www.noticiasaominuto.com/pais/3030143/terminam-hoje-as-inscricoes-para-a-epoca-especial-de-exames#utm_source=rss-ultima-hora&amp;utm_medium=rss&amp;utm_campaign=rssfeed,"perturbação obsessivo-compulsiva","2026-08-01 06:00:08.893027+00",media,
dc8ea7f1-d26d-401a-824a-d329c448d39a,"<![CDATA[Estes suplementos de vitaminas poderão ser tóxicos, alerta neurologista]]>","Notícias ao Minuto",2026-04-22,https://www.noticiasaominuto.com/lifestyle/2977488/estes-suplementos-de-vitaminas-poderao-ser-toxicos-alerta-neurologista#utm_source=rss-ultima-hora&amp;utm_medium=rss&amp;utm_campaign=rssfeed,"suplementos alimentares","2026-04-23 06:00:09.870261+00",media,
dcc35042-37e0-4733-9c5a-0c382042050c,"<![CDATA[5 hábitos que podem reduzir o colesterol de forma eficaz]]>","Notícias ao Minuto",2026-04-22,https://www.noticiasaominuto.com/lifestyle/2977050/5-habitos-que-podem-reduzir-o-colesterol-de-forma-eficaz#utm_source=rss-ultima-hora&amp;utm_medium=rss&amp;utm_campaign=rssfeed,"colesterol alto","2026-04-22 06:00:12.405074+00",media,
dcdc817d-2875-44ce-bd25-86e8319ec4cf,"<![CDATA[SPD alerta para risco no acesso a medicamentos para a diabetes]]>","Notícias ao Minuto",2026-08-17,https://www.noticiasaominuto.com/pais/3037568/spd-alerta-para-risco-no-acesso-a-medicamentos-para-a-diabetes#utm_source=rss-ultima-hora&amp;utm_medium=rss&amp;utm_campaign=rssfeed,"diabetes tipo 2","2026-08-18 06:00:08.695834+00",media,
dceafd1c-9bee-4f2a-af2c-451097eeddef,"18h. 120 operacionais combatem incêndio em Mesão Frio",Observador,2026-08-01,https://observador.pt/programas/noticiario/as-noticias-das-18h-2109/,"perturbação obsessivo-compulsiva","2026-08-02 06:00:07.994836+00",media,
dd453449-c4d5-459c-98e9-efebcef4cad8,"<![CDATA[Letónia. Candidato a PM apresenta programa baseado na segurança e defesa]]>","Notícias ao Minuto",2026-05-26,https://www.noticiasaominuto.com/mundo/2996172/letonia-candidato-a-pm-apresenta-programa-baseado-na-seguranca-e-defesa#utm_source=rss-ultima-hora&amp;utm_medium=rss&amp;utm_campaign=rssfeed,candidíase,"2026-05-27 06:00:13.681675+00",media,
dd778130-b4fd-4e47-a28c-3e4e98b430c0,"<![CDATA[Famalicão inicia pré-época com exames médicos e testes físicos]]>","Notícias ao Minuto",2026-06-30,https://www.noticiasaominuto.com/desporto/3013873/famalicao-inicia-pre-epoca-com-exames-medicos-e-testes-fisicos#utm_source=rss-ultima-hora&amp;utm_medium=rss&amp;utm_campaign=rssfeed,"perturbação obsessivo-compulsiva","2026-07-01 06:00:13.168736+00",media,
dd7f43c7-83a6-4f75-b1e5-dbd35fae6d44,"<![CDATA[Terminam hoje as inscrições para a época especial de exames]]>","Notícias ao Minuto",2026-07-31,https://www.noticiasaominuto.com/pais/3030143/terminam-hoje-as-inscricoes-para-a-epoca-especial-de-exames#utm_source=rss-ultima-hora&amp;utm_medium=rss&amp;utm_campaign=rssfeed,"perturbação obsessivo-compulsiva","2026-07-31 06:00:13.014067+00",media,
dda0003c-e586-4382-8c90-5ac1013299e8,"<![CDATA[Ascensão à Torre começa a selecionar candidatos à Volta a Portugal]]>","Notícias ao Minuto",2026-08-09,https://www.noticiasaominuto.com/desporto/3034116/ascensao-a-torre-comeca-a-selecionar-candidatos-a-volta-a-portugal#utm_source=rss-ultima-hora&amp;utm_medium=rss&amp;utm_campaign=rssfeed,candidíase,"2026-08-09 06:00:11.264131+00",media,
dda64a4d-efd2-49af-8e80-8a45fee131fc,"<![CDATA[Milei no Brasil em julho para apoiar candidatura de Flávio Bolsonaro]]>","Notícias ao Minuto",2026-07-11,https://www.noticiasaominuto.com/mundo/3019916/milei-no-brasil-em-julho-para-apoiar-candidatura-de-flavio-bolsonaro#utm_source=rss-ultima-hora&amp;utm_medium=rss&amp;utm_campaign=rssfeed,candidíase,"2026-07-12 06:00:08.606874+00",media,
ddbd64b2-1d68-49b0-9fdb-6724218db0b8,"<![CDATA[Alimento barato ajuda a reduzir risco de Alzheimer, conclui estudo]]>","Notícias ao Minuto",2026-08-07,https://www.noticiasaominuto.com/lifestyle/3033413/alimento-barato-ajuda-a-reduzir-risco-de-alzheimer-conclui-estudo#utm_source=rss-ultima-hora&amp;utm_medium=rss&amp;utm_campaign=rssfeed,alzheimer,"2026-08-08 06:00:08.519628+00",media,
ddf675bd-1d50-4d0b-96dd-f50d66623c77,"José Mourinho é o novo treinador do Real Madrid para as próximas três épocas",RTP,2026-06-11,https://www.rtp.pt/noticias/futebol-internacional/jose-mourinho-e-o-novo-treinador-do-real-madrid-para-as-proximas-tres-epocas_d1746601,"perturbação obsessivo-compulsiva","2026-06-12 06:00:08.313419+00",media,
de7bceac-49ed-4266-9d53-a64593bb5f66,"<![CDATA[Maxi Araújo e Rodrigo Zalazar preparam assim a nova época no Sporting]]>","Notícias ao Minuto",2026-07-11,https://www.noticiasaominuto.com/desporto/3020107/maxi-araujo-e-rodrigo-zalazar-preparam-assim-a-nova-epoca-no-sporting#utm_source=rss-ultima-hora&amp;utm_medium=rss&amp;utm_campaign=rssfeed,"perturbação obsessivo-compulsiva","2026-07-13 06:00:08.60075+00",media,
dead2a9c-29d7-4189-ac22-d0b75449fee0,"<![CDATA[Hugo Costa recandidata-se à Federação Distrital de Santarém do PS]]>","Notícias ao Minuto",2026-04-20,https://www.noticiasaominuto.com/politica/2976055/hugo-costa-recandidata-se-a-federacao-distrital-de-santarem-do-ps#utm_source=rss-ultima-hora&amp;utm_medium=rss&amp;utm_campaign=rssfeed,candidíase,"2026-04-21 06:00:07.124285+00",media,
deb55bfe-4285-4e32-9b5f-98fb6a208720,"<![CDATA[Arouca com menos mexidas procura melhorar posição da época passada]]>","Notícias ao Minuto",2026-07-02,https://www.noticiasaominuto.com/desporto/3015177/arouca-com-menos-mexidas-procura-melhorar-posicao-da-epoca-passada#utm_source=rss-ultima-hora&amp;utm_medium=rss&amp;utm_campaign=rssfeed,"perturbação obsessivo-compulsiva","2026-07-03 06:00:14.205479+00",media,
deb5bbd9-7d1f-4169-8d00-792fe0587743,"Filho do Presidente do Irão tem diário da guerra no Telegram",Observador,2026-03-20,https://observador.pt/2026/03/20/a-guerra-por-dentro-filho-do-presidente-do-irao-escreve-diario-online-e-expoe-bastidores-do-poder-em-teerao/,pânico,"2026-03-21 06:00:12.467197+00",media,
dec88725-5d30-4385-b47d-862b230374d4,"<![CDATA[Hospitais podem candidatar-se a 50 milhões para requalificarem urgências]]>","Notícias ao Minuto",2026-06-08,https://www.noticiasaominuto.com/pais/3002178/hospitais-podem-candidatar-se-a-50-milhoes-para-requalificarem-urgencias#utm_source=rss-ultima-hora&amp;utm_medium=rss&amp;utm_campaign=rssfeed,candidíase,"2026-06-09 06:00:10.377439+00",media,
dee8bcc7-ee67-4b89-be54-a8e17a1a2c33,"Pode a pior série da época acabar bem? Sim, por 32 motivos",Observador,2026-04-22,https://observador.pt/2026/04/23/pode-a-pior-serie-da-epoca-acabar-bem-sim-por-32-motivos-sporting-chega-as-tres-finais-seguidas-pela-segunda-vez-na-historia/,"perturbação obsessivo-compulsiva","2026-04-23 06:00:07.844096+00",media,
def3ec99-9ddd-43e9-8f97-18f3ac49a983,"O Ulisses a que temos direito",Observador,2026-08-22,https://observador.pt/opiniao/o-ulisses-a-que-temos-direito/,"perturbação obsessivo-compulsiva","2026-08-23 06:00:11.968293+00",media,
def40d5d-2105-44f6-91eb-cdc1049cff9c,"Fujimori garante vantagem suficiente para se tornar a próxima presidente do Peru",RTP,2026-06-24,https://www.rtp.pt/noticias/mundo/fujimori-garante-vantagem-suficiente-para-se-tornar-a-proxima-presidente-do-peru_n1749004,candidíase,"2026-06-24 06:00:04.693913+00",media,
def45c76-029b-43bb-a647-b03cf0872381,"Presidenciais: Chega quer voto por carta para emigrantes. PS contra, PSD em silêncio",Público,2026-03-23,https://www.publico.pt/2026/03/23/politica/noticia/presidenciais-chega-quer-voto-carta-emigrantes-ps-psd-silencio-2168608,candidíase,"2026-03-23 07:42:09.677438+00",media,
def702f7-c928-4648-bf48-f5a42a0c2aa8,"<![CDATA[Irão acusa UE de ""pura hipocrisia"" na defesa dos Direitos Humanos]]>","Notícias ao Minuto",2026-07-25,https://www.noticiasaominuto.com/mundo/3027273/irao-acusa-ue-de-pura-hipocrisia-na-defesa-dos-direitos-humanos#utm_source=rss-ultima-hora&amp;utm_medium=rss&amp;utm_campaign=rssfeed,"perturbação obsessivo-compulsiva","2026-07-27 06:00:07.629701+00",media,
df0b2762-73e6-485b-a76a-f3df9d485bae,"Lançamento da Linha Nacional de Prevenção do Suicídio e Apoio Psicológico","Coord. Nacional Saúde Mental",2025-09-05,https://saudemental.min-saude.pt/lancamento-da-linha-nacional-de-prevencao-do-suicidio-e-apoio-psicologico/,suicídio,"2026-03-21 06:00:30.531871+00",institucional,
df5f0848-7ed4-4f5d-8dd7-b801ac4d1045,"Número de alunos que concluíram o secundário em 2025 caiu e voltou aos níveis pré-pandemia",Público,2026-04-20,https://www.publico.pt/2026/04/20/sociedade/noticia/numero-alunos-concluiram-secundario-2025-caiu-voltou-niveis-prepandemia-2171388,candidíase,"2026-04-20 06:00:06.81789+00",media,
df5f3333-7f09-424f-b401-cd3e56a171ff,"<![CDATA[PRR: Mais 185 milhões pagos e 478 candidaturas aprovadas na última semana]]>","Notícias ao Minuto",2026-05-29,https://www.noticiasaominuto.com/economia/2997994/prr-mais-185-milhoes-pagos-e-478-candidaturas-aprovadas-na-ultima-semana#utm_source=rss-ultima-hora&amp;utm_medium=rss&amp;utm_campaign=rssfeed,candidíase,"2026-05-30 06:00:10.38129+00",media,
dfae3506-48c4-4ac1-b818-c3628c7f7909,"<![CDATA[""Só me apetece abraçar esta criança. Vai conhecer a rejeição e solidão""]]>","Notícias ao Minuto",2026-08-07,https://www.noticiasaominuto.com/fama/3033460/kiko-is-hot#utm_source=rss-ultima-hora&amp;utm_medium=rss&amp;utm_campaign=rssfeed,solidão,"2026-08-10 06:00:10.246201+00",media,
dfe0c941-79c7-4530-89db-dbb322b6f80e,"Passar a 25 de Abril &quot;não é gratuito&quot; devido ao investimento",Observador,2026-08-06,https://observador.pt/2026/08/06/lusoponte-diz-atravessar-a-25-de-abril-nao-e-gratuito-devido-ao-investimento-na-manutencao/,"síndrome do ovário poliquístico","2026-08-07 06:00:07.081121+00",media,
dfefb389-1b8c-45b7-8e7d-2e97532a4a9a,"<![CDATA[TC confirma rejeição de candidatura de Domingos Monteiro às presidenciais]]>","Notícias ao Minuto",2026-06-22,https://www.noticiasaominuto.com/mundo/3009256/tc-confirma-rejeicao-de-candidatura-de-domingos-monteiro-as-presidenciais#utm_source=rss-ultima-hora&amp;utm_medium=rss&amp;utm_campaign=rssfeed,candidíase,"2026-06-23 06:00:12.64499+00",media,
dfefe388-1e74-4536-9597-7984e14a31e9,"<![CDATA[Tempo útil de jogo na primeira jornada superior a toda a época passada]]>","Notícias ao Minuto",2026-08-12,https://www.noticiasaominuto.com/desporto/3035623/tempo-util-de-jogo-na-primeira-jornada-superior-a-toda-a-epoca-passada#utm_source=rss-ultima-hora&amp;utm_medium=rss&amp;utm_campaign=rssfeed,"perturbação obsessivo-compulsiva","2026-08-14 06:00:11.985508+00",media,
dff88401-390f-4d3a-89bc-689bd4395b46,"<![CDATA[Pipoca acusa TVI de ""explorar fragilidades"" no caso Miranda e Afonso]]>","Notícias ao Minuto",2026-06-01,https://www.noticiasaominuto.com/fama/2998933/pipoca-acusa-tvi-de-explorar-fragilidades-no-caso-miranda-e-afonso#utm_source=rss-ultima-hora&amp;utm_medium=rss&amp;utm_campaign=rssfeed,"perturbação obsessivo-compulsiva","2026-06-02 06:00:11.750406+00",media,
dffe3e23-bcbb-4d87-a897-06d2de251254,"O vício do imediato",Observador,2026-03-26,https://observador.pt/opiniao/o-vicio-do-imediato/,dependências,"2026-03-26 06:00:13.066644+00",media,
e01b3e1b-769c-4544-8238-3424fbb0bfca,"Selecionador chileno coloca Portugal entre os quatro candidatos",RTP,2026-06-05,https://www.rtp.pt/noticias/futebol-internacional/selecionador-chileno-coloca-portugal-entre-os-quatro-candidatos_d1745504,candidíase,"2026-06-06 06:00:10.135406+00",media,
e0410aed-0436-4650-a3f3-0c25404add9e,"<![CDATA[O hábito (gratuito) que ajuda a reduzir o colesterol e melhora a saúde]]>","Notícias ao Minuto",2026-09-09,https://www.noticiasaominuto.com/lifestyle/3048067/o-habito-gratuito-que-ajuda-a-reduzir-o-colesterol-e-melhora-a-saude#utm_source=rss-ultima-hora&amp;utm_medium=rss&amp;utm_campaign=rssfeed,"colesterol alto","2026-09-10 06:00:05.872866+00",media,
e0714f98-f0a3-4799-9228-42db47c3e7ee,"Rui Costa diz que José Mourinho era o treinador que &quot;queria para a próxima época&quot;",RTP,2026-06-11,https://www.rtp.pt/noticias/benfica/rui-costa-diz-que-jose-mourinho-era-o-treinador-que-queria-para-a-proxima-epoca_d1746583,"perturbação obsessivo-compulsiva","2026-06-12 06:00:08.313419+00",media,
e0d11fbf-e4b1-4753-9439-0fb4e86dd132,"Portugal regride 20 anos a Matemática e Leitura. Alentejo e Setúbal no fim da tabela",Público,2026-09-09,https://www.publico.pt/2026/09/09/sociedade/noticia/portugal-regride-20-anos-matematica-leitura-alentejo-setubal-fim-tabela-2187433,"perturbação obsessivo-compulsiva","2026-09-09 06:00:05.245338+00",media,
e0dde004-5efb-488a-b5ee-576be6b987b5,"SPPSM apoia 2.ª edição da sessão formativa sobre Autismo e PHDA no Adulto","SP Psiquiatria e Saúde Mental",2026-06-01,https://www.sppsm.org/sppsm-apoia-2-a-edicao-da-sessao-formativa-sobre-autismo-e-phda-no-adulto/,"perturbações do espectro do autismo","2026-09-05 06:00:52.448863+00",institucional,
e0e63b99-37b6-44d2-a21c-5551118119c0,"<![CDATA[Governo cria período excecional de candidaturas à conversão das vinhas]]>","Notícias ao Minuto",2026-09-10,https://www.noticiasaominuto.com/economia/3049263/governo-cria-periodo-excecional-de-candidaturas-a-conversao-das-vinhas#utm_source=rss-ultima-hora&amp;utm_medium=rss&amp;utm_campaign=rssfeed,candidíase,"2026-09-12 06:00:11.851977+00",media,
e1034b09-a0c7-4636-a0ed-7b9337f47d66,"<![CDATA[Atriz brasileira Isis Valverde internada 3 vezes devido a doença celíaca]]>","Notícias ao Minuto",2026-05-26,https://www.noticiasaominuto.com/fama/2995746/atriz-brasileira-isis-valverde-internada-3-vezes-devido-a-doenca-celiaca#utm_source=rss-ultima-hora&amp;utm_medium=rss&amp;utm_campaign=rssfeed,"intolerância ao glúten","2026-05-27 06:00:13.681675+00",media,
e10d19db-14d4-4c02-bdf0-210db25efe81,"<![CDATA[Kvaratskhelia é eleito o futebolista da época na Liga dos Campeões]]>","Notícias ao Minuto",2026-05-31,https://www.noticiasaominuto.com/desporto/2998724/kvaratskhelia-e-eleito-o-futebolista-da-epoca-na-liga-dos-campeoes#utm_source=rss-ultima-hora&amp;utm_medium=rss&amp;utm_campaign=rssfeed,"perturbação obsessivo-compulsiva","2026-06-01 06:00:11.673805+00",media,
e11e9aae-47ed-4115-8dea-1b39382eb744,"<![CDATA[""Se tivesse um filho em época de exames era capaz de estar preocupado""]]>","Notícias ao Minuto",2026-07-11,https://www.noticiasaominuto.com/pais/3020119/se-tivesse-um-filho-em-epoca-de-exames-era-capaz-de-estar-preocupado#utm_source=rss-ultima-hora&amp;utm_medium=rss&amp;utm_campaign=rssfeed,"perturbação obsessivo-compulsiva","2026-07-12 06:00:08.606874+00",media,
e138623a-cabb-4f39-8ebc-aec7daa74a6e,"<![CDATA[Chegar, ver e marcar. Eis o primeiro golo de Cristiano Ronaldo esta época]]>","Notícias ao Minuto",2026-08-21,https://www.noticiasaominuto.com/desporto/3039813/chegar-ver-e-marcar-eis-o-primeiro-golo-de-cristiano-ronaldo-esta-epoca#utm_source=rss-ultima-hora&amp;utm_medium=rss&amp;utm_campaign=rssfeed,"perturbação obsessivo-compulsiva","2026-08-23 06:00:14.075723+00",media,
e13ad36f-1c35-477e-bc75-88bd69d601d4,"Um terço dos candidatos à GNR chumbou nos testes psicológicos",RTP,2026-05-13,https://www.rtp.pt/noticias/pais/um-terco-dos-candidatos-a-gnr-chumbou-nos-testes-psicologicos_n1740903,candidíase,"2026-05-13 06:00:10.571475+00",media,
e14184de-0219-495e-acb8-330c11c69e9d,"<![CDATA[Ondas de calor provocaram 301 mortos por afogamento em França]]>","Notícias ao Minuto",2026-08-23,https://www.noticiasaominuto.com/mundo/3040241/ondas-de-calor-provocaram-301-mortos-por-afogamento-em-franca#utm_source=rss-ultima-hora&amp;utm_medium=rss&amp;utm_campaign=rssfeed,"calor extremo e saúde","2026-08-25 06:00:08.032206+00",media,
e1490ff4-1267-4027-bdfe-94afc31abc5c,"<![CDATA[Candidaturas à administração da RTP têm de ser apresentadas até 15 de setembro]]>","Notícias ao Minuto",2026-07-10,https://www.noticiasaominuto.com/pais/3019564/candidaturas-a-administracao-da-rtp-tem-de-ser-apresentadas-ate-15-de-setembro#utm_source=rss-ultima-hora&amp;utm_medium=rss&amp;utm_campaign=rssfeed,candidíase,"2026-07-13 06:00:08.60075+00",media,
e16c8438-4656-49f5-97ed-0817237dde94,"19h Rússia: Ultimatos de Trump atrapalhamregresso ao diálogo",RTP,2026-04-05,https://www.rtp.pt/noticias/noticiario-antena1/19h-russia-ultimatos-de-trump-atrapalhamregresso-ao-dialogo_a1_1731573,"resistência antibióticos","2026-04-06 06:00:13.641821+00",media,
e1cfec71-e199-4d66-a776-126b28435475,"<![CDATA[FC Porto empata com o Hibernian no primeiro desafio da pré-época]]>","Notícias ao Minuto",2026-07-11,https://www.noticiasaominuto.com/desporto/3020154/fc-porto-empata-com-o-hibernian-no-primeiro-desafio-da-pre-epoca#utm_source=rss-ultima-hora&amp;utm_medium=rss&amp;utm_campaign=rssfeed,"perturbação obsessivo-compulsiva","2026-07-13 06:00:08.60075+00",media,
e20553e4-3c48-4e08-b222-76a709f9d9c6,"<![CDATA[Imune aos rumores, Gyokeres prepara a nova época... em Almada]]>","Notícias ao Minuto",2026-07-23,https://www.noticiasaominuto.com/desporto/3026200/imune-aos-rumores-gyokeres-prepara-a-nova-epoca-em-almada#utm_source=rss-ultima-hora&amp;utm_medium=rss&amp;utm_campaign=rssfeed,"perturbação obsessivo-compulsiva","2026-07-24 06:00:08.480521+00",media,
e220d818-afaf-43c8-a19f-35887b978f3a,"<![CDATA[Líder do Partido Comunista Francês anuncia candidatura às presidenciais]]>","Notícias ao Minuto",2026-09-06,https://www.noticiasaominuto.com/mundo/3047297/lider-do-partido-comunista-frances-anuncia-candidatura-as-presidenciais#utm_source=rss-ultima-hora&amp;utm_medium=rss&amp;utm_campaign=rssfeed,candidíase,"2026-09-08 06:00:09.844586+00",media,
e228e807-9b0b-420c-b6f0-31610de29e5d,"<![CDATA[Fresca e deliciosa! Receita de sopa de tomate à portuguesa em 10 minutos]]>","Notícias ao Minuto",2026-07-30,https://www.noticiasaominuto.com/lifestyle/3030019/fresca-e-deliciosa-receita-de-sopa-de-tomate-a-portuguesa-em-10-minutos#utm_source=rss-ultima-hora&amp;utm_medium=rss&amp;utm_campaign=rssfeed,"síndrome do ovário poliquístico","2026-08-01 06:00:08.893027+00",media,
e22dc8bc-0802-47fb-ae0c-4238f4d554c7,"<![CDATA[Terminam hoje as inscrições para a época especial de exames]]>","Notícias ao Minuto",2026-07-31,https://www.noticiasaominuto.com/pais/3030143/terminam-hoje-as-inscricoes-para-a-epoca-especial-de-exames#utm_source=rss-ultima-hora&amp;utm_medium=rss&amp;utm_campaign=rssfeed,"perturbação obsessivo-compulsiva","2026-08-02 06:00:09.596979+00",media,
e232c8ca-8543-4d06-ba56-81cfb881baaa,"<![CDATA[Orçamento da FPF para época 2026/27 cresce em 16 milhões de euros]]>","Notícias ao Minuto",2026-06-19,https://www.noticiasaominuto.com/desporto/3008153/orcamento-da-fpf-para-epoca-202627-cresce-em-16-milhoes-de-euros#utm_source=rss-ultima-hora&amp;utm_medium=rss&amp;utm_campaign=rssfeed,"perturbação obsessivo-compulsiva","2026-06-20 06:00:09.590423+00",media,
e237f19b-9a26-4aff-b018-ea8407d6f425,"<![CDATA[""Duas épocas sem ganhar nada é inaceitável no Real Madrid""]]>","Notícias ao Minuto",2026-05-12,https://www.noticiasaominuto.com/desporto/2988483/duas-epocas-sem-ganhar-nada-e-inaceitavel-no-real-madrid#utm_source=rss-ultima-hora&amp;utm_medium=rss&amp;utm_campaign=rssfeed,"perturbação obsessivo-compulsiva","2026-05-13 06:00:11.346546+00",media,
e2463e2c-3bcb-4406-ad73-58eb7b753615,"O muro e o vento",Público,2026-06-04,https://www.publico.pt/2026/06/05/opiniao/cronica/muro-vento-2177115,"síndrome do ovário poliquístico","2026-06-05 06:00:11.136614+00",media,
e25c05a2-52f6-4585-bc70-cf521fe10143,"<![CDATA[Turista espanhol morre afogado nas Maldivas enquanto fazia surf]]>","Notícias ao Minuto",2026-05-18,https://www.noticiasaominuto.com/mundo/2992050/turista-espanhol-morre-afogado-nas-maldivas-enquanto-fazia-surf#utm_source=rss-ultima-hora&amp;utm_medium=rss&amp;utm_campaign=rssfeed,"refluxo gastroesofágico","2026-05-19 06:00:06.176873+00",media,
e263169a-4f82-43b6-9f3b-f1441b8327c3,"Eleições do PS em Coimbra denunciada ao MP por candidatos",Observador,2026-07-08,https://observador.pt/2026/07/08/candidatos-fazem-participacao-ao-ministerio-publico-por-causa-das-eleicoes-do-ps-em-coimbra/,candidíase,"2026-07-09 06:00:11.595111+00",media,
e26ca6c2-5ad4-4c5c-a344-a911ed842f5d,"Cérebro e coluna: envelhecem juntos, protegem-se juntos","Sociedade Portuguesa Patologia Coluna Vertebral",2026-07-09,https://sppcv.org/artigos-de-opiniao/cerebro-e-coluna-envelhecem-juntos-protegem-se-juntos/,demência,"2026-07-11 06:00:36.726796+00",institucional,
e279cb87-e92a-4088-ad83-0a15a48dafc1,"18h Lula da Silva recandidato à presidência no Brasil",RTP,2026-08-02,https://www.rtp.pt/noticias/noticiario-antena1/18h-lula-da-silva-recandidato-a-presidencia-no-brasil_a1_1757327,candidíase,"2026-08-03 06:00:07.644474+00",media,
e29a0695-a82e-4289-9f95-4a94c2c9ba8a,"Nova rotulagem nutricional obrigatória em 2026",Expresso,2025-09-30,https://expresso.pt/rotulagem-nutricional-2026,ultraprocessados,"2026-03-08 11:22:47.09953+00",media,
e2abf878-20ea-459d-a384-81d7d5dbb36c,"<![CDATA[Mãe em depressão matou três filhos. Nas redes sociais, há outra teoria]]>","Notícias ao Minuto",2026-08-14,https://www.noticiasaominuto.com/mundo/3036528/mae-em-depressao-matou-tres-filhos-nas-redes-sociais-ha-outra-teoria#utm_source=rss-ultima-hora&amp;utm_medium=rss&amp;utm_campaign=rssfeed,depressão,"2026-08-16 06:00:11.204017+00",media,
e3014a7d-228c-40c0-aa16-879eed8befc0,"Unlocking elite jackpots: A sophisticated gambling finance guide","SP Enfermagem de Saúde Familiar",2026-06-19,https://spesf.pt/unlocking-elite-jackpots-a-sophisticated-gambling-finance-guide/,"síndrome do ovário poliquístico","2026-06-19 06:01:27.160112+00",institucional,
e304e834-c6ad-429b-bc79-76ee2bf6f297,"<![CDATA[Carneiro pede eventual prolongamento da candidatura ao Ensino Superior]]>","Notícias ao Minuto",2026-07-19,https://www.noticiasaominuto.com/politica/3023855/carneiro-pede-eventual-prolongamento-da-candidatura-ao-ensino-superior#utm_source=rss-ultima-hora&amp;utm_medium=rss&amp;utm_campaign=rssfeed,candidíase,"2026-07-21 06:00:06.718319+00",media,
e30675d8-840a-4c24-88d7-60129408bcfc,"<![CDATA[Tchouaméni e Valverde pegaram-se na época passada e Mourinho toma decisão]]>","Notícias ao Minuto",2026-07-09,https://www.noticiasaominuto.com/desporto/3019005/tchouameni-e-valverde-pegaram-se-na-epoca-passada-e-mourinho-toma-decisao#utm_source=rss-ultima-hora&amp;utm_medium=rss&amp;utm_campaign=rssfeed,"perturbação obsessivo-compulsiva","2026-07-10 06:00:11.52006+00",media,
e31afbec-e7b3-49be-990f-4bf5c856a364,"<![CDATA[Gil Vicente sofre, mas vence Vianense no segundo teste da pré-época]]>","Notícias ao Minuto",2026-07-15,https://www.noticiasaominuto.com/desporto/3022047/gil-vicente-sofre-mas-vence-vianense-no-segundo-teste-da-pre-epoca#utm_source=rss-ultima-hora&amp;utm_medium=rss&amp;utm_campaign=rssfeed,"perturbação obsessivo-compulsiva","2026-07-16 06:00:10.26627+00",media,
e32cbcb7-c1ad-40a5-b374-6372c09b3db7,"Nuno Correia da Silva anuncia candidatura à liderança do CDS",Observador,2026-04-30,https://observador.pt/2026/04/30/nuno-correia-da-silva-anuncia-candidatura-a-lideranca-do-cds-pp/,candidíase,"2026-05-01 06:00:06.648509+00",media,
e34e6732-0304-43cf-bc18-4d34f648f1e3,"<![CDATA[""Se a estupidez pagasse imposto"". Candidato ao Vitória SC reage a crítica]]>","Notícias ao Minuto",2026-06-05,https://www.noticiasaominuto.com/desporto/3001240/se-a-estupidez-pagasse-imposto-candidato-ao-vitoria-sc-reage-a-critica#utm_source=rss-ultima-hora&amp;utm_medium=rss&amp;utm_campaign=rssfeed,candidíase,"2026-06-06 06:00:10.764271+00",media,
e351539c-5abc-48ca-abaa-4a8a9bdf6bd3,"<![CDATA[Razia no FC Porto leva Farioli a chamar Granaas, Mame Niang e não só]]>","Notícias ao Minuto",2026-08-11,https://www.noticiasaominuto.com/desporto/3035032/razia-no-fc-porto-leva-farioli-a-chamar-granaas-mame-niang-e-nao-so#utm_source=rss-ultima-hora&amp;utm_medium=rss&amp;utm_campaign=rssfeed,"refluxo gastroesofágico","2026-08-12 06:00:09.004678+00",media,
e368f9ba-a35a-40a5-98e7-2607fb5b312f,"<![CDATA[Passadas 19h do derrame de resina, IP3 continua cortado em Penacova]]>","Notícias ao Minuto",2026-07-21,https://www.noticiasaominuto.com/pais/3024653/passadas-19h-do-derrame-de-resina-ip3-continua-cortado-em-penacova#utm_source=rss-ultima-hora&amp;utm_medium=rss&amp;utm_campaign=rssfeed,avc,"2026-07-21 06:00:06.718319+00",media,
e37e6110-c7eb-46bf-83e4-8e56e65ba047,"<![CDATA[Oficial: Famalicão mexicano Patricio Salas até final da época]]>","Notícias ao Minuto",2026-09-02,https://www.noticiasaominuto.com/desporto/3045048/oficial-famalicao-mexicano-patricio-salas-ate-final-da-epoca#utm_source=rss-ultima-hora&amp;utm_medium=rss&amp;utm_campaign=rssfeed,"perturbação obsessivo-compulsiva","2026-09-04 06:00:10.110953+00",media,
e39524ee-f5e3-4bef-a3c2-810b527989c5,"<![CDATA[Lisboa abre primeira unidade pública para tratar vício do jogo]]>","Notícias ao Minuto",2026-06-17,https://www.noticiasaominuto.com/pais/3006705/lisboa-abre-primeira-unidade-publica-para-tratar-vicio-do-jogo#utm_source=rss-ultima-hora&amp;utm_medium=rss&amp;utm_campaign=rssfeed,dependências,"2026-06-18 06:00:10.881534+00",media,
e39ff0c4-e894-4228-bb3e-96c831b322f6,"<![CDATA[""Se Espanha não tiver a final do Mundial2030, deve deixar a candidatura""]]>","Notícias ao Minuto",2026-08-06,https://www.noticiasaominuto.com/desporto/3033255/se-espanha-nao-tiver-a-final-do-mundial2030-deve-deixar-a-candidatura#utm_source=rss-ultima-hora&amp;utm_medium=rss&amp;utm_campaign=rssfeed,candidíase,"2026-08-09 06:00:11.264131+00",media,
e3aa312a-d53c-49eb-bc94-f8fa8c1f6dda,"Dia de votação no Peru durou dez horas. Fujimori à frente",Observador,2026-04-13,https://observador.pt/2026/04/13/dia-de-votacao-no-peru-durou-dez-horas-keiko-fujimori-a-frente-para-segunda-volta-presidencial/,candidíase,"2026-04-13 06:00:08.776804+00",media,
e3ab41fb-7e46-46f0-885f-44e53d365175,"Morreu Balladur, ex-primeiro-ministro de França",Observador,2026-08-31,https://observador.pt/2026/08/31/morreu-edouard-balladur-primeiro-ministro-de-franca-que-desafiou-o-amigo-de-trinta-anos-chirac-nas-presidenciais-de-1995/,candidíase,"2026-09-01 06:00:06.986034+00",media,
e3b9264a-ef23-482a-a1ee-974d135479b8,"<![CDATA[Lula oficializa candidatura à presidência do Brasil: ""Mudar muita coisa""]]>","Notícias ao Minuto",2026-08-02,https://www.noticiasaominuto.com/mundo/3031203/lula-oficializa-candidatura-a-presidencia-do-brasil-mudar-muita-coisa#utm_source=rss-ultima-hora&amp;utm_medium=rss&amp;utm_campaign=rssfeed,candidíase,"2026-08-03 06:00:08.436187+00",media,
e3e1b97d-eae0-414f-926f-37bee51c715e,"Prémio Inovação em Saúde 2026 tem candidaturas abertas até 30 de junho","Conselho Português para a Saúde e Ambiente",2026-04-28,https://cpsa.pt/noticias/portugal-noticias/premio-inovacao-em-saude-2026-tem-candidaturas-abertas-ate-30-de-junho/,candidíase,"2026-04-30 06:00:51.799893+00",institucional,
e3f92658-01e9-4ce4-9027-5f19d09182c4,"WEBINAR MITOS E REALIDADE NO USO DE ANTICOAGULANTES ORAIS DIRECTOS APÓS AVC","SP Acidente Vascular Cerebral",2026-04-29,https://spavc.org/webinar-mitos-e-realidade-no-uso-de-anticoagulantes-orais-directos-apos-avc/,avc,"2026-04-30 06:00:49.674268+00",institucional,
e454c871-a5dd-4185-b74d-2e1e4b0496aa,"<![CDATA[Oficial: Feirense apresenta trio de reforços para a nova época]]>","Notícias ao Minuto",2026-07-06,https://www.noticiasaominuto.com/desporto/3017399/oficial-feirense-apresenta-trio-de-reforcos-para-a-nova-epoca#utm_source=rss-ultima-hora&amp;utm_medium=rss&amp;utm_campaign=rssfeed,"perturbação obsessivo-compulsiva","2026-07-07 06:00:07.503569+00",media,
e4785759-7421-4468-acef-08bfd3fb1aa0,"179 candidaturas a apoio de reconstrução de casas pagas",Observador,2026-04-08,https://observador.pt/2026/04/08/mau-tempo-179-de-mais-de-9-mil-candidaturas-a-apoios-a-reconstrucao-de-casas-em-leiria-foram-pagas/,candidíase,"2026-04-08 06:00:07.187188+00",media,
e47f8afc-7ee3-4ff4-b6db-b8070f6b6593,"<![CDATA[Dia de Prevenção ao Suicídio. Kate Middleton usa brincos simbólicos]]>","Notícias ao Minuto",2026-09-11,https://www.noticiasaominuto.com/fama/3049846/dia-de-prevencao-ao-suicidio-kate-middleton-usa-brincos-simbolicos#utm_source=rss-ultima-hora&amp;utm_medium=rss&amp;utm_campaign=rssfeed,suicídio,"2026-09-13 06:00:09.495425+00",media,
e48abb5e-7abe-40f3-9671-922185168086,"Propina de Doutoramento 2026 &#8211; Candidaturas ABERTAS","SP Medicina Interna",2026-06-30,https://www.spmi.pt/propina-de-doutoramento-2026-candidaturas-abertas/,candidíase,"2026-07-01 06:01:04.673112+00",institucional,
e48e0791-8871-4855-b638-d7cd99e1ae2e,"<![CDATA[Eurodeputado Raphael Glucksmann candidata-se às presidenciais francesas]]>","Notícias ao Minuto",2026-08-23,https://www.noticiasaominuto.com/mundo/3040377/eurodeputado-raphael-glucksmann-candidata-se-as-presidenciais-francesas#utm_source=rss-ultima-hora&amp;utm_medium=rss&amp;utm_campaign=rssfeed,candidíase,"2026-08-24 06:00:11.840935+00",media,
e494adc8-a41c-4152-a8b8-0ef49f6c1ff9,"AVC: os três F que podem salvar uma vida",Observador,2026-03-31,https://observador.pt/programas/tratar-da-saude/avc-os-tres-f-que-podem-salvar-uma-vida/,avc,"2026-03-31 06:00:20.219722+00",media,
e4a70af4-2caf-4967-9586-b0769d00ad6c,"Mais de 60 deputados trabalhistas pedem demissão de Starmer",Observador,2026-05-11,https://observador.pt/2026/05/11/mais-de-60-deputados-trabalhistas-pedem-publicamente-demissao-de-starmer/,candidíase,"2026-05-12 06:00:05.305737+00",media,
e51616ac-3ce5-496b-ac1a-88f5c28b663a,"4h Época especial dos exames agendada entre os dias 3 e 8 setembro",RTP,2026-07-22,https://www.rtp.pt/noticias/noticiario-antena1/4h-epoca-especial-dos-exames-agendada-entre-os-dias-3-e-8-setembro_a1_1755038,"perturbação obsessivo-compulsiva","2026-07-22 06:00:06.04051+00",media,
e519f46b-ec50-4ec6-8bd6-845ca1d5c12a,"CathStart -Curso de Simulação em Coronariografia Diagnóstica","Sociedade Portuguesa de Cardiologia",2026-09-04,https://spc.pt/arquivo-mensal/cathstart-curso-de-simulacao-em-coronariografia-diagnostica/,"terapia hormonal","2026-09-13 06:01:00.791554+00",institucional,
e53a5ff8-0302-4daf-8477-3d87a862e207,"<![CDATA[Nuno Markl: Fotos do dia do AVC. ""Corria risco de não durar muito mais""]]>","Notícias ao Minuto",2026-08-18,https://www.noticiasaominuto.com/fama/3037980/nuno-markl-fotos-do-dia-do-avc-corria-risco-de-nao-durar-muito-mais#utm_source=rss-ultima-hora&amp;utm_medium=rss&amp;utm_campaign=rssfeed,avc,"2026-08-19 06:00:15.699292+00",media,
e547f10e-3bce-426e-bb99-2edd1c641ed2,"O hospital cinzento",Público,2026-06-03,https://www.publico.pt/2026/06/04/opiniao/opiniao/hospital-cinzento-2177079,sepsis,"2026-06-04 06:00:10.149425+00",media,
e54df232-73dc-45e3-8ad4-102636d68978,"<![CDATA[Gil Vicente empata com Felgueiras no terceiro 'ensaio' da pré-época]]>","Notícias ao Minuto",2026-07-18,https://www.noticiasaominuto.com/desporto/3023652/gil-vicente-empata-com-felgueiras-no-terceiro-ensaio-da-pre-epoca#utm_source=rss-ultima-hora&amp;utm_medium=rss&amp;utm_campaign=rssfeed,"perturbação obsessivo-compulsiva","2026-07-20 06:00:12.191085+00",media,
e55426da-0c39-4f25-b23d-acfe0dfa3324,"<![CDATA[Dieta mediterrânica pode melhorar desenvolvimento cognitivo dos jovens]]>","Notícias ao Minuto",2026-05-19,https://www.noticiasaominuto.com/lifestyle/2992195/dieta-mediterranica-melhora-desenvolvimento-cognitivo-de-adolescentes#utm_source=rss-ultima-hora&amp;utm_medium=rss&amp;utm_campaign=rssfeed,"dieta mediterrânica","2026-05-20 06:00:08.835469+00",media,
e56925d7-4e7d-4fbf-8d62-8ea714e09564,"O Cisma das contradições",Observador,2026-07-02,https://observador.pt/opiniao/o-cisma-das-contradicoes/,dependências,"2026-07-03 06:00:12.47244+00",media,
e57392d3-0c78-4514-8ba8-2a33a7b385aa,"Brexit. Britânico com demência enfrenta deportação na Suécia",Observador,2026-08-13,https://observador.pt/2026/08/13/britanico-com-demencia-que-vive-na-suecia-ha-25-anos-enfrenta-deportacao-apos-perder-processo-judicial-relacionado-com-o-brexit/,demência,"2026-08-14 06:00:10.191131+00",media,
e5a7d659-c260-467a-bc3f-fff1513b72a6,"&quot;Serve de lição para o próximo jogo e para a próxima época",Observador,2026-05-10,https://observador.pt/2026/05/10/serve-de-licao-para-o-proximo-jogo-e-para-a-proxima-temporada-farioli-aponta-em-chegar-aos-aliados-com-88-pontos/,"perturbação obsessivo-compulsiva","2026-05-11 06:00:08.624508+00",media,
e5ad8420-1b60-4d43-88d1-35d744ab9cff,"Coligação de Lula da Silva apresenta programa eleitoral",Observador,2026-08-08,https://observador.pt/2026/08/08/programa-da-coligacao-de-lula-da-silva-para-a-reeleicao-com-foco-na-soberania-e-seguranca/,candidíase,"2026-08-09 06:00:09.809932+00",media,
e5cc18c7-9305-43a6-9b8c-8236de7ba4d5,"BE Coimbra critica &quot;contradições&quot; da presidente da câmara",Observador,2026-07-21,https://observador.pt/2026/07/22/be-acusa-presidente-de-coimbra-de-contradicoes-na-habitacao-e-transportes-propostas-nao-se-distinguem-do-psd-ou-da-il/,dependências,"2026-07-22 06:00:05.060405+00",media,
e5cfcce9-cbd8-4b6f-8b59-864948a2789b,"<![CDATA[Rui Abreu admite que sem investidor Paços não conseguia concluir época]]>","Notícias ao Minuto",2026-04-22,https://www.noticiasaominuto.com/desporto/2977698/rui-abreu-admite-que-sem-investidor-pacos-nao-conseguia-concluir-epoca#utm_source=rss-ultima-hora&amp;utm_medium=rss&amp;utm_campaign=rssfeed,"perturbação obsessivo-compulsiva","2026-04-23 06:00:09.870261+00",media,
e627c839-28ef-40fa-a14f-297352708768,"Ultraconservador Aliaga  exige novas presidenciais",Observador,2026-05-15,https://observador.pt/2026/05/16/lopez-aliaga-exige-novas-eleicoes-no-peru-em-48-horas-apos-ser-eliminado-da-segunda-volta-e-denuncia-fraude-sem-provas/,candidíase,"2026-05-16 06:00:09.260445+00",media,
e6659b76-5b17-48ac-99c8-1e1f0fe38995,"Campanha Nacional de Sensibilização para as Demências &#124; A demência pode esconder-se atrás da vida","Coord. Nacional Saúde Mental",2026-07-09,https://saudemental.min-saude.pt/campanha-nacional-de-sensibilizacao-para-as-demencias-a-demencia-pode-esconder-se-atras-da-vida/,demência,"2026-07-14 06:00:16.448381+00",institucional,
e673d6c2-2ffc-4ad6-8344-b9ad5eb423c5,"<![CDATA[Defesa de Casillas nega indemnização milionária após enfarte]]>","Notícias ao Minuto",2026-06-25,https://www.noticiasaominuto.com/desporto/3011108/defesa-de-casillas-nega-indemnizacao-milionaria-apos-enfarte#utm_source=rss-ultima-hora&amp;utm_medium=rss&amp;utm_campaign=rssfeed,"doenças cardiovasculares","2026-06-26 06:00:16.145972+00",media,
e674000d-b247-4fbb-808e-441ecf5b35a8,"Quatro filmes para ver esta semana",Observador,2026-07-30,https://observador.pt/2026/07/30/quatro-filmes-para-ver-esta-semana-90/,"síndrome do ovário poliquístico","2026-07-30 06:00:12.739009+00",media,
e688d3ae-f007-4de4-adb1-19d1c4dd3751,"23h Época extraordinária de exames do secundário realiza-se entre 3 e 8 de setembro",RTP,2026-07-22,https://www.rtp.pt/noticias/noticiario-antena1/23h-epoca-extraordinaria-de-exames-do-secundario-realiza-se-entre-3-e-8-de-setembro_a1_1755025,"perturbação obsessivo-compulsiva","2026-07-22 06:00:06.04051+00",media,
e689c117-007e-4e12-9587-8857e33e537e,"<![CDATA[Alckmin é oficializado candidato a vice de Lula para eleições de outubro]]>","Notícias ao Minuto",2026-07-30,https://www.noticiasaominuto.com/mundo/3029503/alckmin-e-oficializado-candidato-a-vice-de-lula-para-eleicoes-de-outubro#utm_source=rss-ultima-hora&amp;utm_medium=rss&amp;utm_campaign=rssfeed,candidíase,"2026-07-31 06:00:13.014067+00",media,
e697c775-40b4-41c3-a1d7-2f643af671ce,"<![CDATA[Nova época, velhos hábitos. Begraoui empata e imita Cristiano Ronaldo]]>","Notícias ao Minuto",2026-08-07,https://www.noticiasaominuto.com/desporto/3033765/nova-epoca-velhos-habitos-begraoui-empata-e-imita-cristiano-ronaldo#utm_source=rss-ultima-hora&amp;utm_medium=rss&amp;utm_campaign=rssfeed,"perturbação obsessivo-compulsiva","2026-08-10 06:00:10.246201+00",media,
e6c6e9b1-f9d2-4907-ac69-707bf4dd7520,"<![CDATA[Governo admite mais casas vazias, mas por falta de entidade gestora]]>","Notícias ao Minuto",2026-07-02,https://www.noticiasaominuto.com/economia/3015168/governo-admite-mais-casas-vazias-mas-por-falta-de-entidade-gestora#utm_source=rss-ultima-hora&amp;utm_medium=rss&amp;utm_campaign=rssfeed,"refluxo gastroesofágico","2026-07-03 06:00:14.205479+00",media,
e6df155e-2621-47b9-9178-6a522f0102c7,"2.ª edição da Caminhada Nacional “Pare o AVC, Junte-se a Nós","SP Acidente Vascular Cerebral",2025-08-29,https://spavc.org/caminhada/,avc,"2026-04-10 06:01:13.215451+00",institucional,
e718f605-b18b-4d53-9144-ac068a6db372,"Intolerâncias alimentares: moda ou realidade?",Observador,2026-07-21,https://observador.pt/programas/tratar-da-saude/intolerancias-alimentares-moda-ou-realidade/,"doença celíaca","2026-07-21 06:00:05.220991+00",media,
e7368273-3c22-4a6f-ba48-420e67dbedff,"&quot;Banzo&quot; e &quot;O Riso e a Faca&quot; candidatos a prémios de Melhor Filme Ibero-americano",RTP,2026-04-13,https://www.rtp.pt/noticias/cultura/banzo-e-o-riso-e-a-faca-candidatos-a-premios-de-melhor-filme-ibero-americano_n1733639,candidíase,"2026-04-14 06:00:07.112675+00",media,
e74ea094-8e77-4af9-9473-702241afc026,"Muda a época, mantém-se o domínio: Bayern vence Supertaça",Observador,2026-08-22,https://observador.pt/2026/08/22/muda-a-epoca-mantem-se-o-dominio-bayern-derrota-dortmund-fora-de-casa-e-conquista-supertaca-alema/,"perturbação obsessivo-compulsiva","2026-08-23 06:00:11.968293+00",media,
e769357e-674b-4a02-9448-97b3d77d5240,"<![CDATA[Irão acusa Estados Unidos: ""Claro exemplo do vício compulsivo em sanções""]]>","Notícias ao Minuto",2026-08-11,https://www.noticiasaominuto.com/mundo/3034897/irao-acusa-estados-unidos-claro-exemplo-do-vicio-compulsivo-em-sancoes#utm_source=rss-ultima-hora&amp;utm_medium=rss&amp;utm_campaign=rssfeed,dependências,"2026-08-13 06:00:12.208572+00",media,
e7c2dc4d-a3ca-4506-bb1a-31bb1346b3e0,"<![CDATA[Por cá: Hjulmand com época em risco e Mourinho triste com Rui Costa]]>","Notícias ao Minuto",2026-04-24,https://www.noticiasaominuto.com/desporto/2978541/por-ca-hjulmand-com-epoca-em-risco-e-mourinho-triste-com-rui-costa#utm_source=rss-ultima-hora&amp;utm_medium=rss&amp;utm_campaign=rssfeed,"perturbação obsessivo-compulsiva","2026-04-24 06:00:10.111579+00",media,
e84ab30c-4e98-4411-96d6-5357a5064922,"<![CDATA[Faça estas 4 coisas antes das 10h para reduzir o risco de demência]]>","Notícias ao Minuto",2026-05-21,https://www.noticiasaominuto.com/lifestyle/2993106/faca-estas-4-coisas-antes-das-10h-para-reduzir-o-risco-de-demencia#utm_source=rss-ultima-hora&amp;utm_medium=rss&amp;utm_campaign=rssfeed,demência,"2026-05-22 06:00:07.53249+00",media,
e8716d04-fb3c-48a2-a0dc-0d5172f7e95a,"<![CDATA[Estudo revela uma forma simples de reduzir o risco de AVC]]>","Notícias ao Minuto",2026-04-13,https://www.noticiasaominuto.com/lifestyle/2971522/estudo-revela-uma-forma-simples-de-reduzir-o-risco-de-avc#utm_source=rss-ultima-hora&amp;utm_medium=rss&amp;utm_campaign=rssfeed,avc,"2026-04-13 08:44:31.282074+00",media,
e8a0ec3f-6991-41b6-bf51-737668788de7,"<![CDATA[Fiscalidade sobre salários em 2025 sobe na maioria dos países da OCDE]]>","Notícias ao Minuto",2026-04-22,https://www.noticiasaominuto.com/economia/2977493/fiscalidade-sobre-salarios-em-2025-sobe-na-maioria-dos-paises-da-ocde#utm_source=rss-ultima-hora&amp;utm_medium=rss&amp;utm_campaign=rssfeed,"perturbação obsessivo-compulsiva","2026-04-23 06:00:09.870261+00",media,
e8b1b2c5-c07d-4e07-a43b-e0357c249ead,"1h. MAI teme verão difícil, mas garante SIRESP operacional",Observador,2026-06-04,https://observador.pt/programas/noticiario/as-noticias-da-1h-2286/,"perturbação obsessivo-compulsiva","2026-06-04 06:00:10.21428+00",media,
e8c3d0c4-38aa-4511-bedc-af0f7a4c2f5d,"Noticiar o Suicídio: Dilemas e Boas Práticas","Coord. Nacional Saúde Mental",2026-09-09,https://saudemental.min-saude.pt/noticiar-o-suicidio-dilemas-e-boas-praticas-2/,suicídio,"2026-09-15 06:00:14.94998+00",institucional,
e8d38a95-895a-47de-b399-108499f41f84,"Entrudo de Lazarim quer ser património material de Portugal",Observador,2026-04-14,https://observador.pt/programas/a-nossa-cultura/entrudo-de-lazarim-quer-ser-patrimonio-material-de-portugal/,candidíase,"2026-04-14 06:00:06.284817+00",media,
e8f199e1-3936-4f6d-97fb-dc439fb3785f,"<![CDATA[Afinal há exames perdidos, mais erros e menos candidatos ao Superior]]>","Notícias ao Minuto",2026-07-22,https://www.noticiasaominuto.com/pais/3025268/afinal-ha-exames-perdidos-mais-erros-e-menos-candidatos-ao-superior#utm_source=rss-ultima-hora&amp;utm_medium=rss&amp;utm_campaign=rssfeed,candidíase,"2026-07-24 06:00:08.480521+00",media,
e9053fbe-53e1-4d6b-b763-f07fb191b81e,"Soprano britânica Felicity Lott morreu aos 79 anos",Observador,2026-05-17,https://observador.pt/2026/05/17/soprano-britanica-felicity-lott-morreu-aos-79-anos/,"síndrome do ovário poliquístico","2026-05-18 06:00:06.647575+00",media,
e9102bc2-e8f5-4132-8b81-836635ead106,"Najpozytywniejsze bonusy w postaci gratisowych house of fun Przegląd automatu spinów festiwal 2026!","SP Enfermagem de Saúde Familiar",2026-06-30,https://spesf.pt/najpozytywniejsze-bonusy-w-postaci-gratisowych-house-of-fun-przeglad-automatu-spinow-festiwal-2026/,"perturbação obsessivo-compulsiva","2026-06-30 06:00:57.975366+00",institucional,
e942b9a9-4c64-4028-a04b-ddf6a5e5bc0e,"<![CDATA[Morre nas urgências em Loures à espera de cirurgia após enfarte]]>","Notícias ao Minuto",2026-07-05,https://www.noticiasaominuto.com/pais/3016655/morre-nas-urgencias-em-loures-a-espera-de-cirurgia-apos-enfarte#utm_source=rss-ultima-hora&amp;utm_medium=rss&amp;utm_campaign=rssfeed,"doenças cardiovasculares","2026-07-06 06:00:11.477986+00",media,
e943d432-85ed-4a77-9639-ac7baa616be0,"Suicídio. Linha de prevenção atendeu mais chamadas no Natal",Observador,2026-03-10,https://observador.pt/2026/03/10/linha-nacional-de-prevencao-do-suicidio-atendeu-mais-chamadas-na-epoca-natalicia/,suicídio,"2026-03-11 06:00:05.186672+00",media,
e94c29f6-2c98-4d25-9b97-a0022faa07aa,"<![CDATA[Especialista defende salas climatizadas para população nas ondas de calor]]>","Notícias ao Minuto",2026-06-30,https://www.noticiasaominuto.com/mundo/3013443/especialista-defende-salas-climatizadas-para-populacao-nas-ondas-de-calor#utm_source=rss-ultima-hora&amp;utm_medium=rss&amp;utm_campaign=rssfeed,"calor extremo e saúde","2026-07-01 06:00:13.168736+00",media,
e96ce503-8efb-445e-bd76-b2065f8bbcf2,"<![CDATA[Apesar do caos, candidaturas ao Superior arrancam. Ministro fala às 12h]]>","Notícias ao Minuto",2026-07-20,https://www.noticiasaominuto.com/pais/3024045/apesar-da-instabilidade-e-notas-incorretas-candid-2-ministro-fala-hoje#utm_source=rss-ultima-hora&amp;utm_medium=rss&amp;utm_campaign=rssfeed,candidíase,"2026-07-21 06:00:06.718319+00",media,
e9e16ccd-10d6-49b7-ad5a-448b4f2a9323,"<![CDATA[Seguro exige notas dos exames ""a tempo"" da candidatura ao superior]]>","Notícias ao Minuto",2026-07-31,https://www.noticiasaominuto.com/pais/3030671/seguro-exige-notas-dos-exames-a-tempo-da-candidatura-ao-superior#utm_source=rss-ultima-hora&amp;utm_medium=rss&amp;utm_campaign=rssfeed,candidíase,"2026-08-02 06:00:09.596979+00",media,
ea0e0419-124a-4899-b1fa-e5db43798b3a,"Noticiar o Suicídio: Dilemas e Boas Práticas","Coord. Nacional Saúde Mental",2026-09-09,https://saudemental.min-saude.pt/noticiar-o-suicidio-dilemas-e-boas-praticas-2/,suicídio,"2026-09-11 06:00:26.494773+00",institucional,
ea328d94-3f29-4566-bc0a-9ea3da7383b8,"<![CDATA[Abertas as candidaturas para bolsas da Associação Sara Carreira]]>","Notícias ao Minuto",2026-05-06,https://www.noticiasaominuto.com/fama/2985059/abertas-as-candidaturas-para-bolsas-da-associacao-sara-carreira#utm_source=rss-ultima-hora&amp;utm_medium=rss&amp;utm_campaign=rssfeed,candidíase,"2026-05-07 06:00:10.312798+00",media,
ea72d02a-a156-4d0d-8ee0-2a2e2c05063c,"Vício do jogo. Pessoas tratadas em fevereiro são mais do que metade do ano passado",RTP,2026-04-11,https://www.rtp.pt/noticias/pais/vicio-do-jogo-pessoas-tratadas-em-fevereiro-sao-mais-do-que-metade-do-ano-passado_v1733220,dependências,"2026-04-12 06:00:07.07666+00",media,
eaa9bfdc-9bcf-4cb7-a278-870de721e9f7,"CathStart -Curso de Simulação em Coronariografia Diagnóstica","Sociedade Portuguesa de Cardiologia",2026-09-04,https://spc.pt/arquivo-mensal/cathstart-curso-de-simulacao-em-coronariografia-diagnostica/,"terapia hormonal","2026-09-10 06:00:49.824846+00",institucional,
eab8aa65-bcb7-4f00-a891-58684dd56c99,"<![CDATA[Verão é ""época alta para carteiristas"". PSP explica como se proteger]]>","Notícias ao Minuto",2026-06-30,https://www.noticiasaominuto.com/pais/3013481/verao-e-epoca-alta-para-carteiristas-psp-explica-como-se-proteger#utm_source=rss-ultima-hora&amp;utm_medium=rss&amp;utm_campaign=rssfeed,"perturbação obsessivo-compulsiva","2026-07-01 06:00:13.168736+00",media,
eabc91e7-efd0-4424-9e32-f94a55dbc244,"<![CDATA[Maioria das empresas de turismo com dificuldade em encontrar candidatos]]>","Notícias ao Minuto",2026-08-12,https://www.noticiasaominuto.com/economia/3035372/maioria-das-empresas-de-turismo-com-dificuldade-em-encontrar-candidatos#utm_source=rss-ultima-hora&amp;utm_medium=rss&amp;utm_campaign=rssfeed,candidíase,"2026-08-13 06:00:12.208572+00",media,
ead61754-99a7-4522-8ca3-9a0ff4a57d5b,"<![CDATA[Mais de metade dos inquiridos com ansiedade meteorológica pós-Kristin]]>","Notícias ao Minuto",2026-05-28,https://www.noticiasaominuto.com/pais/2996973/mais-de-metade-dos-inquiridos-apresentam-ansiedade-meteorologica-pos-kristin#utm_source=rss-ultima-hora&amp;utm_medium=rss&amp;utm_campaign=rssfeed,ansiedade,"2026-05-28 06:00:12.033939+00",media,
eae5f6b0-783a-4ed9-a9f6-a325e33d3431,"CPSA contribui para declaração europeia que exige maior ação face a ondas de calor","Conselho Português para a Saúde e Ambiente",2026-07-24,https://cpsa.pt/noticias/cpsa-noticias/cpsa-declaracao-europeia-maior-acao-ondas-de-calor/,"calor extremo e saúde","2026-07-29 06:00:57.031133+00",institucional,
eb051f73-f02c-4629-82fe-243f63c2e81f,"<![CDATA[Oficial: Famalicão mexicano Patricio Salas até final da época]]>","Notícias ao Minuto",2026-09-02,https://www.noticiasaominuto.com/desporto/3045048/oficial-famalicao-mexicano-patricio-salas-ate-final-da-epoca#utm_source=rss-ultima-hora&amp;utm_medium=rss&amp;utm_campaign=rssfeed,"perturbação obsessivo-compulsiva","2026-09-03 06:00:14.963501+00",media,
eb10553e-86c3-49d4-a834-76298bc67373,"<![CDATA[Paulo Bento coloca Portugal no ""grupo dos candidatos"", mas deixa alerta]]>","Notícias ao Minuto",2026-06-07,https://www.noticiasaominuto.com/desporto/3001820/paulo-bento-coloca-portugal-no-grupo-dos-candidatos-mas-deixa-alerta#utm_source=rss-ultima-hora&amp;utm_medium=rss&amp;utm_campaign=rssfeed,candidíase,"2026-06-08 06:00:11.764221+00",media,
eb388421-3a3e-47cb-a2fb-95574be35735,"Nuno Correia da Silva anuncia candidatura à liderança do CDS-PP",RTP,2026-04-30,https://www.rtp.pt/noticias/politica/nuno-correia-da-silva-anuncia-candidatura-a-lideranca-do-cds-pp_n1738174,candidíase,"2026-05-01 06:00:07.646133+00",media,
eb3d353a-d46e-4cf7-ba4c-8610a1458150,"Demência: novos testes podem identificar risco precocemente",Observador,2026-04-15,https://observador.pt/programas/tratar-da-saude/demencia-novos-testes-podem-identificar-o-risco-precocemente/,demência,"2026-04-15 06:00:06.456811+00",media,
eb4e2e81-b587-4fda-9316-805dec561fa8,"<![CDATA[João Simões confirma operação ao pé e fica de fora o resto da época]]>","Notícias ao Minuto",2026-04-20,https://www.noticiasaominuto.com/desporto/2976305/joao-simoes-confirma-operacao-ao-pe-e-fica-de-fora-o-resto-da-epoca#utm_source=rss-ultima-hora&amp;utm_medium=rss&amp;utm_campaign=rssfeed,"perturbação obsessivo-compulsiva","2026-04-21 06:00:07.124285+00",media,
eb583008-4950-40e9-a62f-285541297316,"Noticiar o Suicídio: Dilemas e Boas Práticas","Coord. Nacional Saúde Mental",2026-09-09,https://saudemental.min-saude.pt/noticiar-o-suicidio-dilemas-e-boas-praticas/,suicídio,"2026-09-14 06:00:23.753842+00",institucional,
eb6159d2-9f77-4cbb-82b1-d457801f4021,"O desastre anunciado que não aconteceu",Observador,2026-08-20,https://observador.pt/opiniao/o-desastre-anunciado-que-nao-aconteceu/,candidíase,"2026-08-21 06:00:08.832079+00",media,
eb7bc20c-3952-46cf-a6c3-1b0cd437187f,"<![CDATA[Presidente convencido que até à época dos incêndios ""muito se fará""]]>","Notícias ao Minuto",2026-04-09,https://www.noticiasaominuto.com/pais/2970078/presidente-convencido-que-ate-a-epoca-dos-incendios-muito-se-fara#utm_source=rss-ultima-hora&amp;utm_medium=rss&amp;utm_campaign=rssfeed,"perturbação obsessivo-compulsiva","2026-04-10 06:00:11.391883+00",media,
eb823d37-d8f2-4530-a540-53b88741f32f,"Lúpus: suplemento natural é seguro?",Observador,2026-05-12,https://observador.pt/programas/aprender-a-comer/lupus-suplemento-natural-e-seguro/,"suplementos alimentares","2026-05-12 06:00:05.305737+00",media,
ebe0966c-749d-4524-a3e0-83a9f099312d,"<![CDATA[Época delas! A receita da tarte de uvas ""com ingrediente surpreendente""]]>","Notícias ao Minuto",2026-08-24,https://www.noticiasaominuto.com/lifestyle/3040717/epoca-delas-a-receita-da-tarte-de-uvas-com-ingrediente-surpreendente#utm_source=rss-ultima-hora&amp;utm_medium=rss&amp;utm_campaign=rssfeed,"perturbação obsessivo-compulsiva","2026-08-26 06:00:10.214346+00",media,
ec1dbdde-758f-41ad-99b4-6e4c12991e32,"SPPSM apoia 2.ª edição da sessão formativa sobre Autismo e PHDA no Adulto","SP Psiquiatria e Saúde Mental",2026-06-01,https://www.sppsm.org/sppsm-apoia-2-a-edicao-da-sessao-formativa-sobre-autismo-e-phda-no-adulto/,"perturbações do espectro do autismo","2026-08-08 06:00:48.544608+00",institucional,
ec7e5474-76a9-4fa5-9c3d-70e547a3571d,"<![CDATA[Oficial: Farense anuncia saída de Marco Matias após quatro épocas]]>","Notícias ao Minuto",2026-06-28,https://www.noticiasaominuto.com/desporto/3012691/oficial-farense-anuncia-saida-de-marco-matias-apos-quatro-epocas#utm_source=rss-ultima-hora&amp;utm_medium=rss&amp;utm_campaign=rssfeed,"perturbação obsessivo-compulsiva","2026-06-29 06:00:17.41872+00",media,
ec816355-275c-4c06-a2cb-c263ad427dfb,"<![CDATA[Corrupção gera consenso entre candidatos presidenciais de São Tomé]]>","Notícias ao Minuto",2026-07-15,https://www.noticiasaominuto.com/mundo/3021592/corrupcao-gera-consenso-entre-candidatos-presidenciais-de-sao-tome#utm_source=rss-ultima-hora&amp;utm_medium=rss&amp;utm_campaign=rssfeed,candidíase,"2026-07-15 06:00:11.103862+00",media,
ec86cc48-fbbf-48d5-a4d6-37ac33c23570,"SPPSM apoia 2.ª edição da sessão formativa sobre Autismo e PHDA no Adulto","SP Psiquiatria e Saúde Mental",2026-06-01,https://www.sppsm.org/sppsm-apoia-2-a-edicao-da-sessao-formativa-sobre-autismo-e-phda-no-adulto/,"perturbações do espectro do autismo","2026-08-10 06:00:49.59877+00",institucional,
ecb6e9d7-845c-485d-a24e-fa74a568e09a,"<![CDATA[Casa Pia pretende permanência mais tranquila do que na época transata]]>","Notícias ao Minuto",2026-08-05,https://www.noticiasaominuto.com/desporto/3032300/casa-pia-pretende-permanencia-mais-tranquila-do-que-na-epoca-transata#utm_source=rss-ultima-hora&amp;utm_medium=rss&amp;utm_campaign=rssfeed,"perturbação obsessivo-compulsiva","2026-08-07 06:00:08.574076+00",media,
ece1546c-cf9b-430e-acda-3e1a1d78adb3,"<![CDATA[Linha do Alentejo entre Poceirão e Bombel vai ser modernizada até 2030]]>","Notícias ao Minuto",2026-07-27,https://www.noticiasaominuto.com/economia/3028156/linha-do-alentejo-entre-poceirao-e-bombel-vai-ser-modernizada-ate-2030#utm_source=rss-ultima-hora&amp;utm_medium=rss&amp;utm_campaign=rssfeed,"perturbação obsessivo-compulsiva","2026-07-29 06:00:07.041086+00",media,
ece234aa-aac8-49db-9a2e-b365618f3736,"“Vamos ficar de olhos abertos”: Comissão Europeia promove campanha pelos direitos das vítimas de crime",APAV,2026-08-12,https://apav.pt/vamos-ficar-de-olhos-abertos-comissao-europeia-promove-campanha-pelos-direitos-das-vitimas-de-crime/,"síndrome do ovário poliquístico","2026-08-27 06:01:03.629412+00",institucional,
ecffaab7-dbbf-4ac0-8fc6-708a5e30c3b2,"<![CDATA[Acesso ao Superior com maior procura em três décadas: 60.391 candidatos]]>","Notícias ao Minuto",2026-08-07,https://www.noticiasaominuto.com/pais/3033394/acesso-ao-superior-com-maior-procura-em-tres-decadas-60391-candidatos#utm_source=rss-ultima-hora&amp;utm_medium=rss&amp;utm_campaign=rssfeed,candidíase,"2026-08-09 06:00:11.264131+00",media,
ed2cdceb-de0d-4964-af61-7729c58a3fa2,"Planeta Terra: Habitats Executivos",Observador,2026-05-28,https://observador.pt/opiniao/planeta-terra-habitats-executivos/,pânico,"2026-05-29 06:00:11.679675+00",media,
ed2f12f9-f143-4ae1-a1cc-a4c879a08b4f,"Ceuta e o dinheiro das PME: vale a pena entrar em pânico?",Observador,2026-08-04,https://observador.pt/opiniao/ceuta-e-o-dinheiro-das-pme-vale-a-pena-entrar-em-panico-com-o-compete-2030/,pânico,"2026-08-05 06:00:09.012108+00",media,
ed65c6dc-b4a5-4214-b58a-33ad1d93a209,"<![CDATA[Venezuela alerta para derrame de hidrocarbonetos de Trinidade e Tobago]]>","Notícias ao Minuto",2026-05-10,https://www.noticiasaominuto.com/mundo/2987206/venezuela-alerta-para-derrame-de-hidrocarbonetos-de-trinidade-e-tobago#utm_source=rss-ultima-hora&amp;utm_medium=rss&amp;utm_campaign=rssfeed,avc,"2026-05-10 06:00:07.550731+00",media,
ed77111e-f123-4fdb-b397-ac190f093b0a,"<![CDATA[PSD aceita candidata do PS para provedora de Justiça]]>","Notícias ao Minuto",2026-05-29,https://www.noticiasaominuto.com/politica/2998260/psd-aceita-candidata-do-ps-para-provedora-de-justica#utm_source=rss-ultima-hora&amp;utm_medium=rss&amp;utm_campaign=rssfeed,candidíase,"2026-05-30 06:00:10.38129+00",media,
ed92bed6-830b-4e4b-8c59-2f3cea28f8c5,"<![CDATA[Férias acabaram? 7 dicas para o ajudar a voltar ao trabalho (sem stress)]]>","Notícias ao Minuto",2026-09-06,https://www.noticiasaominuto.com/lifestyle/3045671/ferias-acabaram-7-dicas-para-o-ajudar-a-voltar-ao-trabalho-sem-stress#utm_source=rss-ultima-hora&amp;utm_medium=rss&amp;utm_campaign=rssfeed,ansiedade,"2026-09-08 06:00:09.844586+00",media,
eda37235-69e7-4650-9537-948858161e02,"<![CDATA[Prestianni dá o mote para 2026/27: ""Vai ser uma época muito melhor""]]>","Notícias ao Minuto",2026-08-06,https://www.noticiasaominuto.com/desporto/3033262/prestianni-da-o-mote-para-202627-vai-ser-uma-epoca-muito-melhor#utm_source=rss-ultima-hora&amp;utm_medium=rss&amp;utm_campaign=rssfeed,"perturbação obsessivo-compulsiva","2026-08-08 06:00:08.519628+00",media,
edc621f0-bcf5-4e3f-a76b-505950b2c759,"Rüdiger revela desejo antigo de trabalhar com José Mourinho",Observador,2026-06-17,https://observador.pt/2026/06/17/rudiger-entusiasmado-com-mourinho-no-real-madrid-finalmente-vou-jogar-sob-o-seu-comando/,"perturbação obsessivo-compulsiva","2026-06-18 06:00:09.298346+00",media,
edc7fd28-b499-4b29-b500-de8522c52b0c,"<![CDATA[Momento de pânico em autocarro quando rio transborda no Nepal. Veja]]>","Notícias ao Minuto",2026-08-26,https://www.noticiasaominuto.com/mundo/3041775/momento-de-panico-em-autocarro-quando-rio-transborda-no-nepal-veja#utm_source=rss-ultima-hora&amp;utm_medium=rss&amp;utm_campaign=rssfeed,pânico,"2026-08-28 06:00:06.059715+00",media,
ee15a2fe-25cd-46bb-8822-c054c2bc00cc,"Lote de democratas candidatos a governador da Califórnia reduz-se com saída de Eric Swalwell",RTP,2026-04-14,https://www.rtp.pt/noticias/mundo/lote-de-democratas-candidatos-a-governador-da-california-reduz-se-com-saida-de-eric-swalwell_n1733672,candidíase,"2026-04-14 06:00:07.112675+00",media,
ee18c8db-5ec1-4402-9434-eb44a56e0c3d,"<![CDATA[Puxa fio de ouro que vítima trazia ao pescoço e foge a pé com ""metade""]]>","Notícias ao Minuto",2026-08-03,https://www.noticiasaominuto.com/pais/3031504/puxa-fio-de-ouro-que-vitima-trazia-ao-pescoco-e-foge-a-pe-com-metade#utm_source=rss-ultima-hora&amp;utm_medium=rss&amp;utm_campaign=rssfeed,"refluxo gastroesofágico","2026-08-04 06:00:10.402023+00",media,
ee1a31a1-ba4d-4866-a9b0-362c301cae46,"<![CDATA[Contas feitas, quanto perde quem não devolve as embalagens vazias?]]>","Notícias ao Minuto",2026-05-14,https://www.noticiasaominuto.com/economia/2989137/contas-feitas-quanto-perde-quem-nao-devolve-as-embalagens-vazias#utm_source=rss-ultima-hora&amp;utm_medium=rss&amp;utm_campaign=rssfeed,"refluxo gastroesofágico","2026-05-14 06:00:08.402532+00",media,
ee55c2c6-9782-44a2-84e6-1aeba5a1ab9f,"<![CDATA[Adeptos do Inter Miami declaram-se a Messi: ""Salvaste-me da depressão""]]>","Notícias ao Minuto",2026-08-02,https://www.noticiasaominuto.com/desporto/3031143/adeptos-do-inter-miami-declaram-se-a-messi-salvaste-me-da-depressao#utm_source=rss-ultima-hora&amp;utm_medium=rss&amp;utm_campaign=rssfeed,depressão,"2026-08-04 06:00:10.402023+00",media,
ee81f61f-6378-4ede-8e6a-7ca9bfc5278b,"<![CDATA[Campanha eleitoral no Brasil começa hoje. Onde vão andar os candidatos?]]>","Notícias ao Minuto",2026-08-16,https://www.noticiasaominuto.com/mundo/3037198/campanha-eleitoral-no-brasil-comeca-hoje-onde-vao-andar-os-candidatos#utm_source=rss-ultima-hora&amp;utm_medium=rss&amp;utm_campaign=rssfeed,candidíase,"2026-08-18 06:00:08.695834+00",media,
ee8b62ee-51b8-4a65-a1be-6041ea04381f,"O poder da indústria da cerveja e a segunda vaga de expulsão",Observador,2026-06-04,https://observador.pt/opiniao/o-poder-da-industria-da-cerveja-e-a-segunda-vaga-de-expulsao-de-lisboa/,"refluxo gastroesofágico","2026-06-05 06:00:11.328487+00",media,
ee9ab59c-efd2-4ada-b62c-02fc36f55c00,"CathStart -Curso de Simulação em Coronariografia Diagnóstica","Sociedade Portuguesa de Cardiologia",2026-09-04,https://spc.pt/arquivo-mensal/cathstart-curso-de-simulacao-em-coronariografia-diagnostica/,"terapia hormonal","2026-09-12 06:00:46.573093+00",institucional,
eea21796-f8fe-4ebb-885c-36061a6b33ec,"<![CDATA[Médio Tejo antecipa ondas de calor e reforça resposta em saúde pública]]>","Notícias ao Minuto",2026-06-23,https://www.noticiasaominuto.com/pais/3009758/medio-tejo-antecipa-ondas-de-calor-e-reforca-resposta-em-saude-publica#utm_source=rss-ultima-hora&amp;utm_medium=rss&amp;utm_campaign=rssfeed,"calor extremo e saúde","2026-06-24 06:00:05.456571+00",media,
eed07ac6-7f85-4bec-883a-22d379a36fd4,"<![CDATA[Candidatos ao Vitória SC louvam participação e pedem união após eleições]]>","Notícias ao Minuto",2026-06-13,https://www.noticiasaominuto.com/desporto/3004758/candidatos-ao-vitoria-sc-louvam-participacao-e-pedem-uniao-apos-eleicoes#utm_source=rss-ultima-hora&amp;utm_medium=rss&amp;utm_campaign=rssfeed,candidíase,"2026-06-14 06:00:09.869278+00",media,
eeda13e1-4748-4ed6-b840-b260cbbaddf0,"Instituto Ricardo Jorge volta a dinamizar sessões informativas sobre qualidade do ar interior",INSA,2026-03-04,https://www.insa.min-saude.pt/instituto-ricardo-jorge-volta-a-dinamizar-sessoes-informativas-sobre-qualidade-do-ar-interior/,"poluição e saúde","2026-03-09 06:00:20.68073+00",institucional,
eeda37ce-4001-42b7-a4af-3661cb9f612c,"CPSA contribui para declaração europeia que exige maior ação face a ondas de calor","Conselho Português para a Saúde e Ambiente",2026-07-24,https://cpsa.pt/noticias/cpsa-noticias/cpsa-declaracao-europeia-maior-acao-ondas-de-calor/,"calor extremo e saúde","2026-08-05 06:01:18.628485+00",institucional,
eeedfa33-0013-47d7-ace6-8be59b3ff954,"&quot;Livre&quot; e &quot;livro&quot; são parentes próximos ou apenas sósias?",Observador,2026-04-26,https://observador.pt/programas/portugues-suave/livre-e-livro-sao-parentes-proximos-ou-apenas-sosias/,"perturbações do espectro do autismo","2026-04-26 06:00:06.983427+00",media,
ef16bb72-a6d9-4751-8b7c-224b9489dcb8,"<![CDATA[Benfica B empata com Sintrense no primeiro teste da pré-época]]>","Notícias ao Minuto",2026-07-11,https://www.noticiasaominuto.com/desporto/3020095/benfica-b-empata-com-sintrense-no-primeiro-teste-da-pre-epoca#utm_source=rss-ultima-hora&amp;utm_medium=rss&amp;utm_campaign=rssfeed,"perturbação obsessivo-compulsiva","2026-07-13 06:00:08.60075+00",media,
ef1ea93c-2798-4821-9044-06a98a997946,"<![CDATA[Viriato Sampaio confirma candidatura à presidência do Vitória SC]]>","Notícias ao Minuto",2026-05-08,https://www.noticiasaominuto.com/desporto/2986864/viriato-sampaio-confirma-candidatura-a-presidencia-do-vitoria-sc#utm_source=rss-ultima-hora&amp;utm_medium=rss&amp;utm_campaign=rssfeed,candidíase,"2026-05-09 06:00:09.588472+00",media,
ef54f903-6e63-47c9-96d5-d350536e1b9d,"DGS alerta para riscos dos adoçantes artificiais","CM Jornal",2025-08-14,https://cmjornal.pt/adocantes-dgs-alerta,ultraprocessados,"2026-03-08 11:22:47.09953+00",media,
ef7c9725-0e8e-4cd3-b1da-605b7070b721,"00h. Benfica perde com Flamengo por 2-1",Observador,2026-07-11,https://observador.pt/programas/noticiario/as-noticias-das-00h-2362/,"perturbação obsessivo-compulsiva","2026-07-12 06:00:06.549191+00",media,
ef8fcaba-06a1-4022-90c4-cf4a00797d49,"<![CDATA[Palestina retira candidatura na ONU após ameaça dos EUA sobre vistos]]>","Notícias ao Minuto",2026-05-21,https://www.noticiasaominuto.com/mundo/2993733/palestina-retira-candidatura-na-onu-apos-ameaca-dos-eua-sobre-vistos#utm_source=rss-ultima-hora&amp;utm_medium=rss&amp;utm_campaign=rssfeed,candidíase,"2026-05-22 06:00:07.53249+00",media,
ef9f4e35-9454-4c53-84eb-dbc204e55020,"6h. PS. Duarte Cordeiro movimenta-se para ser candidato",Observador,2026-04-21,https://observador.pt/programas/noticiario/as-noticias-das-6h-2355/,candidíase,"2026-04-21 06:00:05.148939+00",media,
efab560e-4a67-47ab-b477-86fdf6c9b613,"<![CDATA[Porto de Antuérpia. Tráfego marítimo parado devido a derrame de petróleo]]>","Notícias ao Minuto",2026-04-10,https://www.noticiasaominuto.com/mundo/2970325/porto-de-antuerpia-trafego-maritimo-parado-devido-a-derrame-de-petroleo#utm_source=rss-ultima-hora&amp;utm_medium=rss&amp;utm_campaign=rssfeed,avc,"2026-04-11 06:00:08.687512+00",media,
f01e097c-0527-4102-9929-1f0d3c707132,"<![CDATA[Homem em cadeira de rodas causa pânico em Itália. Até jornalista agrediu]]>","Notícias ao Minuto",2026-05-29,https://www.noticiasaominuto.com/mundo/2997819/homem-em-cadeira-de-rodas-causa-panico-em-italia-ate-jornalista-agrediu#utm_source=rss-ultima-hora&amp;utm_medium=rss&amp;utm_campaign=rssfeed,pânico,"2026-05-30 06:00:10.38129+00",media,
f03d4709-7c94-4cb6-b870-b8400531aa0f,"<![CDATA[Morreu Sam Neill, ator de ""Jurassic Park"", ""Peaky Blinders"" e ""O Piano""]]>","Notícias ao Minuto",2026-07-13,https://www.noticiasaominuto.com/fama/3020452/morreu-sam-neill-ator-de-jurassic-park-peaky-blinders-e-o-piano#utm_source=rss-ultima-hora&amp;utm_medium=rss&amp;utm_campaign=rssfeed,"perturbações do espectro do autismo","2026-07-14 06:00:07.455812+00",media,
f052c95d-2908-4feb-aafc-2d2facf8dbfb,"SPPSM apoia 2.ª edição da sessão formativa sobre Autismo e PHDA no Adulto","SP Psiquiatria e Saúde Mental",2026-06-01,https://www.sppsm.org/sppsm-apoia-2-a-edicao-da-sessao-formativa-sobre-autismo-e-phda-no-adulto/,"perturbações do espectro do autismo","2026-09-06 06:00:51.540237+00",institucional,
f09029f8-6c8b-4d0e-8e5d-7169a2319341,"<![CDATA[Serge Gnabry falha fase final do Mundial e resto da época do Bayern]]>","Notícias ao Minuto",2026-04-22,https://www.noticiasaominuto.com/desporto/2977664/serge-gnabry-falha-fase-final-do-mundial-e-resto-da-epoca-do-bayern#utm_source=rss-ultima-hora&amp;utm_medium=rss&amp;utm_campaign=rssfeed,"perturbação obsessivo-compulsiva","2026-04-23 06:00:09.870261+00",media,
f09d3249-a6f6-465f-a6f1-b1b80e46f48a,"<![CDATA[Aguiar-Branco pede ao PSD, Chega e PS que apresentem candidatos até terça-feira]]>","Notícias ao Minuto",2026-05-13,https://www.noticiasaominuto.com/politica/2989066/aguiar-branco-pede-ao-psd-chega-e-ps-que-apresentem-candidatos-ate-terca-feira#utm_source=rss-ultima-hora&amp;utm_medium=rss&amp;utm_campaign=rssfeed,candidíase,"2026-05-14 06:00:08.402532+00",media,
f0add38d-95a3-4849-909b-af45c0b7eebb,"<![CDATA[EUA levantam suspensão de candidaturas de imigração para médicos]]>","Notícias ao Minuto",2026-05-09,https://www.noticiasaominuto.com/mundo/2986904/eua-levantam-suspensao-de-candidaturas-de-imigracao-para-medicos#utm_source=rss-ultima-hora&amp;utm_medium=rss&amp;utm_campaign=rssfeed,candidíase,"2026-05-10 06:00:07.550731+00",media,
f0b5b096-9c88-4ee2-b7b1-1ee82623d347,"Há sempre algo a mudar o que devia ser o caudal deste Río(s)",Observador,2026-04-06,https://observador.pt/2026/04/06/ha-sempre-algo-a-mudar-o-que-devia-ser-o-caudal-natural-deste-rios-a-cronica-do-casa-pia-benfica/,"perturbação obsessivo-compulsiva","2026-04-07 06:00:11.320377+00",media,
f0ef6cb2-f9f2-4961-af23-c6e2677108d1,"<![CDATA[Do Festival da Sopa da Pedra à Feira da Luz: Este fim de semana promete]]>","Notícias ao Minuto",2026-08-28,https://www.noticiasaominuto.com/lifestyle/3042789/do-festival-da-sopa-da-pedra-a-feira-da-luz-este-fim-de-semana-promete#utm_source=rss-ultima-hora&amp;utm_medium=rss&amp;utm_campaign=rssfeed,"síndrome do ovário poliquístico","2026-08-30 06:00:09.990253+00",media,
f1008ee1-a1e3-4c9a-b838-2de563eb6f19,"<![CDATA[3 coisas que as mulheres deveriam fazer para diminuir o risco de demência]]>","Notícias ao Minuto",2026-05-29,https://www.noticiasaominuto.com/lifestyle/2997016/3-coisas-que-as-mulheres-deveriam-fazer-para-diminuir-o-risco-de-demencia#utm_source=rss-ultima-hora&amp;utm_medium=rss&amp;utm_campaign=rssfeed,demência,"2026-05-30 06:00:10.38129+00",media,
f1057c9e-f092-4e85-8499-ea5024872bc6,"Candidata ao Miss Brasil Europa 2026 visita a APAV",APAV,2026-09-03,https://apav.pt/candidata-ao-miss-brasil-europa-2026-visita-a-apav/,candidíase,"2026-09-13 06:01:11.694958+00",institucional,
f10bef10-c7bb-467d-aa8d-7c32ac7b3458,"<![CDATA[Muitos perguntaram a receita: ""Há quem não goste. Sopa tem sempre tomate""]]>","Notícias ao Minuto",2026-08-22,https://www.noticiasaominuto.com/fama/3039013/muitos-perguntaram-a-receita-ha-quem-nao-goste-sopa-tem-sempre-tomate#utm_source=rss-ultima-hora&amp;utm_medium=rss&amp;utm_campaign=rssfeed,"síndrome do ovário poliquístico","2026-08-24 06:00:11.840935+00",media,
f161312f-7d76-4d5d-b52c-be89905b5544,"<![CDATA[Época de Fórmula E chega à última ronda e Félix da Costa ainda sonha]]>","Notícias ao Minuto",2026-08-13,https://www.noticiasaominuto.com/auto/3035898/epoca-de-formula-e-chega-a-ultima-ronda-e-felix-da-costa-ainda-sonha#utm_source=rss-ultima-hora&amp;utm_medium=rss&amp;utm_campaign=rssfeed,"perturbação obsessivo-compulsiva","2026-08-14 06:00:11.985508+00",media,
f18e227b-a869-46bd-b2fb-1a422b7305bf,"<![CDATA[Olivier Faure é candidato às primárias da esquerda para presidenciais francesas]]>","Notícias ao Minuto",2026-08-30,https://www.noticiasaominuto.com/mundo/3043557/olivier-faure-e-candidato-as-primarias-da-esquerda-para-presidenciais-francesas#utm_source=rss-ultima-hora&amp;utm_medium=rss&amp;utm_campaign=rssfeed,candidíase,"2026-08-31 06:00:09.311004+00",media,
f1a05fd3-81c3-463f-b968-7ad70fee79cc,"<![CDATA[PS aponta Fernando Alexandre como candidato a pior ministro da Educação]]>","Notícias ao Minuto",2026-09-13,https://www.noticiasaominuto.com/pais/3050655/ps-aponta-fernando-alexandre-como-candidato-a-pior-ministro-da-educacao-desde-o-25-de-abril#utm_source=rss-ultima-hora&amp;utm_medium=rss&amp;utm_campaign=rssfeed,candidíase,"2026-09-14 06:00:12.111358+00",media,
f1da8bf5-b745-417b-8f6c-b892511e04a8,"Viver com saúde, prolongar a vida",Observador,2026-05-03,https://observador.pt/opiniao/viver-com-saude-prolongar-a-vida-2/,"terapia hormonal","2026-05-04 06:00:08.002287+00",media,
f236ea17-f248-4eb3-93a3-76263113ccc1,"<![CDATA[Britney Spears em clínica de reabilitação após ser detida]]>","Notícias ao Minuto",2026-04-13,https://www.noticiasaominuto.com/fama/2971474/britney-spears-em-clinica-de-reabilitacao-apos-ser-detida#utm_source=rss-ultima-hora&amp;utm_medium=rss&amp;utm_campaign=rssfeed,"perturbações do espectro do autismo","2026-04-13 08:44:31.282074+00",media,
f244db0a-9377-414e-bc93-39e08343cab0,"Porto, Ermesinde, Fátima, Balazar e o Sagrado Coração",Observador,2026-06-13,https://observador.pt/opiniao/novos-tempos-porto-ermesinde-fatima-e-balazar-geografia-portuguesa-do-sagrado-coracao/,solidão,"2026-06-14 06:00:08.386667+00",media,
f24ef657-f9a9-461e-a1b1-8d2a506abc54,"<![CDATA[O que diferencia os candidatos que conquistam posições de liderança?]]>","Notícias ao Minuto",2026-08-15,https://www.noticiasaominuto.com/economia/3034620/o-que-diferencia-os-candidatos-que-conquistam-posicoes-de-lideranca#utm_source=rss-ultima-hora&amp;utm_medium=rss&amp;utm_campaign=rssfeed,candidíase,"2026-08-17 06:00:10.187489+00",media,
f2717fe8-4842-4ab4-a1ae-c727876ba138,"<![CDATA[Chega pede dados às autarquias sobre casas públicas vazias e rendas em dívida]]>","Notícias ao Minuto",2026-08-17,https://www.noticiasaominuto.com/politica/3037541/chega-pede-dados-as-autarquias-sobre-casas-publicas-vazias-e-rendas-em-divida#utm_source=rss-ultima-hora&amp;utm_medium=rss&amp;utm_campaign=rssfeed,"refluxo gastroesofágico","2026-08-18 06:00:08.695834+00",media,
f28a9b82-9857-4e9d-8ac2-fc39f4f9103c,"Cérebro e coluna: envelhecem juntos, protegem-se juntos","Sociedade Portuguesa Patologia Coluna Vertebral",2026-07-09,https://sppcv.org/artigos-de-opiniao/cerebro-e-coluna-envelhecem-juntos-protegem-se-juntos/,demência,"2026-07-13 06:00:30.429911+00",institucional,
f291e0e7-b554-4626-966f-c34559b1e5f9,"Spot4Dis: nova aplicação promove mobilidade inclusiva através do mapeamento de lugares de estacionamento","Sociedade Portuguesa de Esclerose Múltipla",2026-07-07,https://spem.pt/blog/2026/07/07/spot4dis-nova-aplicacao-promove-mobilidade-inclusiva-atraves-do-mapeamento-de-lugares-de-estacionamento/,"perturbações do espectro do autismo","2026-07-08 06:01:04.740468+00",institucional,
f2c2d8a0-28cc-4bfa-86b9-306ee298a81e,"<![CDATA[Gil Vicente sofre, mas vence Vianense no segundo teste da pré-época]]>","Notícias ao Minuto",2026-07-15,https://www.noticiasaominuto.com/desporto/3022047/gil-vicente-sofre-mas-vence-vianense-no-segundo-teste-da-pre-epoca#utm_source=rss-ultima-hora&amp;utm_medium=rss&amp;utm_campaign=rssfeed,"perturbação obsessivo-compulsiva","2026-07-17 06:00:10.134984+00",media,
f2caf0b6-fdaa-4b46-b7b1-24a4a83c1e3b,"Noticiar o Suicídio: Dilemas e Boas Práticas","Coord. Nacional Saúde Mental",2026-09-09,https://saudemental.min-saude.pt/noticiar-o-suicidio-dilemas-e-boas-praticas-2/,suicídio,"2026-09-14 06:00:23.753842+00",institucional,
f2ef8e3b-0b77-4d06-b6c8-8385e74de270,"<![CDATA[Ex-ministro acusado da morte de candidato à presidência extraditado]]>","Notícias ao Minuto",2026-08-29,https://www.noticiasaominuto.com/mundo/3043224/ex-ministro-acusado-da-morte-de-candidato-a-presidencia-extraditado#utm_source=rss-ultima-hora&amp;utm_medium=rss&amp;utm_campaign=rssfeed,candidíase,"2026-08-29 06:00:11.446272+00",media,
f2f11ba7-6bbf-4b89-8a32-d2d7d33e0bf0,"CPSA contribui para declaração europeia que exige maior ação face a ondas de calor","Conselho Português para a Saúde e Ambiente",2026-07-24,https://cpsa.pt/noticias/cpsa-noticias/cpsa-declaracao-europeia-maior-acao-ondas-de-calor/,"calor extremo e saúde","2026-08-09 06:01:17.219445+00",institucional,
f301d81b-51d2-46a5-96de-27937764d738,"<![CDATA[Ator Rui de Sá sofre enfarte e está hospitalizado]]>","Notícias ao Minuto",2026-08-05,https://www.noticiasaominuto.com/fama/3032273/ator-rui-de-sa-sofre-enfarte-e-esta-hospitalizado#utm_source=rss-ultima-hora&amp;utm_medium=rss&amp;utm_campaign=rssfeed,"doenças cardiovasculares","2026-08-06 06:00:11.012929+00",media,
f305cec4-004b-4af9-b0df-625be8594d14,"<![CDATA[Má qualidade do ar subsiste nas zonas de maior tráfego rodoviário]]>","Notícias ao Minuto",2026-09-07,https://www.noticiasaominuto.com/pais/3047370/ma-qualidade-do-ar-subsiste-nas-zonas-de-maior-trafego-rodoviario#utm_source=rss-ultima-hora&amp;utm_medium=rss&amp;utm_campaign=rssfeed,"poluição e saúde","2026-09-08 06:00:09.844586+00",media,
f340c099-c988-42e2-9c6c-2373bff6b0eb,"<![CDATA[Neuroinflamação. O que acontece ao cérebro quando faz jejum intermitente?]]>","Notícias ao Minuto",2026-09-01,https://www.noticiasaominuto.com/lifestyle/3043780/dieta-eis-o-que-acontece-ao-cerebro-quando-faz-jejum-intermitente#utm_source=rss-ultima-hora&amp;utm_medium=rss&amp;utm_campaign=rssfeed,"jejum intermitente","2026-09-02 06:00:06.388454+00",media,
f3534691-8736-4646-a761-813a7dc1b567,"<![CDATA[Oposição cabo-verdiana apoia candidatura presidencial de ex-ministra]]>","Notícias ao Minuto",2026-08-29,https://www.noticiasaominuto.com/mundo/3043414/oposicao-cabo-verdiana-apoia-candidatura-presidencial-de-ex-ministra#utm_source=rss-ultima-hora&amp;utm_medium=rss&amp;utm_campaign=rssfeed,candidíase,"2026-08-30 06:00:09.990253+00",media,
f3975e23-2141-4211-bb6e-8716f8b0b119,"<![CDATA[Filiação noutro partido trava candidatura de Flávio Bolsonaro]]>","Notícias ao Minuto",2026-08-13,https://www.noticiasaominuto.com/mundo/3036266/filiacao-noutro-partido-trava-candidatura-de-flavio-bolsonaro#utm_source=rss-ultima-hora&amp;utm_medium=rss&amp;utm_campaign=rssfeed,candidíase,"2026-08-14 06:00:11.985508+00",media,
f3e6d49c-5439-4e51-b7b9-cf3cfdd33133,"<![CDATA[Dois candidatos do partido antiguerra Yabloko detidos em Moscovo]]>","Notícias ao Minuto",2026-09-04,https://www.noticiasaominuto.com/mundo/3046583/dois-candidatos-do-partido-antiguerra-yabloko-detidos-em-moscovo#utm_source=rss-ultima-hora&amp;utm_medium=rss&amp;utm_campaign=rssfeed,candidíase,"2026-09-07 06:00:16.483552+00",media,
f3e9b404-8671-451e-8b55-fe0ffccd3a97,"<![CDATA[Capitão James Tavernier anuncia saída do Rangers após 11 épocas]]>","Notícias ao Minuto",2026-04-22,https://www.noticiasaominuto.com/desporto/2977467/capitao-james-tavernier-anuncia-saida-do-rangers-apos-11-epocas#utm_source=rss-ultima-hora&amp;utm_medium=rss&amp;utm_campaign=rssfeed,"perturbação obsessivo-compulsiva","2026-04-23 06:00:09.870261+00",media,
f40e693d-02d0-4498-b565-c71c9a44551d,"<![CDATA[Oficial: Ruly García assina com o Tondela por duas épocas]]>","Notícias ao Minuto",2026-07-16,https://www.noticiasaominuto.com/desporto/3022612/oficial-ruly-garcia-assina-com-o-tondela-por-duas-epocas#utm_source=rss-ultima-hora&amp;utm_medium=rss&amp;utm_campaign=rssfeed,"perturbação obsessivo-compulsiva","2026-07-19 06:00:08.057305+00",media,
f410218c-7e5d-43ed-878b-19ed1e603ef0,"<![CDATA[Ondas de calor marcam 2025, ano mais húmido que o habitual em Portugal]]>","Notícias ao Minuto",2026-04-29,https://www.noticiasaominuto.com/pais/2981171/ondas-de-calor-marcam-2025-ano-mais-humido-que-o-habitual-em-portugal#utm_source=rss-ultima-hora&amp;utm_medium=rss&amp;utm_campaign=rssfeed,"calor extremo e saúde","2026-04-29 06:00:09.920756+00",media,
f41c3636-c6eb-4703-a9ec-3f6ad3e13daa,"<![CDATA[Já arrancou a época dos casamentos: Quantos dias pode faltar ao trabalho?]]>","Notícias ao Minuto",2026-07-06,https://www.noticiasaominuto.com/economia/3017024/ja-arrancou-a-epoca-dos-casamentos-quantos-dias-pode-faltar-ao-trabalho#utm_source=rss-ultima-hora&amp;utm_medium=rss&amp;utm_campaign=rssfeed,"perturbação obsessivo-compulsiva","2026-07-07 06:00:07.503569+00",media,
f426a007-e6b1-4993-b0e2-8769715d2543,"<![CDATA[Canja de peixe! Aprenda uma receita diferente da icónica sopa]]>","Notícias ao Minuto",2026-07-14,https://www.noticiasaominuto.com/lifestyle/3021170/canja-de-peixe-aprenda-uma-receita-diferente-da-iconica-sopa#utm_source=rss-ultima-hora&amp;utm_medium=rss&amp;utm_campaign=rssfeed,"síndrome do ovário poliquístico","2026-07-15 06:00:11.103862+00",media,
f4296147-4996-491a-924d-0602c9dbb612,"<![CDATA[Barcelona confirma primeira época 'perfeita' no Camp Nou desde 1959/60]]>","Notícias ao Minuto",2026-05-17,https://www.noticiasaominuto.com/desporto/2991509/barcelona-confirma-primeira-epoca-perfeita-no-camp-nou-desde-195960#utm_source=rss-ultima-hora&amp;utm_medium=rss&amp;utm_campaign=rssfeed,"perturbação obsessivo-compulsiva","2026-05-18 06:00:08.381765+00",media,
f44a1364-287c-4bd1-9a03-2833b063ce5a,"00h. Estoril e Famalicão empatam jogo inaugural da época",Observador,2026-08-07,https://observador.pt/programas/noticiario/as-noticias-das-00h-2384/,"perturbação obsessivo-compulsiva","2026-08-08 06:00:06.97896+00",media,
f44caa6e-4037-4252-a42f-95ef5b2fd780,"<![CDATA[""Vamos morrer"". Pearlman descreveu momento em que cruzou olhar com Trump]]>","Notícias ao Minuto",2026-04-27,https://www.noticiasaominuto.com/mundo/2980275/vamos-morrer-pearlman-descreveu-momento-em-que-cruzou-olhar-com-trump#utm_source=rss-ultima-hora&amp;utm_medium=rss&amp;utm_campaign=rssfeed,"perturbações do espectro do autismo","2026-04-28 06:00:08.764756+00",media,
f456654c-ec1a-420e-b760-26879a1d9390,"O Futuro da Música",Observador,2026-07-03,https://observador.pt/opiniao/o-futuro-da-musica/,"perturbação obsessivo-compulsiva","2026-07-04 06:00:09.329814+00",media,
f4849815-ee02-4347-98c8-5693f82d78c8,"Poluição do ar em Lisboa ultrapassa limites da OMS",TSF,2025-03-12,https://www.tsf.pt/poluicao-lisboa-oms,"poluição e saúde","2026-03-08 12:35:50.177732+00",media,
f484f329-c3e2-49ee-9510-92cf1af2bee7,"<![CDATA[Candidato quer mudar o nome e a bandeira de São Tomé e Príncipe]]>","Notícias ao Minuto",2026-07-14,https://www.noticiasaominuto.com/mundo/3021477/candidato-quer-mudar-o-nome-e-a-bandeira-de-sao-tome-e-principe#utm_source=rss-ultima-hora&amp;utm_medium=rss&amp;utm_campaign=rssfeed,candidíase,"2026-07-16 06:00:10.26627+00",media,
f4f620e5-284f-4129-b3a6-067fda0f709e,"Portugal continental com fraca qualidade do ar até quinta-feira diz a DGS",RTP,2026-04-06,https://www.rtp.pt/noticias/pais/portugal-continental-com-fraca-qualidade-do-ar-ate-quinta-feira-diz-a-dgs_n1731807,"poluição e saúde","2026-04-07 06:00:15.183768+00",media,
f4fba3db-668f-48ea-b54c-5e4b8867afdd,"<![CDATA[Ex-ministro de Starmer anuncia candidatura à liderança dos trabalhistas]]>","Notícias ao Minuto",2026-05-16,https://www.noticiasaominuto.com/mundo/2991084/ex-ministro-de-starmer-anuncia-candidatura-a-lideranca-dos-trabalhistas#utm_source=rss-ultima-hora&amp;utm_medium=rss&amp;utm_campaign=rssfeed,candidíase,"2026-05-17 06:00:10.770179+00",media,
f511d2fc-ea9e-46c6-b8c0-6f547a22d08d,"<![CDATA[Brasil registou sete ondas de calor e seca extrema em 2025]]>","Notícias ao Minuto",2026-05-18,https://www.noticiasaominuto.com/mundo/2992153/brasil-registou-sete-ondas-de-calor-e-seca-extrema-em-2025#utm_source=rss-ultima-hora&amp;utm_medium=rss&amp;utm_campaign=rssfeed,"calor extremo e saúde","2026-05-19 06:00:06.176873+00",media,
f514f475-a1a3-4506-994c-e4a1cd041a62,"Campanha Nacional de Sensibilização para as Demências &#124; A demência pode esconder-se atrás da vida","Coord. Nacional Saúde Mental",2026-07-09,https://saudemental.min-saude.pt/campanha-nacional-de-sensibilizacao-para-as-demencias-a-demencia-pode-esconder-se-atras-da-vida/,demência,"2026-07-12 06:00:21.371513+00",institucional,
f51e1e16-4a02-4268-90f5-12fa6cc535c0,"<![CDATA[PS em diálogo com Tiago Antunes para avaliar nova candidatura a Provedor]]>","Notícias ao Minuto",2026-04-18,https://www.noticiasaominuto.com/politica/2975145/ps-em-dialogo-com-tiago-antunes-para-avaliar-nova-candidatura-a-provedor#utm_source=rss-ultima-hora&amp;utm_medium=rss&amp;utm_campaign=rssfeed,candidíase,"2026-04-19 06:00:08.92347+00",media,
f523e33e-2b98-4b39-bee5-42e516c007d9,"Candidato presidencial de esquerda no Peru pede anulação de votos no estrangeiro",RTP,2026-06-23,https://www.rtp.pt/noticias/mundo/candidato-presidencial-de-esquerda-no-peru-pede-anulacao-de-votos-no-estrangeiro_n1748822,candidíase,"2026-06-23 06:00:11.785509+00",media,
f5695cdb-8904-419f-bc6f-aa53c2160284,"Andy Burnham confirmado único candidato à sucessão de Keir Starmer",RTP,2026-07-13,https://www.rtp.pt/noticias/mundo/andy-burnham-confirmado-unico-candidato-a-sucessao-de-keir-starmer_n1753128,candidíase,"2026-07-14 06:00:06.714743+00",media,
f56d1778-8d18-4b57-ac0a-30e2caa15ff2,"4h. Passou um ano do descarrilamento do ascensor da Glória",Observador,2026-09-03,https://observador.pt/programas/noticiario/as-noticias-das-4h-2390/,"perturbação obsessivo-compulsiva","2026-09-03 06:00:12.901646+00",media,
f58d4a11-d907-4f8b-9549-4ef9c135ec68,"<![CDATA[Nacional quer garantir ""grande objetivo"" da época diante do Santa Clara]]>","Notícias ao Minuto",2026-05-08,https://www.noticiasaominuto.com/desporto/2986586/nacional-quer-garantir-grande-objetivo-da-epoca-diante-do-santa-clara#utm_source=rss-ultima-hora&amp;utm_medium=rss&amp;utm_campaign=rssfeed,"perturbação obsessivo-compulsiva","2026-05-09 06:00:09.588472+00",media,
f59672ea-cdb3-4d78-8e70-a0586de90864,"<![CDATA[Café de manhã? Eis a quantidade ideal para reduzir o stress diário]]>","Notícias ao Minuto",2026-04-14,https://www.noticiasaominuto.com/lifestyle/2971635/cafe-de-manha-eis-a-quantidade-ideal-para-reduzir-o-stress-diario#utm_source=rss-ultima-hora&amp;utm_medium=rss&amp;utm_campaign=rssfeed,ansiedade,"2026-04-14 06:00:07.861746+00",media,
f5d58a71-e73a-4bd7-a3ab-d730e1c81170,"<![CDATA[Fumo afeta qualidade do ar em Nova Iorque dias antes da final do Mundial]]>","Notícias ao Minuto",2026-07-17,https://www.noticiasaominuto.com/mundo/3023171/fumo-afeta-qualidade-do-ar-em-nova-iorque-dias-antes-da-final-do-mundial#utm_source=rss-ultima-hora&amp;utm_medium=rss&amp;utm_campaign=rssfeed,"poluição e saúde","2026-07-20 06:00:12.191085+00",media,
f5d5ce66-b219-4b7a-8995-a6dea027d279,"<![CDATA[Época balnear soma 22 mortes e 1.285 salvamentos em quatro meses]]>","Notícias ao Minuto",2026-09-01,https://www.noticiasaominuto.com/pais/3044823/amn-regista-22-mortos-em-quatro-meses-de-epoca-balnear#utm_source=rss-ultima-hora&amp;utm_medium=rss&amp;utm_campaign=rssfeed,"perturbação obsessivo-compulsiva","2026-09-03 06:00:14.963501+00",media,
f5e081fd-0745-4325-8bdd-096f5200a700,"Módulo 3","Sociedade Portuguesa de Cardiologia",2026-04-08,https://spc.pt/curso-atualizacao-2026/modulo-3-2/,"perturbações do espectro do autismo","2026-04-10 06:00:50.414301+00",institucional,
f5e65e19-f704-4c0e-8a4a-0582f755496e,"20.ª Reunião Anual do NEDM leva a Viseu novos desafios na abordagem da diabetes","SP Medicina Interna",2026-09-07,https://www.spmi.pt/20-a-reuniao-anual-do-nedm-leva-a-viseu-novos-desafios-na-abordagem-da-diabetes/,"diabetes tipo 2","2026-09-10 06:00:54.019968+00",institucional,
f5ebdea4-6e53-4bd7-8b89-0469a1c65e4e,"<![CDATA[Estudo. Hábito comum pode levar ao desenvolvimento precoce de demência]]>","Notícias ao Minuto",2026-06-05,https://www.noticiasaominuto.com/lifestyle/3000819/estudo-habito-comum-pode-levar-ao-desenvolvimento-precoce-da-demencia#utm_source=rss-ultima-hora&amp;utm_medium=rss&amp;utm_campaign=rssfeed,demência,"2026-06-06 06:00:10.764271+00",media,
f62c54cf-75e8-4ae2-a8e6-093de0886fe8,"<![CDATA[Canadá suspende novas candidaturas ao programa para pais e avós]]>","Notícias ao Minuto",2026-07-18,https://www.noticiasaominuto.com/mundo/3023527/canada-suspende-novas-candidaturas-ao-programa-para-pais-e-avos#utm_source=rss-ultima-hora&amp;utm_medium=rss&amp;utm_campaign=rssfeed,candidíase,"2026-07-19 06:00:08.057305+00",media,
f63a2f59-0e1e-4917-9858-29429164b2de,"A (necessária) transparência da informação sobre os doadores dos partidos e das campanhas políticas",Público,2026-04-26,https://www.publico.pt/2026/04/27/opiniao/opiniao/necessaria-transparencia-informacao-doadores-partidos-campanhas-politicas-2172149,candidíase,"2026-04-27 06:00:08.257476+00",media,
f6460859-c0e4-4bd7-9b5a-bfe34edb3da6,"<![CDATA[Human Rigths Watch critica condenação de ativistas em Hong Kong]]>","Notícias ao Minuto",2026-08-22,https://www.noticiasaominuto.com/mundo/3039989/human-rigths-watch-critica-condenacao-de-ativistas-em-hong-kong#utm_source=rss-ultima-hora&amp;utm_medium=rss&amp;utm_campaign=rssfeed,"terapia hormonal","2026-08-24 06:00:11.840935+00",media,
f6558c0e-3a7f-4b3a-b94b-c99ec0e769ed,"<![CDATA[Moreirense vence Amarante em teste de pré-época]]>","Notícias ao Minuto",2026-08-01,https://www.noticiasaominuto.com/desporto/3030878/moreirense-vence-amarante-em-teste-de-pre-epoca#utm_source=rss-ultima-hora&amp;utm_medium=rss&amp;utm_campaign=rssfeed,"perturbação obsessivo-compulsiva","2026-08-03 06:00:08.436187+00",media,
f67792b7-9c62-4b36-a412-211b925e51cf,"Estudo revela aumento de 40% nos casos de ansiedade em jovens portugueses",Público,2025-01-15,https://publico.pt/ansiedade-jovens-2025,ansiedade,"2026-03-08 11:22:47.09953+00",media,
f69e1bcc-a3c1-4922-a0d0-91f4696cb5c0,"Candidatas à liderança da ONU têm como prioridade combate ao crime internacional",RTP,2026-08-04,https://www.rtp.pt/noticias/mundo/candidatas-a-lideranca-da-onu-tem-como-prioridade-combate-ao-crime-internacional_n1757537,candidíase,"2026-08-04 06:00:09.429813+00",media,
f6b6ed55-f878-41a2-af75-51f41417f413,"<![CDATA[Eis o número de horas de sono (certas) para reduzir o risco de demência]]>","Notícias ao Minuto",2026-04-29,https://www.noticiasaominuto.com/lifestyle/2981114/eis-o-numero-de-horas-de-sono-certas-para-reduzir-o-risco-de-demencia#utm_source=rss-ultima-hora&amp;utm_medium=rss&amp;utm_campaign=rssfeed,demência,"2026-04-30 06:00:09.077392+00",media,
f73fb14d-6151-4dd0-9c77-f95573a52bc2,"<![CDATA[Oficial: Alverca assegura contratação de extremo para a próxima época]]>","Notícias ao Minuto",2026-05-25,https://www.noticiasaominuto.com/desporto/2995282/oficial-alverca-assegura-contratacao-de-extremo-para-a-proxima-epoca#utm_source=rss-ultima-hora&amp;utm_medium=rss&amp;utm_campaign=rssfeed,"perturbação obsessivo-compulsiva","2026-05-26 06:00:09.324361+00",media,
f74374a2-1598-40f2-b3a5-f2159e63cbbd,"<![CDATA[FC Porto arranca pré-época esta quarta-feira. Eis o plantel provisório]]>","Notícias ao Minuto",2026-07-01,https://www.noticiasaominuto.com/desporto/3013699/acabaram-as-ferias-fc-porto-arranca-pre-temporada-esta-quarta-feira#utm_source=rss-ultima-hora&amp;utm_medium=rss&amp;utm_campaign=rssfeed,"perturbação obsessivo-compulsiva","2026-07-01 06:00:13.168736+00",media,
f75d2fec-1a1f-4be6-860c-a7a5d77903aa,"“Vamos ficar de olhos abertos”: Comissão Europeia promove campanha pelos direitos das vítimas de crime",APAV,2026-08-12,https://apav.pt/vamos-ficar-de-olhos-abertos-comissao-europeia-promove-campanha-pelos-direitos-das-vitimas-de-crime/,"síndrome do ovário poliquístico","2026-08-24 06:01:03.379393+00",institucional,
f7ae4917-968b-41d0-806f-3177ac4be385,"<![CDATA[""Autismo: Incluir na escola é muito mais do que integrar""]]>","Notícias ao Minuto",2026-07-06,https://www.noticiasaominuto.com/lifestyle/3016007/autismo-incluir-na-escola-e-muito-mais-do-que-integrar#utm_source=rss-ultima-hora&amp;utm_medium=rss&amp;utm_campaign=rssfeed,"perturbações do espectro do autismo","2026-07-07 06:00:07.503569+00",media,
f8136141-05a5-4d5f-8825-d6cd766befc9,"Candidata ao Miss Brasil Europa 2026 visita a APAV",APAV,2026-09-03,https://apav.pt/candidata-ao-miss-brasil-europa-2026-visita-a-apav/,candidíase,"2026-09-06 06:00:59.534131+00",institucional,
f82e4618-57c5-4a46-bd18-5c53c7d45f7e,"<![CDATA[Homem com ""enfarte do miocárdio"" resgatado pela Marinha nos Açores]]>","Notícias ao Minuto",2026-07-17,https://www.noticiasaominuto.com/pais/3023366/homem-com-enfarte-do-miocardio-resgatado-pela-marinha-nos-acores#utm_source=rss-ultima-hora&amp;utm_medium=rss&amp;utm_campaign=rssfeed,"doenças cardiovasculares","2026-07-18 06:00:10.749625+00",media,
f831d902-dd63-4537-85fb-7202fc8dbd77,"Dia dos Avós: o melhor remédio pode ser uma visita",Observador,2026-07-27,https://observador.pt/programas/tratar-da-saude/dia-dos-avos-o-melhor-remedio-pode-ser-uma-visita/,solidão,"2026-07-27 06:00:06.034731+00",media,
f84979cf-9980-4c74-b088-6873f075f027,"<![CDATA[Candidaturas ao ensino superior na 2.ª fase terminam dois dias mais cedo]]>","Notícias ao Minuto",2026-07-23,https://www.noticiasaominuto.com/pais/3026428/candidaturas-ao-ensino-superior-na-2-fase-terminam-dois-dias-mais-cedo#utm_source=rss-ultima-hora&amp;utm_medium=rss&amp;utm_campaign=rssfeed,candidíase,"2026-07-24 06:00:08.480521+00",media,
f869a330-1e87-4eba-8d8b-cb8b7c70d96a,"<![CDATA[FIFA vai mesmo a votos. Gianni Infantino recandidata-se à presidência]]>","Notícias ao Minuto",2026-09-06,https://www.noticiasaominuto.com/desporto/3047194/fifa-vai-mesmo-a-votos-gianni-infantino-recandidata-se-a-presidencia#utm_source=rss-ultima-hora&amp;utm_medium=rss&amp;utm_campaign=rssfeed,candidíase,"2026-09-07 06:00:16.483552+00",media,
f8d3d466-a78b-462c-affe-63b586092a48,"Messi, Yamal, Mbappé, Rodri. As contas da Bola de Ouro",Observador,2026-07-20,https://observador.pt/2026/07/20/messi-fora-da-equacao-yamal-na-corrida-mbappe-a-baralhar-a-logica-e-rodri-a-tornar-se-evidente-como-ficaram-as-contas-da-bola-de-ouro/,candidíase,"2026-07-20 06:00:10.55402+00",media,
f8fc15f0-92b2-40b9-8641-b6eb2cf4c57b,"SPPCV lança Bolsa de Investigação 2026 com prémio de cinco mil euros","Sociedade Portuguesa Patologia Coluna Vertebral",2026-01-21,https://sppcv.org/noticias/sppcv-lanca-bolsa-de-investigacao-2026-com-premio-de-cinco-mil-euros/,candidíase,"2026-04-10 06:00:42.39863+00",institucional,
f9124e8b-f881-4ffc-a7f4-e52b09364cab,"<![CDATA[Seguro exige notas dos exames ""a tempo"" da candidatura ao superior]]>","Notícias ao Minuto",2026-07-31,https://www.noticiasaominuto.com/pais/3030671/seguro-exige-notas-dos-exames-a-tempo-da-candidatura-ao-superior#utm_source=rss-ultima-hora&amp;utm_medium=rss&amp;utm_campaign=rssfeed,candidíase,"2026-08-03 06:00:08.436187+00",media,
f953b59f-f453-40c8-8f49-f62c4d491278,"Destroços de navio romano descobertos na costa da Sicília",Observador,2026-08-09,https://observador.pt/2026/08/09/destrocos-de-navio-romano-encontrados-na-costa-da-sicilia-uma-das-mais-importantes-descobertas-arqueologicas-dos-ultimos-anos/,"perturbação obsessivo-compulsiva","2026-08-10 06:00:08.825675+00",media,
f95d1cd5-8d30-481a-8132-67801d51ad1f,"<![CDATA[Nacional inicia preparação da época 2026/27 ainda sem novas contratações]]>","Notícias ao Minuto",2026-07-01,https://www.noticiasaominuto.com/desporto/3014531/nacional-inicia-preparacao-da-epoca-202627-ainda-sem-novas-contratacoes#utm_source=rss-ultima-hora&amp;utm_medium=rss&amp;utm_campaign=rssfeed,"perturbação obsessivo-compulsiva","2026-07-02 06:00:06.429497+00",media,
f95fc292-6511-4f57-bf9e-71fb6bb23829,"<![CDATA[Sopa fria de melão: 3 receitas fáceis para aproveitar a fruta da época]]>","Notícias ao Minuto",2026-07-07,https://www.noticiasaominuto.com/lifestyle/3017652/sopa-fria-de-melao-3-receitas-faceis-para-aproveitar-a-fruta-da-epoca#utm_source=rss-ultima-hora&amp;utm_medium=rss&amp;utm_campaign=rssfeed,"síndrome do ovário poliquístico","2026-07-08 06:00:17.625893+00",media,
f96283d9-cdae-4ceb-b4bd-af2affbc6f61,"<![CDATA[Livre considera que época de incêndios desaconselha substituir Luís Neves]]>","Notícias ao Minuto",2026-07-29,https://www.noticiasaominuto.com/politica/3029420/livre-considera-que-epoca-de-incendios-desaconselha-substituir-luis-neves#utm_source=rss-ultima-hora&amp;utm_medium=rss&amp;utm_campaign=rssfeed,"perturbação obsessivo-compulsiva","2026-07-30 06:00:41.97847+00",media,
f9880e9b-b9db-40c2-81ba-be4c3b20fe25,"<![CDATA[Pelo menos 110 veteranos da guerra na Ucrânia candidatos na Rússia]]>","Notícias ao Minuto",2026-08-05,https://www.noticiasaominuto.com/mundo/3032708/pelo-menos-110-veteranos-da-guerra-na-ucrania-candidatos-na-russia#utm_source=rss-ultima-hora&amp;utm_medium=rss&amp;utm_campaign=rssfeed,candidíase,"2026-08-06 06:00:11.012929+00",media,
f991f2ee-90e2-47ae-a222-3cf6a2435693,"SPPSM apoia 2.ª edição da sessão formativa sobre Autismo e PHDA no Adulto","SP Psiquiatria e Saúde Mental",2026-06-01,https://www.sppsm.org/sppsm-apoia-2-a-edicao-da-sessao-formativa-sobre-autismo-e-phda-no-adulto/,"perturbações do espectro do autismo","2026-08-16 06:00:54.894793+00",institucional,
f9a9ca77-6ef4-4bf7-b904-def6c3ff72b3,"<![CDATA[Bibá Pitta e a pergunta que Luís Represas fazia sempre que se encontravam]]>","Notícias ao Minuto",2026-07-23,https://www.noticiasaominuto.com/fama/3025854/biba-pitta-e-a-pergunta-que-luis-represas-fazia-sempre-que-se-encontravam#utm_source=rss-ultima-hora&amp;utm_medium=rss&amp;utm_campaign=rssfeed,"refluxo gastroesofágico","2026-07-24 06:00:08.480521+00",media,
f9ba15b6-94bc-4403-9249-de7aa33d4d01,"Cérebro e coluna: envelhecem juntos, protegem-se juntos","Sociedade Portuguesa Patologia Coluna Vertebral",2026-07-09,https://sppcv.org/artigos-de-opiniao/cerebro-e-coluna-envelhecem-juntos-protegem-se-juntos/,demência,"2026-07-14 06:00:35.328586+00",institucional,
f9d03329-44c7-4235-a2d5-b5a509d7252f,"Estoril e Famalicão empatam na abertura da Liga",Observador,2026-08-07,https://observador.pt/2026/08/07/empate-na-estreia-da-i-liga-famalicao-adianta-se-com-koutsias-mas-begraoui-salva-o-estoril/,"perturbação obsessivo-compulsiva","2026-08-08 06:00:06.97896+00",media,
f9dc04d8-f497-4164-bf8c-be8314dee053,"<![CDATA[Sporting começa época na Champions... como rei da Liga Europa]]>","Notícias ao Minuto",2026-09-04,https://www.noticiasaominuto.com/desporto/3036530/sporting-comeca-epoca-na-champions-como-rei-da-liga-europa#utm_source=rss-ultima-hora&amp;utm_medium=rss&amp;utm_campaign=rssfeed,"perturbação obsessivo-compulsiva","2026-09-06 06:00:05.47152+00",media,
f9fd8a37-9292-43f9-8dac-3fece5b28c0b,"<![CDATA[Estudo. Eis os alimentos que ajudam a reduzir risco de cancro da mama]]>","Notícias ao Minuto",2026-08-08,https://www.noticiasaominuto.com/lifestyle/3031502/estudo-eis-os-alimentos-que-ajudam-a-reduzir-risco-de-cancro-da-mama#utm_source=rss-ultima-hora&amp;utm_medium=rss&amp;utm_campaign=rssfeed,"cancro da mama","2026-08-09 06:00:11.264131+00",media,
fa0fca25-3c95-4e0f-9751-3b3adf9beb07,"<![CDATA[Nem regressa à pré-época? Saída de Trincão pode acontecer após Mundial]]>","Notícias ao Minuto",2026-06-18,https://www.noticiasaominuto.com/desporto/3007215/nem-regressa-a-pre-epoca-saida-de-trincao-pode-acontecer-apos-mundial#utm_source=rss-ultima-hora&amp;utm_medium=rss&amp;utm_campaign=rssfeed,"perturbação obsessivo-compulsiva","2026-06-19 06:00:45.839366+00",media,
fa2e62e2-0af8-4c6b-ad58-2877607572a8,"<![CDATA[Trubin reflete época no Benfica e elogia Mourinho: ""Tenho muita sorte...""]]>","Notícias ao Minuto",2026-05-19,https://www.noticiasaominuto.com/desporto/2992597/trubin-reflete-epoca-no-benfica-e-elogia-mourinho-tenho-muita-sorte#utm_source=rss-ultima-hora&amp;utm_medium=rss&amp;utm_campaign=rssfeed,"perturbação obsessivo-compulsiva","2026-05-20 06:00:08.835469+00",media,
fa3d9ba4-577e-426f-b31a-ebfedb4af1fd,"Iniciativa Liberal acusa PS de hipocrisia por criticar o ministro da Educação",RTP,2026-09-14,https://www.rtp.pt/noticias/politica/iniciativa-liberal-acusa-ps-de-hipocrisia-por-criticar-o-ministro-da-educacao_v1765427,"perturbação obsessivo-compulsiva","2026-09-15 06:00:06.984056+00",media,
fa4b828c-951b-47c2-9bfd-6e46f2dc11ad,"<![CDATA[""Foi stressante"". Kokçu relembra chegada de Akturkoglu ao Benfica]]>","Notícias ao Minuto",2026-06-11,https://www.noticiasaominuto.com/desporto/3003751/foi-stressante-kokcu-relembra-chegada-de-akturkoglu-ao-benfica#utm_source=rss-ultima-hora&amp;utm_medium=rss&amp;utm_campaign=rssfeed,ansiedade,"2026-06-12 06:00:09.434369+00",media,
fa8dd938-4014-461d-ab4b-92aca416e7b6,"25 mil famílias têm rendimento acima dos 100 mil € por ano",Observador,2026-05-25,https://observador.pt/programas/conferencia-de-imprensa/25-mil-familias-tem-rendimento-acima-dos-100-mil-e-por-ano/,"doenças da tiroide","2026-05-25 06:00:08.514442+00",media,
faa921f0-a0b5-493e-8be2-8ccbaafe93c2,"<![CDATA[Homem com ""enfarte do miocárdio"" resgatado pela Marinha nos Açores]]>","Notícias ao Minuto",2026-07-17,https://www.noticiasaominuto.com/pais/3023366/homem-com-enfarte-do-miocardio-resgatado-pela-marinha-nos-acores#utm_source=rss-ultima-hora&amp;utm_medium=rss&amp;utm_campaign=rssfeed,"doenças cardiovasculares","2026-07-19 06:00:08.057305+00",media,
faaa7851-3b07-4d87-86fa-0d88fbab5b32,"<![CDATA[Moedas ""apanhado de surpresa"" por candidaturas para reconstrução de casas]]>","Notícias ao Minuto",2026-05-27,https://www.noticiasaominuto.com/politica/2996668/moedas-apanhado-de-surpresa-por-candidaturas-para-reconstrucao-de-casas#utm_source=rss-ultima-hora&amp;utm_medium=rss&amp;utm_campaign=rssfeed,candidíase,"2026-05-28 06:00:12.033939+00",media,
fabaa149-5e7a-4b31-a264-e78e3e69ca44,"Sérgio Ferreira pede Alverca &quot;ousado&quot; frente ao Santa Clara",Observador,2026-08-28,https://observador.pt/2026/08/28/ambicao-e-ousadia-para-a-primeira-vitoria-alverca-recebe-santa-clara-com-goncalo-paciencia-em-destaque-na-i-liga/,"perturbação obsessivo-compulsiva","2026-08-29 06:00:10.046573+00",media,
fafbd25b-9ac0-4f45-ab38-1ebd631f0c38,"Tondela arranca época com vitória",RTP,2026-08-08,https://www.rtp.pt/noticias/futebol-nacional/tondela-arranca-epoca-com-vitoria_d1758440,"perturbação obsessivo-compulsiva","2026-08-09 06:00:10.627375+00",media,
fb034db4-de37-401d-bc6a-d6c3470c5103,"O futebol rock and roll que continua Livin' on a Prayer",Observador,2026-06-19,https://observador.pt/2026/06/19/o-futebol-rock-and-roll-que-continua-livin-on-a-prayer-a-cronica-do-eua-australia/,"perturbação obsessivo-compulsiva","2026-06-20 06:00:07.950171+00",media,
fb1458ff-d133-44f7-a8fa-338ef54924a2,"Comunicado CPSA &#8211; Ondas de Calor","Conselho Português para a Saúde e Ambiente",2026-06-30,https://cpsa.pt/media/comunicados/comunicado-cpsa-ondas-de-calor/,"calor extremo e saúde","2026-07-01 06:01:11.271143+00",institucional,
fb37c33a-d11d-4b52-b6c8-641889ba4b91,"Há decisões que salvam vidas. E atrasos que as comprometem",Observador,2026-03-25,https://observador.pt/opiniao/ha-decisoes-que-salvam-vidas-e-ha-atrasos-que-as-comprometem/,"perturbação obsessivo-compulsiva","2026-03-25 06:00:18.778161+00",media,
fb5faaa0-3f1e-4fef-9185-878873b98887,"<![CDATA[Belmiro Pinto dos Santos candidata-se à presidência do Vitória SC]]>","Notícias ao Minuto",2026-04-14,https://www.noticiasaominuto.com/desporto/2972585/belmiro-pinto-dos-santos-candidata-se-a-presidencia-do-vitoria-sc#utm_source=rss-ultima-hora&amp;utm_medium=rss&amp;utm_campaign=rssfeed,candidíase,"2026-04-15 06:00:08.095381+00",media,
fb76eba6-d3a1-4b81-b921-bb5413daed9b,"22 projetos e 17 milhões para o turismo nacional",Observador,2026-04-27,https://observador.pt/2026/04/28/turismo-de-portugal-com-22-projetos-de-17-milhoes-aprovados-pelo-pais-com-apoio-de-85-milhoes/,candidíase,"2026-04-28 06:00:06.921743+00",media,
fb78ccf1-3e1b-4247-b08c-577ad54dbe41,"LeBron James muda-se para os Philadelphia 76ers e vai jogar a 24.ª época na NBA",RTP,2026-07-24,https://www.rtp.pt/noticias/outras-modalidades/lebron-james-muda-se-para-os-philadelphia-76ers-e-vai-jogar-a-24a-epoca-na-nba_d1755706,"perturbação obsessivo-compulsiva","2026-07-25 06:00:06.12417+00",media,
fb93d678-0f6d-437d-993d-52524a021374,"César Silva recandidata-se à Distrital de Évora do Chega",Observador,2026-06-05,https://observador.pt/2026/06/06/cesar-silva-recandidata-se-a-presidente-da-distrital-de-evora-do-chega/,candidíase,"2026-06-06 06:00:09.210123+00",media,
fb96854a-4861-424a-824b-a783dd3bef7a,"<![CDATA[Ex-ministra Janine Lélis retira candidatura à presidência de Cabo Verde]]>","Notícias ao Minuto",2026-08-14,https://www.noticiasaominuto.com/mundo/3036658/ex-ministra-janine-lelis-retira-candidatura-a-presidencia-de-cabo-verde#utm_source=rss-ultima-hora&amp;utm_medium=rss&amp;utm_campaign=rssfeed,candidíase,"2026-08-17 06:00:10.187489+00",media,
fb987862-0869-46c7-8f19-cae57befa451,"“Vamos ficar de olhos abertos”: Comissão Europeia promove campanha pelos direitos das vítimas de crime",APAV,2026-08-12,https://apav.pt/vamos-ficar-de-olhos-abertos-comissao-europeia-promove-campanha-pelos-direitos-das-vitimas-de-crime/,"síndrome do ovário poliquístico","2026-08-28 06:00:44.811261+00",institucional,
fbb3babb-8c21-45db-b6ac-38376bb18e09,"“Vamos ficar de olhos abertos”: Comissão Europeia promove campanha pelos direitos das vítimas de crime",APAV,2026-08-12,https://apav.pt/vamos-ficar-de-olhos-abertos-comissao-europeia-promove-campanha-pelos-direitos-das-vitimas-de-crime/,"síndrome do ovário poliquístico","2026-08-17 06:00:55.388462+00",institucional,
fbcb3ab5-6ba7-4c26-ac92-3d53feffa3d4,"<![CDATA[Novo despacho das unidades AVC pronto até agosto]]>","Notícias ao Minuto",2026-07-14,https://www.noticiasaominuto.com/pais/3021424/novo-despacho-das-unidades-avc-pronto-ate-agosto#utm_source=rss-ultima-hora&amp;utm_medium=rss&amp;utm_campaign=rssfeed,avc,"2026-07-16 06:00:10.26627+00",media,
fbffa263-3998-4d7e-acc5-ce3819c4fcef,"Renato Veiga e o &quot;privilégio&quot; de vestir a 13 de Eusébio",Observador,2026-06-08,https://observador.pt/2026/06/08/renato-veiga-e-o-privilegio-de-vestir-a-13-de-eusebio-traz-uma-motivacao-extra/,"perturbação obsessivo-compulsiva","2026-06-09 06:00:08.385532+00",media,
fc248126-9586-407d-aee1-67cc04b7df61,"“Vamos ficar de olhos abertos”: Comissão Europeia promove campanha pelos direitos das vítimas de crime",APAV,2026-08-12,https://apav.pt/vamos-ficar-de-olhos-abertos-comissao-europeia-promove-campanha-pelos-direitos-das-vitimas-de-crime/,"síndrome do ovário poliquístico","2026-08-22 06:00:57.77239+00",institucional,
fc6012c3-7be3-4383-a3bb-a9f25967a135,"<![CDATA[Saúde? Portugal abaixo da média da OCDE em quase todos os indicadores]]>","Notícias ao Minuto",2026-04-16,https://www.noticiasaominuto.com/pais/2973586/saude-portugal-abaixo-da-media-da-ocde-em-quase-todos-os-indicadores#utm_source=rss-ultima-hora&amp;utm_medium=rss&amp;utm_campaign=rssfeed,"perturbação obsessivo-compulsiva","2026-04-16 06:00:09.337214+00",media,
fc7096df-548a-4bbe-b4fc-e9b05fecc863,"Oficializada candidatura de Flávio Bolsonaro para as eleições presidenciais no Brasil",RTP,2026-07-25,https://www.rtp.pt/noticias/mundo/oficializada-candidatura-de-flavio-bolsonaro-para-as-eleicoes-presidenciais-no-brasil_n1755851,candidíase,"2026-07-26 06:00:06.931847+00",media,
fc9b6e5c-0e6f-4f41-b91f-d916037c7cd0,"<![CDATA[Lei laboral ""nem deve chegar à AR"". ""Era um favor que o Governo fazia""]]>","Notícias ao Minuto",2026-05-07,https://www.noticiasaominuto.com/politica/2985985/lei-laboral-nem-deve-chegar-a-ar-era-um-favor-que-o-governo-fazia#utm_source=rss-ultima-hora&amp;utm_medium=rss&amp;utm_campaign=rssfeed,"refluxo gastroesofágico","2026-05-08 06:00:08.82177+00",media,
fca05ded-44d1-4074-840c-cd0d9e24991c,"CDU quer empresa gestora da AIGP do Alva a &quot;prestar contas&quot;",Observador,2026-07-27,https://observador.pt/2026/07/27/cdu-questiona-camara-de-vila-nova-de-poiares-sobre-gestao-da-area-integrada-de-paisagem-do-alva-e-pede-que-empresa-preste-contas/,"perturbação obsessivo-compulsiva","2026-07-28 06:00:04.556113+00",media,
fcdb826f-d254-474e-a76a-044197d41da9,"<![CDATA[Ponta de lança francês Evans Maurin assina por três épocas com Casa Pia]]>","Notícias ao Minuto",2026-08-29,https://www.noticiasaominuto.com/desporto/3043287/ponta-de-lanca-frances-evans-maurin-assina-por-tres-epocas-com-casa-pia#utm_source=rss-ultima-hora&amp;utm_medium=rss&amp;utm_campaign=rssfeed,"perturbação obsessivo-compulsiva","2026-08-30 06:00:09.990253+00",media,
fcde327e-37d6-4947-9de3-8b1f6bca2971,"<![CDATA[Henrique Araújo, Varela e Obrador ausentes no início de época do Benfica]]>","Notícias ao Minuto",2026-06-25,https://www.noticiasaominuto.com/desporto/3011336/henrique-araujo-varela-e-obrador-ausentes-no-inicio-de-epoca-do-benfica#utm_source=rss-ultima-hora&amp;utm_medium=rss&amp;utm_campaign=rssfeed,"perturbação obsessivo-compulsiva","2026-06-26 06:00:16.145972+00",media,
fd0c4bf2-dbf0-421e-98ef-3db87d715827,"<![CDATA[Oficial: Pedro Emanuel deixa Al Fayha uma época e meia depois]]>","Notícias ao Minuto",2026-05-22,https://www.noticiasaominuto.com/desporto/2994372/oficial-pedro-emanuel-deixa-al-fayha-uma-epoca-e-meia-depois#utm_source=rss-ultima-hora&amp;utm_medium=rss&amp;utm_campaign=rssfeed,"perturbação obsessivo-compulsiva","2026-05-23 06:00:10.234888+00",media,
fd1fd76d-0ff0-4bcb-9d0f-0d4223d852d4,"O inspetor da PIDE que interrogou Sophia de Mello Breyner acabou interrogado por Miguel Sousa Tavares",RTP,2026-03-31,https://www.rtp.pt/noticias/cultura/o-inspetor-da-pide-que-interrogou-sophia-de-mello-breyner-acabou-interrogado-por-miguel-sousa-tavares_n1730438,"síndrome do ovário poliquístico","2026-03-31 06:00:28.514109+00",media,
fd25bfd1-7cc3-409b-9410-2563003fa2c5,"<![CDATA[Trump emite ordem para eliminar vestígios de ""ideologia marxista"" do Smithsonian]]>","Notícias ao Minuto",2026-07-26,https://www.noticiasaominuto.com/mundo/3027699/trump-emite-ordem-para-eliminar-vestigios-de-ideologia-marxista-do-smithsonian#utm_source=rss-ultima-hora&amp;utm_medium=rss&amp;utm_campaign=rssfeed,"terapia hormonal","2026-07-27 06:00:07.629701+00",media,
fd46a315-6fcb-4bb3-92a5-41945719217d,"Cérebro e coluna: envelhecem juntos, protegem-se juntos","Sociedade Portuguesa Patologia Coluna Vertebral",2026-07-09,https://sppcv.org/artigos-de-opiniao/cerebro-e-coluna-envelhecem-juntos-protegem-se-juntos/,demência,"2026-07-15 06:00:37.281635+00",institucional,
fd4c2495-a841-4696-8cb0-75d420490576,"<![CDATA[Rui Borges esfrega mãos com reforços antecipados na pré-época do Sporting]]>","Notícias ao Minuto",2026-06-28,https://www.noticiasaominuto.com/desporto/3012336/rui-borges-esfrega-maos-com-reforcos-antecipados-na-pre-epoca-do-sporting#utm_source=rss-ultima-hora&amp;utm_medium=rss&amp;utm_campaign=rssfeed,"perturbação obsessivo-compulsiva","2026-06-29 06:00:17.41872+00",media,
fd61ae0f-9781-44b9-88e5-6ff119ac9d2f,"Jejum intermitente: especialistas alertam para riscos",Observador,2025-02-10,https://observador.pt/jejum-intermitente-riscos,"jejum intermitente","2026-03-08 12:35:50.177732+00",media,
fd81c478-7b47-4ede-a339-14d84de95a9a,"<![CDATA[PCP questiona Governo sobre novas candidaturas ao apoio do pastoreio]]>","Notícias ao Minuto",2026-06-25,https://www.noticiasaominuto.com/politica/3011224/pcp-questiona-governo-sobre-novas-candidaturas-ao-apoio-do-pastoreio#utm_source=rss-ultima-hora&amp;utm_medium=rss&amp;utm_campaign=rssfeed,candidíase,"2026-06-26 06:00:16.145972+00",media,
fdd33160-d877-46b6-a654-d6860d547ee7,"<![CDATA[Do Festival da Sopa da Pedra à Feira da Luz: Este fim de semana promete]]>","Notícias ao Minuto",2026-08-28,https://www.noticiasaominuto.com/lifestyle/3042789/do-festival-da-sopa-da-pedra-a-feira-da-luz-este-fim-de-semana-promete#utm_source=rss-ultima-hora&amp;utm_medium=rss&amp;utm_campaign=rssfeed,"síndrome do ovário poliquístico","2026-08-31 06:00:09.311004+00",media,
fe28295f-7ecb-4deb-9342-5275ab1d8f7c,"<![CDATA[Carlos Bica e Wolfgang Muthspiel no Festival Bernardo Sassetti]]>","Notícias ao Minuto",2026-05-26,https://www.noticiasaominuto.com/cultura/2995709/carlos-bica-e-wolfgang-muthspiel-no-festival-bernardo-sassetti#utm_source=rss-ultima-hora&amp;utm_medium=rss&amp;utm_campaign=rssfeed,"terapia hormonal","2026-05-27 06:00:13.681675+00",media,
fe3ebd8f-0882-40a5-a9a2-e49e515e091a,"Candidata ao Miss Brasil Europa 2026 visita a APAV",APAV,2026-09-03,https://apav.pt/candidata-ao-miss-brasil-europa-2026-visita-a-apav/,candidíase,"2026-09-15 06:00:54.130258+00",institucional,
fe697c0d-a0fa-4b83-bbba-b3ef54ea651f,"<![CDATA[Liga Europa arranca com Benfica, AC Milan e Juventus entre os candidatos]]>","Notícias ao Minuto",2026-09-13,https://www.noticiasaominuto.com/desporto/3050613/le-prova-arranca-com-benfica-e-tubaroes-como-ac-milan-e-juventus-entre-os-candidatos#utm_source=rss-ultima-hora&amp;utm_medium=rss&amp;utm_campaign=rssfeed,candidíase,"2026-09-14 06:00:12.111358+00",media,
fecf2646-e2b5-421b-ae06-096094b1151b,"23h José Mourinho com acordo com Real Madrid para três épocas",RTP,2026-05-26,https://www.rtp.pt/noticias/noticiario-antena1/23h-jose-mourinho-com-acordo-com-real-madrid-para-tres-epocas_a1_1743446,"perturbação obsessivo-compulsiva","2026-05-26 06:00:08.64614+00",media,
fef3cdfc-6ce5-46cf-847d-91e908437ff6,"<![CDATA[PS volta a propor Luísa Neto como candidata a provedora de Justiça]]>","Notícias ao Minuto",2026-06-18,https://www.noticiasaominuto.com/politica/3007263/ps-volta-a-propor-luisa-neto-como-candidata-a-provedora-de-justica#utm_source=rss-ultima-hora&amp;utm_medium=rss&amp;utm_campaign=rssfeed,candidíase,"2026-06-19 06:00:45.839366+00",media,
fef7bc5e-4b40-4a13-a516-3fa78fe92c13,"<![CDATA[Anemia na gravidez pode afetar cérebro do bebé, alerta estudo]]>","Notícias ao Minuto",2026-09-14,https://www.noticiasaominuto.com/lifestyle/3050891/anemia-na-gravidez-pode-afetar-cerebro-do-bebe-alerta-estudo#utm_source=rss-ultima-hora&amp;utm_medium=rss&amp;utm_campaign=rssfeed,anemia,"2026-09-15 06:00:07.629104+00",media,
ff1ce111-f07f-4c9f-a4f7-d275afa773ea,"<![CDATA[""Durante muito tempo, escolhemos o silêncio. Alcoolismo é doença grave""]]>","Notícias ao Minuto",2026-07-24,https://www.noticiasaominuto.com/fama/3026697/durante-muito-tempo-escolhemos-o-silencio-alcoolismo-e-doenca-grave#utm_source=rss-ultima-hora&amp;utm_medium=rss&amp;utm_campaign=rssfeed,alcoolismo,"2026-07-25 06:00:06.989106+00",media,
ff493478-b065-4816-8a1c-8bdea77275d4,"4h. PM ofereceu pulseiras à Seleção Portuguesa",Observador,2026-06-14,https://observador.pt/programas/noticiario/as-noticias-das-4h-2316/,"perturbação obsessivo-compulsiva","2026-06-14 06:00:08.386667+00",media,
ff6bc785-61d8-4be3-b7ea-62d2dcd202c9,"<![CDATA[3 vilões que influenciam silenciosamente o seu colesterol]]>","Notícias ao Minuto",2026-05-08,https://www.noticiasaominuto.com/lifestyle/2986376/3-viloes-que-influenciam-silenciosamente-o-seu-colesterol#utm_source=rss-ultima-hora&amp;utm_medium=rss&amp;utm_campaign=rssfeed,"colesterol alto","2026-05-09 06:00:09.588472+00",media,
ff6f1e53-52fc-42b9-a5a9-dfb74c6a86fd,"Noticiar o Suicídio: Dilemas e Boas Práticas","Coord. Nacional Saúde Mental",2026-09-09,https://saudemental.min-saude.pt/noticiar-o-suicidio-dilemas-e-boas-praticas/,suicídio,"2026-09-11 06:00:26.494773+00",institucional,
ffa8199c-5115-495d-bf01-7c50d16edfc7,"<![CDATA[Duelo de estilo: Diana Chaves e Pipoca apostam no mesmo vestido]]>","Notícias ao Minuto",2026-07-29,https://www.noticiasaominuto.com/fama/3028991/duelo-de-estilo-diana-chaves-e-pipoca-apostam-no-mesmo-vestido#utm_source=rss-ultima-hora&amp;utm_medium=rss&amp;utm_campaign=rssfeed,"perturbação obsessivo-compulsiva","2026-07-31 06:00:13.014067+00",media,
ffc2a1b6-aeb0-4c4f-8d4a-8050bbcbe28d,"<![CDATA[Promulgada lei que permite a PM do Senegal candidatar-se às presidenciais]]>","Notícias ao Minuto",2026-05-16,https://www.noticiasaominuto.com/mundo/2991205/promulgada-lei-que-permite-a-pm-do-senegal-candidatar-se-as-presidenciais#utm_source=rss-ultima-hora&amp;utm_medium=rss&amp;utm_campaign=rssfeed,candidíase,"2026-05-17 06:00:10.770179+00",media,
ffed56c4-46ff-4ce1-86af-4e473c04b627,"<![CDATA[Candidaturas ao Superior terminam hoje. Há mais inscritos do que em 2025]]>","Notícias ao Minuto",2026-08-06,https://www.noticiasaominuto.com/pais/3032784/candidaturas-ao-superior-terminam-hoje-ha-mais-inscritos-do-que-em-2025#utm_source=rss-ultima-hora&amp;utm_medium=rss&amp;utm_campaign=rssfeed,candidíase,"2026-08-06 06:00:11.012929+00",media,
fffc11d6-e857-46fc-8c34-38ed7a083091,"<![CDATA[Oficial: Morita anuncia 'adeus' ao Sporting no final da época]]>","Notícias ao Minuto",2026-05-15,https://www.noticiasaominuto.com/desporto/2990536/oficial-morita-anuncia-adeus-ao-sporting-no-final-da-epoca#utm_source=rss-ultima-hora&amp;utm_medium=rss&amp;utm_campaign=rssfeed,"perturbação obsessivo-compulsiva","2026-05-16 06:00:11.05527+00",media,
ffff5cb7-8b92-49bc-9eff-fe658d63651c,"SPPSM apoia 2.ª edição da sessão formativa sobre Autismo e PHDA no Adulto","SP Psiquiatria e Saúde Mental",2026-06-01,https://www.sppsm.org/sppsm-apoia-2-a-edicao-da-sessao-formativa-sobre-autismo-e-phda-no-adulto/,"perturbações do espectro do autismo","2026-08-17 06:00:46.487024+00",institucional,