id,question,growth_percent,relative_volume,axis,axis_label,cluster,is_question,keyword_id,source,last_seen_at,updated_at
0016af43-5aa7-4cbf-be90-ad6d6220afa1,"autism burnout symptoms",2300,92,saude-mental,"Saúde Mental",burnout,f,,pytrends,"2026-08-24 07:14:33.412583+00","2026-08-24 07:14:33.412583+00"
00adbb99-4722-4d91-95c4-e0e82f95199a,"brintellix ansiedade",3100,84,saude-mental,"Saúde Mental",ansiedade,f,,pytrends,"2026-06-29 11:19:07.268933+00","2026-06-29 11:19:07.268933+00"
00c926d4-227a-46ac-9805-7bab7729b1f5,"como quebrar o jejum intermitente",9999,92,alimentacao,Alimentação,"jejum intermitente",t,,pytrends,"2026-05-25 10:37:26.200527+00","2026-05-25 10:37:26.200527+00"
00e184e6-e9e1-4e0b-b0b0-656a581773e4,"endometriose symptome",3050,100,menopausa,Menopausa,endometriose,f,,pytrends,"2026-09-09 16:21:04.83949+00","2026-09-09 16:21:04.83949+00"
012542ea-d1be-482e-8ea1-1ee603a23d61,"anemia microcítica e hipocrómica",9999,84,alimentacao,Alimentação,anemia,f,,pytrends,"2026-08-10 08:09:12.364933+00","2026-08-10 08:09:12.364933+00"
01e24223-538b-486f-a6a2-3606aa9f0f18,"burnout game",200,44,saude-mental,"Saúde Mental",burnout,f,,pytrends,"2026-03-27 18:34:47.925931+00","2026-03-23 07:31:17.719322+00"
01f448bf-28d6-42f6-89b9-722ececf7b6b,"tipos de anemia",90,10,alimentacao,Alimentação,anemia,f,,pytrends,"2026-05-25 10:26:49.611587+00","2026-05-25 10:26:49.611587+00"
02102b1c-80d8-491d-b7d2-d8e335ba2c40,"sinais de demência precoce",9999,92,saude-mental,"Saúde Mental",demência,f,,pytrends,"2026-09-07 12:14:18.658317+00","2026-09-07 12:14:18.658317+00"
027cb83a-52f2-4e21-877b-c0e307fa446c,"sintomas da endometriose",100,92,menopausa,Menopausa,endometriose,t,,pytrends,"2026-09-07 12:06:20.969294+00","2026-09-07 12:06:20.969294+00"
029c6268-0c8a-4ceb-adc4-d401fa99fa4f,"candidíase intestinal",190,12,menopausa,Menopausa,candidíase,f,,pytrends,"2026-03-28 00:21:27.712069+00","2026-03-28 00:21:27.712069+00"
02e93e40-7326-4a89-836f-3e7fd6d2e634,"sintomas de depressão",50,10,saude-mental,"Saúde Mental",depressão,t,,pytrends,"2026-08-17 07:13:55.134161+00","2026-08-17 07:13:55.134161+00"
030e783c-0e6d-412e-94f9-c351b9671533,"pânico 7 data de lançamento",9999,100,saude-mental,"Saúde Mental",pânico,f,,pytrends,"2026-06-01 11:53:24.742733+00","2026-06-01 11:53:24.742733+00"
039061a2-1689-4f39-8758-00ddcf1c0db9,"burnout sintomas físicos",2750,60,saude-mental,"Saúde Mental",burnout,f,,pytrends,"2026-03-27 18:34:47.925931+00","2026-03-23 07:31:17.719255+00"
039c2708-1bce-4938-863f-77eff12638ed,"suicídio viseu",9999,100,saude-mental,"Saúde Mental",suicídio,f,,pytrends,"2026-06-29 11:18:56.634374+00","2026-06-29 11:18:56.634374+00"
03a601fc-0c83-43d1-b417-b1d303f9a649,"piramide da dieta mediterrânica",9999,100,alimentacao,Alimentação,"dieta mediterrânica",f,,pytrends,"2026-05-18 10:31:37.254909+00","2026-05-18 10:31:37.254909+00"
03bc0ac6-d0a7-4ee6-a977-bb0420bcea3e,"avc lado direito",120,44,emergentes,Emergentes,avc,f,,pytrends,"2026-06-08 11:21:55.134642+00","2026-06-08 11:21:55.134642+00"
0491fc97-ea59-416a-8126-80b76fb8987f,"depressão barométrica",3500,68,saude-mental,"Saúde Mental",depressão,f,,pytrends,"2026-05-18 10:33:24.821943+00","2026-05-18 10:33:24.821943+00"
0537b81c-b431-4c25-b7c0-b8fc1c39ae47,"anemia perniciosa o que é",9999,92,alimentacao,Alimentação,anemia,f,,pytrends,"2026-09-14 12:25:02.428334+00","2026-09-14 12:25:02.428334+00"
054f2cad-65cd-46e1-a80e-303ac695e931,"quais são os sintomas de anemia",1550,36,alimentacao,Alimentação,anemia,t,,pytrends,"2026-09-14 12:25:02.428334+00","2026-09-14 12:25:02.428334+00"
058b3ee6-f8d6-42b4-b397-5586d0c2ef2b,"sepsis meaning",9999,100,emergentes,Emergentes,sepsis,f,,pytrends,"2026-06-01 11:53:35.893388+00","2026-06-01 11:53:35.893388+00"
0606d99b-34ad-44c2-b590-6cde350ea172,"arkorelax stress control",7200,52,saude-mental,"Saúde Mental",stress,f,,pytrends,"2026-08-17 07:06:21.376046+00","2026-08-17 07:06:21.376046+00"
062580b9-bd20-4f0a-b4ac-f871f30024fd,"sofa score sepsis",9999,100,emergentes,Emergentes,sepsis,f,,pytrends,"2026-08-03 10:08:29.756335+00","2026-08-03 10:08:29.756335+00"
063de441-b09a-4dd4-a6bb-6e21d68d44f3,"anemia por deficiência de ferro",800,20,alimentacao,Alimentação,anemia,f,,pytrends,"2026-09-14 12:25:02.428334+00","2026-09-14 12:25:02.428334+00"
0679b457-69f7-4b36-8d9c-366803823d21,"endometriose e adenomiose",400,20,menopausa,Menopausa,endometriose,f,,pytrends,"2026-03-28 00:20:14.303314+00","2026-03-28 00:20:14.303314+00"
0746cd02-d893-4927-9ab1-1e4fd4f73093,"como tratar candidíase",40,52,menopausa,Menopausa,candidíase,t,,pytrends,"2026-09-09 16:20:54.165275+00","2026-09-09 16:20:54.165275+00"
074d65f9-975d-4e9e-bb3a-1ba0c4c11151,"sinais de alzheimer",100,28,saude-mental,"Saúde Mental",alzheimer,f,,pytrends,"2026-06-01 12:03:04.636423+00","2026-06-01 12:03:04.636423+00"
0753812b-2aa0-422d-8f93-91f6ded3d27e,"remédio para candidíase",60,76,menopausa,Menopausa,candidíase,f,,pytrends,"2026-09-14 12:21:43.88562+00","2026-09-14 12:21:43.88562+00"
077830b5-3b2e-4dbd-8320-5be392c30aa1,"aplastic anemia",170,10,alimentacao,Alimentação,anemia,f,,pytrends,"2026-09-14 12:25:02.428334+00","2026-09-14 12:25:02.428334+00"
078c2976-ee6d-40c7-9b35-7a4fcb057e2d,"what is sepsis",50,84,emergentes,Emergentes,sepsis,f,,pytrends,"2026-09-09 16:18:54.332099+00","2026-09-09 16:18:54.332099+00"
07dc99c9-105a-4280-8c03-3d74f0ca8f64,"ansiedade o que fazer",50,10,saude-mental,"Saúde Mental",ansiedade,f,,pytrends,"2026-06-29 11:19:07.268933+00","2026-06-29 11:19:07.268933+00"
07e40180-f569-4b56-a30c-1493b222e82e,"stress hídrico",9999,100,saude-mental,"Saúde Mental",stress,f,,pytrends,"2026-05-04 08:53:20.835465+00","2026-05-04 08:53:20.835465+00"
082f366a-d0d3-4fe1-b687-1baaced48e7b,"significado de burnout",120,68,saude-mental,"Saúde Mental",burnout,f,,pytrends,"2026-09-14 12:27:01.237878+00","2026-09-14 12:27:01.237878+00"
092e7c44-c9b5-453b-82a0-5a4f978c7fbe,"nihss avc",7100,36,emergentes,Emergentes,avc,f,,pytrends,"2026-05-25 10:34:39.211269+00","2026-05-25 10:34:39.211269+00"
09388038-b889-40ea-b8cf-9a120418cce2,"avc hemorrágico causas",900,60,emergentes,Emergentes,avc,f,,pytrends,"2026-06-01 12:01:37.236509+00","2026-06-01 12:01:37.236509+00"
0943828c-dcd4-48d1-99f0-3bf42b0126f5,"chris hemsworth alzheimer",3700,76,saude-mental,"Saúde Mental",alzheimer,f,,pytrends,"2026-08-24 07:15:26.113764+00","2026-08-24 07:15:26.113764+00"
0962a8be-5ba3-4066-b9bb-24c9730e5fad,"terapia hormonal de substituição",40,100,menopausa,Menopausa,"terapia hormonal",f,,pytrends,"2026-05-25 10:28:08.323729+00","2026-05-25 10:28:08.323729+00"
09a64a82-7ede-465d-a350-95ef39ddf0e2,"demência por corpos de lewy",9999,100,saude-mental,"Saúde Mental",demência,f,,pytrends,"2026-06-29 11:28:06.629017+00","2026-06-29 11:28:06.629017+00"
09ce65dd-615d-4e02-aa5e-686cff95f104,"remédio para enxaqueca forte",3350,76,saude-mental,"Saúde Mental",enxaqueca,f,,pytrends,"2026-08-24 07:11:28.252703+00","2026-08-24 07:11:28.252703+00"
09d48b5e-4c60-4479-bfbc-a7379ec3ac96,"colesterol alto o que fazer",50,100,alimentacao,Alimentação,"colesterol alto",f,,pytrends,"2026-09-09 16:32:36.883457+00","2026-09-09 16:32:36.883457+00"
0a5158aa-83c4-4b18-9d87-1b2a79858b0a,"tou avc",9999,76,emergentes,Emergentes,avc,f,,pytrends,"2026-09-14 12:30:38.946859+00","2026-09-14 12:30:38.946859+00"
0a7a57a1-7c78-4467-b443-60b98391bb21,"ginecologista especialista em endometriose",9999,92,menopausa,Menopausa,endometriose,f,,pytrends,"2026-04-20 08:30:47.705551+00","2026-04-20 08:30:47.705551+00"
0af964da-2b94-4c83-b823-5f2ab466bada,"o que é a demência",70,60,saude-mental,"Saúde Mental",demência,t,,pytrends,"2026-05-25 10:37:05.490673+00","2026-05-25 10:37:05.490673+00"
0b975468-4d7e-4576-a119-8e7bc0ac7519,adenomiose,40,10,menopausa,Menopausa,endometriose,f,,pytrends,"2026-03-28 00:20:14.303314+00","2026-03-28 00:20:14.303314+00"
0cdf2c72-df1b-4485-a4ae-58d1d0487b96,"ataques de pânico",50,20,saude-mental,"Saúde Mental",pânico,f,,pytrends,"2026-03-28 00:10:49.855777+00","2026-03-28 00:10:49.855777+00"
0d351298-2da8-4aea-ab27-e30a800a007a,"qual a diferença entre demencia e alzheimer",2100,68,saude-mental,"Saúde Mental",alzheimer,t,,pytrends,"2026-05-25 10:36:02.900439+00","2026-05-25 10:36:02.900439+00"
0d36c064-80a5-4e88-9ccb-51f4603af5fd,"alimentos ricos em ferro para anemia",50,10,alimentacao,Alimentação,anemia,f,,pytrends,"2026-09-14 12:25:02.428334+00","2026-09-14 12:25:02.428334+00"
0d586937-1cac-4ba8-a49d-f7a960f07e80,"anemia microcítica",90,12,alimentacao,Alimentação,anemia,f,,pytrends,"2026-09-09 16:24:05.190877+00","2026-09-09 16:24:05.190877+00"
0d872704-fac4-4a49-b8bb-1e2a7bfb2229,"depressão a caminho de portugal",2200,76,saude-mental,"Saúde Mental",depressão,f,,pytrends,"2026-08-17 07:13:55.134161+00","2026-08-17 07:13:55.134161+00"
0da06869-f964-4d93-a599-7e347532c891,"sindrome burnout",50,60,saude-mental,"Saúde Mental",burnout,f,,pytrends,"2026-03-30 08:00:22.557375+00","2026-03-30 08:00:22.557375+00"
0db856d8-6aa2-4874-9272-e9107e3a28e9,"como funciona o jejum intermitente",9999,92,alimentacao,Alimentação,"jejum intermitente",t,,pytrends,"2026-09-07 12:13:15.580219+00","2026-09-07 12:13:15.580219+00"
0dd3181b-06b4-45e3-a38d-3c18d8a334aa,"corrimento de candidíase",100,84,menopausa,Menopausa,candidíase,f,,pytrends,"2026-08-24 07:09:29.985306+00","2026-08-24 07:09:29.985306+00"
0dee68d4-bb54-4326-9b1f-bc41c6455074,"anemia megaloblástica",70,10,alimentacao,Alimentação,anemia,f,,pytrends,"2026-08-24 07:12:40.609206+00","2026-08-24 07:12:40.609206+00"
0e3fc064-4b5c-4f2d-9630-a98b7d85f6ea,"sinais de cancro da mama",9999,100,menopausa,Menopausa,"cancro da mama",f,,pytrends,"2026-09-14 12:24:07.877063+00","2026-09-14 12:24:07.877063+00"
0e43a5fc-2ec6-4887-8c42-223e07cf9625,"o que e burnout síndrome",2850,92,saude-mental,"Saúde Mental",burnout,t,,pytrends,"2026-03-28 00:10:39.19463+00","2026-03-28 00:10:39.19463+00"
0e51bcf3-244d-4f92-a594-2bcd56aed81a,"sintomas de avc em homem",1250,36,emergentes,Emergentes,avc,t,,pytrends,"2026-03-30 08:05:39.827249+00","2026-03-30 08:05:39.827249+00"
0eaad054-bd0a-498a-96c4-c55ead206043,"causas de enxaqueca",80,12,saude-mental,"Saúde Mental",enxaqueca,t,,pytrends,"2026-03-28 00:18:52.271444+00","2026-03-28 00:18:52.271444+00"
0ed86b84-9f0a-4178-ab4e-0d0c61f56e33,"candidíase recorrente",9999,92,menopausa,Menopausa,candidíase,f,,pytrends,"2026-06-29 11:19:59.62961+00","2026-06-29 11:19:59.62961+00"
0efca0a1-52e0-4f52-a7a1-cd4a9d49083a,"anemia alimentos recomendados",1850,12,alimentacao,Alimentação,anemia,f,,pytrends,"2026-04-06 08:09:28.02802+00","2026-04-06 08:09:28.02802+00"
0f2cdb80-755b-41e0-ab75-df9cac8f9497,"depressão marta",4800,10,saude-mental,"Saúde Mental",depressão,f,,pytrends,"2026-03-27 18:34:47.925931+00","2026-03-23 07:30:10.111538+00"
0f4be849-a45b-49da-9e71-c195a4c7a7a1,"avc significado",60,10,emergentes,Emergentes,avc,f,,pytrends,"2026-03-27 18:34:47.925931+00","2026-03-23 07:36:16.114103+00"
0f6412ed-7e8e-4056-a136-05aaef919dfb,"beneficios do jejum intermitente",9999,68,alimentacao,Alimentação,"jejum intermitente",f,,pytrends,"2026-05-18 10:35:12.70582+00","2026-05-18 10:35:12.70582+00"
0f645d56-7878-477f-8c70-5672a64bbb4b,"oque é endometriose",7400,68,menopausa,Menopausa,endometriose,f,,pytrends,"2026-04-20 08:30:47.705551+00","2026-04-20 08:30:47.705551+00"
0f6be4f2-dd64-4995-b29d-e95cc94b8ff3,"o meu nome não é ansiedade",9999,100,saude-mental,"Saúde Mental",ansiedade,f,,pytrends,"2026-09-09 16:20:00.970958+00","2026-09-09 16:20:00.970958+00"
0f850cd8-6276-4b0b-bea5-7c9ff7403cdf,"chá para enxaqueca",9999,92,saude-mental,"Saúde Mental",enxaqueca,f,,pytrends,"2026-08-31 13:17:23.533109+00","2026-08-31 13:17:23.533109+00"
0ffc66b0-6bb7-4031-8361-8a2ebdd088fe,"enxaqueca com aura sintomas",150,44,saude-mental,"Saúde Mental",enxaqueca,f,,pytrends,"2026-09-14 12:23:46.605277+00","2026-09-14 12:23:46.605277+00"
10d2d6d0-2fe2-4d85-b613-bab916e239c1,"doença do refluxo gastroesofágico",70,84,alimentacao,Alimentação,"refluxo gastroesofágico",f,,pytrends,"2026-06-01 12:01:13.173101+00","2026-06-01 12:01:13.173101+00"
10d49e9d-2760-4d4f-bc9b-08f04b9ed816,cinebench,1100,28,saude-mental,"Saúde Mental",stress,f,,pytrends,"2026-08-17 07:06:21.376046+00","2026-08-17 07:06:21.376046+00"
1131b10c-6686-4caf-bb5b-23cf00efec63,"ziekte van alzheimer",4800,84,saude-mental,"Saúde Mental",alzheimer,f,,pytrends,"2026-04-20 08:34:26.386351+00","2026-04-20 08:34:26.386351+00"
11365e7a-6a2b-482d-8fbb-306c8b3447aa,"ansiedade sintomas físicos",4300,68,saude-mental,"Saúde Mental",ansiedade,f,,pytrends,"2026-09-07 12:05:16.051264+00","2026-09-07 12:05:16.051264+00"
11700b58-0bcf-4589-ba47-13cbb1c580e7,"burnout legends soundtrack",2050,84,saude-mental,"Saúde Mental",burnout,f,,pytrends,"2026-08-24 07:14:33.412583+00","2026-08-24 07:14:33.412583+00"
117e799c-7c2f-45f3-8c64-584ef9bb7ffe,"dia nacional do doente com avc",9999,100,emergentes,Emergentes,avc,f,,pytrends,"2026-04-06 08:10:42.850302+00","2026-04-06 08:10:42.850302+00"
11e8e731-72c1-4023-a730-219a867f3596,"avc toy",9999,100,emergentes,Emergentes,avc,f,,pytrends,"2026-09-09 16:29:37.813115+00","2026-09-09 16:29:37.813115+00"
1249d417-fd78-4868-9068-5c0d64c891ef,"menopausa precoce sintomas",110,100,menopausa,Menopausa,"menopausa precoce",f,,pytrends,"2026-09-09 16:18:43.701517+00","2026-09-09 16:18:43.701517+00"
12aea98d-8564-4daf-a91a-8214080d5ef4,"o'que é um avc",1250,28,emergentes,Emergentes,avc,f,,pytrends,"2026-03-28 00:15:24.259585+00","2026-03-28 00:15:24.259585+00"
12b6aab7-4fed-44ca-808f-a406952ba1d1,"nike anti stress",300,60,saude-mental,"Saúde Mental",stress,f,,pytrends,"2026-04-06 08:08:56.141499+00","2026-04-06 08:08:56.141499+00"
13102835-2555-49c9-8600-03ec30ffd995,"jejum intermitente de 7 dias emagrece quantos quilos",9999,100,alimentacao,Alimentação,"jejum intermitente",f,,pytrends,"2026-08-31 13:22:47.89736+00","2026-08-31 13:22:47.89736+00"
136365d3-9c2c-4a94-b4c6-fe651143c620,"ataques de pânico sintomas",50,52,saude-mental,"Saúde Mental",pânico,f,,pytrends,"2026-05-18 10:23:53.257339+00","2026-05-18 10:23:53.257339+00"
136a0d83-ecc9-481f-9c48-8a7d60c7fcbc,"o que causa avc",50,10,emergentes,Emergentes,avc,t,,pytrends,"2026-09-07 12:14:50.713035+00","2026-09-07 12:14:50.713035+00"
13c42a60-a743-4e2e-8d9e-d81488ac3f59,"alzheimer causas",9999,92,saude-mental,"Saúde Mental",alzheimer,f,,pytrends,"2026-06-01 12:03:04.636423+00","2026-06-01 12:03:04.636423+00"
14081a62-e48c-45fe-b65a-378428346f7b,"medicamentos para ansiedade",70,20,saude-mental,"Saúde Mental",ansiedade,f,,pytrends,"2026-08-17 07:06:10.156928+00","2026-08-17 07:06:10.156928+00"
14232566-d86f-4f45-abcc-ee3a62f02f17,"how to reduce stress at work",9999,92,saude-mental,"Saúde Mental",stress,f,,pytrends,"2026-09-14 12:20:58.303157+00","2026-09-14 12:20:58.303157+00"
14cc971a-d559-4dbf-946a-bd300eea19c6,"diferença entre solidão e solitude",7300,92,saude-mental,"Saúde Mental",solidão,t,,pytrends,"2026-03-30 07:59:29.447904+00","2026-03-30 07:59:29.447904+00"
15602fac-74d3-468c-af2d-bbb7a16021cc,"surviving sepsis campaign guidelines 2026",130,68,emergentes,Emergentes,sepsis,f,,pytrends,"2026-06-01 11:53:35.893388+00","2026-06-01 11:53:35.893388+00"
156c21dc-92b5-4a33-a2f0-5dbe6f78d766,"o que provoca o avc",110,28,emergentes,Emergentes,avc,t,,pytrends,"2026-06-08 11:21:55.134642+00","2026-06-08 11:21:55.134642+00"
15bbd936-ca96-4109-a56d-393cc7fdedd2,"refluxo gastroesofágico tem cura",9999,60,alimentacao,Alimentação,"refluxo gastroesofágico",f,,pytrends,"2026-03-28 00:20:56.393699+00","2026-03-28 00:20:56.393699+00"
162ef4bf-0567-4bea-b149-118e20306598,"candidíase genital tratamento",9999,100,menopausa,Menopausa,candidíase,f,,pytrends,"2026-08-31 13:15:24.198333+00","2026-08-31 13:15:24.198333+00"
175a356f-5e91-4ce5-a2fa-bfe6d739f0b8,"depressão reativa",4750,52,saude-mental,"Saúde Mental",depressão,f,,pytrends,"2026-09-07 12:12:44.373894+00","2026-09-07 12:12:44.373894+00"
179f769f-a6ce-4959-8c03-75da25cd5f0c,"avc tronco encefálico",9999,76,emergentes,Emergentes,avc,f,,pytrends,"2026-08-03 10:21:17.267746+00","2026-08-03 10:21:17.267746+00"
17dc2ad2-546c-423c-9136-9a36969ace3a,"enxaqueca causas",140,28,saude-mental,"Saúde Mental",enxaqueca,f,,pytrends,"2026-05-18 10:28:18.261849+00","2026-05-18 10:28:18.261849+00"
18100963-98ae-4d34-87a4-b2c4ad659276,"doença lúpus",250,84,emergentes,Emergentes,lúpus,f,,pytrends,"2026-04-06 08:12:58.949254+00","2026-04-06 08:12:58.949254+00"
1827f677-32e2-4c72-b212-0a6b893e3e4d,"t score osteoporose",9999,100,menopausa,Menopausa,osteoporose,f,,pytrends,"2026-09-07 12:09:02.973437+00","2026-09-07 12:09:02.973437+00"
1850ade0-299b-4e65-9cf0-36423589f885,"endometriose o'que é",5200,28,menopausa,Menopausa,endometriose,f,,pytrends,"2026-03-27 18:34:47.925931+00","2026-03-23 07:41:17.864203+00"
1859a410-3755-4eed-8812-3bb3ec0d89d2,"anemia de células falciformes",9999,44,alimentacao,Alimentação,anemia,f,,pytrends,"2026-08-24 07:12:40.609206+00","2026-08-24 07:12:40.609206+00"
18a2dd28-72cb-4001-bbb7-2c211d8097a8,"anemia symptoms",110,28,alimentacao,Alimentação,anemia,f,,pytrends,"2026-05-25 10:26:49.611587+00","2026-05-25 10:26:49.611587+00"
18c64fbe-41eb-4a95-b5ae-7b6d102baf24,"maya massafera avc",9999,44,emergentes,Emergentes,avc,f,,pytrends,"2026-09-09 16:29:37.813115+00","2026-09-09 16:29:37.813115+00"
193c6908-c93a-4832-8588-490d66aa3cef,"anemia tem cura",9999,100,alimentacao,Alimentação,anemia,f,,pytrends,"2026-03-27 18:34:47.925931+00","2026-03-23 07:34:29.013551+00"
19c0a467-fb65-481d-a7ca-48e9bf594cbc,"stress strain curve",9999,100,saude-mental,"Saúde Mental",stress,f,,pytrends,"2026-04-27 08:49:59.549531+00","2026-04-27 08:49:59.549531+00"
19ce5e53-0759-4005-b8b5-4e678bce1fd1,"pânico ao vivo youtube hoje agora",160,84,saude-mental,"Saúde Mental",pânico,f,,pytrends,"2026-09-14 12:24:18.745704+00","2026-09-14 12:24:18.745704+00"
19eb560f-51fa-4aa8-a0c7-08c401bda1a2,"diferença entre dor de cabeça e enxaqueca",9750,76,saude-mental,"Saúde Mental",enxaqueca,t,,pytrends,"2026-09-14 12:23:46.605277+00","2026-09-14 12:23:46.605277+00"
19ecba3a-4f97-46c3-b127-760024020acb,"calmante natural para ansiedade e nervosismo",2250,68,saude-mental,"Saúde Mental",ansiedade,f,,pytrends,"2026-09-09 16:20:00.970958+00","2026-09-09 16:20:00.970958+00"
1a948799-b8d2-4071-8244-2ac52f1aac88,"depressão fria",9999,92,saude-mental,"Saúde Mental",depressão,f,,pytrends,"2026-06-08 11:23:00.087635+00","2026-06-08 11:23:00.087635+00"
1b177420-dc1d-477c-a3b7-6cd30eb66bac,"doenca de alzheimer",120,36,saude-mental,"Saúde Mental",alzheimer,f,,pytrends,"2026-04-20 08:34:26.386351+00","2026-04-20 08:34:26.386351+00"
1b50223c-f691-4468-b1fb-2c140799dd69,"jejum intermitente quantas horas",350,92,alimentacao,Alimentação,"jejum intermitente",f,,pytrends,"2026-08-24 07:16:28.174466+00","2026-08-24 07:16:28.174466+00"
1bd2b248-d5a6-41e0-83f1-7febf584ded6,"rastreio cancro da mama",50,84,menopausa,Menopausa,"cancro da mama",f,,pytrends,"2026-04-06 08:10:00.347905+00","2026-04-06 08:10:00.347905+00"
1c54da5f-41ef-4d72-9771-3b0b80f001a0,"sintomas refluxo gastroesofágico",60,52,alimentacao,Alimentação,"refluxo gastroesofágico",t,,pytrends,"2026-03-28 00:20:56.393699+00","2026-03-28 00:20:56.393699+00"
1cf6ee4b-587d-4d0a-a7d3-3e1076ad0832,estresse,70,20,saude-mental,"Saúde Mental",stress,f,,pytrends,"2026-05-25 10:30:11.619045+00","2026-05-25 10:30:11.619045+00"
1d13a714-ba4b-4a31-968f-4372dce331f2,"teste depressão",70,10,saude-mental,"Saúde Mental",depressão,f,,pytrends,"2026-08-17 07:13:55.134161+00","2026-08-17 07:13:55.134161+00"
1d2500e7-3456-4204-9de2-6a9e24d35566,"varimine stress",1400,84,saude-mental,"Saúde Mental",stress,f,,pytrends,"2026-09-07 12:05:26.971807+00","2026-09-07 12:05:26.971807+00"
1d809fbd-5302-4f11-bec9-0ef88c15c43d,"como aliviar enxaqueca em minutos",3550,20,saude-mental,"Saúde Mental",enxaqueca,t,,pytrends,"2026-03-30 08:08:36.559366+00","2026-03-30 08:08:36.559366+00"
1de1ba33-fec5-48f9-b403-3d7c9bfecb8a,"o que é enxaqueca com aura",80,28,saude-mental,"Saúde Mental",enxaqueca,t,,pytrends,"2026-09-14 12:23:46.605277+00","2026-09-14 12:23:46.605277+00"
1deee655-8fdc-45c8-8fc5-e49c6d7aa73f,"sintomas de candidíase",50,60,menopausa,Menopausa,candidíase,t,,pytrends,"2026-08-31 13:15:24.198333+00","2026-08-31 13:15:24.198333+00"
1e3d9f11-1598-48aa-84b0-ac2c4b0ae008,mioma,5850,36,menopausa,Menopausa,endometriose,f,,pytrends,"2026-03-27 18:34:47.925931+00","2026-03-23 07:41:17.864169+00"
1e4c8801-2f6a-48b4-8c33-19df0283edc1,"como perder 5 kg em uma semana com jejum intermitente",6600,92,alimentacao,Alimentação,"jejum intermitente",t,,pytrends,"2026-09-14 12:29:00.598571+00","2026-09-14 12:29:00.598571+00"
1f110b4e-db1d-474a-b162-4eeb8f9c5af6,"taxa de stress",9999,92,saude-mental,"Saúde Mental",stress,f,,pytrends,"2026-05-25 10:30:11.619045+00","2026-05-25 10:30:11.619045+00"
1f866f90-8855-4d3c-a2e0-a5e9c1c7af1d,"calmantes naturais para ansiedade e nervosismo",1250,52,saude-mental,"Saúde Mental",ansiedade,f,,pytrends,"2026-06-29 11:19:07.268933+00","2026-06-29 11:19:07.268933+00"
1f8a6196-9d12-4a08-91d1-903ec911a5d1,"sintomas de ataque de pânico",9999,76,saude-mental,"Saúde Mental",pânico,t,,pytrends,"2026-04-06 08:00:27.853633+00","2026-04-06 08:00:27.853633+00"
1f9f289b-00b0-4a52-b9a4-03b70b2f4aa1,"sepsis sintomas",200,84,emergentes,Emergentes,sepsis,f,,pytrends,"2026-09-07 12:04:10.289494+00","2026-09-07 12:04:10.289494+00"
200f7a87-93a9-49ae-962d-20bdeea5c06e,"burnout digital",90,20,saude-mental,"Saúde Mental",burnout,f,,pytrends,"2026-05-25 10:33:57.074987+00","2026-05-25 10:33:57.074987+00"
2066b3b9-0a98-430f-9949-307f15d483d8,"anemia facilforme",2150,10,alimentacao,Alimentação,anemia,f,,pytrends,"2026-04-27 08:47:00.412814+00","2026-04-27 08:47:00.412814+00"
207c2c7f-5cc9-4869-8f7d-1b122d851e5c,"insónia familiar fatal",70,100,saude-mental,"Saúde Mental",insónia,f,,pytrends,"2026-09-14 12:27:12.093369+00","2026-09-14 12:27:12.093369+00"
2111296e-984c-4b66-b471-5ead0ab81fa9,"sintomas de ansiedade no corpo",80,28,saude-mental,"Saúde Mental",ansiedade,t,,pytrends,"2026-08-24 07:08:35.691643+00","2026-08-24 07:08:35.691643+00"
21145f40-79a8-4c83-8f34-78b1ac7f4b1d,"doença de alzheimer sintomas",60,28,saude-mental,"Saúde Mental",alzheimer,f,,pytrends,"2026-08-10 08:12:17.441078+00","2026-08-10 08:12:17.441078+00"
2151dc0f-a0fc-48a3-83aa-4d11116e54da,"remedio para ansiedade",60,10,saude-mental,"Saúde Mental",ansiedade,f,,pytrends,"2026-03-28 00:08:45.453336+00","2026-03-28 00:08:45.453336+00"
217c7cbc-511b-46e4-ad15-a3844a122613,"what to do for stress",80,28,saude-mental,"Saúde Mental",stress,f,,pytrends,"2026-09-14 12:20:58.303157+00","2026-09-14 12:20:58.303157+00"
21995cee-0d07-4c4e-a0c7-3be87dd26be7,"dia mundial de conscientização sobre a doença celíaca",9999,92,alimentacao,Alimentação,"doença celíaca",f,,pytrends,"2026-05-18 10:28:39.627717+00","2026-05-18 10:28:39.627717+00"
21ba1c24-46a7-4812-a688-f72d75c92e41,"sintomas alzheimer precoce",9999,92,saude-mental,"Saúde Mental",alzheimer,t,,pytrends,"2026-03-27 18:34:47.925931+00","2026-03-23 07:37:51.054928+00"
22908746-e9fb-41ca-8bcf-99ebdac43417,"cem anos de solidão",90,44,saude-mental,"Saúde Mental",solidão,f,,pytrends,"2026-09-14 12:30:16.587168+00","2026-09-14 12:30:16.587168+00"
22ab19b1-23c8-4105-b04e-ff5cc5437450,"sintomas de depressão profunda",3750,28,saude-mental,"Saúde Mental",depressão,t,,pytrends,"2026-09-07 12:12:44.373894+00","2026-09-07 12:12:44.373894+00"
22d9055d-0302-4bc2-8e68-019d30a0472b,"doença de refluxo gastroesofágico",2950,100,alimentacao,Alimentação,"refluxo gastroesofágico",f,,pytrends,"2026-06-01 12:01:13.173101+00","2026-06-01 12:01:13.173101+00"
2317bb40-62a5-450e-bfc6-1d64cd754088,"quais os sintomas de ansiedade no corpo",750,36,saude-mental,"Saúde Mental",ansiedade,t,,pytrends,"2026-06-29 11:19:07.268933+00","2026-06-29 11:19:07.268933+00"
2323848a-b265-43ab-bf50-ea00c129f743,"causas da anemia",2600,52,alimentacao,Alimentação,anemia,t,,pytrends,"2026-09-14 12:25:02.428334+00","2026-09-14 12:25:02.428334+00"
233a7094-2c5f-49d3-941a-0a2c15c2cd42,"faria dias avc",2300,52,emergentes,Emergentes,avc,f,,pytrends,"2026-06-29 11:24:57.234384+00","2026-06-29 11:24:57.234384+00"
234269a8-60e7-4f2e-b665-ed7eae1b7be9,"como tratar enxaqueca",4950,44,saude-mental,"Saúde Mental",enxaqueca,t,,pytrends,"2026-05-04 08:53:54.915162+00","2026-05-04 08:53:54.915162+00"
2389ef6a-db65-412a-afe7-c1b9e931124c,"jejum intermitente para emagrecer",50,76,alimentacao,Alimentação,"jejum intermitente",f,,pytrends,"2026-06-01 12:04:20.538429+00","2026-06-01 12:04:20.538429+00"
247cab7e-21c5-4e64-924a-2dfbc7370dcb,"candidíase no homem",200,84,menopausa,Menopausa,candidíase,f,,pytrends,"2026-04-20 08:28:23.059885+00","2026-04-20 08:28:23.059885+00"
248bce53-97fe-4503-94df-2c24ee7135c0,"tipos de incontinência urinária",9999,100,menopausa,Menopausa,"incontinência urinária",f,,pytrends,"2026-04-20 08:29:19.647005+00","2026-04-20 08:29:19.647005+00"
24a561d4-7273-466e-ab9e-7c1129fa7aa4,"anemia na gravidez",50,10,alimentacao,Alimentação,anemia,f,,pytrends,"2026-05-18 10:24:15.231759+00","2026-05-18 10:24:15.231759+00"
24d6015a-03c7-49cd-872e-7e35b3a9516c,"enxaqueca ocular",50,52,saude-mental,"Saúde Mental",enxaqueca,f,,pytrends,"2026-09-09 16:22:51.103277+00","2026-09-09 16:22:51.103277+00"
25268e36-cb4a-445a-bec0-0905eadf286d,"zero stress king",1450,92,saude-mental,"Saúde Mental",stress,f,,pytrends,"2026-04-06 08:08:56.141499+00","2026-04-06 08:08:56.141499+00"
25f871df-eb0d-436e-b5e9-04f0f8d288eb,"sintomas avc dias antes",90,36,emergentes,Emergentes,avc,t,,pytrends,"2026-08-31 13:24:30.651463+00","2026-08-31 13:24:30.651463+00"
262f5e4f-8ae4-4fbe-926c-458b551b28a2,"ansiedade é uma doença",3800,52,saude-mental,"Saúde Mental",ansiedade,f,,pytrends,"2026-04-06 08:05:35.66783+00","2026-04-06 08:05:35.66783+00"
26a23456-3c26-4546-a85e-89147d4a82d1,"como diagnosticar endometriose",5850,52,menopausa,Menopausa,endometriose,t,,pytrends,"2026-03-30 08:09:08.445079+00","2026-03-30 08:09:08.445079+00"
26d1f343-35d2-44d3-beee-3449dcce6ec3,"anemia normocitica e normocromica",9999,84,alimentacao,Alimentação,anemia,f,,pytrends,"2026-09-14 12:25:02.428334+00","2026-09-14 12:25:02.428334+00"
2709a533-231a-4716-b866-42af87600bf8,"100 anos de solidão",120,52,saude-mental,"Saúde Mental",solidão,f,,pytrends,"2026-09-14 12:30:16.587168+00","2026-09-14 12:30:16.587168+00"
2715ddad-2f51-4085-821d-a02fd55538b6,"triptanos enxaqueca",9999,92,saude-mental,"Saúde Mental",enxaqueca,f,,pytrends,"2026-05-04 08:53:54.915162+00","2026-05-04 08:53:54.915162+00"
27496516-69fe-4965-b47c-b295aa9dd1e5,"ataques de ansiedade sintomas",250,60,saude-mental,"Saúde Mental",ansiedade,f,,pytrends,"2026-08-24 07:08:35.691643+00","2026-08-24 07:08:35.691643+00"
280b4ab2-dfd1-43ef-b0f7-f59871c908f1,"sintomas de intolerância ao glúten",9999,100,alimentacao,Alimentação,"intolerância ao glúten",t,,pytrends,"2026-08-17 07:16:03.458885+00","2026-08-17 07:16:03.458885+00"
28136f03-7d97-43d2-ac39-3e0a302b93ed,"alzheimer tem cura",9999,92,saude-mental,"Saúde Mental",alzheimer,f,,pytrends,"2026-09-14 12:27:54.20848+00","2026-09-14 12:27:54.20848+00"
28713c87-b783-449c-9060-995b29a4a9a9,"sinais de burnout",60,20,saude-mental,"Saúde Mental",burnout,f,,pytrends,"2026-06-08 11:21:10.509932+00","2026-06-08 11:21:10.509932+00"
289d1b73-5227-4cd4-8f13-af20f0caf5b2,"candidíase remedio",100,76,menopausa,Menopausa,candidíase,f,,pytrends,"2026-09-07 12:06:10.183471+00","2026-09-07 12:06:10.183471+00"
28d3ce5b-3ffb-4a89-8680-4b7ca4c06f69,"vírus nipah índia",9999,100,emergentes,Emergentes,"vírus nipah",f,,pytrends,"2026-04-27 08:43:26.740076+00","2026-04-27 08:43:26.740076+00"
28dbfed5-d06a-4bf1-8d75-a9aa09512491,"tipos de avc",90,36,emergentes,Emergentes,avc,f,,pytrends,"2026-08-24 07:18:01.307181+00","2026-08-24 07:18:01.307181+00"
28ebca5c-2806-48cb-bcdb-fc27557dfd9e,"terapia online gratuita",9999,100,saude-mental,"Saúde Mental","terapia online",f,,pytrends,"2026-04-06 08:01:33.314997+00","2026-04-06 08:01:33.314997+00"
291f04b5-e827-4c9f-ae68-a4bfb8443eb7,"enxaqueca vestibular",40,44,saude-mental,"Saúde Mental",enxaqueca,f,,pytrends,"2026-09-09 16:22:51.103277+00","2026-09-09 16:22:51.103277+00"
29486a75-e4f1-43c5-a5d7-b557da8656c1,"alzheimer test",60,52,saude-mental,"Saúde Mental",alzheimer,f,,pytrends,"2026-03-28 00:17:08.70989+00","2026-03-28 00:17:08.70989+00"
29529e1b-727a-4067-a9da-f8ec1249c7f0,"no stress just vibes lyrics",1100,52,saude-mental,"Saúde Mental",stress,f,,pytrends,"2026-06-01 11:57:10.985395+00","2026-06-01 11:57:10.985395+00"
298aa338-664f-41a5-9bd4-dcb04fc0c77f,"depressão joseph",2850,10,saude-mental,"Saúde Mental",depressão,f,,pytrends,"2026-03-27 18:34:47.925931+00","2026-03-23 07:30:10.111571+00"
29c3f988-6373-4c9d-9d37-2894571ef115,alprazolam,9999,100,saude-mental,"Saúde Mental",ansiedade,f,,pytrends,"2026-03-28 00:08:45.453336+00","2026-03-28 00:08:45.453336+00"
29f51b78-cda1-4411-905e-3c45c41c6941,"o que é o alzheimer",70,28,saude-mental,"Saúde Mental",alzheimer,t,,pytrends,"2026-09-09 16:26:53.010718+00","2026-09-09 16:26:53.010718+00"
2a6e7abc-d97a-4423-8a10-2fa65f861c78,"ptsd symptoms",90,100,saude-mental,"Saúde Mental",PTSD,f,,pytrends,"2026-06-15 12:39:22.15804+00","2026-06-15 12:39:22.15804+00"
2a90189f-97ac-4597-b043-9b5b11372543,"enxaqueca como aliviar naturalmente",9999,60,saude-mental,"Saúde Mental",enxaqueca,f,,pytrends,"2026-03-30 08:08:36.559366+00","2026-03-30 08:08:36.559366+00"
2ae11966-19b2-4344-b739-a0a90df5cf06,"depressão regina",1650,36,saude-mental,"Saúde Mental",depressão,f,,pytrends,"2026-06-01 12:02:54.073026+00","2026-06-01 12:02:54.073026+00"
2ae6ee1b-2088-43e4-b98b-150d0e6f9410,"pre menopausa sintomas",350,92,menopausa,Menopausa,"menopausa sintomas",f,,pytrends,"2026-09-14 12:28:15.212278+00","2026-09-14 12:28:15.212278+00"
2b26dd6c-dad8-43ac-8fb3-b5a37cfa7ec9,"cubo anti stress",9999,76,saude-mental,"Saúde Mental",stress,f,,pytrends,"2026-05-04 08:53:20.835465+00","2026-05-04 08:53:20.835465+00"
2bbc37e5-bede-493f-96c4-69291c537d03,"portugal avc",70,12,emergentes,Emergentes,avc,f,,pytrends,"2026-08-03 10:21:17.267746+00","2026-08-03 10:21:17.267746+00"
2c46a4e2-68e9-4ecf-98ce-13a769eba849,"burnout no trabalho",40,10,saude-mental,"Saúde Mental",burnout,f,,pytrends,"2026-05-25 10:33:57.074987+00","2026-05-25 10:33:57.074987+00"
2c65b0fb-4cd7-4533-8fc3-971b663e3e34,"o que causa enxaqueca",9999,100,saude-mental,"Saúde Mental",enxaqueca,t,,pytrends,"2026-09-14 12:23:46.605277+00","2026-09-14 12:23:46.605277+00"
2cb31471-cad1-4698-b536-4077e7d8ed91,"medicamento ansiedade",50,12,saude-mental,"Saúde Mental",ansiedade,f,,pytrends,"2026-04-06 08:05:35.66783+00","2026-04-06 08:05:35.66783+00"
2cdc69e3-eb11-4977-b7b8-c3f21248c73c,"depressão cristin",9999,28,saude-mental,"Saúde Mental",depressão,f,,pytrends,"2026-04-27 08:51:07.35017+00","2026-04-27 08:51:07.35017+00"
2ceee3d7-54d1-4376-9f36-bc4bc88cae8f,"o que é a doença de lúpus",9999,100,emergentes,Emergentes,lúpus,t,,pytrends,"2026-06-08 11:16:50.843077+00","2026-06-08 11:16:50.843077+00"
2d761134-9ec9-46b0-84b2-954f11f0c868,"fast avc",9999,92,emergentes,Emergentes,avc,f,,pytrends,"2026-05-25 10:34:39.211269+00","2026-05-25 10:34:39.211269+00"
2d835229-5021-41b9-8e0f-fd1630e5471c,"sinais de colesterol alto",9999,100,alimentacao,Alimentação,"colesterol alto",f,,pytrends,"2026-04-06 08:08:23.966538+00","2026-04-06 08:08:23.966538+00"
2e5f4da5-2997-433e-b365-1e00ce04a883,"stress level by major",1100,52,saude-mental,"Saúde Mental",stress,f,,pytrends,"2026-05-25 10:30:11.619045+00","2026-05-25 10:30:11.619045+00"
2ec5872b-d566-42e4-82aa-ce2261cc49e0,"olá solidão letra",170,76,saude-mental,"Saúde Mental",solidão,f,,pytrends,"2026-08-24 07:17:40.550294+00","2026-08-24 07:17:40.550294+00"
2ef0ddc8-b662-4018-8c4d-f5f0941a8c7b,"meditação para ansiedade",140,36,saude-mental,"Saúde Mental",ansiedade,f,,pytrends,"2026-04-06 08:05:35.66783+00","2026-04-06 08:05:35.66783+00"
2f0a8daa-fe81-4f2b-bcd4-643602976e4f,"sintomas do cancro da mama",9999,92,menopausa,Menopausa,"cancro da mama",t,,pytrends,"2026-09-14 12:24:07.877063+00","2026-09-14 12:24:07.877063+00"
2fa899af-7636-40c6-8b41-23b25554ff5a,"avc hemorrágico chances de sobrevivência",1300,76,emergentes,Emergentes,avc,f,,pytrends,"2026-08-24 07:18:01.307181+00","2026-08-24 07:18:01.307181+00"
2fc01bc3-923f-4f63-aaec-93c575e2834a,"candida auris symptoms",9999,20,emergentes,Emergentes,"candida auris",f,,pytrends,"2026-04-06 08:12:48.386574+00","2026-04-06 08:12:48.386574+00"
2ff26514-16c7-472c-aff1-06cdc04817be,"jejum intermitente emagrece",70,84,alimentacao,Alimentação,"jejum intermitente",f,,pytrends,"2026-09-07 12:13:15.580219+00","2026-09-07 12:13:15.580219+00"
2ffcac21-da66-43f9-a5cb-a1dfb08c49e5,"sinais de demência",40,76,saude-mental,"Saúde Mental",demência,f,,pytrends,"2026-06-29 11:28:06.629017+00","2026-06-29 11:28:06.629017+00"
304732d2-8444-47b1-b641-88a321001af9,"nurofen enxaqueca",3250,60,saude-mental,"Saúde Mental",enxaqueca,f,,pytrends,"2026-05-18 10:28:18.261849+00","2026-05-18 10:28:18.261849+00"
307ab400-ee00-4e6a-8868-e20c30858a8f,"adeus solidão",190,100,saude-mental,"Saúde Mental",solidão,f,,pytrends,"2026-05-25 10:37:46.89235+00","2026-05-25 10:37:46.89235+00"
307bdd8f-7d23-460a-81a7-99395ddd82a2,"anemia cronica",40,10,alimentacao,Alimentação,anemia,f,,pytrends,"2026-09-14 12:25:02.428334+00","2026-09-14 12:25:02.428334+00"
30d5fb52-fa35-41e4-ae55-40afb4bf1920,"oque é anemia",9999,76,alimentacao,Alimentação,anemia,f,,pytrends,"2026-09-07 12:09:24.325123+00","2026-09-07 12:09:24.325123+00"
30fac249-c795-4f78-b1c3-b57348782e56,"sofa sepsis",70,84,emergentes,Emergentes,sepsis,f,,pytrends,"2026-06-29 11:18:14.336127+00","2026-06-29 11:18:14.336127+00"
31468343-79a9-4ebd-8a4d-6ca7620dc444,"candida auris em portugal",9999,60,emergentes,Emergentes,"candida auris",f,,pytrends,"2026-04-06 08:12:48.386574+00","2026-04-06 08:12:48.386574+00"
316e647b-0b00-4ead-893e-770bc2d049cb,"julian alvarez depressão",6000,52,saude-mental,"Saúde Mental",depressão,f,,pytrends,"2026-09-14 12:28:27.350327+00","2026-09-14 12:28:27.350327+00"
319b8d1b-22cc-4e87-82e1-f58aa7d9a55c,"ataque de ansiedade o que fazer",400,20,saude-mental,"Saúde Mental",ansiedade,f,,pytrends,"2026-03-30 07:58:55.195023+00","2026-03-30 07:58:55.195023+00"
31b249f8-64fd-4842-8d2a-bc6570a56e3e,furmark,8650,76,saude-mental,"Saúde Mental",stress,f,,pytrends,"2026-05-18 10:27:34.206157+00","2026-05-18 10:27:34.206157+00"
31fe734d-17f5-4353-8c7d-ca9832fdf933,"fruta que cura anemia em 2 dias",3550,76,alimentacao,Alimentação,anemia,f,,pytrends,"2026-05-18 10:24:15.231759+00","2026-05-18 10:24:15.231759+00"
32080b51-6755-43eb-999e-3c0834be37c3,"sintomas de enxaqueca",70,28,saude-mental,"Saúde Mental",enxaqueca,t,,pytrends,"2026-06-08 11:18:28.519081+00","2026-06-08 11:18:28.519081+00"
32788982-cd39-4644-9db2-09ff9220cfcd,"dia mundial do lúpus",9999,100,emergentes,Emergentes,lúpus,f,,pytrends,"2026-05-25 10:29:27.825991+00","2026-05-25 10:29:27.825991+00"
3280191f-288b-4c0e-9719-87fc212494c9,"sinais de menopausa precoce",9999,100,menopausa,Menopausa,"menopausa precoce",f,,pytrends,"2026-05-04 08:46:50.746992+00","2026-05-04 08:46:50.746992+00"
32f86e3d-60ae-410c-b4dc-cc6419d97f36,"crise de pânico",180,60,saude-mental,"Saúde Mental",pânico,f,,pytrends,"2026-06-01 11:53:24.742733+00","2026-06-01 11:53:24.742733+00"
330e1479-bb9d-43dd-a217-04272bdc56c2,"medicamento para diabetes tipo 2",9999,92,alimentacao,Alimentação,"diabetes tipo 2",f,,pytrends,"2026-03-27 18:34:47.925931+00","2026-03-23 07:37:40.392035+00"
332cc2a0-6e9b-444b-8bbe-dc5a9d151f17,"brinquedo anti stress",9999,68,saude-mental,"Saúde Mental",stress,f,,pytrends,"2026-08-17 07:06:21.376046+00","2026-08-17 07:06:21.376046+00"
33cf7b57-9a86-4e04-bc81-75023e69e8a2,"tipos de enxaqueca",4850,60,saude-mental,"Saúde Mental",enxaqueca,f,,pytrends,"2026-06-01 11:57:43.702524+00","2026-06-01 11:57:43.702524+00"
33d9c6b8-2202-4d90-a2a9-05e2e604b7ef,"stress free car rental",2300,36,saude-mental,"Saúde Mental",stress,f,,pytrends,"2026-08-17 07:06:21.376046+00","2026-08-17 07:06:21.376046+00"
33fc1881-9b13-4355-8636-7721fe271cbd,"causas de anemia",50,10,alimentacao,Alimentação,anemia,t,,pytrends,"2026-05-25 10:26:49.611587+00","2026-05-25 10:26:49.611587+00"
3409a7f2-1789-4477-8701-97e73b15d9e1,"sinais de ansiedade",110,36,saude-mental,"Saúde Mental",ansiedade,f,,pytrends,"2026-08-17 07:06:10.156928+00","2026-08-17 07:06:10.156928+00"
342e77c9-d7f1-46f9-8af4-e5dcd79eff88,"sintomas de demência",80,76,saude-mental,"Saúde Mental",demência,t,,pytrends,"2026-09-14 12:30:05.886234+00","2026-09-14 12:30:05.886234+00"
343922e4-fde9-44e7-84d2-845a0f557dd4,"anemia tratamento",90,12,alimentacao,Alimentação,anemia,f,,pytrends,"2026-08-10 08:09:12.364933+00","2026-08-10 08:09:12.364933+00"
349aea11-71f6-41c0-b453-d7dc0c136ab8,"próxima depressão",250,10,saude-mental,"Saúde Mental",depressão,f,,pytrends,"2026-04-06 08:05:46.502433+00","2026-04-06 08:05:46.502433+00"
34dae7c8-3c90-489f-a8dc-431ad366d4fd,"refluxo gastroesofágico como tratar",60,60,alimentacao,Alimentação,"refluxo gastroesofágico",f,,pytrends,"2026-03-27 18:34:47.925931+00","2026-03-23 07:34:18.332135+00"
3512f614-c766-47b2-bab9-64dc942a4b11,"stress cronico",350,36,saude-mental,"Saúde Mental",stress,f,,pytrends,"2026-05-25 10:30:11.619045+00","2026-05-25 10:30:11.619045+00"
359e9e18-cb13-4293-a688-2893ff1ad4a1,"avc isquêmico o que é",60,28,emergentes,Emergentes,avc,f,,pytrends,"2026-09-14 12:30:38.946859+00","2026-09-14 12:30:38.946859+00"
359f325e-9095-4082-9fd8-68b170df1363,"candidíase mucocutânea",4700,84,menopausa,Menopausa,candidíase,f,,pytrends,"2026-04-27 08:49:37.290811+00","2026-04-27 08:49:37.290811+00"
35d42839-4409-4651-820e-ba6b5e9c2fb7,"what is anemia",150,10,alimentacao,Alimentação,anemia,f,,pytrends,"2026-04-20 08:32:18.074543+00","2026-04-20 08:32:18.074543+00"
35f925dc-08e9-4928-90b6-4f36b5b5e957,"sintomas candida auris",9999,92,emergentes,Emergentes,"candida auris",t,,pytrends,"2026-03-28 00:15:45.14077+00","2026-03-28 00:15:45.14077+00"
36355a33-04ec-48c2-a9d4-e733dc5e54d6,"toy avc",9999,100,emergentes,Emergentes,avc,f,,pytrends,"2026-09-14 12:30:38.946859+00","2026-09-14 12:30:38.946859+00"
3663a1fe-8736-47ab-ae58-6795bb814f76,"endometriose o que é?",9999,76,menopausa,Menopausa,endometriose,f,,pytrends,"2026-03-27 18:34:47.925931+00","2026-03-23 07:41:17.863987+00"
366f16c5-63a4-451f-8151-db2f464c6a0f,"como saber se tenho endometriose",60,60,menopausa,Menopausa,endometriose,t,,pytrends,"2026-08-17 07:07:14.3563+00","2026-08-17 07:07:14.3563+00"
3678813c-5708-49b9-a240-b815415eee66,"300 mil anos de ansiedade",850,44,saude-mental,"Saúde Mental",ansiedade,f,,pytrends,"2026-06-29 11:19:07.268933+00","2026-06-29 11:19:07.268933+00"
36f693c3-9f8e-4997-8bbb-3bf7fd60a327,ptad,9999,100,saude-mental,"Saúde Mental",PTSD,f,,pytrends,"2026-03-30 08:01:17.11791+00","2026-03-30 08:01:17.11791+00"
370d7bca-a108-4d16-ae19-2bb51bd268c8,"vírus nipah sintomas",9999,92,emergentes,Emergentes,"vírus nipah",f,,pytrends,"2026-04-27 08:43:26.740076+00","2026-04-27 08:43:26.740076+00"
37627709-fb06-4306-934b-e2732e597eab,"anemia hemolítica autoimune",250,12,alimentacao,Alimentação,anemia,f,,pytrends,"2026-08-24 07:12:40.609206+00","2026-08-24 07:12:40.609206+00"
38122fa3-4b0a-4bd9-80d7-b43bea042874,"sinais avc",40,10,emergentes,Emergentes,avc,f,,pytrends,"2026-05-25 10:34:39.211269+00","2026-05-25 10:34:39.211269+00"
3812b174-e026-46fd-a647-3a1c889cb221,"sintomas de burnout",60,68,saude-mental,"Saúde Mental",burnout,t,,pytrends,"2026-09-07 12:11:20.388203+00","2026-09-07 12:11:20.388203+00"
387749a4-eed0-4a10-942d-4341465c9710,"vacina ansiedade",6600,60,saude-mental,"Saúde Mental",ansiedade,f,,pytrends,"2026-04-06 08:05:35.66783+00","2026-04-06 08:05:35.66783+00"
38c40ed4-4774-4afa-af4d-33acff59bdc2,"candidíase na gravidez",9999,100,menopausa,Menopausa,candidíase,f,,pytrends,"2026-09-07 12:06:10.183471+00","2026-09-07 12:06:10.183471+00"
38e4efcb-eac6-4a6c-a2de-d164afe281e6,"sintomas da ansiedade",40,10,saude-mental,"Saúde Mental",ansiedade,t,,pytrends,"2026-04-06 08:05:35.66783+00","2026-04-06 08:05:35.66783+00"
39609ee1-2fc1-4a4b-872f-a5623456df31,"vencendo o tdah adulto",9999,92,saude-mental,"Saúde Mental","TDAH adulto",f,,pytrends,"2026-05-04 08:58:43.647798+00","2026-05-04 08:58:43.647798+00"
39e487a0-76af-45c9-b737-aaf3239f68a6,"cura para diabetes tipo 1 e 2",9999,84,alimentacao,Alimentação,"diabetes tipo 2",t,,pytrends,"2026-03-27 18:34:47.925931+00","2026-03-23 07:37:40.392072+00"
3a48597f-f021-4a6b-bdea-6beef7f0760e,"sintoma de avc",9999,92,emergentes,Emergentes,avc,f,,pytrends,"2026-08-31 13:24:30.651463+00","2026-08-31 13:24:30.651463+00"
3a55e564-2888-4722-bf5d-60247146d400,"depressão tropical",9999,100,saude-mental,"Saúde Mental",depressão,f,,pytrends,"2026-09-14 12:28:27.350327+00","2026-09-14 12:28:27.350327+00"
3a66288f-66d2-4cff-b2f3-cae76d31631a,"o que são alimentos ultraprocessados",50,92,alimentacao,Alimentação,ultraprocessados,t,,pytrends,"2026-09-14 12:26:05.361072+00","2026-09-14 12:26:05.361072+00"
3aa9b4f1-6e90-47f8-9979-82adc64c95a6,"alimentos ultraprocessados",50,100,alimentacao,Alimentação,ultraprocessados,f,,pytrends,"2026-05-18 10:23:20.282619+00","2026-05-18 10:23:20.282619+00"
3ad2aa43-d7f4-409c-b5b7-4d2ae1eca9f1,"como curar candidíase imediatamente",9999,76,menopausa,Menopausa,candidíase,t,,pytrends,"2026-03-30 08:10:15.11518+00","2026-03-30 08:10:15.11518+00"
3add9627-8ec3-4fef-831b-daa6575c393e,"ptsd radio",9999,100,saude-mental,"Saúde Mental",PTSD,f,,pytrends,"2026-04-20 08:30:14.193025+00","2026-04-20 08:30:14.193025+00"
3b387f57-bb98-4fcb-9f2b-b8eebbf8a97b,"quais os sintomas da ansiedade",2200,76,saude-mental,"Saúde Mental",ansiedade,t,,pytrends,"2026-05-04 08:51:49.339065+00","2026-05-04 08:51:49.339065+00"
3b5dc910-1fdb-4fcd-b5c3-50e357858950,"suplementos alimentares para idosos",9999,100,alimentacao,Alimentação,"suplementos alimentares",f,,pytrends,"2026-09-14 12:29:11.478426+00","2026-09-14 12:29:11.478426+00"
3b7090d9-619a-4d16-8db9-d89819693cfb,"demência fronto temporal",9999,100,saude-mental,"Saúde Mental",demência,f,,pytrends,"2026-09-14 12:30:05.886234+00","2026-09-14 12:30:05.886234+00"
3b8802fc-9f29-412a-9f81-902ffb7b7e01,"dieta para colesterol alto",80,100,alimentacao,Alimentação,"colesterol alto",f,,pytrends,"2026-06-29 11:31:42.996783+00","2026-06-29 11:31:42.996783+00"
3ba7eb27-03c5-44a7-887b-c3d6b988cd89,"desodorante vichy stress resist",7200,68,saude-mental,"Saúde Mental",stress,f,,pytrends,"2026-06-01 11:57:10.985395+00","2026-06-01 11:57:10.985395+00"
3c2af3c2-f85c-402b-a77c-f80c2a5245fc,"suicídio assistido",9999,100,saude-mental,"Saúde Mental",suicídio,f,,pytrends,"2026-06-08 11:15:20.018725+00","2026-06-08 11:15:20.018725+00"
3c63a217-69d3-4d63-a2ec-9043a604e991,"endometriose o que e",100,68,menopausa,Menopausa,endometriose,f,,pytrends,"2026-08-17 07:07:14.3563+00","2026-08-17 07:07:14.3563+00"
3c8cd532-7395-48c1-8d8a-1c8219f7875c,"cura diabetes tipo 2",180,76,alimentacao,Alimentação,"diabetes tipo 2",t,,pytrends,"2026-03-27 18:34:47.925931+00","2026-03-23 07:37:40.392108+00"
3cbcc218-7ded-4cd4-b8ca-ed711ac85c77,"press under stress",9999,76,saude-mental,"Saúde Mental",stress,f,,pytrends,"2026-08-17 07:06:21.376046+00","2026-08-17 07:06:21.376046+00"
3cfc6fa7-1020-4483-b5e6-e3a3e989c947,"maxalt enxaqueca",2250,10,saude-mental,"Saúde Mental",enxaqueca,f,,pytrends,"2026-03-30 08:08:36.559366+00","2026-03-30 08:08:36.559366+00"
3d1350e7-6250-4423-8963-e23279c5352e,"medicamentos para depressão",60,10,saude-mental,"Saúde Mental",depressão,f,,pytrends,"2026-09-07 12:12:44.373894+00","2026-09-07 12:12:44.373894+00"
3d993d9b-a301-4bd5-8946-07f29d81c42c,"demência e alzheimer é a mesma coisa",5050,68,saude-mental,"Saúde Mental",alzheimer,f,,pytrends,"2026-09-14 12:27:54.20848+00","2026-09-14 12:27:54.20848+00"
3daf5a33-d17a-4879-8ec9-3ead4915c855,"o que é a endometriose",50,76,menopausa,Menopausa,endometriose,t,,pytrends,"2026-09-07 12:06:20.969294+00","2026-09-07 12:06:20.969294+00"
3e154821-f9ba-439f-a8ea-54f6299fbc3d,"quais os sintomas da anemia",9999,100,alimentacao,Alimentação,anemia,t,,pytrends,"2026-09-14 12:25:02.428334+00","2026-09-14 12:25:02.428334+00"
3e996b3a-0f63-493a-86d9-98bc43a9c60e,"dia do cancro da mama",9999,92,menopausa,Menopausa,"cancro da mama",f,,pytrends,"2026-06-01 11:58:26.915924+00","2026-06-01 11:58:26.915924+00"
3ec19c3e-bd45-445a-8b01-2ed10ae18794,"endometriose diagnóstico",9999,100,menopausa,Menopausa,endometriose,f,,pytrends,"2026-09-07 12:06:20.969294+00","2026-09-07 12:06:20.969294+00"
3ec9cced-e59f-4777-91a8-3951c70cc4cb,"stress off",40,12,saude-mental,"Saúde Mental",stress,f,,pytrends,"2026-05-04 08:53:20.835465+00","2026-05-04 08:53:20.835465+00"
3efbca2f-2cdd-42bf-82fb-7b8e124393f3,"origem do alzheimer",7350,92,saude-mental,"Saúde Mental",alzheimer,f,,pytrends,"2026-04-27 08:56:20.808056+00","2026-04-27 08:56:20.808056+00"
3f009f66-df20-4dff-88fe-258e5ed2c528,"cancro da mama sintomas",50,84,menopausa,Menopausa,"cancro da mama",f,,pytrends,"2026-08-31 13:17:44.84191+00","2026-08-31 13:17:44.84191+00"
3f259882-4c4f-4181-88b9-469cc32fe568,"chá para anemia",100,20,alimentacao,Alimentação,anemia,f,,pytrends,"2026-05-25 10:26:49.611587+00","2026-05-25 10:26:49.611587+00"
3f25f754-918c-4eb6-9a95-0242143a2629,"avc em ingles",100,20,emergentes,Emergentes,avc,f,,pytrends,"2026-09-07 12:14:50.713035+00","2026-09-07 12:14:50.713035+00"
3f364b26-d11d-488a-9bb8-d16b2d0dc234,"avc tratamento",90,10,emergentes,Emergentes,avc,f,,pytrends,"2026-03-30 08:05:39.827249+00","2026-03-30 08:05:39.827249+00"
3f763cc5-9e48-4f4c-aa22-2c0bd1965e50,"proxima depressão",600,20,saude-mental,"Saúde Mental",depressão,f,,pytrends,"2026-03-30 07:59:07.198788+00","2026-03-30 07:59:07.198788+00"
400414f8-64db-419f-b795-4932b730a530,"meditação guiada para ansiedade",9999,100,saude-mental,"Saúde Mental",ansiedade,f,,pytrends,"2026-05-04 08:51:49.339065+00","2026-05-04 08:51:49.339065+00"
404b4d30-fa1f-43a9-a539-325527b70b64,"diferença entre demencia e alzheimer",100,12,saude-mental,"Saúde Mental",alzheimer,t,,pytrends,"2026-09-07 12:12:12.820036+00","2026-09-07 12:12:12.820036+00"
4054559a-6578-4091-b641-7c9989573737,"colesterol alto como baixar",110,100,alimentacao,Alimentação,"colesterol alto",f,,pytrends,"2026-09-07 12:17:47.656773+00","2026-09-07 12:17:47.656773+00"
405b3f1a-a19a-4ba9-b53d-9bff3197bec2,"enxaqueca menstrual",50,10,saude-mental,"Saúde Mental",enxaqueca,f,,pytrends,"2026-06-01 11:57:43.702524+00","2026-06-01 11:57:43.702524+00"
408ef939-1637-4ee8-99e0-6150c4f1f185,"burnout parental",140,44,saude-mental,"Saúde Mental",burnout,f,,pytrends,"2026-06-08 11:21:10.509932+00","2026-06-08 11:21:10.509932+00"
40d90f84-aa6e-4198-96ef-ffab8b072ee0,"burnout paradise",60,12,saude-mental,"Saúde Mental",burnout,f,,pytrends,"2026-06-08 11:21:10.509932+00","2026-06-08 11:21:10.509932+00"
41096aba-90c8-45aa-b278-8dcb1af41cf5,"alzheimer disease",90,20,saude-mental,"Saúde Mental",alzheimer,f,,pytrends,"2026-03-30 08:07:05.928237+00","2026-03-30 08:07:05.928237+00"
410c0556-3632-4993-a42b-82ee61249f50,"sepsis guidelines",90,68,emergentes,Emergentes,sepsis,f,,pytrends,"2026-03-30 08:10:36.532012+00","2026-03-30 08:10:36.532012+00"
4133d9c1-bae8-4301-b1da-9d93e718c5f7,"via verde avc",40,10,emergentes,Emergentes,avc,f,,pytrends,"2026-06-29 11:24:57.234384+00","2026-06-29 11:24:57.234384+00"
4135ffd6-7824-4154-94c0-05215fb7a86e,"depressão samuel",9999,92,saude-mental,"Saúde Mental",depressão,f,,pytrends,"2026-06-01 12:02:54.073026+00","2026-06-01 12:02:54.073026+00"
413f9126-fb50-433f-8da2-5f8ae5867ae3,"enxaqueca em salvas",7600,68,saude-mental,"Saúde Mental",enxaqueca,f,,pytrends,"2026-06-01 11:57:43.702524+00","2026-06-01 11:57:43.702524+00"
41487265-dbf0-4742-aca4-95e261025401,"depressão profunda",60,10,saude-mental,"Saúde Mental",depressão,f,,pytrends,"2026-09-14 12:28:27.350327+00","2026-09-14 12:28:27.350327+00"
41b91f34-027a-4d05-9974-97de9450b9f4,"terapia hormonal menopausa",110,100,menopausa,Menopausa,"terapia hormonal",f,,pytrends,"2026-04-20 08:33:05.171152+00","2026-04-20 08:33:05.171152+00"
41b96779-b9b7-4a16-84c5-91f6e05f1844,"colesterol ldl",60,76,alimentacao,Alimentação,"colesterol alto",f,,pytrends,"2026-05-25 10:33:36.076264+00","2026-05-25 10:33:36.076264+00"
41ff487d-f891-4015-853b-a224df5cf0cc,"burnout autista",450,76,saude-mental,"Saúde Mental",burnout,f,,pytrends,"2026-09-14 12:27:01.237878+00","2026-09-14 12:27:01.237878+00"
423812c1-095c-4c4e-ba10-60b3776fbe43,"síndrome de burnout sintomas",950,60,saude-mental,"Saúde Mental",burnout,f,,pytrends,"2026-04-06 08:00:17.154548+00","2026-04-06 08:00:17.154548+00"
424cc950-3a06-41f6-b18d-ce6fbe028206,"dia internacional da luta contra a endometriose",5150,60,menopausa,Menopausa,endometriose,f,,pytrends,"2026-05-18 10:23:42.357559+00","2026-05-18 10:23:42.357559+00"
42b152c2-f1bb-4207-b711-3d642158dff0,"lúpus tem cura",9999,92,emergentes,Emergentes,lúpus,f,,pytrends,"2026-04-06 08:12:58.949254+00","2026-04-06 08:12:58.949254+00"
42b97f84-7bf3-49f8-b3ff-10aa62d9e4ed,"diva depressão",5200,60,saude-mental,"Saúde Mental",depressão,f,,pytrends,"2026-09-07 12:12:44.373894+00","2026-09-07 12:12:44.373894+00"
42d4f264-0ccf-4138-b5f0-222fb2f90e08,"avc transitório",9999,76,emergentes,Emergentes,avc,f,,pytrends,"2026-08-31 13:24:30.651463+00","2026-08-31 13:24:30.651463+00"
42dede81-eb69-427c-aadb-1e4a3d188636,"indicios de avc",9999,76,emergentes,Emergentes,avc,f,,pytrends,"2026-03-30 08:05:39.827249+00","2026-03-30 08:05:39.827249+00"
42f15db3-0852-426f-b8b6-a84e696db95e,"tipos de depressão",130,10,saude-mental,"Saúde Mental",depressão,f,,pytrends,"2026-09-07 12:12:44.373894+00","2026-09-07 12:12:44.373894+00"
432b2127-d9ea-4308-b1ec-de0ab7aeefa4,passiflora,9999,92,saude-mental,"Saúde Mental",ansiedade,f,,pytrends,"2026-09-09 16:20:00.970958+00","2026-09-09 16:20:00.970958+00"
4336eed1-ff54-46d4-8e60-5a43538a8af6,"diabetes mellitus",950,92,alimentacao,Alimentação,"diabetes tipo 2",f,,pytrends,"2026-06-29 11:18:46.079029+00","2026-06-29 11:18:46.079029+00"
43452a86-d36d-425e-9bb9-81ae384512f2,vortioxetina,9999,68,saude-mental,"Saúde Mental",ansiedade,f,,pytrends,"2026-03-28 00:08:45.453336+00","2026-03-28 00:08:45.453336+00"
4361995f-434f-443b-af1c-6fdb944397a1,"alzheimer infantil",3850,76,saude-mental,"Saúde Mental",alzheimer,f,,pytrends,"2026-04-27 08:56:20.808056+00","2026-04-27 08:56:20.808056+00"
43ac383f-bdea-47fe-bb27-5e4285adb9ef,sinusite,140,36,saude-mental,"Saúde Mental",enxaqueca,f,,pytrends,"2026-08-31 13:17:23.533109+00","2026-08-31 13:17:23.533109+00"
4431c9ba-9935-46f9-b5c8-3496dbebe12d,"enxaqueca cronica",9999,100,saude-mental,"Saúde Mental",enxaqueca,f,,pytrends,"2026-05-04 08:53:54.915162+00","2026-05-04 08:53:54.915162+00"
443b315f-61b3-4145-8235-85252af7bd32,"anemia normocítica",9999,100,alimentacao,Alimentação,anemia,f,,pytrends,"2026-04-27 08:47:00.412814+00","2026-04-27 08:47:00.412814+00"
443cc5a3-cb6e-407e-90f8-f8d0996eb970,"ansiedade cronica",80,12,saude-mental,"Saúde Mental",ansiedade,f,,pytrends,"2026-03-27 18:34:47.925931+00","2026-03-23 07:29:16.489763+00"
44e96d76-5bfc-4652-b09b-803e8d4e3705,"dia avc",50,12,emergentes,Emergentes,avc,f,,pytrends,"2026-04-06 08:10:42.850302+00","2026-04-06 08:10:42.850302+00"
44eaacb2-9886-4e1d-b39c-16acd0b24e2c,"feira da dieta mediterrânica",650,84,alimentacao,Alimentação,"dieta mediterrânica",f,,pytrends,"2026-09-09 16:31:44.003258+00","2026-09-09 16:31:44.003258+00"
451e5d64-9cfe-4d04-99a5-6073e1eee908,"o que é o jejum intermitente",50,68,alimentacao,Alimentação,"jejum intermitente",t,,pytrends,"2026-08-24 07:16:28.174466+00","2026-08-24 07:16:28.174466+00"
45520d8c-28c0-4d23-a01b-2d2bad8f7924,"ansiedade em ingles",140,44,saude-mental,"Saúde Mental",ansiedade,f,,pytrends,"2026-08-17 07:06:10.156928+00","2026-08-17 07:06:10.156928+00"
456cbf66-2d91-475b-91f9-e4615ccee169,"formas de suicídio",9750,92,saude-mental,"Saúde Mental",suicídio,f,,pytrends,"2026-06-08 11:15:20.018725+00","2026-06-08 11:15:20.018725+00"
4587b40e-ed33-4590-b76c-11af22ff38d1,"toy teve um avc",9999,84,emergentes,Emergentes,avc,f,,pytrends,"2026-09-14 12:30:38.946859+00","2026-09-14 12:30:38.946859+00"
45be9a6c-d239-4eed-ae71-fb6452a7c998,"stress ball",40,36,saude-mental,"Saúde Mental",stress,f,,pytrends,"2026-05-18 10:27:34.206157+00","2026-05-18 10:27:34.206157+00"
45ebe69a-9c85-49e8-99dc-483f990a70d9,"carmen silva adeus solidão",9999,100,saude-mental,"Saúde Mental",solidão,f,,pytrends,"2026-06-01 12:04:52.226329+00","2026-06-01 12:04:52.226329+00"
463705f2-cb71-424e-94e1-a0feb5010d30,"kristin depressão",9950,12,saude-mental,"Saúde Mental",depressão,f,,pytrends,"2026-04-27 08:51:07.35017+00","2026-04-27 08:51:07.35017+00"
4642c3e0-6e60-42bd-b93c-d8cac68f3bca,"china descobre cura para diabetes tipo 1 e 2",5450,100,alimentacao,Alimentação,"diabetes tipo 2",f,,pytrends,"2026-03-28 00:16:57.93117+00","2026-03-28 00:16:57.93117+00"
46871deb-937e-4d15-a2bd-972c8c9126ef,"oq é anemia",2000,44,alimentacao,Alimentação,anemia,f,,pytrends,"2026-09-14 12:25:02.428334+00","2026-09-14 12:25:02.428334+00"
468c8b9b-18c5-4d85-b826-b9d82adf0a98,"terapia de casal online",60,100,saude-mental,"Saúde Mental","terapia online",f,,pytrends,"2026-08-03 10:20:22.01554+00","2026-08-03 10:20:22.01554+00"
469f18a9-20a0-414f-8330-8e1ee688c93a,"ansiedade na adolescência",3450,36,saude-mental,"Saúde Mental",ansiedade,f,,pytrends,"2026-03-28 00:08:45.453336+00","2026-03-28 00:08:45.453336+00"
46aea26d-3808-4b99-82bb-e33f1b372a62,"ryeqo endometriose",9999,76,menopausa,Menopausa,endometriose,f,,pytrends,"2026-06-01 11:53:13.432621+00","2026-06-01 11:53:13.432621+00"
47a4aa38-f807-4010-984a-df9cb840ccce,"o que é sepsis",140,92,emergentes,Emergentes,sepsis,t,,pytrends,"2026-09-09 16:18:54.332099+00","2026-09-09 16:18:54.332099+00"
47c6c57b-be95-455e-b014-a4191862f4bb,"endometriose intestinal é grave",2650,92,menopausa,Menopausa,endometriose,f,,pytrends,"2026-05-25 10:26:17.89032+00","2026-05-25 10:26:17.89032+00"
47dde33a-4068-4712-aa2d-83383c42c116,"avc isquêmico e hemorrágico",9999,44,emergentes,Emergentes,avc,f,,pytrends,"2026-09-07 12:14:50.713035+00","2026-09-07 12:14:50.713035+00"
47e31002-22bf-4008-9199-300935a47b89,"how to reduce stress naturally",400,44,saude-mental,"Saúde Mental",stress,f,,pytrends,"2026-09-14 12:20:58.303157+00","2026-09-14 12:20:58.303157+00"
4801c985-0435-4adf-b175-56356dd04753,"candidíase vulvovaginal",5750,52,menopausa,Menopausa,candidíase,f,,pytrends,"2026-03-30 08:10:15.11518+00","2026-03-30 08:10:15.11518+00"
48425cb0-8bd6-427b-92a6-cd457b143d81,"fungo candida auris sintomas",9999,68,emergentes,Emergentes,"candida auris",f,,pytrends,"2026-03-28 00:15:45.14077+00","2026-03-28 00:15:45.14077+00"
484905db-ed68-4625-847e-7bb05c451443,"o que é bom para curar anemia rápido",1000,10,alimentacao,Alimentação,anemia,t,,pytrends,"2026-03-27 18:34:47.925931+00","2026-03-23 07:34:29.014009+00"
487bcab3-4ea5-458e-a053-846b0daeb0eb,"banho de assento para candidíase",8050,68,menopausa,Menopausa,candidíase,f,,pytrends,"2026-09-09 16:20:54.165275+00","2026-09-09 16:20:54.165275+00"
48cdf792-3024-4039-be27-6f1068b01c57,"anemia falciforme sintomas",9999,44,alimentacao,Alimentação,anemia,f,,pytrends,"2026-08-03 10:13:48.617137+00","2026-08-03 10:13:48.617137+00"
4902c602-8080-4b81-b3a1-ddcd98519123,"demência frontotemporal fases",6400,84,saude-mental,"Saúde Mental",demência,f,,pytrends,"2026-05-18 10:34:40.611847+00","2026-05-18 10:34:40.611847+00"
49f47623-330c-4823-90cd-32759af9e874,"candidíase masculina sintomas",9999,84,menopausa,Menopausa,candidíase,f,,pytrends,"2026-06-08 11:17:11.627359+00","2026-06-08 11:17:11.627359+00"
4a412cc8-cd78-46b1-ab97-7207e6c3a168,"doença celiaca",9999,100,alimentacao,Alimentação,"doença celíaca",f,,pytrends,"2026-06-01 11:58:05.156423+00","2026-06-01 11:58:05.156423+00"
4a7171d1-c386-415b-8eb9-3447c543a4d8,"micro avc",9999,100,emergentes,Emergentes,avc,f,,pytrends,"2026-06-01 12:01:37.236509+00","2026-06-01 12:01:37.236509+00"
4a73cb31-13cd-463c-8365-a76ec9e3abba,"nova depressão em portugal",9999,84,saude-mental,"Saúde Mental",depressão,f,,pytrends,"2026-04-27 08:51:07.35017+00","2026-04-27 08:51:07.35017+00"
4a77cb37-48b6-4ed0-a6bd-fe69f566afa0,"candidíase peniana",100,76,menopausa,Menopausa,candidíase,f,,pytrends,"2026-04-27 08:49:37.290811+00","2026-04-27 08:49:37.290811+00"
4aa96ccb-c01c-47bd-b151-66243c9d46e1,"anemia de blackfan-diamond",650,12,alimentacao,Alimentação,anemia,f,,pytrends,"2026-09-14 12:25:02.428334+00","2026-09-14 12:25:02.428334+00"
4b00a609-7761-4d42-9bec-672bf6e393ce,"sepsis neonatal",100,68,emergentes,Emergentes,sepsis,f,,pytrends,"2026-04-06 08:10:10.959529+00","2026-04-06 08:10:10.959529+00"
4bd81b9e-daaa-4f35-9c55-ddfa607a93a5,"avc hemorrágico tratamento",1900,44,emergentes,Emergentes,avc,f,,pytrends,"2026-06-22 12:30:03.994015+00","2026-06-22 12:30:03.994015+00"
4c1c54db-aa12-44f4-bc6f-b494d2e8658d,"endometriose e gravidez",9999,100,menopausa,Menopausa,endometriose,f,,pytrends,"2026-06-01 11:53:13.432621+00","2026-06-01 11:53:13.432621+00"
4c4413de-b689-4722-bf08-e243005581ea,"o poder do jejum intermitente",4100,76,alimentacao,Alimentação,"jejum intermitente",f,,pytrends,"2026-04-06 08:01:54.254993+00","2026-04-06 08:01:54.254993+00"
4c5cddc5-cd54-4f79-a710-210d1fa6482c,"candidíase homem",60,60,menopausa,Menopausa,candidíase,f,,pytrends,"2026-04-20 08:28:23.059885+00","2026-04-20 08:28:23.059885+00"
4cbeac11-d97b-4235-a528-26b7d84eebdc,"ataque de pânico sintomas",80,100,saude-mental,"Saúde Mental",pânico,f,,pytrends,"2026-08-24 07:11:59.266605+00","2026-08-24 07:11:59.266605+00"
4cd76f9d-d695-4f27-b4f4-03069e77eafe,"enxaqueca em ingles",70,52,saude-mental,"Saúde Mental",enxaqueca,f,,pytrends,"2026-08-17 07:09:05.740764+00","2026-08-17 07:09:05.740764+00"
4cfea157-bf00-4855-8f1b-4f1a27361df7,"enxaqueca oftálmica",9999,84,saude-mental,"Saúde Mental",enxaqueca,f,,pytrends,"2026-09-09 16:22:51.103277+00","2026-09-09 16:22:51.103277+00"
4d3b56a3-0322-4b72-84bb-10a67cb5df72,"como fazer jejum intermitente para emagrecer",9999,100,alimentacao,Alimentação,"jejum intermitente",t,,pytrends,"2026-09-07 12:13:15.580219+00","2026-09-07 12:13:15.580219+00"
4d4b80e2-b0f4-445a-be0c-4019bae188ff,"sintomas de enxaqueca com aura",9999,100,saude-mental,"Saúde Mental",enxaqueca,t,,pytrends,"2026-09-07 12:08:08.040514+00","2026-09-07 12:08:08.040514+00"
4d88a893-52dc-48ba-8d48-7e8c8cf07959,"diferença entre aneurisma e avc",3800,84,emergentes,Emergentes,avc,t,,pytrends,"2026-06-22 12:30:03.994015+00","2026-06-22 12:30:03.994015+00"
4d895cdb-6885-4543-b942-7e0dcc646121,"anemia severa",250,12,alimentacao,Alimentação,anemia,f,,pytrends,"2026-03-28 00:21:06.900923+00","2026-03-28 00:21:06.900923+00"
4da7bfed-c7e4-4d3f-9348-6cbcdc222758,"calmante para ansiedade",9999,100,saude-mental,"Saúde Mental",ansiedade,f,,pytrends,"2026-06-29 11:19:07.268933+00","2026-06-29 11:19:07.268933+00"
4dd67bfe-66d7-412b-b53e-1900cf7266d0,"sickle cell anemia",60,10,alimentacao,Alimentação,anemia,f,,pytrends,"2026-05-18 10:24:15.231759+00","2026-05-18 10:24:15.231759+00"
4dd9a8a0-0cd5-4df8-81b9-4e546aff686c,"o que é diabetes tipo 2",80,84,alimentacao,Alimentação,"diabetes tipo 2",t,,pytrends,"2026-08-17 07:05:59.279615+00","2026-08-17 07:05:59.279615+00"
4e5deb04-bcb9-4421-80e5-b9f8ed01c652,"quais os sintomas de alzheimer",6050,84,saude-mental,"Saúde Mental",alzheimer,t,,pytrends,"2026-04-27 08:56:20.808056+00","2026-04-27 08:56:20.808056+00"
4eb2e9fa-ea63-4013-97fa-28a2757c57bf,"como diminuir a ansiedade rapidamente",9999,84,saude-mental,"Saúde Mental",ansiedade,t,,pytrends,"2026-03-27 18:34:47.925931+00","2026-03-23 07:29:16.489448+00"
4eb71948-92d8-49cd-81b2-24bd01a5f7c0,"o que é anemia perniciosa",9999,60,alimentacao,Alimentação,anemia,t,,pytrends,"2026-08-03 10:13:48.617137+00","2026-08-03 10:13:48.617137+00"
4f21706a-dce5-4419-9e3c-98628d412f96,"depressão pedro 2026",9999,20,saude-mental,"Saúde Mental",depressão,f,,pytrends,"2026-04-27 08:51:07.35017+00","2026-04-27 08:51:07.35017+00"
4f34ae6a-974a-4dda-b707-9b3daffbb9dc,"enxaqueca lado esquerdo",80,20,saude-mental,"Saúde Mental",enxaqueca,f,,pytrends,"2026-03-28 00:18:52.271444+00","2026-03-28 00:18:52.271444+00"
4f5845df-eec8-4b76-ba83-bf330d242d05,"vacina contra ansiedade",950,44,saude-mental,"Saúde Mental",ansiedade,f,,pytrends,"2026-04-06 08:05:35.66783+00","2026-04-06 08:05:35.66783+00"
4f6c4dc9-902d-48d8-962a-beb9a2f56ff9,"síntomas alzheimer",4500,60,saude-mental,"Saúde Mental",alzheimer,f,,pytrends,"2026-09-14 12:27:54.20848+00","2026-09-14 12:27:54.20848+00"
4f6c9607-a739-486d-83b4-c46bb79ae00a,"enxaqueca de aura",150,36,saude-mental,"Saúde Mental",enxaqueca,f,,pytrends,"2026-09-14 12:23:46.605277+00","2026-09-14 12:23:46.605277+00"
4f995a5b-c700-4b36-b66e-7527f1ed129e,"endometriose tem cura",9999,100,menopausa,Menopausa,endometriose,f,,pytrends,"2026-08-31 13:15:35.047147+00","2026-08-31 13:15:35.047147+00"
4fc5673c-7b7a-4669-abf9-76d252ed9165,"shear stress",50,52,saude-mental,"Saúde Mental",stress,f,,pytrends,"2026-04-27 08:49:59.549531+00","2026-04-27 08:49:59.549531+00"
4fe324ee-7fa7-4285-b530-1daf91e9506a,"grande depressão 1929",70,10,saude-mental,"Saúde Mental",depressão,f,,pytrends,"2026-05-18 10:33:24.821943+00","2026-05-18 10:33:24.821943+00"
4ffea5bb-6391-4192-9501-8c9f99ed0e64,"melhor antidepressivo para ansiedade",2450,36,saude-mental,"Saúde Mental",ansiedade,f,,pytrends,"2026-03-30 07:58:55.195023+00","2026-03-30 07:58:55.195023+00"
502c3fe3-c75d-4a65-9b2b-4d52b21077cf,"sintomas depressão",170,10,saude-mental,"Saúde Mental",depressão,t,,pytrends,"2026-05-25 10:35:52.266418+00","2026-05-25 10:35:52.266418+00"
50a0b965-70c5-45ee-82ea-b3b9f9665be7,"anemia ferropénica",120,10,alimentacao,Alimentação,anemia,f,,pytrends,"2026-03-28 00:21:06.900923+00","2026-03-28 00:21:06.900923+00"
50d4de82-b86a-47af-a04e-bc4950402505,"refluxo gastroesofágico pode matar",9999,92,alimentacao,Alimentação,"refluxo gastroesofágico",f,,pytrends,"2026-04-06 08:09:17.317989+00","2026-04-06 08:09:17.317989+00"
50f39270-3ffd-4c5b-b52f-b5eb78501688,"jejum intermitente de 14h emagrece quantos quilos",9999,76,alimentacao,Alimentação,"jejum intermitente",f,,pytrends,"2026-04-20 08:37:28.949108+00","2026-04-20 08:37:28.949108+00"
50ff8626-3400-4d2d-974b-7e1faa4d480d,"dieta mediterrânica receitas",9999,100,alimentacao,Alimentação,"dieta mediterrânica",f,,pytrends,"2026-06-08 11:21:21.488856+00","2026-06-08 11:21:21.488856+00"
513d7b53-10cf-4c8b-8032-022d22b0f80a,"profilaxia enxaqueca",9650,60,saude-mental,"Saúde Mental",enxaqueca,f,,pytrends,"2026-05-04 08:53:54.915162+00","2026-05-04 08:53:54.915162+00"
51694365-f604-418d-b64c-1ecd00f5e298,"o que são ultraprocessados",150,100,alimentacao,Alimentação,ultraprocessados,t,,pytrends,"2026-08-17 07:11:31.632931+00","2026-08-17 07:11:31.632931+00"
5231484b-0a91-4b86-8c24-0d420cef3a5e,"anemia em ingles",80,10,alimentacao,Alimentação,anemia,f,,pytrends,"2026-09-14 12:25:02.428334+00","2026-09-14 12:25:02.428334+00"
526d05fd-cf1c-4b4b-b727-51c24db23fb6,"calmantes para ansiedade e nervosismo",9999,84,saude-mental,"Saúde Mental",ansiedade,f,,pytrends,"2026-08-24 07:08:35.691643+00","2026-08-24 07:08:35.691643+00"
52fd4a80-e99a-49c5-9a01-fe4c304622af,"menos foco mais ansiedade letra",9999,84,saude-mental,"Saúde Mental",ansiedade,f,,pytrends,"2026-09-09 16:20:00.970958+00","2026-09-09 16:20:00.970958+00"
530831db-fb94-42c8-9d78-0250d71670b5,"enxaqueca abdominal",9999,84,saude-mental,"Saúde Mental",enxaqueca,f,,pytrends,"2026-09-14 12:23:46.605277+00","2026-09-14 12:23:46.605277+00"
5336cf52-a98d-446c-a65b-d0e725f3dbfa,"anemia de fanconi",130,52,alimentacao,Alimentação,anemia,f,,pytrends,"2026-09-09 16:24:05.190877+00","2026-09-09 16:24:05.190877+00"
5344362f-7ac9-45c1-b660-d16887ae3123,"lúpus sintomas iniciais",9999,100,emergentes,Emergentes,lúpus,f,,pytrends,"2026-04-06 08:12:58.949254+00","2026-04-06 08:12:58.949254+00"
53c3ce8b-abb8-43ad-9b3a-98ba2b91793f,"primeiros sinais de alzheimer",9999,84,saude-mental,"Saúde Mental",alzheimer,f,,pytrends,"2026-09-07 12:12:12.820036+00","2026-09-07 12:12:12.820036+00"
541465d1-8a57-41cd-a94b-29e72d99be88,"ansiedade de separação bebe",1550,68,saude-mental,"Saúde Mental",ansiedade,f,,pytrends,"2026-05-04 08:51:49.339065+00","2026-05-04 08:51:49.339065+00"
542ad92d-15bb-4d3c-a509-48c38c9eed10,"jejum intermitente beneficios",9999,84,alimentacao,Alimentação,"jejum intermitente",f,,pytrends,"2026-05-18 10:35:12.70582+00","2026-05-18 10:35:12.70582+00"
5453dc1f-b23b-4d44-a67d-84bb8b13febf,"o que tomar para enxaqueca",9999,100,saude-mental,"Saúde Mental",enxaqueca,t,,pytrends,"2026-08-17 07:09:05.740764+00","2026-08-17 07:09:05.740764+00"
5496b6e7-f89d-4c27-957c-4e8ebed467bc,"post sepsis syndrome",9150,76,emergentes,Emergentes,sepsis,f,,pytrends,"2026-08-17 07:05:05.973794+00","2026-08-17 07:05:05.973794+00"
54995339-27ee-4dc2-ae6b-74e659ee95fc,"como ajudar uma pessoa com depressão",9999,76,saude-mental,"Saúde Mental",depressão,t,,pytrends,"2026-05-25 10:35:52.266418+00","2026-05-25 10:35:52.266418+00"
54cbfe12-4ddd-4f5d-a0fd-2f27bb7de926,"walmart near me",9999,84,saude-mental,"Saúde Mental",stress,f,,pytrends,"2026-03-27 18:34:47.925931+00","2026-03-23 07:41:28.797561+00"
552e459b-ed49-4e29-902e-cd8c9bc36026,"legumes para anemia",9999,76,alimentacao,Alimentação,anemia,f,,pytrends,"2026-03-30 08:09:53.80659+00","2026-03-30 08:09:53.80659+00"
55462f31-7a65-41f5-8c68-a8ad7a40746e,"medicamento para ansiedade",70,44,saude-mental,"Saúde Mental",ansiedade,f,,pytrends,"2026-05-04 08:51:49.339065+00","2026-05-04 08:51:49.339065+00"
55570ea4-c075-47cb-924c-181ecaf7311b,leucemia,90,10,alimentacao,Alimentação,anemia,f,,pytrends,"2026-03-30 08:09:53.80659+00","2026-03-30 08:09:53.80659+00"
55680ac1-6048-404f-bbcc-7e784ed5a040,"sintomas de colesterol alto",80,92,alimentacao,Alimentação,"colesterol alto",t,,pytrends,"2026-09-07 12:17:47.656773+00","2026-09-07 12:17:47.656773+00"
5628626d-7734-4db0-bf5d-9147fe15efdc,"pânico no lago",8950,92,saude-mental,"Saúde Mental",pânico,f,,pytrends,"2026-09-09 16:23:22.829763+00","2026-09-09 16:23:22.829763+00"
5658ce8d-8507-476f-9474-3406902afe3d,"sepsis symptome",9999,100,emergentes,Emergentes,sepsis,f,,pytrends,"2026-09-07 12:04:10.289494+00","2026-09-07 12:04:10.289494+00"
565d072c-9d6f-4e6c-90d4-f1cca13f390c,"heloisa perisse avc",3850,68,emergentes,Emergentes,avc,f,,pytrends,"2026-08-03 10:21:17.267746+00","2026-08-03 10:21:17.267746+00"
56eced37-adb6-4775-a85e-04351fd749e4,"no stress just vibes",9999,92,saude-mental,"Saúde Mental",stress,f,,pytrends,"2026-08-17 07:06:21.376046+00","2026-08-17 07:06:21.376046+00"
570fcf87-2dbb-4fa8-b881-da86ac351a20,"crise de ansiedade o que fazer",9999,84,saude-mental,"Saúde Mental",ansiedade,f,,pytrends,"2026-04-06 08:05:35.66783+00","2026-04-06 08:05:35.66783+00"
571589aa-69b8-4cb5-8dbf-0d1779ae8b1c,"sintomas de refluxo gastroesofágico",110,100,alimentacao,Alimentação,"refluxo gastroesofágico",t,,pytrends,"2026-08-24 07:20:15.923354+00","2026-08-24 07:20:15.923354+00"
571eeece-f0e7-4561-9dfe-ce1681e56135,"nininho vaz maia depressão",9999,100,saude-mental,"Saúde Mental",depressão,f,,pytrends,"2026-06-08 11:23:00.087635+00","2026-06-08 11:23:00.087635+00"
57426088-343b-4e75-93be-af66923c7f56,"avc 2026",50,36,emergentes,Emergentes,avc,f,,pytrends,"2026-06-29 11:24:57.234384+00","2026-06-29 11:24:57.234384+00"
576dc569-85a6-424a-ab0d-379ef24e5e7a,"suicídio sem dor",80,84,saude-mental,"Saúde Mental",suicídio,f,,pytrends,"2026-06-08 11:15:20.018725+00","2026-06-08 11:15:20.018725+00"
578a78f4-fdf1-428e-9182-ca026fd8ec7d,"dieta mediterrânica tavira",800,92,alimentacao,Alimentação,"dieta mediterrânica",f,,pytrends,"2026-09-09 16:31:44.003258+00","2026-09-09 16:31:44.003258+00"
578fb97d-bbde-4188-92ee-978391a4461a,"burnout sintomas",40,10,saude-mental,"Saúde Mental",burnout,f,,pytrends,"2026-06-08 11:21:10.509932+00","2026-06-08 11:21:10.509932+00"
579dd3d5-264b-4f85-840a-ae2fd0780f9d,"dia mundial da doença de alzheimer",3850,68,saude-mental,"Saúde Mental",alzheimer,f,,pytrends,"2026-09-09 16:26:53.010718+00","2026-09-09 16:26:53.010718+00"
57cbfadc-ff42-4279-8194-dd23e94a9d9d,"doença celíaca o que não pode comer",9999,100,alimentacao,Alimentação,"doença celíaca",f,,pytrends,"2026-05-18 10:28:39.627717+00","2026-05-18 10:28:39.627717+00"
57ce9f73-097e-4c43-8519-81068462a4e6,"candidíase na boca fotos",9999,76,menopausa,Menopausa,candidíase,f,,pytrends,"2026-06-29 11:19:59.62961+00","2026-06-29 11:19:59.62961+00"
57e9de78-9d50-467e-a049-d28c7f947f2f,"emagrecer 5 kg com jejum intermitente",9600,52,alimentacao,Alimentação,"jejum intermitente",f,,pytrends,"2026-04-20 08:37:28.949108+00","2026-04-20 08:37:28.949108+00"
57eb70d4-5dbf-4576-a76e-772794dc074a,"avc isquemico ou hemorragico",9999,68,emergentes,Emergentes,avc,f,,pytrends,"2026-04-06 08:10:42.850302+00","2026-04-06 08:10:42.850302+00"
587216a9-a2d2-45ee-8a72-178549062634,"mes do cancro da mama",9999,100,menopausa,Menopausa,"cancro da mama",f,,pytrends,"2026-05-25 10:31:28.273203+00","2026-05-25 10:31:28.273203+00"
593faf45-fa48-42ac-bd4d-6de0991c58a0,"sepsis grave",1000,100,emergentes,Emergentes,sepsis,f,,pytrends,"2026-09-09 16:18:54.332099+00","2026-09-09 16:18:54.332099+00"
59bef735-4110-4c9a-aae2-e449b1b1f17e,"geek & gorgeous stress less",9999,76,saude-mental,"Saúde Mental",stress,f,,pytrends,"2026-09-14 12:20:58.303157+00","2026-09-14 12:20:58.303157+00"
5a4a4812-4a72-46b6-8889-3be8005c36ae,"depressão marta portugal",9999,92,saude-mental,"Saúde Mental",depressão,f,,pytrends,"2026-04-27 08:51:07.35017+00","2026-04-27 08:51:07.35017+00"
5a7fecc9-3940-45c6-9582-2df6fe27452a,"teste de depressão",90,36,saude-mental,"Saúde Mental",depressão,f,,pytrends,"2026-08-17 07:13:55.134161+00","2026-08-17 07:13:55.134161+00"
5a94950c-a875-45c4-8d89-60e79fd001f0,"kneipp stress",1450,60,saude-mental,"Saúde Mental",stress,f,,pytrends,"2026-05-04 08:53:20.835465+00","2026-05-04 08:53:20.835465+00"
5a9f538b-2659-40d1-9e32-12bf05f95c51,clotrimazol,9999,68,menopausa,Menopausa,candidíase,f,,pytrends,"2026-03-28 00:21:27.712069+00","2026-03-28 00:21:27.712069+00"
5af77f55-0606-440c-b11c-e8f555f36e28,"como acabar com a candidíase definitivamente",9999,92,menopausa,Menopausa,candidíase,t,,pytrends,"2026-05-18 10:27:01.902896+00","2026-05-18 10:27:01.902896+00"
5bb3830b-e10a-4ca0-a3da-2ebb0c9e82e6,"demência vascular",100,68,saude-mental,"Saúde Mental",demência,f,,pytrends,"2026-09-09 16:29:04.823386+00","2026-09-09 16:29:04.823386+00"
5c0db8a3-e4c5-406d-ad1c-815be12ee2a8,"avc toi",9999,60,emergentes,Emergentes,avc,f,,pytrends,"2026-09-14 12:30:38.946859+00","2026-09-14 12:30:38.946859+00"
5c264a76-32ed-4c2a-964a-44de3ba782da,"mini avc",9999,92,emergentes,Emergentes,avc,f,,pytrends,"2026-09-07 12:14:50.713035+00","2026-09-07 12:14:50.713035+00"
5c4592a5-c429-4a09-8f48-6d099195b610,"burnout tradução",5100,92,saude-mental,"Saúde Mental",burnout,f,,pytrends,"2026-05-18 10:31:26.493729+00","2026-05-18 10:31:26.493729+00"
5ca35cdb-27d0-46b9-8bb6-0cea22715b20,"jejum intermitente faz mal",9999,68,alimentacao,Alimentação,"jejum intermitente",f,,pytrends,"2026-04-20 08:37:28.949108+00","2026-04-20 08:37:28.949108+00"
5cb7cf69-b222-4c24-a50a-01400ae26909,"burnout tratamento",70,28,saude-mental,"Saúde Mental",burnout,f,,pytrends,"2026-04-06 08:00:17.154548+00","2026-04-06 08:00:17.154548+00"
5d1d0c98-f919-460d-b34e-991d3d7203fa,"burnout teste",100,76,saude-mental,"Saúde Mental",burnout,f,,pytrends,"2026-08-17 07:12:24.492091+00","2026-08-17 07:12:24.492091+00"
5d5e5b86-cf81-4ef6-a02f-09ebb6491a5b,"toy teve avc",9999,92,emergentes,Emergentes,avc,f,,pytrends,"2026-09-14 12:30:38.946859+00","2026-09-14 12:30:38.946859+00"
5db2444d-51c4-4a92-846b-1a846cf1b6ec,aquipta,60,60,saude-mental,"Saúde Mental",enxaqueca,f,,pytrends,"2026-09-09 16:22:51.103277+00","2026-09-09 16:22:51.103277+00"
5dce3c31-66dd-4345-88dd-16c14eb1d782,"avc isquêmico sintomas",9999,68,emergentes,Emergentes,avc,f,,pytrends,"2026-06-08 11:21:55.134642+00","2026-06-08 11:21:55.134642+00"
5df9e1df-a09c-4f5e-88fd-479a1991e673,"sintomas de diabetes tipo 2",9999,100,alimentacao,Alimentação,"diabetes tipo 2",t,,pytrends,"2026-09-07 12:05:05.139392+00","2026-09-07 12:05:05.139392+00"
5e50aef3-2eb4-4e1b-a696-b87cca35eb18,"medicamento para depressão",180,60,saude-mental,"Saúde Mental",depressão,f,,pytrends,"2026-08-17 07:13:55.134161+00","2026-08-17 07:13:55.134161+00"
5e61adf7-b129-4a7e-b31f-ab95e7e00d5f,"anemia aplástica",9999,52,alimentacao,Alimentação,anemia,f,,pytrends,"2026-04-27 08:47:00.412814+00","2026-04-27 08:47:00.412814+00"
5ea9d440-e65f-4167-8e09-6dcde34ec87b,"suicídio o que é",70,84,saude-mental,"Saúde Mental",suicídio,f,,pytrends,"2026-05-25 10:27:57.296867+00","2026-05-25 10:27:57.296867+00"
5ebe9879-8a1d-4739-bfb7-79f45b4a91a4,"benefícios do jejum intermitente",9999,60,alimentacao,Alimentação,"jejum intermitente",f,,pytrends,"2026-04-20 08:37:28.949108+00","2026-04-20 08:37:28.949108+00"
5eca7a90-e3a4-44ec-8f3a-549e578cf561,"anemia normocromica normocitica",9999,76,alimentacao,Alimentação,anemia,f,,pytrends,"2026-04-27 08:47:00.412814+00","2026-04-27 08:47:00.412814+00"
5edf5503-5cb4-4c9c-8dc1-0d90bc5674bb,"o que e candida auris",9999,68,emergentes,Emergentes,"candida auris",t,,pytrends,"2026-04-06 08:12:48.386574+00","2026-04-06 08:12:48.386574+00"
5f314fe3-9905-41fb-92c9-02840346fc88,"dementia vs alzheimer",3350,68,saude-mental,"Saúde Mental",alzheimer,f,,pytrends,"2026-04-06 08:14:12.553439+00","2026-04-06 08:14:12.553439+00"
5fa05f83-bf78-4129-8c14-21064147cf3b,"sinais de depressão",130,52,saude-mental,"Saúde Mental",depressão,f,,pytrends,"2026-08-17 07:13:55.134161+00","2026-08-17 07:13:55.134161+00"
5fbd86f6-e0e0-4118-96b7-90c6528fed17,"tipos de demência",100,84,saude-mental,"Saúde Mental",demência,f,,pytrends,"2026-06-08 11:24:17.885721+00","2026-06-08 11:24:17.885721+00"
5fc18d8f-4dc1-4d23-83a4-997c74d70861,"anemia macrocitica",9999,76,alimentacao,Alimentação,anemia,f,,pytrends,"2026-09-14 12:25:02.428334+00","2026-09-14 12:25:02.428334+00"
5fd90a79-6fe8-4213-9491-f6a70f6432de,"gabriel garcia marquez cem anos de solidão",9999,84,saude-mental,"Saúde Mental",solidão,f,,pytrends,"2026-09-14 12:30:16.587168+00","2026-09-14 12:30:16.587168+00"
60eed8f2-5003-4d48-be17-e2e20aff3db3,"o que causa um avc",2100,52,emergentes,Emergentes,avc,t,,pytrends,"2026-08-03 10:21:17.267746+00","2026-08-03 10:21:17.267746+00"
6119d33c-7dd7-4c8e-bb6d-e9b15a211c59,"depressão pós parto sintomas",9999,84,saude-mental,"Saúde Mental",depressão,f,,pytrends,"2026-09-14 12:28:27.350327+00","2026-09-14 12:28:27.350327+00"
6139eb94-cb49-441d-8b8b-c6e7f2b8bc18,"como saber se estou com anemia",1900,60,alimentacao,Alimentação,anemia,t,,pytrends,"2026-08-10 08:09:12.364933+00","2026-08-10 08:09:12.364933+00"
61e8e281-6ea6-4f91-82f0-0b4588b922ce,"anti stress brinquedo",9999,84,saude-mental,"Saúde Mental",stress,f,,pytrends,"2026-09-14 12:20:58.303157+00","2026-09-14 12:20:58.303157+00"
62300ace-3371-4d4a-a34f-e6d2cc0e44e2,"alimentos bons para anemia",90,10,alimentacao,Alimentação,anemia,f,,pytrends,"2026-09-14 12:25:02.428334+00","2026-09-14 12:25:02.428334+00"
623d0ac0-5329-4a40-9158-a4eec56db149,"dia mundial do alzheimer",5150,76,saude-mental,"Saúde Mental",alzheimer,f,,pytrends,"2026-09-14 12:27:54.20848+00","2026-09-14 12:27:54.20848+00"
624de207-18cb-49f6-9bb0-5460e1fd1a5f,"stress out",40,20,saude-mental,"Saúde Mental",stress,f,,pytrends,"2026-09-14 12:20:58.303157+00","2026-09-14 12:20:58.303157+00"
6273fe92-d13e-4576-b0f7-7da0f75c4dac,"dia mundial da prevenção do suicídio",9999,100,saude-mental,"Saúde Mental",suicídio,f,,pytrends,"2026-09-09 16:19:27.468111+00","2026-09-09 16:19:27.468111+00"
62837a5b-d83e-4145-8af2-5f50d459e6c3,"candidíase masculina",130,92,menopausa,Menopausa,candidíase,f,,pytrends,"2026-09-14 12:21:43.88562+00","2026-09-14 12:21:43.88562+00"
628f182f-7d31-40e2-8eab-8350f713dadb,"cancro da mama homem",9999,100,menopausa,Menopausa,"cancro da mama",f,,pytrends,"2026-08-31 13:17:44.84191+00","2026-08-31 13:17:44.84191+00"
62dd6af6-d490-4a04-a61e-9fc92ddc78bb,"vírus nipah na índia sintomas",9999,84,emergentes,Emergentes,"vírus nipah",f,,pytrends,"2026-04-06 08:04:53.258203+00","2026-04-06 08:04:53.258203+00"
6318fc8a-5d65-4e39-a840-3a9e3d28da13,"taxa de stress credito habitação",1400,52,saude-mental,"Saúde Mental",stress,f,,pytrends,"2026-05-04 08:53:20.835465+00","2026-05-04 08:53:20.835465+00"
63576312-cdb9-47ad-b6f4-b478e5d05904,"doença alzheimer",60,44,saude-mental,"Saúde Mental",alzheimer,f,,pytrends,"2026-09-14 12:27:54.20848+00","2026-09-14 12:27:54.20848+00"
63e647f4-3763-4ccc-8109-c33617dd7995,"o que é anorexia nervosa",9999,100,saude-mental,"Saúde Mental","anorexia nervosa",t,,pytrends,"2026-05-18 10:34:08.422815+00","2026-05-18 10:34:08.422815+00"
641096db-9b3e-4065-9ccf-63c4cb29dddc,"demência com corpos de lewy",9999,92,saude-mental,"Saúde Mental",demência,f,,pytrends,"2026-09-14 12:30:05.886234+00","2026-09-14 12:30:05.886234+00"
6411e5f0-187f-4f68-a97a-52ba056c6484,"óvulo para candidíase dose única",9999,60,menopausa,Menopausa,candidíase,f,,pytrends,"2026-03-30 08:10:15.11518+00","2026-03-30 08:10:15.11518+00"
6423d59d-46ab-47ed-a783-9f7f349cb76f,"quem tem endometriose pode engravidar",9999,100,menopausa,Menopausa,endometriose,f,,pytrends,"2026-03-30 08:09:08.445079+00","2026-03-30 08:09:08.445079+00"
645bcd67-a843-49e6-bbc3-3ce9f91c10bf,"sinais de sepsis",9999,100,emergentes,Emergentes,sepsis,f,,pytrends,"2026-05-18 10:24:04.204912+00","2026-05-18 10:24:04.204912+00"
6494ed90-f8d9-44dc-8fd4-a39b0c1e7a58,"a depressão tem cura",9999,92,saude-mental,"Saúde Mental",depressão,f,,pytrends,"2026-08-24 07:15:57.295087+00","2026-08-24 07:15:57.295087+00"
65015dbb-d1b9-4a88-b347-7d74cb05b375,"divertida mente 2 ansiedade",9999,92,saude-mental,"Saúde Mental",ansiedade,f,,pytrends,"2026-08-24 07:08:35.691643+00","2026-08-24 07:08:35.691643+00"
653b9c2e-b4a9-4e15-b746-35e6cd979378,"causas do avc",9999,84,emergentes,Emergentes,avc,t,,pytrends,"2026-03-27 18:34:47.925931+00","2026-03-23 07:36:16.113687+00"
6580d8af-d01f-4bb2-b10e-67f2d1aab0b4,"rui malheiro avc",400,44,emergentes,Emergentes,avc,f,,pytrends,"2026-09-14 12:30:38.946859+00","2026-09-14 12:30:38.946859+00"
6589c244-ba6b-4196-88f2-dc5cd6e2a650,"medicamentos alzheimer",150,36,saude-mental,"Saúde Mental",alzheimer,f,,pytrends,"2026-08-10 08:12:17.441078+00","2026-08-10 08:12:17.441078+00"
660500de-d66e-4e4e-8824-283e30e8028a,"solidão e solitude",9999,100,saude-mental,"Saúde Mental",solidão,f,,pytrends,"2026-05-18 10:35:34.256148+00","2026-05-18 10:35:34.256148+00"
66626808-4e71-44f3-989c-faf8771d55a8,"perez hilton",9999,92,emergentes,Emergentes,sepsis,f,,pytrends,"2026-08-17 07:05:05.973794+00","2026-08-17 07:05:05.973794+00"
66711155-635b-482e-93a8-241cedb380d8,"depressão psicótica",80,10,saude-mental,"Saúde Mental",depressão,f,,pytrends,"2026-09-14 12:28:27.350327+00","2026-09-14 12:28:27.350327+00"
6705865f-6284-4e9a-9a01-1c4abfa2f482,sedistress,500,20,saude-mental,"Saúde Mental",stress,f,,pytrends,"2026-08-17 07:06:21.376046+00","2026-08-17 07:06:21.376046+00"
671e176a-6efd-4491-a34b-bfc61dd3a93e,"lancem sobre ele toda a sua ansiedade porque ele tem cuidado de vocês",600,76,saude-mental,"Saúde Mental",ansiedade,f,,pytrends,"2026-08-17 07:06:10.156928+00","2026-08-17 07:06:10.156928+00"
67554ce1-a603-4c40-90c6-c31abbacf71b,"tdah sintomas adulto",9999,100,saude-mental,"Saúde Mental","TDAH adulto",f,,pytrends,"2026-05-04 08:58:43.647798+00","2026-05-04 08:58:43.647798+00"
67b1f2d6-859f-468a-b8c5-44d6834eb525,"anemia sintomas e sinais",2600,60,alimentacao,Alimentação,anemia,f,,pytrends,"2026-09-14 12:25:02.428334+00","2026-09-14 12:25:02.428334+00"
67c5b033-14ab-42db-81c3-ba49def637a9,"lei da endometriose",4650,52,menopausa,Menopausa,endometriose,f,,pytrends,"2026-06-01 11:53:13.432621+00","2026-06-01 11:53:13.432621+00"
67d45d6a-ddf3-4439-9229-cd98791f49da,"não é loucura é ansiedade",90,28,saude-mental,"Saúde Mental",ansiedade,f,,pytrends,"2026-08-17 07:06:10.156928+00","2026-08-17 07:06:10.156928+00"
67d9f00e-2b6c-4d0b-8bac-64482649dd1e,"todo mundo em pânico 7 data de lançamento",9999,76,saude-mental,"Saúde Mental",pânico,f,,pytrends,"2026-06-01 11:53:24.742733+00","2026-06-01 11:53:24.742733+00"
67dbba47-2f9a-4be3-ad56-18711b2a000a,"medicação para ansiedade",150,12,saude-mental,"Saúde Mental",ansiedade,f,,pytrends,"2026-06-29 11:19:07.268933+00","2026-06-29 11:19:07.268933+00"
69136d6d-682d-4752-9d53-961409d75431,"endometriose umbilical",2450,36,menopausa,Menopausa,endometriose,f,,pytrends,"2026-06-01 11:53:13.432621+00","2026-06-01 11:53:13.432621+00"
692b1c39-caa7-437b-adcf-d4ea21e6564f,"causas enxaqueca",200,10,saude-mental,"Saúde Mental",enxaqueca,t,,pytrends,"2026-05-04 08:53:54.915162+00","2026-05-04 08:53:54.915162+00"
693371ff-e9ad-4c78-a4dc-ccd52164be1d,"significado de demência",7900,92,saude-mental,"Saúde Mental",demência,f,,pytrends,"2026-09-09 16:29:04.823386+00","2026-09-09 16:29:04.823386+00"
69d329e3-aef2-4072-b686-2e63f3f3d959,"o que é jejum intermitente",50,84,alimentacao,Alimentação,"jejum intermitente",t,,pytrends,"2026-08-31 13:22:47.89736+00","2026-08-31 13:22:47.89736+00"
69d7a4c6-f1d4-46b9-b6cb-82d876256cf6,"100 stress massamá",9999,92,saude-mental,"Saúde Mental",stress,f,,pytrends,"2026-05-18 10:27:34.206157+00","2026-05-18 10:27:34.206157+00"
69ed6a04-84d6-44f2-a4aa-eabb8f6c9b9f,"o que é burnout",40,52,saude-mental,"Saúde Mental",burnout,t,,pytrends,"2026-08-24 07:14:33.412583+00","2026-08-24 07:14:33.412583+00"
6a19bc67-d5a9-4d31-bf52-235cf053989a,"como combater o stress",1150,44,saude-mental,"Saúde Mental",stress,t,,pytrends,"2026-05-04 08:53:20.835465+00","2026-05-04 08:53:20.835465+00"
6a7313fb-710e-4f7b-82be-6aec6de1f365,"toy sofre avc",9999,52,emergentes,Emergentes,avc,f,,pytrends,"2026-09-14 12:30:38.946859+00","2026-09-14 12:30:38.946859+00"
6af303b8-3e32-44d8-a649-e56da0e29940,"candida auris o que é",9999,84,emergentes,Emergentes,"candida auris",f,,pytrends,"2026-03-30 08:05:50.381058+00","2026-03-30 08:05:50.381058+00"
6c27d83c-c7bb-45d2-9e5a-1a023621dd4e,"candidíase fotos",40,12,menopausa,Menopausa,candidíase,f,,pytrends,"2026-03-30 08:10:15.11518+00","2026-03-30 08:10:15.11518+00"
6c7c04a1-3853-4544-a8cd-ec046e9bd506,"sindrome de burnout",50,52,saude-mental,"Saúde Mental",burnout,f,,pytrends,"2026-03-30 08:00:22.557375+00","2026-03-30 08:00:22.557375+00"
6cb772a3-f714-44a1-a6d0-00ea1c319f78,"doença celíaca sintomas",60,100,alimentacao,Alimentação,"doença celíaca",f,,pytrends,"2026-09-14 12:23:11.293607+00","2026-09-14 12:23:11.293607+00"
6cf149e7-ab85-4763-9c41-316f6013449b,"candida auris portugal",160,100,emergentes,Emergentes,"candida auris",f,,pytrends,"2026-04-27 08:48:51.968942+00","2026-04-27 08:48:51.968942+00"
6dea1eba-7af0-4680-a992-95c37dec2150,"quais são os sintomas da menopausa",100,100,menopausa,Menopausa,"menopausa sintomas",t,,pytrends,"2026-08-24 07:15:46.667327+00","2026-08-24 07:15:46.667327+00"
6dff81e5-6b61-4b37-b99c-94f97c1edc30,linfocitos,9050,92,alimentacao,Alimentação,"colesterol alto",f,,pytrends,"2026-05-25 10:33:36.076264+00","2026-05-25 10:33:36.076264+00"
6e650e0e-3538-44f7-8dc6-37430a8879c0,"trier social stress test",5650,100,saude-mental,"Saúde Mental",stress,f,,pytrends,"2026-04-06 08:08:56.141499+00","2026-04-06 08:08:56.141499+00"
6e799fe1-4660-4640-8f33-0a22ba6a9b21,"ator com alzheimer",9999,68,saude-mental,"Saúde Mental",alzheimer,f,,pytrends,"2026-03-30 08:07:05.928237+00","2026-03-30 08:07:05.928237+00"
6ec3ec6e-36ef-4557-ab11-951e9262eb9a,"a grande solidão",9999,100,saude-mental,"Saúde Mental",solidão,f,,pytrends,"2026-09-07 12:14:29.249323+00","2026-09-07 12:14:29.249323+00"
6ee9ac8a-89d6-46bb-b7a0-57dfcdd698ee,"fobia social sintomas",9999,100,saude-mental,"Saúde Mental","fobia social",f,,pytrends,"2026-06-22 12:32:08.964847+00","2026-06-22 12:32:08.964847+00"
6f25ffb6-32d3-4ae6-8ca5-73b78c631b81,"anemia sideroblástica",9999,52,alimentacao,Alimentação,anemia,f,,pytrends,"2026-03-27 18:34:47.925931+00","2026-03-23 07:34:29.013772+00"
6f4cd339-589b-4944-ab25-dc36c71076b0,"doença celíaca o que é",9999,100,alimentacao,Alimentação,"doença celíaca",f,,pytrends,"2026-09-09 16:22:19.138321+00","2026-09-09 16:22:19.138321+00"
6f4e07c9-dc07-40fa-9640-9280b9240e8e,"quais os sintomas de anemia",5000,10,alimentacao,Alimentação,anemia,t,,pytrends,"2026-04-27 08:47:00.412814+00","2026-04-27 08:47:00.412814+00"
6f726d9b-05ca-42cc-8f1e-55cc4d5a4fee,"anemia megaloblastica",9999,76,alimentacao,Alimentação,anemia,f,,pytrends,"2026-08-03 10:13:48.617137+00","2026-08-03 10:13:48.617137+00"
6f9a82c8-8dc3-4c3c-bea4-c3719f10034d,"quando a saudade bater e a solidão machucar",9999,100,saude-mental,"Saúde Mental",solidão,t,,pytrends,"2026-03-30 07:59:29.447904+00","2026-03-30 07:59:29.447904+00"
6fe9a7b6-b18d-4d97-916e-dc96c213f5e5,"pomada candidíase",40,10,menopausa,Menopausa,candidíase,f,,pytrends,"2026-04-06 08:09:49.492291+00","2026-04-06 08:09:49.492291+00"
7031c73b-86d5-4de5-a6da-e92488959750,"burnout quiz",9999,84,saude-mental,"Saúde Mental",burnout,f,,pytrends,"2026-06-08 11:21:10.509932+00","2026-06-08 11:21:10.509932+00"
7156b08a-288d-49e8-8b9b-beb5ae1fbea8,triglicerídeos,40,92,alimentacao,Alimentação,"colesterol alto",f,,pytrends,"2026-05-04 08:56:23.607035+00","2026-05-04 08:56:23.607035+00"
7198d737-c357-4dcc-813a-c2534b861b82,"alimentos ricos em ferro",70,10,alimentacao,Alimentação,anemia,f,,pytrends,"2026-08-24 07:12:40.609206+00","2026-08-24 07:12:40.609206+00"
719cd91b-a347-4792-bb41-a0e7e97fea15,"remedio de ansiedade",3750,60,saude-mental,"Saúde Mental",ansiedade,f,,pytrends,"2026-09-07 12:05:16.051264+00","2026-09-07 12:05:16.051264+00"
72913787-a551-4f75-8599-1b2709b78255,"cancro da mama triplo negativo",90,84,menopausa,Menopausa,"cancro da mama",f,,pytrends,"2026-08-17 07:09:26.723192+00","2026-08-17 07:09:26.723192+00"
72e868e8-3390-458a-88d3-cf47d511fc66,"naproxeno enxaqueca",140,36,saude-mental,"Saúde Mental",enxaqueca,f,,pytrends,"2026-06-01 11:57:43.702524+00","2026-06-01 11:57:43.702524+00"
72eef0ef-2123-465b-8db3-36585939572e,alzheimer's,170,52,saude-mental,"Saúde Mental",alzheimer,f,,pytrends,"2026-04-06 08:14:12.553439+00","2026-04-06 08:14:12.553439+00"
72f74e42-7e3a-41d7-8305-668ee49b81ad,"o que é bom para enxaqueca",3650,36,saude-mental,"Saúde Mental",enxaqueca,t,,pytrends,"2026-03-28 00:18:52.271444+00","2026-03-28 00:18:52.271444+00"
732dc61d-d2ad-4e76-b843-447267129d91,"5 fases da depressão",9999,60,saude-mental,"Saúde Mental",depressão,f,,pytrends,"2026-05-25 10:35:52.266418+00","2026-05-25 10:35:52.266418+00"
73a50f35-b757-4ecb-bb73-460db86b961c,"mini avc sintomas",300,44,emergentes,Emergentes,avc,f,,pytrends,"2026-05-18 10:32:20.314953+00","2026-05-18 10:32:20.314953+00"
7411d4f7-f76c-47f4-a491-1601cecf5a5e,"o que provoca anemia",9999,52,alimentacao,Alimentação,anemia,t,,pytrends,"2026-04-06 08:09:28.02802+00","2026-04-06 08:09:28.02802+00"
7438f56e-b822-44b9-ba1f-bafa69f70bfd,"endometriose english",9999,92,menopausa,Menopausa,endometriose,f,,pytrends,"2026-08-31 13:15:35.047147+00","2026-08-31 13:15:35.047147+00"
743e3f92-cbe1-4dec-a075-4c976b8aa32a,"como sair de uma depressão",9999,76,saude-mental,"Saúde Mental",depressão,t,,pytrends,"2026-09-14 12:28:27.350327+00","2026-09-14 12:28:27.350327+00"
745ad83e-06a0-468c-8b99-b459ba78c2cc,"obesidade infantil em portugal",9999,100,alimentacao,Alimentação,"obesidade infantil",f,,pytrends,"2026-06-29 11:19:27.916259+00","2026-06-29 11:19:27.916259+00"
755b75bd-1948-4b4d-af3f-af28bef87f12,"avc isquemico",40,10,emergentes,Emergentes,avc,f,,pytrends,"2026-06-29 11:24:57.234384+00","2026-06-29 11:24:57.234384+00"
759d36bb-54e1-484e-8b86-143bd3f54c1c,"jejum intermitente premio nobel",9999,100,alimentacao,Alimentação,"jejum intermitente",f,,pytrends,"2026-06-22 12:32:30.31394+00","2026-06-22 12:32:30.31394+00"
75b5e750-9ce8-40ac-bbfb-aa89661591fa,"o que é um avc",50,10,emergentes,Emergentes,avc,t,,pytrends,"2026-09-09 16:29:37.813115+00","2026-09-09 16:29:37.813115+00"
75c199c8-1b09-42eb-99e5-43fbe9691e84,"sepsis symptoms",60,76,emergentes,Emergentes,sepsis,f,,pytrends,"2026-06-29 11:18:14.336127+00","2026-06-29 11:18:14.336127+00"
75cff9a3-6f43-497b-bf4c-fc5360c11c49,"chronic stress",40,44,saude-mental,"Saúde Mental",stress,f,,pytrends,"2026-04-06 08:08:56.141499+00","2026-04-06 08:08:56.141499+00"
75e73858-d82c-4b11-8a9c-82eec8751996,"alzheimer primeiros sintomas",180,20,saude-mental,"Saúde Mental",alzheimer,f,,pytrends,"2026-09-07 12:12:12.820036+00","2026-09-07 12:12:12.820036+00"
75f1d0a1-2162-417f-9281-e83eb661635d,"adenomiose e endometriose diferença",4450,20,menopausa,Menopausa,endometriose,f,,pytrends,"2026-03-27 18:34:47.925931+00","2026-03-23 07:41:17.864238+00"
75fc7129-1b5c-47b9-be3c-82673da37932,"surviving sepsis campaign 2026",130,84,emergentes,Emergentes,sepsis,f,,pytrends,"2026-05-25 10:26:39.054753+00","2026-05-25 10:26:39.054753+00"
7600e755-e88d-4fdd-90a2-18c4a83ed19a,"doenças cardiovasculares exemplos",9999,100,emergentes,Emergentes,"doenças cardiovasculares",f,,pytrends,"2026-03-30 08:07:16.582656+00","2026-03-30 08:07:16.582656+00"
7600f46e-2e6e-4eb6-a141-00c7a6be09d2,"suores noturnos o que pode ser",60,100,menopausa,Menopausa,"suores noturnos",f,,pytrends,"2026-08-24 07:12:30.053725+00","2026-08-24 07:12:30.053725+00"
762084d2-4aa4-448d-b3a3-5f3befca216b,"avc isquêmico sequelas",9999,92,emergentes,Emergentes,avc,f,,pytrends,"2026-06-29 11:24:57.234384+00","2026-06-29 11:24:57.234384+00"
76d841a6-bd27-4946-b1f0-71a356d3d541,ashwagandha,160,52,saude-mental,"Saúde Mental",ansiedade,f,,pytrends,"2026-08-24 07:08:35.691643+00","2026-08-24 07:08:35.691643+00"
77477d89-7fac-45c6-80c7-eca30d043a45,"sintomas de um avc feminino",3500,60,emergentes,Emergentes,avc,t,,pytrends,"2026-08-03 10:21:17.267746+00","2026-08-03 10:21:17.267746+00"
774cd976-70b7-46af-8385-7828893d3e12,"morte por demência",7700,92,saude-mental,"Saúde Mental",demência,f,,pytrends,"2026-06-29 11:28:06.629017+00","2026-06-29 11:28:06.629017+00"
77857173-bf34-4ce7-9a28-634cdcf9e485,"alcoolismo é hereditário",9999,100,saude-mental,"Saúde Mental",alcoolismo,f,,pytrends,"2026-09-14 12:21:08.945659+00","2026-09-14 12:21:08.945659+00"
7791247a-0e32-4c27-9ffa-a28fc26a1269,"sintomas de avc dias antes",9999,76,emergentes,Emergentes,avc,t,,pytrends,"2026-09-09 16:29:37.813115+00","2026-09-09 16:29:37.813115+00"
77b5b1f5-8640-4c95-9041-76f56400c3c5,"associação alzheimer portugal",60,20,saude-mental,"Saúde Mental",alzheimer,f,,pytrends,"2026-05-25 10:36:02.900439+00","2026-05-25 10:36:02.900439+00"
7817eadc-220a-47e6-a13b-380b8b79a7e4,"sepsis guidelines 2026",9999,100,emergentes,Emergentes,sepsis,f,,pytrends,"2026-04-06 08:10:10.959529+00","2026-04-06 08:10:10.959529+00"
78a4b2f9-e16c-42d3-9a47-be5c65eb3d73,"candidíase no homem fotos",8250,100,menopausa,Menopausa,candidíase,f,,pytrends,"2026-09-14 12:21:43.88562+00","2026-09-14 12:21:43.88562+00"
79021549-297d-457d-9431-c466ee10e6e5,"medicamentos para enxaqueca",9999,76,saude-mental,"Saúde Mental",enxaqueca,f,,pytrends,"2026-08-17 07:09:05.740764+00","2026-08-17 07:09:05.740764+00"
791fdf85-844c-47b4-a1a3-9406503d1dc0,"pânico na floresta 2",9999,84,saude-mental,"Saúde Mental",pânico,f,,pytrends,"2026-04-06 08:00:27.853633+00","2026-04-06 08:00:27.853633+00"
7969f960-dd89-4187-a174-8205181ffd55,"stress relief",250,36,saude-mental,"Saúde Mental",stress,f,,pytrends,"2026-09-14 12:20:58.303157+00","2026-09-14 12:20:58.303157+00"
797ec7a0-7073-4d6e-a135-aecea5ba4450,"cem anos de solidão imdb",9550,76,saude-mental,"Saúde Mental",solidão,f,,pytrends,"2026-09-09 16:29:15.927096+00","2026-09-09 16:29:15.927096+00"
79f91b18-5d85-4662-981b-6dabb8278b0d,"candidíase é transmissível",60,60,menopausa,Menopausa,candidíase,f,,pytrends,"2026-06-29 11:19:59.62961+00","2026-06-29 11:19:59.62961+00"
7a167690-091a-482e-915e-f62aa4f108fe,"depressão pos parto",140,20,saude-mental,"Saúde Mental",depressão,f,,pytrends,"2026-09-14 12:28:27.350327+00","2026-09-14 12:28:27.350327+00"
7a26f259-868f-4c2e-80dd-ae34ea2d0bab,"candidíase feminina",100,84,menopausa,Menopausa,candidíase,f,,pytrends,"2026-09-14 12:21:43.88562+00","2026-09-14 12:21:43.88562+00"
7b05eaf8-d181-4892-a0de-5068c95d6b8f,"beterraba é bom para anemia",9999,60,alimentacao,Alimentação,anemia,f,,pytrends,"2026-03-28 00:21:06.900923+00","2026-03-28 00:21:06.900923+00"
7b32912e-368f-43a9-b907-816db6783050,"lúpus cutâneo",450,76,emergentes,Emergentes,lúpus,f,,pytrends,"2026-06-08 11:16:50.843077+00","2026-06-08 11:16:50.843077+00"
7b7633ac-f7ab-44d7-9e32-5ec71e4815a7,"anemia ferropenica",40,10,alimentacao,Alimentação,anemia,f,,pytrends,"2026-05-25 10:26:49.611587+00","2026-05-25 10:26:49.611587+00"
7cada69a-2f21-476f-a5d5-32b9e6595e44,"próxima depressão em portugal",350,10,saude-mental,"Saúde Mental",depressão,f,,pytrends,"2026-04-27 08:51:07.35017+00","2026-04-27 08:51:07.35017+00"
7ce039b1-7637-401f-b008-799b9eaaa1ab,"anemia mata?",2300,84,alimentacao,Alimentação,anemia,f,,pytrends,"2026-09-09 16:24:05.190877+00","2026-09-09 16:24:05.190877+00"
7d47f3d9-3280-49d2-a5f8-07a54768d53f,"intolerância à lactose sintomas",50,100,alimentacao,Alimentação,"intolerância à lactose",f,,pytrends,"2026-09-09 16:22:29.76493+00","2026-09-09 16:22:29.76493+00"
7d7769c6-016f-4c64-95e4-c5980d233b53,"avc qual o lado mais perigoso",9999,52,emergentes,Emergentes,avc,f,,pytrends,"2026-09-07 12:14:50.713035+00","2026-09-07 12:14:50.713035+00"
7d8efc4e-43a2-4e98-ad68-aa4195413306,"o que é a doença lúpus",9999,92,emergentes,Emergentes,lúpus,t,,pytrends,"2026-06-08 11:16:50.843077+00","2026-06-08 11:16:50.843077+00"
7dade015-d719-4db1-951b-5d38434d4433,"meditacao para relaxar e tranquilizar ansiedade",400,28,saude-mental,"Saúde Mental",ansiedade,f,,pytrends,"2026-06-29 11:19:07.268933+00","2026-06-29 11:19:07.268933+00"
7dd5b21e-f162-4ea9-9940-36727fb70bb2,"jejum intermitente benefícios",40,44,alimentacao,Alimentação,"jejum intermitente",f,,pytrends,"2026-05-18 10:35:12.70582+00","2026-05-18 10:35:12.70582+00"
7de3cb68-67bd-40aa-b6cf-748e728839a0,"doença de burnout",60,20,saude-mental,"Saúde Mental",burnout,f,,pytrends,"2026-04-06 08:00:17.154548+00","2026-04-06 08:00:17.154548+00"
7e25a57a-e8e7-42a9-94e6-3df7f0de2030,"occupational burnout",250,68,saude-mental,"Saúde Mental",burnout,f,,pytrends,"2026-06-08 11:21:10.509932+00","2026-06-08 11:21:10.509932+00"
7ea1fccf-bace-46bd-872b-fff4496d690e,"incontinência urinária feminina",160,100,menopausa,Menopausa,"incontinência urinária",f,,pytrends,"2026-06-08 11:18:07.610262+00","2026-06-08 11:18:07.610262+00"
7ef48c61-b832-485c-9b6b-e0f4725a096f,"lúpus tratamento",9999,92,emergentes,Emergentes,lúpus,f,,pytrends,"2026-05-25 10:29:27.825991+00","2026-05-25 10:29:27.825991+00"
7f200387-4ca3-4940-a74f-ab39ddbc9fbc,"jejum intermitente 12h",9999,84,alimentacao,Alimentação,"jejum intermitente",f,,pytrends,"2026-05-25 10:37:26.200527+00","2026-05-25 10:37:26.200527+00"
7f2c4a45-5abb-4ca2-9254-d3ab908a829a,"avc minor",2450,68,emergentes,Emergentes,avc,f,,pytrends,"2026-06-22 12:30:03.994015+00","2026-06-22 12:30:03.994015+00"
7f34b287-2815-49fb-9c23-80f4c9f094e5,"depressão atípica",3350,20,saude-mental,"Saúde Mental",depressão,f,,pytrends,"2026-09-07 12:12:44.373894+00","2026-09-07 12:12:44.373894+00"
7f3744ea-dd95-43a7-85bb-64dc07e18b0a,adhd,9999,100,saude-mental,"Saúde Mental",PTSD,f,,pytrends,"2026-09-14 12:23:00.517652+00","2026-09-14 12:23:00.517652+00"
7f3f6b1a-19a5-4d39-b3ee-c064d6a99b00,"ansiedade e depressão",40,10,saude-mental,"Saúde Mental",depressão,f,,pytrends,"2026-08-24 07:15:57.295087+00","2026-08-24 07:15:57.295087+00"
7f40fdb8-8f5a-4ae7-86bb-3fa1fe4ce0ce,"dia mundial da incontinência urinária",9999,92,menopausa,Menopausa,"incontinência urinária",f,,pytrends,"2026-03-27 18:34:47.925931+00","2026-03-23 07:37:08.673374+00"
7f595e92-3d62-4af3-ad3f-67871b958506,"sintomas de crise de ansiedade",9999,100,saude-mental,"Saúde Mental",ansiedade,t,,pytrends,"2026-03-30 07:58:55.195023+00","2026-03-30 07:58:55.195023+00"
7f82f6a3-8db2-4394-a860-6359c84a6f11,"pânico em alto mar",9999,92,saude-mental,"Saúde Mental",pânico,f,,pytrends,"2026-05-18 10:23:53.257339+00","2026-05-18 10:23:53.257339+00"
7fbdac5b-1227-4bb1-a689-91e384f79f13,"toxina botulínica enxaqueca",5000,44,saude-mental,"Saúde Mental",enxaqueca,f,,pytrends,"2026-03-28 00:18:52.271444+00","2026-03-28 00:18:52.271444+00"
7fd48e7c-265e-4708-8c93-54f6e924f404,"musica para acalmar a ansiedade",1500,60,saude-mental,"Saúde Mental",ansiedade,f,,pytrends,"2026-09-09 16:20:00.970958+00","2026-09-09 16:20:00.970958+00"
809030cc-6741-4ea1-aea2-761d6ebabc41,"daith piercing enxaqueca qual lado",5250,84,saude-mental,"Saúde Mental",enxaqueca,f,,pytrends,"2026-09-07 12:08:08.040514+00","2026-09-07 12:08:08.040514+00"
80cebf23-977e-40cc-90cf-8917465c32bc,"boa noite solidão",90,44,saude-mental,"Saúde Mental",solidão,f,,pytrends,"2026-08-31 13:24:07.206837+00","2026-08-31 13:24:07.206837+00"
812e86d8-45f2-4e08-b600-97c7601833b9,"o que é incontinência urinária",9999,100,menopausa,Menopausa,"incontinência urinária",t,,pytrends,"2026-04-06 08:13:09.66662+00","2026-04-06 08:13:09.66662+00"
813fbfb4-586e-4d13-81d4-ddf11d8096f4,"burnout paradise secret cars",9999,100,saude-mental,"Saúde Mental",burnout,f,,pytrends,"2026-09-07 12:11:20.388203+00","2026-09-07 12:11:20.388203+00"
8144aa38-bfc7-422d-b418-3f9c4ed86fda,"rastreio do cancro da mama",50,68,menopausa,Menopausa,"cancro da mama",f,,pytrends,"2026-09-14 12:24:07.877063+00","2026-09-14 12:24:07.877063+00"
818ff0a4-dbb1-420b-860d-df293f7635db,"acalmar ansiedade",70,12,saude-mental,"Saúde Mental",ansiedade,f,,pytrends,"2026-09-09 16:20:00.970958+00","2026-09-09 16:20:00.970958+00"
81bfc34a-b23e-4ba9-8b3b-5cac7be8868b,"colesterol alto o que comer",70,76,alimentacao,Alimentação,"colesterol alto",f,,pytrends,"2026-06-08 11:20:59.536056+00","2026-06-08 11:20:59.536056+00"
81fd1dd6-c03f-46db-990f-d483e84e72a8,"princípio de avc",50,20,emergentes,Emergentes,avc,f,,pytrends,"2026-09-14 12:30:38.946859+00","2026-09-14 12:30:38.946859+00"
8200c032-2e3a-4864-b230-65ac55cad686,"como saber se tem endometriose",2200,92,menopausa,Menopausa,endometriose,t,,pytrends,"2026-09-09 16:21:04.83949+00","2026-09-09 16:21:04.83949+00"
82224247-896c-4b19-a15e-d964f52e4b33,"sintomas pre avc",1250,68,emergentes,Emergentes,avc,t,,pytrends,"2026-08-24 07:18:01.307181+00","2026-08-24 07:18:01.307181+00"
823f61db-35d2-493f-82f9-7646762f717c,"como perder peso na menopausa",9999,100,menopausa,Menopausa,"peso na menopausa",t,,pytrends,"2026-05-18 10:29:57.795943+00","2026-05-18 10:29:57.795943+00"
827929d0-cdef-4eb7-bec1-6e4c136d3096,"enxaqueca com aura é perigoso",9999,68,saude-mental,"Saúde Mental",enxaqueca,f,,pytrends,"2026-03-28 00:18:52.271444+00","2026-03-28 00:18:52.271444+00"
82a9a939-03bf-4360-800d-6fbfa1bbfc15,"como tratar a candidíase",9999,100,menopausa,Menopausa,candidíase,t,,pytrends,"2026-09-09 16:20:54.165275+00","2026-09-09 16:20:54.165275+00"
82b9db02-59c4-4c25-ac85-5a324545f527,"endometriose tem cura?",1200,36,menopausa,Menopausa,endometriose,f,,pytrends,"2026-03-28 00:20:14.303314+00","2026-03-28 00:20:14.303314+00"
82c6905b-c2e4-4ca4-ab97-12b57c51a407,"candida auris sintomas",9999,92,emergentes,Emergentes,"candida auris",f,,pytrends,"2026-04-06 08:12:48.386574+00","2026-04-06 08:12:48.386574+00"
82eeea55-46d5-4fcd-801c-b37d7afbd990,"prevencao suicídio",9999,84,saude-mental,"Saúde Mental",suicídio,f,,pytrends,"2026-06-01 11:54:45.526988+00","2026-06-01 11:54:45.526988+00"
830cfe27-a693-4c0b-82fd-9101aae29ab8,"a endometriose tem cura",9999,92,menopausa,Menopausa,endometriose,f,,pytrends,"2026-04-06 08:08:45.246752+00","2026-04-06 08:08:45.246752+00"
8325dc7a-3747-4871-8dfe-84d6978e0189,"cem anos de solidão livro",9999,68,saude-mental,"Saúde Mental",solidão,f,,pytrends,"2026-09-14 12:30:16.587168+00","2026-09-14 12:30:16.587168+00"
8438d724-7b9f-40fd-98ec-b4fa3082e4c1,"o que é o burnout",60,60,saude-mental,"Saúde Mental",burnout,t,,pytrends,"2026-08-17 07:12:24.492091+00","2026-08-17 07:12:24.492091+00"
845e3b0a-b7d3-44fe-a297-809b6bcae155,"app jejum intermitente grátis",9999,84,alimentacao,Alimentação,"jejum intermitente",f,,pytrends,"2026-04-20 08:37:28.949108+00","2026-04-20 08:37:28.949108+00"
84884379-1b45-4814-b35d-db180997eb91,"anemia talassemia",80,10,alimentacao,Alimentação,anemia,f,,pytrends,"2026-05-25 10:26:49.611587+00","2026-05-25 10:26:49.611587+00"
849c6dfe-df4f-44c3-97d2-b0f2e930afe8,"aliviar enxaqueca",50,28,saude-mental,"Saúde Mental",enxaqueca,f,,pytrends,"2026-08-31 13:17:23.533109+00","2026-08-31 13:17:23.533109+00"
84a9bcaf-22ce-44f0-859a-5cff0e68dcd4,"o que é a doença celíaca",40,92,alimentacao,Alimentação,"doença celíaca",t,,pytrends,"2026-09-14 12:23:11.293607+00","2026-09-14 12:23:11.293607+00"
84cbc5f5-c45f-4a8c-b5f6-c9d20441e226,"mes da endometriose",6300,44,menopausa,Menopausa,endometriose,f,,pytrends,"2026-03-27 18:34:47.925931+00","2026-03-23 07:41:17.864135+00"
84def3d2-114b-4630-989e-8cee57247f60,"comprimidos para ansiedade",40,10,saude-mental,"Saúde Mental",ansiedade,f,,pytrends,"2026-03-30 07:58:55.195023+00","2026-03-30 07:58:55.195023+00"
851ffec4-9393-40a2-937f-103a0037541e,"sepsis psychosis",9999,84,emergentes,Emergentes,sepsis,f,,pytrends,"2026-08-17 07:05:05.973794+00","2026-08-17 07:05:05.973794+00"
8565bea8-87af-4c12-bebb-2c3a6ff4e27c,"avc pdf",50,10,emergentes,Emergentes,avc,f,,pytrends,"2026-05-18 10:32:20.314953+00","2026-05-18 10:32:20.314953+00"
857322b3-9e96-4dee-b5ed-894e10e28610,"o que é doença celíaca",9999,100,alimentacao,Alimentação,"doença celíaca",t,,pytrends,"2026-09-07 12:07:35.990098+00","2026-09-07 12:07:35.990098+00"
85a3ab14-d61f-4354-a8be-0b6bbc971f99,"o que é um avc hemorragico",2350,60,emergentes,Emergentes,avc,t,,pytrends,"2026-06-08 11:21:55.134642+00","2026-06-08 11:21:55.134642+00"
85e0bc2c-5707-4899-b4e3-735a957e3714,"candidíase fotos feminina",9999,84,menopausa,Menopausa,candidíase,f,,pytrends,"2026-06-29 11:19:59.62961+00","2026-06-29 11:19:59.62961+00"
85e5b6a9-1aa7-4774-a9bc-8c165411cb12,"candida auris doença",9999,36,emergentes,Emergentes,"candida auris",f,,pytrends,"2026-04-06 08:12:48.386574+00","2026-04-06 08:12:48.386574+00"
8667f93e-15bd-4595-a11c-ba953d6aa121,"surviving sepsis campaign",70,60,emergentes,Emergentes,sepsis,f,,pytrends,"2026-04-27 08:46:26.105086+00","2026-04-27 08:46:26.105086+00"
8693f9bf-1281-4c43-b9c5-2ca8df83ca91,"surviving sepsis campaign guidelines",60,60,emergentes,Emergentes,sepsis,f,,pytrends,"2026-04-06 08:10:10.959529+00","2026-04-06 08:10:10.959529+00"
8747637d-4d64-4b64-b035-d6622108dacd,"panico 7",9999,92,saude-mental,"Saúde Mental",pânico,f,,pytrends,"2026-06-01 11:53:24.742733+00","2026-06-01 11:53:24.742733+00"
8799cb4e-907a-40c2-8a6c-d596b0d57e5c,"causas colesterol alto",9999,92,alimentacao,Alimentação,"colesterol alto",t,,pytrends,"2026-03-28 00:19:33.247612+00","2026-03-28 00:19:33.247612+00"
8819c868-e4c9-4495-8111-ac5e4617cdca,"depressão endógena",9999,68,saude-mental,"Saúde Mental",depressão,f,,pytrends,"2026-09-14 12:28:27.350327+00","2026-09-14 12:28:27.350327+00"
892d0a2f-df3e-47e0-852c-973c3229a237,"burnout livro",9999,100,saude-mental,"Saúde Mental",burnout,f,,pytrends,"2026-05-25 10:33:57.074987+00","2026-05-25 10:33:57.074987+00"
89523ce3-25e1-43fa-a825-98bda7cc6743,"feira dieta mediterrânica tavira 2026 cartaz",9999,100,alimentacao,Alimentação,"dieta mediterrânica",f,,pytrends,"2026-09-09 16:31:44.003258+00","2026-09-09 16:31:44.003258+00"
8a790036-8604-4d1d-9bf0-05669119ae1a,"comprimido para candidíase",9999,100,menopausa,Menopausa,candidíase,f,,pytrends,"2026-08-17 07:07:03.686291+00","2026-08-17 07:07:03.686291+00"
8ad97c40-f01e-4a06-b20e-5402bee725f5,"avc causas",50,10,emergentes,Emergentes,avc,f,,pytrends,"2026-06-01 12:01:37.236509+00","2026-06-01 12:01:37.236509+00"
8aeeb6db-ddb2-402b-9a92-cf46a6cb14dd,"como tratar a osteoporose",140,92,menopausa,Menopausa,osteoporose,t,,pytrends,"2026-09-09 16:23:43.806668+00","2026-09-09 16:23:43.806668+00"
8afb0da2-36b3-4e8a-95b3-d52d157a2bdb,"remedio para enxaqueca",9999,92,saude-mental,"Saúde Mental",enxaqueca,f,,pytrends,"2026-05-18 10:28:18.261849+00","2026-05-18 10:28:18.261849+00"
8b2c105b-cf1b-4c72-85c4-b1c6e95c122a,"incontinência urinária pós parto",9999,100,menopausa,Menopausa,"incontinência urinária",f,,pytrends,"2026-03-28 00:16:06.263874+00","2026-03-28 00:16:06.263874+00"
8b88220f-e9d4-4500-bf03-aff337117598,"o que é depressão",50,10,saude-mental,"Saúde Mental",depressão,t,,pytrends,"2026-08-17 07:13:55.134161+00","2026-08-17 07:13:55.134161+00"
8b95f4e8-b810-4ff7-8c39-1662b63b3f52,"depressão pós parto",130,10,saude-mental,"Saúde Mental",depressão,f,,pytrends,"2026-09-14 12:28:27.350327+00","2026-09-14 12:28:27.350327+00"
8b9cae21-6310-4cf4-aa1a-a8a027de16bb,"sintomas de avc feminino leve",1950,68,emergentes,Emergentes,avc,t,,pytrends,"2026-06-01 12:01:37.236509+00","2026-06-01 12:01:37.236509+00"
8ba6f0c3-5e8d-4361-9a8a-0d4f7d7edd5f,"o que causa candidíase",9200,76,menopausa,Menopausa,candidíase,t,,pytrends,"2026-09-09 16:20:54.165275+00","2026-09-09 16:20:54.165275+00"
8bb6cbf6-ef6e-4ad6-a556-821ac2ebcfe0,"depressão leonardo portugal",9999,76,saude-mental,"Saúde Mental",depressão,f,,pytrends,"2026-04-27 08:51:07.35017+00","2026-04-27 08:51:07.35017+00"
8c5d800f-d127-4e6a-b478-c35103b77914,"árvore genealógica cem anos de solidão",6800,60,saude-mental,"Saúde Mental",solidão,f,,pytrends,"2026-09-14 12:30:16.587168+00","2026-09-14 12:30:16.587168+00"
8d72eb70-7247-4200-9d34-1678a74d6056,"anemia hipocromica",9999,68,alimentacao,Alimentação,anemia,f,,pytrends,"2026-03-27 18:34:47.925931+00","2026-03-23 07:34:29.013706+00"
8d985c0b-bb97-4040-ad26-e1635869323b,"anemia meaning",70,10,alimentacao,Alimentação,anemia,f,,pytrends,"2026-08-24 07:12:40.609206+00","2026-08-24 07:12:40.609206+00"
8e01abe8-c111-49e3-9b15-edc04e7f9b66,dispareunia,9999,44,menopausa,Menopausa,endometriose,f,,pytrends,"2026-03-28 00:20:14.303314+00","2026-03-28 00:20:14.303314+00"
8e627188-480e-4795-83d4-b067f464642c,"enxaqueca o que fazer",60,10,saude-mental,"Saúde Mental",enxaqueca,f,,pytrends,"2026-05-04 08:53:54.915162+00","2026-05-04 08:53:54.915162+00"
8e97d66e-074a-4033-9397-e4ec9b267e5c,"depressão sazonal",70,10,saude-mental,"Saúde Mental",depressão,f,,pytrends,"2026-09-14 12:28:27.350327+00","2026-09-14 12:28:27.350327+00"
8ee36b1d-e339-46c0-a0f8-dcfbec69f061,"bolas anti stress",9999,92,saude-mental,"Saúde Mental",stress,f,,pytrends,"2026-05-04 08:53:20.835465+00","2026-05-04 08:53:20.835465+00"
8f1b96ba-2c76-4a54-8fa6-798d8c1fb509,"fungo candida auris o que causa",9999,12,emergentes,Emergentes,"candida auris",f,,pytrends,"2026-04-06 08:12:48.386574+00","2026-04-06 08:12:48.386574+00"
8f733c88-1740-4def-8b84-9a8e3305da74,"todo mundo em pânico 6 data de lançamento",5150,92,saude-mental,"Saúde Mental",pânico,f,,pytrends,"2026-08-31 13:17:56.038071+00","2026-08-31 13:17:56.038071+00"
90341ef7-9aea-4cf1-bc2b-8427230316f0,"anemia ferropriva o que é",50,10,alimentacao,Alimentação,anemia,f,,pytrends,"2026-05-18 10:24:15.231759+00","2026-05-18 10:24:15.231759+00"
903ed18c-4ab0-43ef-85c4-047a0b1a9c73,"pomada para candidíase feminina",9999,100,menopausa,Menopausa,candidíase,f,,pytrends,"2026-05-18 10:27:01.902896+00","2026-05-18 10:27:01.902896+00"
903faa03-5678-48c8-8193-a07ab031bbaa,"diabetes tipo 2 tem cura",8050,92,alimentacao,Alimentação,"diabetes tipo 2",f,,pytrends,"2026-09-07 12:05:05.139392+00","2026-09-07 12:05:05.139392+00"
9058b0b3-06fc-4cef-bd2c-1b65947b17fa,"depressão leonardo",9999,100,saude-mental,"Saúde Mental",depressão,f,,pytrends,"2026-04-27 08:51:07.35017+00","2026-04-27 08:51:07.35017+00"
9058fc0e-f39f-4674-9c1c-9118846f9026,"teste de stress pc",1000,60,saude-mental,"Saúde Mental",stress,f,,pytrends,"2026-09-14 12:20:58.303157+00","2026-09-14 12:20:58.303157+00"
906231a7-e5b3-49f8-ab18-d27b882baf3d,"ansiedade divertidamente",150,52,saude-mental,"Saúde Mental",ansiedade,f,,pytrends,"2026-05-04 08:51:49.339065+00","2026-05-04 08:51:49.339065+00"
90c65a53-e04d-49ed-99e3-86c269dbb139,stresse,250,28,saude-mental,"Saúde Mental",stress,f,,pytrends,"2026-06-01 11:57:10.985395+00","2026-06-01 11:57:10.985395+00"
90d9bbc0-fcbb-46e9-9e7f-3871849f164f,"garoto enxaqueca",9999,76,saude-mental,"Saúde Mental",enxaqueca,f,,pytrends,"2026-08-31 13:17:23.533109+00","2026-08-31 13:17:23.533109+00"
90e45ff1-69a3-4bf3-8006-617381344e97,"dia da endometriose",9999,52,menopausa,Menopausa,endometriose,f,,pytrends,"2026-03-27 18:34:47.925931+00","2026-03-23 07:41:17.864101+00"
90e579d8-9ef0-4565-b636-5aaacc6d004d,"transtorno de ansiedade generalizado",350,44,saude-mental,"Saúde Mental",ansiedade,f,,pytrends,"2026-09-09 16:20:00.970958+00","2026-09-09 16:20:00.970958+00"
90eb2943-40a0-44c4-a36f-f652348eb66a,"qual o nome da próxima depressão",9999,36,saude-mental,"Saúde Mental",depressão,t,,pytrends,"2026-04-27 08:51:07.35017+00","2026-04-27 08:51:07.35017+00"
911e5691-24a5-4a62-beb8-0e2ed2d2e84a,"enxaqueca o que tomar",80,36,saude-mental,"Saúde Mental",enxaqueca,f,,pytrends,"2026-06-08 11:18:28.519081+00","2026-06-08 11:18:28.519081+00"
91632c18-5894-48d3-a7cd-6efab0fbae9e,"alzheimer mata?",9999,92,saude-mental,"Saúde Mental",alzheimer,f,,pytrends,"2026-06-08 11:23:32.652835+00","2026-06-08 11:23:32.652835+00"
920c76db-a481-40b1-bfb2-9674a0a48ae4,"touca de enxaqueca",4800,60,saude-mental,"Saúde Mental",enxaqueca,f,,pytrends,"2026-09-14 12:23:46.605277+00","2026-09-14 12:23:46.605277+00"
921ad5a7-914f-4467-81c6-7640f49709dd,cptsd,9999,100,saude-mental,"Saúde Mental",PTSD,f,,pytrends,"2026-09-09 16:22:08.129395+00","2026-09-09 16:22:08.129395+00"
93eb450a-d27f-4510-816c-147a6ce12d7d,"depressão sintomas",40,10,saude-mental,"Saúde Mental",depressão,f,,pytrends,"2026-09-07 12:12:44.373894+00","2026-09-07 12:12:44.373894+00"
9463e13d-7863-436c-9010-423baf9b42d7,"quais os sintomas de um avc",9999,92,emergentes,Emergentes,avc,t,,pytrends,"2026-06-08 11:21:55.134642+00","2026-06-08 11:21:55.134642+00"
94b7a58c-6209-430d-9042-2f0ff1fdf890,"sintomas de endometriose no intestino",60,84,menopausa,Menopausa,endometriose,t,,pytrends,"2026-09-07 12:06:20.969294+00","2026-09-07 12:06:20.969294+00"
954dc674-664c-4b31-ac04-203ea5b35087,"alzheimer precoce",120,44,saude-mental,"Saúde Mental",alzheimer,f,,pytrends,"2026-04-20 08:34:26.386351+00","2026-04-20 08:34:26.386351+00"
9592fb2c-2c2b-448b-9d1f-d05d35489323,"adenomiose e endometriose",40,52,menopausa,Menopausa,endometriose,f,,pytrends,"2026-05-25 10:26:17.89032+00","2026-05-25 10:26:17.89032+00"
95e6f516-0a34-4fc0-8923-930134719c9e,"stress hidrico",9999,100,saude-mental,"Saúde Mental",stress,f,,pytrends,"2026-06-01 11:57:10.985395+00","2026-06-01 11:57:10.985395+00"
95edc8d7-96e4-4895-9840-aa7aab1edcf3,"sintomas fisicos de ansiedade",90,36,saude-mental,"Saúde Mental",ansiedade,t,,pytrends,"2026-08-24 07:08:35.691643+00","2026-08-24 07:08:35.691643+00"
95f3159b-80ef-4b35-8499-cb94b249365c,"lúpus sintomas",40,84,emergentes,Emergentes,lúpus,f,,pytrends,"2026-08-17 07:07:25.152078+00","2026-08-17 07:07:25.152078+00"
95f6622e-5743-4846-8281-9e540dea530f,"ataque de panico",90,20,saude-mental,"Saúde Mental",ansiedade,f,,pytrends,"2026-04-06 08:05:35.66783+00","2026-04-06 08:05:35.66783+00"
9608c4d7-2902-4a68-934d-7e1ce331245a,"o demónio da depressão",5700,68,saude-mental,"Saúde Mental",depressão,f,,pytrends,"2026-09-07 12:12:44.373894+00","2026-09-07 12:12:44.373894+00"
964320ad-1018-4a90-a59c-c555581de2d1,"isquêmico avc",160,10,emergentes,Emergentes,avc,f,,pytrends,"2026-03-28 00:15:24.259585+00","2026-03-28 00:15:24.259585+00"
96912740-2a50-44ab-919e-6587b5451d0c,"lançando sobre ele toda a vossa ansiedade porque ele tem cuidado de vós",9999,52,saude-mental,"Saúde Mental",ansiedade,f,,pytrends,"2026-03-30 07:58:55.195023+00","2026-03-30 07:58:55.195023+00"
96c57ef0-444f-4ebb-854f-9e8fe1ef30a9,"the burnout society",9999,100,saude-mental,"Saúde Mental",burnout,f,,pytrends,"2026-08-24 07:14:33.412583+00","2026-08-24 07:14:33.412583+00"
96cfecca-3b23-4abb-bc79-43a649c347da,"anemia normocitica",110,10,alimentacao,Alimentação,anemia,f,,pytrends,"2026-08-24 07:12:40.609206+00","2026-08-24 07:12:40.609206+00"
96d7e447-b230-41fa-9366-70319f24723a,"tratamento avc",70,20,emergentes,Emergentes,avc,t,,pytrends,"2026-06-08 11:21:55.134642+00","2026-06-08 11:21:55.134642+00"
97aba349-246b-4116-b5e6-29035c1efe03,"demência e alzheimer diferença",180,52,saude-mental,"Saúde Mental",alzheimer,f,,pytrends,"2026-05-18 10:33:46.325809+00","2026-05-18 10:33:46.325809+00"
97dfb1aa-7fe3-492c-8ad8-eaf650174075,"never stress",200,44,saude-mental,"Saúde Mental",stress,f,,pytrends,"2026-03-27 18:34:47.925931+00","2026-03-23 07:41:28.797732+00"
9845cc93-b141-4042-8a49-680bac927d95,"sintomas do colesterol alto",9999,100,alimentacao,Alimentação,"colesterol alto",t,,pytrends,"2026-03-30 08:08:47.307131+00","2026-03-30 08:08:47.307131+00"
989cbad5-f22f-4641-a204-bf2ffebae37b,"megaloblastic anemia",9999,100,alimentacao,Alimentação,anemia,f,,pytrends,"2026-04-20 08:32:18.074543+00","2026-04-20 08:32:18.074543+00"
989fba10-02b2-4578-b16e-aac56a647bef,"menos foco mais ansiedade",150,36,saude-mental,"Saúde Mental",ansiedade,f,,pytrends,"2026-09-09 16:20:00.970958+00","2026-09-09 16:20:00.970958+00"
98d342f4-ff7b-4f2b-a661-381c0343d191,"chronic stress symptoms",9999,100,saude-mental,"Saúde Mental",stress,f,,pytrends,"2026-05-18 10:27:34.206157+00","2026-05-18 10:27:34.206157+00"
98e40f5a-69d8-4f13-ad63-c115046ae40a,"remédio para incontinência urinária feminina",9999,92,menopausa,Menopausa,"incontinência urinária",f,,pytrends,"2026-04-20 08:29:19.647005+00","2026-04-20 08:29:19.647005+00"
98e4bc64-16fe-44c8-a0e8-f575f2a6ce13,"crise de pânico sintomas",9999,100,saude-mental,"Saúde Mental",pânico,f,,pytrends,"2026-04-20 08:31:33.52718+00","2026-04-20 08:31:33.52718+00"
98e8a232-8d84-4721-9fb8-9bffd729edec,"suplementos para ansiedade",160,52,saude-mental,"Saúde Mental",ansiedade,f,,pytrends,"2026-08-17 07:06:10.156928+00","2026-08-17 07:06:10.156928+00"
994bdedb-8acb-499a-9bee-5e02f211c851,"kyle busch",9999,84,emergentes,Emergentes,sepsis,f,,pytrends,"2026-06-01 11:53:35.893388+00","2026-06-01 11:53:35.893388+00"
995d004e-f18e-4c66-b79a-d0d46eeee3d8,"anemia no sangue",50,10,alimentacao,Alimentação,anemia,f,,pytrends,"2026-05-25 10:26:49.611587+00","2026-05-25 10:26:49.611587+00"
99d5788c-d08a-48e7-9aca-1d4451926808,"ptsd meme",9999,100,saude-mental,"Saúde Mental",PTSD,f,,pytrends,"2026-08-24 07:10:46.922606+00","2026-08-24 07:10:46.922606+00"
9a16ab4e-6154-4535-b6a5-e839bb0a7aea,"refluxo gastroesofágico sintomas garganta",9999,84,alimentacao,Alimentação,"refluxo gastroesofágico",f,,pytrends,"2026-03-30 08:09:42.308033+00","2026-03-30 08:09:42.308033+00"
9a443bb8-89d7-4d51-909b-e46895e209bf,"o que é a osteoporose",50,76,menopausa,Menopausa,osteoporose,t,,pytrends,"2026-03-28 00:13:47.374635+00","2026-03-28 00:13:47.374635+00"
9a4aa376-b1ad-4ee9-b240-4ba87af9b28d,"sinal de depressão",170,12,saude-mental,"Saúde Mental",depressão,f,,pytrends,"2026-06-08 11:23:00.087635+00","2026-06-08 11:23:00.087635+00"
9a6086ce-2045-44aa-a5ab-55568983f57a,"quais os sintomas de colesterol alto",9999,100,alimentacao,Alimentação,"colesterol alto",t,,pytrends,"2026-03-28 00:19:33.247612+00","2026-03-28 00:19:33.247612+00"
9adaea38-c19e-4764-b5a9-01ef3a702a85,"sinais de endometriose",9999,76,menopausa,Menopausa,endometriose,f,,pytrends,"2026-03-30 08:09:08.445079+00","2026-03-30 08:09:08.445079+00"
9b031293-225c-492e-a91f-a8d2da755d7b,"fanconi anemia",140,10,alimentacao,Alimentação,anemia,f,,pytrends,"2026-08-03 10:13:48.617137+00","2026-08-03 10:13:48.617137+00"
9c1785f5-6a0e-474a-b668-0ff402207343,"alimentos que ajudam na anemia",900,28,alimentacao,Alimentação,anemia,f,,pytrends,"2026-09-14 12:25:02.428334+00","2026-09-14 12:25:02.428334+00"
9c18fe15-5f08-43ec-9bd7-1633507f6732,"enxaqueca vestibular sintomas",9999,76,saude-mental,"Saúde Mental",enxaqueca,f,,pytrends,"2026-06-01 11:57:43.702524+00","2026-06-01 11:57:43.702524+00"
9c261a2e-fa1c-4fab-8366-e84e668fc9cf,"colesterol alto o que não comer",9999,100,alimentacao,Alimentação,"colesterol alto",f,,pytrends,"2026-06-08 11:20:59.536056+00","2026-06-08 11:20:59.536056+00"
9ce9f33d-7ef4-4a5f-92ec-7bb1e1b5cbe4,"daveigh chase cause of death",9999,92,emergentes,Emergentes,sepsis,f,,pytrends,"2026-06-29 11:18:14.336127+00","2026-06-29 11:18:14.336127+00"
9d5ed7b9-2230-449d-813b-f290a5299ee1,"teste alzheimer",50,20,saude-mental,"Saúde Mental",alzheimer,f,,pytrends,"2026-09-14 12:27:54.20848+00","2026-09-14 12:27:54.20848+00"
9d7c0ab1-9c0a-4ef5-bdd8-fe604618c512,"tabela de jejum intermitente para iniciantes",4150,60,alimentacao,Alimentação,"jejum intermitente",f,,pytrends,"2026-03-28 00:11:52.776734+00","2026-03-28 00:11:52.776734+00"
9de6c2e6-bd3e-4700-863f-d039fea5dfee,"todo mundo em panico",250,68,saude-mental,"Saúde Mental",pânico,f,,pytrends,"2026-06-01 11:53:24.742733+00","2026-06-01 11:53:24.742733+00"
9e1467f3-b27d-4575-aa72-8e01390bc5e6,"estresse pos traumatico",1300,44,saude-mental,"Saúde Mental",stress,f,,pytrends,"2026-03-30 08:09:19.495077+00","2026-03-30 08:09:19.495077+00"
9e46e367-3881-41c4-b361-a455b9cb2fba,"o que e anemia",50,10,alimentacao,Alimentação,anemia,t,,pytrends,"2026-09-07 12:09:24.325123+00","2026-09-07 12:09:24.325123+00"
9eaafc4c-418e-49b7-882f-abc835e49f7d,"endo belly",1700,76,menopausa,Menopausa,endometriose,f,,pytrends,"2026-05-25 10:26:17.89032+00","2026-05-25 10:26:17.89032+00"
9ebe2840-34ff-4742-a8c9-d114d50e29d2,"diabetes mellitus tipo 2",1600,100,alimentacao,Alimentação,"diabetes tipo 2",f,,pytrends,"2026-06-29 11:18:46.079029+00","2026-06-29 11:18:46.079029+00"
9fa2c5bd-cf3d-46af-8ea0-4dad21760b4d,"no stress just vibes tradução",4550,68,saude-mental,"Saúde Mental",stress,f,,pytrends,"2026-09-14 12:20:58.303157+00","2026-09-14 12:20:58.303157+00"
a005f151-318c-4cb9-9fc4-6b966531cd2b,"software testing strategies",9999,84,saude-mental,"Saúde Mental",stress,f,,pytrends,"2026-05-18 10:27:34.206157+00","2026-05-18 10:27:34.206157+00"
a05012d0-ee49-4262-9088-a54419d9fe44,"como aliviar a ansiedade",9999,100,saude-mental,"Saúde Mental",ansiedade,t,,pytrends,"2026-04-06 08:05:35.66783+00","2026-04-06 08:05:35.66783+00"
a0746a3d-ccbc-43c0-9792-57713314a6ff,"livros sobre ansiedade",170,60,saude-mental,"Saúde Mental",ansiedade,f,,pytrends,"2026-08-17 07:06:10.156928+00","2026-08-17 07:06:10.156928+00"
a0ce96d2-8bd7-4e1d-a040-3a8403de9c22,"ricardo salgado alzheimer",9999,100,saude-mental,"Saúde Mental",alzheimer,f,,pytrends,"2026-06-08 11:23:32.652835+00","2026-06-08 11:23:32.652835+00"
a137e4e6-92f2-4524-8420-55522b1d54b2,"como aliviar o stress",9999,84,saude-mental,"Saúde Mental",stress,t,,pytrends,"2026-03-28 00:20:35.250674+00","2026-03-28 00:20:35.250674+00"
a14da6e1-d93b-47b0-ac3a-e6689fdb36f7,"causas avc",40,10,emergentes,Emergentes,avc,t,,pytrends,"2026-05-25 10:34:39.211269+00","2026-05-25 10:34:39.211269+00"
a187cea8-4743-438b-b247-7f4871fc2f56,"como tratar anemia",70,10,alimentacao,Alimentação,anemia,t,,pytrends,"2026-08-10 08:09:12.364933+00","2026-08-10 08:09:12.364933+00"
a1990176-55ff-4035-92ca-50d0b4ae58bf,"remédio para enxaqueca",70,68,saude-mental,"Saúde Mental",enxaqueca,f,,pytrends,"2026-09-09 16:22:51.103277+00","2026-09-09 16:22:51.103277+00"
a1f9ad0c-615f-47fd-9674-f65fe82de539,"stress ou estresse",90,52,saude-mental,"Saúde Mental",stress,f,,pytrends,"2026-09-09 16:20:12.045134+00","2026-09-09 16:20:12.045134+00"
a26ad3f0-63df-42dd-ae66-6cf946969b87,"enfermedad de alzheimer",3200,60,saude-mental,"Saúde Mental",alzheimer,f,,pytrends,"2026-08-24 07:15:26.113764+00","2026-08-24 07:15:26.113764+00"
a29c0b71-dd8e-4379-bd35-03018197b6a1,"depressão maior",190,28,saude-mental,"Saúde Mental",depressão,f,,pytrends,"2026-09-14 12:28:27.350327+00","2026-09-14 12:28:27.350327+00"
a2d7c148-1a39-425d-83c5-ef529f78cf56,"sintomas cancro da mama",60,76,menopausa,Menopausa,"cancro da mama",t,,pytrends,"2026-09-14 12:24:07.877063+00","2026-09-14 12:24:07.877063+00"
a2ed5c0e-8c12-4d09-bb1a-3b6f0f5aee1b,"endometriose sintomas e sinais",6400,60,menopausa,Menopausa,endometriose,f,,pytrends,"2026-06-01 11:53:13.432621+00","2026-06-01 11:53:13.432621+00"
a374a825-4ffa-47b5-904e-e42520c7d991,"burnout meaning",80,36,saude-mental,"Saúde Mental",burnout,f,,pytrends,"2026-04-06 08:00:17.154548+00","2026-04-06 08:00:17.154548+00"
a3b64746-3bad-4b49-ab08-728e9ef974d5,"o que não comer com colesterol alto",50,100,alimentacao,Alimentação,"colesterol alto",t,,pytrends,"2026-05-04 08:56:23.607035+00","2026-05-04 08:56:23.607035+00"
a406f001-ab95-4bdf-91f1-b8bc9532ae08,pubmed,600,44,saude-mental,"Saúde Mental",stress,f,,pytrends,"2026-06-01 11:57:10.985395+00","2026-06-01 11:57:10.985395+00"
a410b089-bffd-443d-89c1-04708daec181,"avc sintomas iniciais",9999,100,emergentes,Emergentes,avc,f,,pytrends,"2026-08-03 10:21:17.267746+00","2026-08-03 10:21:17.267746+00"
a47ba44d-de8e-4c7b-a810-d2093219a73b,"avc hemorrágico",60,44,emergentes,Emergentes,avc,f,,pytrends,"2026-06-29 11:24:57.234384+00","2026-06-29 11:24:57.234384+00"
a564a447-10f0-455e-9ef5-3bd8feaff8cc,"melhor pomada para candidíase",60,92,menopausa,Menopausa,candidíase,f,,pytrends,"2026-05-25 10:29:38.994358+00","2026-05-25 10:29:38.994358+00"
a5866cb0-6780-462d-90cc-a532ad06c6e0,"feira da dieta mediterrânica tavira 2026 cartaz",9999,92,alimentacao,Alimentação,"dieta mediterrânica",f,,pytrends,"2026-09-07 12:16:55.249229+00","2026-09-07 12:16:55.249229+00"
a58da693-b0c5-438e-ae97-e84518e4ab67,"como descobrir se tenho endometriose",1800,28,menopausa,Menopausa,endometriose,t,,pytrends,"2026-03-30 08:09:08.445079+00","2026-03-30 08:09:08.445079+00"
a58dea2a-83e1-41de-8cb7-d51d38b33622,"olá solidão",50,68,saude-mental,"Saúde Mental",solidão,f,,pytrends,"2026-04-06 08:05:57.102584+00","2026-04-06 08:05:57.102584+00"
a58f4055-f3ad-44ab-a004-135bdfd525ca,"dia do avc",160,44,emergentes,Emergentes,avc,f,,pytrends,"2026-04-06 08:10:42.850302+00","2026-04-06 08:10:42.850302+00"
a5c6cc74-dd7d-4ef2-a9b0-56198b0f7d9f,"doril enxaqueca",2050,52,saude-mental,"Saúde Mental",enxaqueca,f,,pytrends,"2026-09-14 12:23:46.605277+00","2026-09-14 12:23:46.605277+00"
a61b1179-7ae3-43ae-b4d8-9deebc021a29,"o que é demência",130,84,saude-mental,"Saúde Mental",demência,t,,pytrends,"2026-04-06 08:09:06.750055+00","2026-04-06 08:09:06.750055+00"
a6330b8e-cf19-438b-934c-d10b936e2460,"próxima depressão em portugal 2026",9999,52,saude-mental,"Saúde Mental",depressão,f,,pytrends,"2026-04-27 08:51:07.35017+00","2026-04-27 08:51:07.35017+00"
a66ded93-49a9-47d1-b373-3039fc967313,"estresse ou stress",60,12,saude-mental,"Saúde Mental",stress,f,,pytrends,"2026-05-25 10:30:11.619045+00","2026-05-25 10:30:11.619045+00"
a74b58b9-99be-4828-b84a-3d08e142f0d9,"como evitar avc",9999,68,emergentes,Emergentes,avc,t,,pytrends,"2026-03-27 18:34:47.925931+00","2026-03-23 07:36:16.113754+00"
a7ed3d52-45ee-4043-a693-6117cc2c47a0,"chris hemsworth",9999,44,saude-mental,"Saúde Mental",alzheimer,f,,pytrends,"2026-03-30 08:07:05.928237+00","2026-03-30 08:07:05.928237+00"
a82f42a8-b4b4-4193-9ed0-b0b2fce684f9,"burnout symptoms",130,36,saude-mental,"Saúde Mental",burnout,f,,pytrends,"2026-06-08 11:21:10.509932+00","2026-06-08 11:21:10.509932+00"
a867c4d5-94eb-44a5-abd8-7f5f1e055161,"depressão respiratória",60,10,saude-mental,"Saúde Mental",depressão,f,,pytrends,"2026-08-24 07:15:57.295087+00","2026-08-24 07:15:57.295087+00"
a89fa796-7de7-4ddf-993b-8ea0b8f99810,"avc transitorio",1950,52,emergentes,Emergentes,avc,f,,pytrends,"2026-06-22 12:30:03.994015+00","2026-06-22 12:30:03.994015+00"
a8badcbb-42d6-44d0-8011-145c0605f751,sop,180,10,menopausa,Menopausa,endometriose,f,,pytrends,"2026-03-27 18:34:47.925931+00","2026-03-23 07:41:17.864347+00"
a8bddfb5-0368-43c2-93f8-d77c0332b3b1,"carmem silva adeus solidão",9999,100,saude-mental,"Saúde Mental",solidão,f,,pytrends,"2026-03-28 00:09:47.571099+00","2026-03-28 00:09:47.571099+00"
a8cbac89-96e2-40aa-8a57-78b4a58e714a,"stress oxidativo",60,28,saude-mental,"Saúde Mental",stress,f,,pytrends,"2026-09-07 12:05:26.971807+00","2026-09-07 12:05:26.971807+00"
a8d811eb-3f7e-4cad-8754-3544da97f22a,"candidíase cutânea",50,68,menopausa,Menopausa,candidíase,f,,pytrends,"2026-09-14 12:21:43.88562+00","2026-09-14 12:21:43.88562+00"
a8dc84f1-4ad0-4226-9a5c-52df6fd82f4d,"cirurgia endometriose",190,84,menopausa,Menopausa,endometriose,f,,pytrends,"2026-09-09 16:21:04.83949+00","2026-09-09 16:21:04.83949+00"
a8f43935-905a-43c1-88d5-06884d820a8e,"anemia o que comer",40,10,alimentacao,Alimentação,anemia,f,,pytrends,"2026-03-27 18:34:47.925931+00","2026-03-23 07:34:29.01437+00"
a9de5042-544c-4e09-9e6d-883fe9fb45c1,"fluconazol para candidíase",9999,76,menopausa,Menopausa,candidíase,f,,pytrends,"2026-04-06 08:09:49.492291+00","2026-04-06 08:09:49.492291+00"
a9e5e10c-0c09-4f57-9cc5-b0f74c582e37,"versiculos sobre ansiedade",9999,60,saude-mental,"Saúde Mental",ansiedade,f,,pytrends,"2026-03-30 07:58:55.195023+00","2026-03-30 07:58:55.195023+00"
a9f12ae9-4314-4b3c-a8f3-ad0fc6cb6a03,"cem anos de solidão resumo",60,36,saude-mental,"Saúde Mental",solidão,f,,pytrends,"2026-08-31 13:24:07.206837+00","2026-08-31 13:24:07.206837+00"
a9f6766c-ae9d-431c-ae18-b0d4cfab0dad,"o que é automutilação",60,100,saude-mental,"Saúde Mental",automutilação,t,,pytrends,"2026-06-01 12:00:02.924488+00","2026-06-01 12:00:02.924488+00"
aa26d544-2056-4f72-9e91-c283b7840be7,"sintomas de um avc",60,12,emergentes,Emergentes,avc,t,,pytrends,"2026-08-31 13:24:30.651463+00","2026-08-31 13:24:30.651463+00"
aa3e1bc3-b858-4eb6-bfed-6d5ce242fe89,"sintomas de intolerância à lactose",9999,100,alimentacao,Alimentação,"intolerância à lactose",t,,pytrends,"2026-08-24 07:11:07.554111+00","2026-08-24 07:11:07.554111+00"
aab05064-ab68-4bcc-9092-585d5733f309,"sintomas da diabetes tipo 2",9999,100,alimentacao,Alimentação,"diabetes tipo 2",t,,pytrends,"2026-08-17 07:05:59.279615+00","2026-08-17 07:05:59.279615+00"
aab2d583-11eb-468f-9460-9e5d14915008,"piercing para enxaqueca",9999,100,saude-mental,"Saúde Mental",enxaqueca,f,,pytrends,"2026-08-24 07:11:28.252703+00","2026-08-24 07:11:28.252703+00"
ab13b767-a8d7-491d-9eee-131ce4eefc0d,"linha de prevenção do suicídio",200,92,saude-mental,"Saúde Mental",suicídio,f,,pytrends,"2026-09-07 12:04:43.761285+00","2026-09-07 12:04:43.761285+00"
ab8f77c4-04dc-4161-a14d-d1d60cff6b1c,"em um relacionamento abusivo com a ansiedade",9999,100,saude-mental,"Saúde Mental",ansiedade,f,,pytrends,"2026-09-07 12:05:16.051264+00","2026-09-07 12:05:16.051264+00"
ab8fd95e-3545-4d4d-9101-2e73d8ffeb69,"gabapentina ansiedade",9999,68,saude-mental,"Saúde Mental",ansiedade,f,,pytrends,"2026-04-06 08:05:35.66783+00","2026-04-06 08:05:35.66783+00"
aba5b9df-1bc4-462a-be45-587edafe7c9e,"pernicious anemia",9999,100,alimentacao,Alimentação,anemia,f,,pytrends,"2026-05-18 10:24:15.231759+00","2026-05-18 10:24:15.231759+00"
aba6658b-5ebb-4187-a705-7589c667ee0e,"especialista em endometriose",60,68,menopausa,Menopausa,endometriose,f,,pytrends,"2026-05-25 10:26:17.89032+00","2026-05-25 10:26:17.89032+00"
abec4bb5-51ef-45e3-9547-26304d20b78b,"o'que é anemia",70,10,alimentacao,Alimentação,anemia,f,,pytrends,"2026-08-10 08:09:12.364933+00","2026-08-10 08:09:12.364933+00"
ac23b912-d08c-42f0-8617-617182ecf074,"medicamento alzheimer",100,44,saude-mental,"Saúde Mental",alzheimer,f,,pytrends,"2026-08-24 07:15:26.113764+00","2026-08-24 07:15:26.113764+00"
ac93fb23-65a4-4525-89ef-013cd20282ef,"anemia emolitica",9999,92,alimentacao,Alimentação,anemia,f,,pytrends,"2026-09-07 12:09:24.325123+00","2026-09-07 12:09:24.325123+00"
acb1a8e2-3405-4358-90de-f866e5865952,"o que é uma depressão",70,10,saude-mental,"Saúde Mental",depressão,t,,pytrends,"2026-09-14 12:28:27.350327+00","2026-09-14 12:28:27.350327+00"
ad3992f3-f046-483b-a576-06b3374c6c89,"covid 19",9999,100,emergentes,Emergentes,"long covid",f,,pytrends,"2026-06-22 12:35:05.744861+00","2026-06-22 12:35:05.744861+00"
ad731f06-cfdd-466f-a1a0-36e5843609c1,paroxetina,9999,76,saude-mental,"Saúde Mental",ansiedade,f,,pytrends,"2026-04-06 08:05:35.66783+00","2026-04-06 08:05:35.66783+00"
ad83073a-48d2-4dea-b331-c08fb8b7e3d3,"primeiros sintomas de alzheimer",6350,84,saude-mental,"Saúde Mental",alzheimer,f,,pytrends,"2026-09-14 12:27:54.20848+00","2026-09-14 12:27:54.20848+00"
add4f25a-76ef-46a8-b907-d9dec10c4400,"sintomas da candidíase",9999,76,menopausa,Menopausa,candidíase,t,,pytrends,"2026-05-18 10:27:01.902896+00","2026-05-18 10:27:01.902896+00"
aded91ac-c571-4649-b295-bc892d46a54d,"síndrome do pânico",80,84,saude-mental,"Saúde Mental",pânico,f,,pytrends,"2026-04-20 08:31:33.52718+00","2026-04-20 08:31:33.52718+00"
aeb871a6-387e-4108-9541-d0c5fb4cb94b,"burnout society",50,60,saude-mental,"Saúde Mental",burnout,f,,pytrends,"2026-08-24 07:14:33.412583+00","2026-08-24 07:14:33.412583+00"
afe6ce9a-30c2-48d5-a538-525fe56668cf,"laparoscopia endometriose",9999,92,menopausa,Menopausa,endometriose,f,,pytrends,"2026-06-01 11:53:13.432621+00","2026-06-01 11:53:13.432621+00"
affde308-3f04-42ba-a4c2-4f37590429f0,"alzheimer precoce sintomas",4700,84,saude-mental,"Saúde Mental",alzheimer,f,,pytrends,"2026-08-10 08:12:17.441078+00","2026-08-10 08:12:17.441078+00"
b04c3a4e-019b-4a25-a456-4a9d5b8e8566,"depressão crónica",9999,60,saude-mental,"Saúde Mental",depressão,f,,pytrends,"2026-09-14 12:28:27.350327+00","2026-09-14 12:28:27.350327+00"
b0a555aa-7c08-4427-8ee2-d6c05e08fbaf,septicemia,9999,100,emergentes,Emergentes,sepsis,f,,pytrends,"2026-05-25 10:26:39.054753+00","2026-05-25 10:26:39.054753+00"
b0d4da68-8092-4543-bb80-7e6d098c08c3,"burnout emocional",9999,84,saude-mental,"Saúde Mental",burnout,f,,pytrends,"2026-05-25 10:33:57.074987+00","2026-05-25 10:33:57.074987+00"
b0e254ab-ae6f-400d-8c2d-6cf0938f96f7,pneumonia,9999,92,emergentes,Emergentes,sepsis,f,,pytrends,"2026-06-01 11:53:35.893388+00","2026-06-01 11:53:35.893388+00"
b0f93570-c2f1-4c5e-be54-b9d79fd2bf5c,ansiedade,90,28,saude-mental,"Saúde Mental",depressão,f,,pytrends,"2026-08-17 07:13:55.134161+00","2026-08-17 07:13:55.134161+00"
b12f1e15-c7e1-4ca8-9ee0-7ca0cd87dc12,"alimentos com ferro para anemia",9999,68,alimentacao,Alimentação,anemia,f,,pytrends,"2026-09-14 12:25:02.428334+00","2026-09-14 12:25:02.428334+00"
b1adf2a7-1d67-45f9-9080-50b65322ad34,"a solidão dos números primos",9999,100,saude-mental,"Saúde Mental",solidão,f,,pytrends,"2026-08-31 13:24:07.206837+00","2026-08-31 13:24:07.206837+00"
b1fe176b-79ca-4e7b-acc9-604a85a03851,"síntomas de colesterol alto",9999,100,alimentacao,Alimentação,"colesterol alto",f,,pytrends,"2026-08-24 07:20:57.435981+00","2026-08-24 07:20:57.435981+00"
b242c799-00ce-40d2-a7a9-a4a1110d6972,"anemia ingles",9999,84,alimentacao,Alimentação,anemia,f,,pytrends,"2026-03-30 08:09:53.80659+00","2026-03-30 08:09:53.80659+00"
b2475086-a838-421b-85db-0a181f0fff67,"signs of sepsis",60,60,emergentes,Emergentes,sepsis,f,,pytrends,"2026-06-01 11:53:35.893388+00","2026-06-01 11:53:35.893388+00"
b24de621-7126-409e-bab3-6d73589c6c52,"o que é alzheimer",40,10,saude-mental,"Saúde Mental",alzheimer,t,,pytrends,"2026-09-07 12:12:12.820036+00","2026-09-07 12:12:12.820036+00"
b258894c-05a2-4c25-8a52-08acf4bf2f3a,"transfusão de sangue anemia",9999,92,alimentacao,Alimentação,anemia,f,,pytrends,"2026-05-18 10:24:15.231759+00","2026-05-18 10:24:15.231759+00"
b2f9a7a6-2b1a-4bbf-9ef9-4b9085764180,"anemia macrocítica",170,60,alimentacao,Alimentação,anemia,f,,pytrends,"2026-09-09 16:24:05.190877+00","2026-09-09 16:24:05.190877+00"
b31b37fe-d276-4999-818e-e36a8ec1c5d3,"burnout syndrome",70,36,saude-mental,"Saúde Mental",burnout,f,,pytrends,"2026-03-27 18:34:47.925931+00","2026-03-23 07:31:17.719355+00"
b390e74a-93b1-40b4-b8fa-ba2ecd9bb1e7,"como diagnosticar alzheimer",9999,100,saude-mental,"Saúde Mental",alzheimer,t,,pytrends,"2026-04-06 08:14:12.553439+00","2026-04-06 08:14:12.553439+00"
b3b403ae-00b4-49a0-851a-9e42f0e76bdd,"avc in english",9999,68,emergentes,Emergentes,avc,f,,pytrends,"2026-09-09 16:29:37.813115+00","2026-09-09 16:29:37.813115+00"
b4419ef5-d29a-4f5d-8c90-a63a5c03af63,"dia internacional da endometriose",9999,84,menopausa,Menopausa,endometriose,f,,pytrends,"2026-03-27 18:34:47.925931+00","2026-03-23 07:41:17.863932+00"
b489ffe3-e88a-4e46-bcd9-04630a886ef8,"depressão tem cura",300,36,saude-mental,"Saúde Mental",depressão,f,,pytrends,"2026-09-14 12:28:27.350327+00","2026-09-14 12:28:27.350327+00"
b4c069a8-bc8e-47a3-b9f7-b8e820d66e5d,"osteoporose na coluna",90,92,menopausa,Menopausa,osteoporose,f,,pytrends,"2026-06-08 11:20:17.591084+00","2026-06-08 11:20:17.591084+00"
b4c31287-6b74-4743-b105-62da1c1b5154,"enxaqueca lado direito",160,28,saude-mental,"Saúde Mental",enxaqueca,f,,pytrends,"2026-03-27 18:34:47.925931+00","2026-03-23 07:40:03.267158+00"
b62628c0-cf29-4a24-984e-01341bffe78d,"transtorno de ansiedade",80,20,saude-mental,"Saúde Mental",ansiedade,f,,pytrends,"2026-09-09 16:20:00.970958+00","2026-09-09 16:20:00.970958+00"
b628614a-38bc-443b-ad99-3ebd8808a30b,"autistic burnout",60,60,saude-mental,"Saúde Mental",burnout,f,,pytrends,"2026-09-14 12:27:01.237878+00","2026-09-14 12:27:01.237878+00"
b73c3081-319f-467e-a0ba-728367681e1e,"depressão major",50,10,saude-mental,"Saúde Mental",depressão,f,,pytrends,"2026-09-07 12:12:44.373894+00","2026-09-07 12:12:44.373894+00"
b7486daa-094f-4ea9-9493-5ec20ce5d888,"leonardo depressão",9999,92,saude-mental,"Saúde Mental",depressão,f,,pytrends,"2026-04-06 08:05:46.502433+00","2026-04-06 08:05:46.502433+00"
b77df387-ffbb-41af-9a46-a929ef4df4bc,"o que e ansiedade",40,10,saude-mental,"Saúde Mental",ansiedade,t,,pytrends,"2026-06-29 11:19:07.268933+00","2026-06-29 11:19:07.268933+00"
b81a47c5-5ec1-4560-b573-9fd470ae2434,"avc ou ait",750,52,emergentes,Emergentes,avc,f,,pytrends,"2026-06-08 11:21:55.134642+00","2026-06-08 11:21:55.134642+00"
b886e073-5f89-4054-ba3b-c4915517457a,"anti stress toys",9999,92,saude-mental,"Saúde Mental",stress,f,,pytrends,"2026-04-27 08:49:59.549531+00","2026-04-27 08:49:59.549531+00"
b893aa90-d4e3-455b-a182-bd566ff7483a,"crise de ansiedade sintomas",50,10,saude-mental,"Saúde Mental",ansiedade,f,,pytrends,"2026-08-17 07:06:10.156928+00","2026-08-17 07:06:10.156928+00"
b8da77e5-af6d-44ed-bd79-b0614da1c43e,"o que é lúpus",60,60,emergentes,Emergentes,lúpus,t,,pytrends,"2026-06-08 11:16:50.843077+00","2026-06-08 11:16:50.843077+00"
b93e23d1-e71e-479e-a26e-18e7475438da,"endometriose oq é",9999,60,menopausa,Menopausa,endometriose,f,,pytrends,"2026-03-27 18:34:47.925931+00","2026-03-23 07:41:17.864066+00"
b9b74a21-c05e-4a09-a52d-f3c654fc853c,"avc o que é",60,10,emergentes,Emergentes,avc,f,,pytrends,"2026-08-03 10:21:17.267746+00","2026-08-03 10:21:17.267746+00"
ba875dd6-c925-4439-9dbc-b0ae63fc06ea,"occt stress test",2300,84,saude-mental,"Saúde Mental",stress,f,,pytrends,"2026-09-09 16:20:12.045134+00","2026-09-09 16:20:12.045134+00"
baff0329-9c08-4c1c-8853-fe0814b8e034,"anemia pode virar leucemia",2250,28,alimentacao,Alimentação,anemia,f,,pytrends,"2026-03-30 08:09:53.80659+00","2026-03-30 08:09:53.80659+00"
bb24a4d6-a470-4feb-b1c1-34cdcb7735bf,"endometriose fotos",3700,100,menopausa,Menopausa,endometriose,f,,pytrends,"2026-08-17 07:07:14.3563+00","2026-08-17 07:07:14.3563+00"
bb40ddc9-bdb4-4488-92c3-2acef0af49c3,"inderal ansiedade",200,12,saude-mental,"Saúde Mental",ansiedade,f,,pytrends,"2026-03-30 07:58:55.195023+00","2026-03-30 07:58:55.195023+00"
bb735dbe-e44b-4be6-89cc-d78c322f1500,"calmantes naturais para ansiedade",1300,52,saude-mental,"Saúde Mental",ansiedade,f,,pytrends,"2026-09-09 16:20:00.970958+00","2026-09-09 16:20:00.970958+00"
bbdc8ede-2303-468a-9f42-5ccaf4a58187,"doença celíaca é grave",9999,100,alimentacao,Alimentação,"doença celíaca",f,,pytrends,"2026-04-06 08:08:02.72178+00","2026-04-06 08:08:02.72178+00"
bc09d56a-5475-4907-a3a0-e63d639bde95,"fungo candida auris",9999,100,emergentes,Emergentes,"candida auris",f,,pytrends,"2026-04-06 08:12:48.386574+00","2026-04-06 08:12:48.386574+00"
bcbf1c58-f8c3-4203-ab2b-0d2a3f289a91,"como curar ansiedade",9999,92,saude-mental,"Saúde Mental",ansiedade,t,,pytrends,"2026-05-04 08:51:49.339065+00","2026-05-04 08:51:49.339065+00"
bd5621a8-1dcb-48e9-a669-9441979abb9b,"alcoolismo sintomas",200,92,saude-mental,"Saúde Mental",alcoolismo,f,,pytrends,"2026-03-30 08:08:12.822193+00","2026-03-30 08:08:12.822193+00"
bd8d3486-aedf-437e-96d2-412cea8e8ec2,"sintomas de lúpus",90,100,emergentes,Emergentes,lúpus,t,,pytrends,"2026-09-09 16:21:15.50467+00","2026-09-09 16:21:15.50467+00"
bdfda4c0-e559-4bcb-9a69-4fb9d2ff7a85,"cpu stress test online",9350,68,saude-mental,"Saúde Mental",stress,f,,pytrends,"2026-03-27 18:34:47.925931+00","2026-03-23 07:41:28.79763+00"
bea3a1cd-dacd-4fd0-8212-852985e8a52e,"injeção para osteoporose anual preço",5650,100,menopausa,Menopausa,osteoporose,f,,pytrends,"2026-04-20 08:30:25.068365+00","2026-04-20 08:30:25.068365+00"
beb1366f-43a1-4a21-8db0-2a438f8e6366,"fungo candida auris o que é",9999,36,emergentes,Emergentes,"candida auris",f,,pytrends,"2026-03-28 00:15:45.14077+00","2026-03-28 00:15:45.14077+00"
bf1c3ca3-8599-4eb2-bbc4-553a70f11945,"dia europeu da enxaqueca",9999,92,saude-mental,"Saúde Mental",enxaqueca,f,,pytrends,"2026-09-14 12:23:46.605277+00","2026-09-14 12:23:46.605277+00"
bf80fa99-54c0-4da3-b422-7d7bed6fabb2,"jejum intermitente resultados 1 semana",4250,84,alimentacao,Alimentação,"jejum intermitente",f,,pytrends,"2026-06-01 12:04:20.538429+00","2026-06-01 12:04:20.538429+00"
bf8a00a2-1b1b-4a79-9a80-a80d45b65a9a,"como aliviar enxaqueca",40,10,saude-mental,"Saúde Mental",enxaqueca,t,,pytrends,"2026-06-08 11:18:28.519081+00","2026-06-08 11:18:28.519081+00"
bf9141ab-db6b-4dfb-8844-617d69a15d0b,"ultraprocessados sono estudo",9999,100,alimentacao,Alimentação,ultraprocessados,f,,pytrends,"2026-08-10 08:10:21.449061+00","2026-08-10 08:10:21.449061+00"
bf96f7eb-e3d5-4f11-8356-78493d9cffbf,"doença burnout",160,52,saude-mental,"Saúde Mental",burnout,f,,pytrends,"2026-05-25 10:33:57.074987+00","2026-05-25 10:33:57.074987+00"
c0087ccf-f957-44cf-bc30-c0214c70be3d,"medicamento para enxaqueca",50,10,saude-mental,"Saúde Mental",enxaqueca,f,,pytrends,"2026-05-04 08:53:54.915162+00","2026-05-04 08:53:54.915162+00"
c03192d3-59dd-4fec-830a-c33a78b0ab05,"enxaqueca em inglês",400,44,saude-mental,"Saúde Mental",enxaqueca,f,,pytrends,"2026-04-06 08:08:13.385846+00","2026-04-06 08:08:13.385846+00"
c0b94451-a330-46bf-86f4-01ef3d2a345b,"triptano enxaqueca",2000,52,saude-mental,"Saúde Mental",enxaqueca,f,,pytrends,"2026-06-01 11:57:43.702524+00","2026-06-01 11:57:43.702524+00"
c11be015-5471-4be0-a3d3-d8e8e0754030,"sintomas lúpus fase terminal",9999,100,emergentes,Emergentes,lúpus,t,,pytrends,"2026-06-01 11:56:26.733782+00","2026-06-01 11:56:26.733782+00"
c17acefc-e4f2-4a8f-b588-98a54768bab9,"faz amor comigo faz amor comigo me tira dessa solidão",9999,92,saude-mental,"Saúde Mental",solidão,f,,pytrends,"2026-09-14 12:30:16.587168+00","2026-09-14 12:30:16.587168+00"
c1a18246-f8b1-4d14-b998-720a43de5640,"touca para enxaqueca",9999,92,saude-mental,"Saúde Mental",enxaqueca,f,,pytrends,"2026-09-09 16:22:51.103277+00","2026-09-09 16:22:51.103277+00"
c1d6a0db-e7b6-4f79-a8b5-ae8497f3251f,"sintomas de depressão e ansiedade",130,12,saude-mental,"Saúde Mental",depressão,t,,pytrends,"2026-09-14 12:28:27.350327+00","2026-09-14 12:28:27.350327+00"
c1f1f80d-b388-4fd6-ab00-ea8b1f7d3084,"pânico na floresta 4 origens sangrentas",9999,84,saude-mental,"Saúde Mental",pânico,f,,pytrends,"2026-05-18 10:23:53.257339+00","2026-05-18 10:23:53.257339+00"
c2150e6e-6fa1-4ec0-856f-d2aa756cf27d,"vacina para ansiedade",1600,60,saude-mental,"Saúde Mental",ansiedade,f,,pytrends,"2026-03-27 18:34:47.925931+00","2026-03-23 07:29:16.489555+00"
c276359b-0bbb-4e3d-82fb-471fa52bc9c6,sertralina,170,20,saude-mental,"Saúde Mental",ansiedade,f,,pytrends,"2026-06-29 11:19:07.268933+00","2026-06-29 11:19:07.268933+00"
c2a12cc0-cf78-48e4-ad8f-5dbc292e3bcf,"sintomas de ansiedade grave",8650,52,saude-mental,"Saúde Mental",ansiedade,t,,pytrends,"2026-03-28 00:08:45.453336+00","2026-03-28 00:08:45.453336+00"
c339d597-f842-4086-b1f0-01bf7545c042,"tratamento de osteoporose",250,100,menopausa,Menopausa,osteoporose,t,,pytrends,"2026-04-06 08:03:18.173981+00","2026-04-06 08:03:18.173981+00"
c343ea8d-bcf4-4ec7-a14f-c614d891deaa,"todo mundo em pânico 6 onde assistir",9999,92,saude-mental,"Saúde Mental",pânico,f,,pytrends,"2026-09-14 12:24:18.745704+00","2026-09-14 12:24:18.745704+00"
c348f5bc-949c-4c75-8e3a-7c9a4087dfc1,"como saber se tenho anemia",9999,92,alimentacao,Alimentação,anemia,t,,pytrends,"2026-05-25 10:26:49.611587+00","2026-05-25 10:26:49.611587+00"
c35e6065-d1c5-4516-bef3-2537b5b3c529,"derrame ocular pode ser sinal de avc",9999,84,emergentes,Emergentes,avc,f,,pytrends,"2026-08-03 10:21:17.267746+00","2026-08-03 10:21:17.267746+00"
c39bda43-13ba-49e6-ad37-6df257872153,"todo mundo em pânico",40,84,saude-mental,"Saúde Mental",pânico,f,,pytrends,"2026-08-31 13:17:56.038071+00","2026-08-31 13:17:56.038071+00"
c4e13c81-8913-45d0-8692-2377b42ade72,"anemia microcitica hipocromica",110,20,alimentacao,Alimentação,anemia,f,,pytrends,"2026-09-09 16:24:05.190877+00","2026-09-09 16:24:05.190877+00"
c56b9eea-5017-4945-8f56-539b2a758577,"cha para anemia",3250,10,alimentacao,Alimentação,anemia,f,,pytrends,"2026-04-27 08:47:00.412814+00","2026-04-27 08:47:00.412814+00"
c5707acb-fe6d-44ae-a85f-2616ebafbd5f,"alimentos para a anemia",40,10,alimentacao,Alimentação,anemia,f,,pytrends,"2026-05-18 10:24:15.231759+00","2026-05-18 10:24:15.231759+00"
c5958365-fbe4-4b0f-90c7-9fc52fc3d32a,"exame osteoporose",140,100,menopausa,Menopausa,osteoporose,f,,pytrends,"2026-03-27 18:34:47.925931+00","2026-03-23 07:27:39.847636+00"
c5abda4f-5243-43d0-85e2-546a48fc1f0e,"anemia hemolitica imunomediada",1900,10,alimentacao,Alimentação,anemia,f,,pytrends,"2026-04-27 08:47:00.412814+00","2026-04-27 08:47:00.412814+00"
c5f6a394-9765-401a-ab2a-a9830d22213b,"os quatro e meia olá solidão",9999,100,saude-mental,"Saúde Mental",solidão,f,,pytrends,"2026-09-14 12:30:16.587168+00","2026-09-14 12:30:16.587168+00"
c604debf-0dee-45b5-9702-a07a796e174d,"sepsis criteria",9999,100,emergentes,Emergentes,sepsis,f,,pytrends,"2026-06-29 11:18:14.336127+00","2026-06-29 11:18:14.336127+00"
c614b9a9-048c-4cfb-8667-54fb73bb4415,"o que causa o colesterol alto",9999,92,alimentacao,Alimentação,"colesterol alto",t,,pytrends,"2026-03-27 18:34:47.925931+00","2026-03-23 07:40:25.01851+00"
c64485b8-2806-4f59-86f2-db8c281f26e4,"anemia pica",9999,68,alimentacao,Alimentação,anemia,f,,pytrends,"2026-04-27 08:47:00.412814+00","2026-04-27 08:47:00.412814+00"
c65cfc6c-77af-42f9-834d-8a7703305189,"suores noturnos causas",9999,100,menopausa,Menopausa,"suores noturnos",f,,pytrends,"2026-09-07 12:09:13.58114+00","2026-09-07 12:09:13.58114+00"
c6f77ddc-aed5-413f-94f2-d0d17ae73623,"anemia sideropenica",1950,60,alimentacao,Alimentação,anemia,f,,pytrends,"2026-05-18 10:24:15.231759+00","2026-05-18 10:24:15.231759+00"
c741cfa9-57f3-4f99-82df-fe0090feb8e1,"avc esquémico",2750,84,emergentes,Emergentes,avc,f,,pytrends,"2026-08-24 07:18:01.307181+00","2026-08-24 07:18:01.307181+00"
c77d1b3a-353d-45e4-9374-a49c5de9d0bf,"anemia normocromica",100,10,alimentacao,Alimentação,anemia,f,,pytrends,"2026-04-20 08:32:18.074543+00","2026-04-20 08:32:18.074543+00"
c77dd62f-66b3-48f1-b481-01aae799b09a,"stress cpu online",1600,52,saude-mental,"Saúde Mental",stress,f,,pytrends,"2026-03-30 08:09:19.495077+00","2026-03-30 08:09:19.495077+00"
c78859f1-570e-4504-8e95-9f78ab5270aa,"como se escreve alzheimer",400,52,saude-mental,"Saúde Mental",alzheimer,t,,pytrends,"2026-09-09 16:26:53.010718+00","2026-09-09 16:26:53.010718+00"
c8b9688a-72e3-4917-a646-5ec30244a683,"candida auris imagens",9999,28,emergentes,Emergentes,"candida auris",f,,pytrends,"2026-04-06 08:12:48.386574+00","2026-04-06 08:12:48.386574+00"
c8f14ae8-d22a-444f-99ed-4d54b778b2df,"enxaqueca como aliviar",140,28,saude-mental,"Saúde Mental",enxaqueca,f,,pytrends,"2026-06-01 11:57:43.702524+00","2026-06-01 11:57:43.702524+00"
c92e84e1-b4dd-429c-8e1f-3ae06fa25151,"sintomas de burnout teste",2150,84,saude-mental,"Saúde Mental",burnout,t,,pytrends,"2026-05-18 10:31:26.493729+00","2026-05-18 10:31:26.493729+00"
c93f8d6b-70e7-4dac-9d29-96a1fb68431b,"medicamento para enxaqueca forte",9999,68,saude-mental,"Saúde Mental",enxaqueca,f,,pytrends,"2026-06-08 11:18:28.519081+00","2026-06-08 11:18:28.519081+00"
c98e84a1-3a73-44f5-9fca-10cdd7044e14,"juanita molina",9999,84,saude-mental,"Saúde Mental",solidão,f,,pytrends,"2026-08-24 07:17:40.550294+00","2026-08-24 07:17:40.550294+00"
c98e9c8a-9a75-4a81-a873-dd6b82976681,"o que e burnout",70,28,saude-mental,"Saúde Mental",burnout,t,,pytrends,"2026-06-08 11:21:10.509932+00","2026-06-08 11:21:10.509932+00"
ca32f763-24cd-4790-abc4-e723ac6efdf1,"anticorpos monoclonais enxaqueca",1550,52,saude-mental,"Saúde Mental",enxaqueca,f,,pytrends,"2026-05-18 10:28:18.261849+00","2026-05-18 10:28:18.261849+00"
ca7dbb63-9853-458a-9254-58d63e582472,"como tomar fluconazol para candidíase",9999,92,menopausa,Menopausa,candidíase,t,,pytrends,"2026-08-24 07:09:29.985306+00","2026-08-24 07:09:29.985306+00"
cabf2cb5-9d1d-4386-81f3-b9793b4ecd56,"what is ptsd",40,92,saude-mental,"Saúde Mental",PTSD,f,,pytrends,"2026-04-20 08:30:14.193025+00","2026-04-20 08:30:14.193025+00"
cad8cb45-76af-4cee-a675-33fb489276ab,"avc lacunar",2650,68,emergentes,Emergentes,avc,f,,pytrends,"2026-06-29 11:24:57.234384+00","2026-06-29 11:24:57.234384+00"
caf50146-d37f-44ed-8d3a-e61e77d2e1e8,"depressão pedro",70,10,saude-mental,"Saúde Mental",depressão,f,,pytrends,"2026-05-18 10:33:24.821943+00","2026-05-18 10:33:24.821943+00"
cb0712e3-eed2-44bd-b108-a1010c4be68f,"demi lovato avc",9999,84,emergentes,Emergentes,avc,f,,pytrends,"2026-08-31 13:24:30.651463+00","2026-08-31 13:24:30.651463+00"
cba81027-95ed-4b9a-a33d-d3aef3f7a14f,"candida auris o que é sintomas",9999,44,emergentes,Emergentes,"candida auris",f,,pytrends,"2026-04-06 08:12:48.386574+00","2026-04-06 08:12:48.386574+00"
cc1edbd1-89b4-49cb-801a-c2e3b400d424,"sintomas de uma depressão",450,60,saude-mental,"Saúde Mental",depressão,t,,pytrends,"2026-06-08 11:23:00.087635+00","2026-06-08 11:23:00.087635+00"
cc684f1a-5db8-4a20-8be8-a5d67d39f1df,"oq e anemia",9999,84,alimentacao,Alimentação,anemia,f,,pytrends,"2026-09-07 12:09:24.325123+00","2026-09-07 12:09:24.325123+00"
cc73abf7-c89c-424d-82cc-0bf8cdfff4a9,"quais os sintomas de uma depressão",2900,76,saude-mental,"Saúde Mental",depressão,t,,pytrends,"2026-06-08 11:23:00.087635+00","2026-06-08 11:23:00.087635+00"
cc7d58b9-33e2-4e46-bccf-e8ff95f794fa,"avc isquêmico tem cura",9999,92,emergentes,Emergentes,avc,f,,pytrends,"2026-05-18 10:32:20.314953+00","2026-05-18 10:32:20.314953+00"
cc85ca73-d326-43bd-b50e-13f38c4499a1,"jejum intermitente 16h",9999,100,alimentacao,Alimentação,"jejum intermitente",f,,pytrends,"2026-09-14 12:29:00.598571+00","2026-09-14 12:29:00.598571+00"
ccc613bf-893c-4682-bbc3-cf2e8ce5d1f1,"jejum intermitente para perder peso",9999,100,alimentacao,Alimentação,"jejum intermitente",f,,pytrends,"2026-03-27 18:34:47.925931+00","2026-03-23 07:32:32.355449+00"
cccf7aba-e44d-4d1d-b77e-dcaa4feb9081,"o que é bom para anemia",250,20,alimentacao,Alimentação,anemia,t,,pytrends,"2026-08-03 10:13:48.617137+00","2026-08-03 10:13:48.617137+00"
ccf5d429-a5ab-46cc-9b3d-9233dc4f938f,"d stress booster",350,36,saude-mental,"Saúde Mental",stress,f,,pytrends,"2026-06-01 11:57:10.985395+00","2026-06-01 11:57:10.985395+00"
cd6621e8-5083-46c5-b86a-90c271ff7020,"o que é endometriose",50,20,menopausa,Menopausa,endometriose,t,,pytrends,"2026-06-01 11:53:13.432621+00","2026-06-01 11:53:13.432621+00"
cdb63605-5a7e-4e6f-a150-b7fc864ca402,"marta depressão",6150,10,saude-mental,"Saúde Mental",depressão,f,,pytrends,"2026-04-27 08:51:07.35017+00","2026-04-27 08:51:07.35017+00"
cdca7c50-f899-44b4-8b1a-95d137ea5f45,"tratamento anemia",70,10,alimentacao,Alimentação,anemia,t,,pytrends,"2026-09-14 12:25:02.428334+00","2026-09-14 12:25:02.428334+00"
ce8886a6-8b4b-481c-97bc-1ddc4e598c34,"pré menopausa sintomas",9999,100,menopausa,Menopausa,"menopausa sintomas",f,,pytrends,"2026-09-14 12:28:15.212278+00","2026-09-14 12:28:15.212278+00"
ce8f36c1-1631-47f4-9c06-261fc1254553,"avc esquemico",200,12,emergentes,Emergentes,avc,f,,pytrends,"2026-09-09 16:29:37.813115+00","2026-09-09 16:29:37.813115+00"
ce9f057b-c201-43fa-9527-996896b916b3,"endometriose profunda",110,76,menopausa,Menopausa,endometriose,f,,pytrends,"2026-08-31 13:15:35.047147+00","2026-08-31 13:15:35.047147+00"
ceb37ddf-ad71-45a5-9de8-838b35c07bc2,"terapia de reposição hormonal",70,100,menopausa,Menopausa,"terapia hormonal",f,,pytrends,"2026-06-29 11:19:17.608705+00","2026-06-29 11:19:17.608705+00"
ced75a1a-c701-4be7-af70-01b9e98dd9c1,"ait avc",60,10,emergentes,Emergentes,avc,f,,pytrends,"2026-06-01 12:01:37.236509+00","2026-06-01 12:01:37.236509+00"
cf1d3dec-abed-4265-8ffc-1945355fb856,"barriga de endometriose",250,92,menopausa,Menopausa,endometriose,f,,pytrends,"2026-08-17 07:07:14.3563+00","2026-08-17 07:07:14.3563+00"
cf488ce4-13eb-4c30-b222-6dd081491a95,"como saber se tenho depressão",4450,44,saude-mental,"Saúde Mental",depressão,t,,pytrends,"2026-09-14 12:28:27.350327+00","2026-09-14 12:28:27.350327+00"
cf59c621-a22e-494b-8dd4-d1f02e94b8b9,"complex ptsd",150,100,saude-mental,"Saúde Mental",PTSD,f,,pytrends,"2026-05-04 08:48:19.368786+00","2026-05-04 08:48:19.368786+00"
cfc7856a-8ec4-4d24-b953-fb443895e86d,"depressão em portugal",90,10,saude-mental,"Saúde Mental",depressão,f,,pytrends,"2026-03-30 07:59:07.198788+00","2026-03-30 07:59:07.198788+00"
d01ac4fd-62eb-46d7-9fde-c0136c508c66,"jejum intermitente 12h emagrece quantos quilos",4750,60,alimentacao,Alimentação,"jejum intermitente",f,,pytrends,"2026-05-18 10:35:12.70582+00","2026-05-18 10:35:12.70582+00"
d02d5402-154d-44d2-8c9d-6eaa1af767c6,"o que comer para anemia",50,10,alimentacao,Alimentação,anemia,t,,pytrends,"2026-05-25 10:26:49.611587+00","2026-05-25 10:26:49.611587+00"
d0526c83-b473-4c60-911e-423c43171f69,"anemia hemolitica auto imune",2850,36,alimentacao,Alimentação,anemia,f,,pytrends,"2026-03-28 00:21:06.900923+00","2026-03-28 00:21:06.900923+00"
d0b53365-f4f9-4840-a442-78622620507d,"o que causa anemia",120,44,alimentacao,Alimentação,anemia,t,,pytrends,"2026-09-09 16:24:05.190877+00","2026-09-09 16:24:05.190877+00"
d13b8667-8ba6-4825-a8a1-93d650252bda,"adhd burnout",200,52,saude-mental,"Saúde Mental",burnout,f,,pytrends,"2026-05-18 10:31:26.493729+00","2026-05-18 10:31:26.493729+00"
d14c8bba-4679-4a59-8236-2096a6a04853,"tratamento burnout",70,10,saude-mental,"Saúde Mental",burnout,t,,pytrends,"2026-05-25 10:33:57.074987+00","2026-05-25 10:33:57.074987+00"
d1593cfc-d031-4de6-8a9f-f802445ca2cf,"flunarizina enxaqueca",9999,84,saude-mental,"Saúde Mental",enxaqueca,f,,pytrends,"2026-05-18 10:28:18.261849+00","2026-05-18 10:28:18.261849+00"
d15c708b-553c-4bec-9ba1-a8b160a59ec5,"sintomas de osteoporose",9999,100,menopausa,Menopausa,osteoporose,t,,pytrends,"2026-03-28 00:13:47.374635+00","2026-03-28 00:13:47.374635+00"
d18e2edb-740f-4eca-a52a-7e757b94943c,"demencia vs alzheimer",9999,92,saude-mental,"Saúde Mental",alzheimer,f,,pytrends,"2026-09-09 16:26:53.010718+00","2026-09-09 16:26:53.010718+00"
d1c5e504-2b79-4ba6-9bc6-48058e6c5747,"endometriose no intestino",9400,76,menopausa,Menopausa,endometriose,f,,pytrends,"2026-04-20 08:30:47.705551+00","2026-04-20 08:30:47.705551+00"
d23f8673-6afb-485b-9b6f-de540cdb2b70,"100 sintomas de ansiedade",9999,68,saude-mental,"Saúde Mental",ansiedade,f,,pytrends,"2026-03-30 07:58:55.195023+00","2026-03-30 07:58:55.195023+00"
d2445dfb-913e-4491-ac9f-6b53a96c3172,"burnout ps2",80,76,saude-mental,"Saúde Mental",burnout,f,,pytrends,"2026-08-31 13:20:42.044995+00","2026-08-31 13:20:42.044995+00"
d25dfbe9-3ec6-4b86-9b9a-19fb67dccbdc,"sepsis o que é",140,76,emergentes,Emergentes,sepsis,f,,pytrends,"2026-09-07 12:04:10.289494+00","2026-09-07 12:04:10.289494+00"
d2f1ab87-31bf-4a47-ac7a-3f40277974f0,"sintomas da depressão",60,10,saude-mental,"Saúde Mental",depressão,t,,pytrends,"2026-09-14 12:28:27.350327+00","2026-09-14 12:28:27.350327+00"
d317fe82-8470-43b8-a10f-31de7c1d76df,"sintomas de cancro da mama",60,84,menopausa,Menopausa,"cancro da mama",t,,pytrends,"2026-09-14 12:24:07.877063+00","2026-09-14 12:24:07.877063+00"
d334dabe-27f4-4142-8f84-94f1cf8ade2e,"crise de enxaqueca",350,60,saude-mental,"Saúde Mental",enxaqueca,f,,pytrends,"2026-06-08 11:18:28.519081+00","2026-06-08 11:18:28.519081+00"
d335498e-aa7b-4594-8601-0f57307bf21b,"nuno markl segundo avc",60,10,emergentes,Emergentes,avc,f,,pytrends,"2026-03-27 18:34:47.925931+00","2026-03-23 07:36:16.114067+00"
d40c2d5b-706f-4fe5-97cf-414a104db79f,"suicídio significado",9999,76,saude-mental,"Saúde Mental",suicídio,f,,pytrends,"2026-06-01 11:54:45.526988+00","2026-06-01 11:54:45.526988+00"
d455365f-d1cf-42bf-b86a-31899c9559d8,"diabetes tipo 2 valores",160,84,alimentacao,Alimentação,"diabetes tipo 2",f,,pytrends,"2026-06-29 11:18:46.079029+00","2026-06-29 11:18:46.079029+00"
d507de14-d8e8-4252-af9f-4949252ae28d,"anemia falsiforme",850,52,alimentacao,Alimentação,anemia,f,,pytrends,"2026-08-10 08:09:12.364933+00","2026-08-10 08:09:12.364933+00"
d558aaa7-01c6-4216-a9e4-136ac4cbf485,"alimentos ultraprocessados exemplos",9999,100,alimentacao,Alimentação,ultraprocessados,f,,pytrends,"2026-09-14 12:26:05.361072+00","2026-09-14 12:26:05.361072+00"
d5c5e09f-2394-456a-a373-d96936a77a6d,"depressão tem cura?",2900,10,saude-mental,"Saúde Mental",depressão,f,,pytrends,"2026-09-07 12:12:44.373894+00","2026-09-07 12:12:44.373894+00"
d6810b16-2bd5-457a-85f4-bcd7f16646cd,"ptsd meaning",70,92,saude-mental,"Saúde Mental",PTSD,f,,pytrends,"2026-06-08 11:19:35.423041+00","2026-06-08 11:19:35.423041+00"
d6a5ae01-4c3a-4e04-ad3a-960a68696207,tag,3050,84,saude-mental,"Saúde Mental",ansiedade,f,,pytrends,"2026-05-04 08:51:49.339065+00","2026-05-04 08:51:49.339065+00"
d6f70450-7a46-48c7-a649-26ddc87b13c3,"incontinência urinária tratamento",50,100,menopausa,Menopausa,"incontinência urinária",f,,pytrends,"2026-08-24 07:13:11.442691+00","2026-08-24 07:13:11.442691+00"
d71078b7-9c52-412d-8186-ba705949a2a1,endometriosis,110,28,menopausa,Menopausa,endometriose,f,,pytrends,"2026-06-01 11:53:13.432621+00","2026-06-01 11:53:13.432621+00"
d7448ae4-3bd0-4a30-90b6-97abc33cecd2,"anel anti stress",1250,76,saude-mental,"Saúde Mental",stress,f,,pytrends,"2026-09-07 12:05:26.971807+00","2026-09-07 12:05:26.971807+00"
d7a22a4d-7d6c-4c22-8af5-1b86165fb84e,"candidíase boca",110,68,menopausa,Menopausa,candidíase,f,,pytrends,"2026-05-18 10:27:01.902896+00","2026-05-18 10:27:01.902896+00"
d8b85163-bba9-49e2-8cf3-d0d563de6188,"refluxo gastroesofágico sintomas",40,76,alimentacao,Alimentação,"refluxo gastroesofágico",f,,pytrends,"2026-04-06 08:09:17.317989+00","2026-04-06 08:09:17.317989+00"
d8b9ac58-7f83-4c0f-9416-346ebd88dd65,"medicamentos para diabetes tipo 2",9999,100,alimentacao,Alimentação,"diabetes tipo 2",f,,pytrends,"2026-05-04 08:50:16.426876+00","2026-05-04 08:50:16.426876+00"
d8de95d2-ffa6-4200-a04e-5e7e54f55e2a,"como prevenir alzheimer",9999,100,saude-mental,"Saúde Mental",alzheimer,t,,pytrends,"2026-06-01 12:03:04.636423+00","2026-06-01 12:03:04.636423+00"
d8f3f9a6-533f-4916-b40d-8eafd542f92b,"cpu stress",70,10,saude-mental,"Saúde Mental",stress,f,,pytrends,"2026-08-17 07:06:21.376046+00","2026-08-17 07:06:21.376046+00"
d9226bd7-ab95-4c2e-a13a-6926a79c1994,"o que é um burnout",100,28,saude-mental,"Saúde Mental",burnout,t,,pytrends,"2026-05-25 10:33:57.074987+00","2026-05-25 10:33:57.074987+00"
d9522f8f-4174-4dde-9ec5-d895cbc95ee7,"anemia aplastica",60,10,alimentacao,Alimentação,anemia,f,,pytrends,"2026-08-10 08:09:12.364933+00","2026-08-10 08:09:12.364933+00"
d98204f9-7923-419b-b337-b73df783753f,"intolerância ao glúten sintomas",50,100,alimentacao,Alimentação,"intolerância ao glúten",f,,pytrends,"2026-09-14 12:30:27.408266+00","2026-09-14 12:30:27.408266+00"
d985c046-2932-4d1e-8a74-b44cbe841a40,"anemia grave",50,10,alimentacao,Alimentação,anemia,f,,pytrends,"2026-05-25 10:26:49.611587+00","2026-05-25 10:26:49.611587+00"
d9e06c79-81ff-4f28-953a-7ec5588ed132,"escala avc",200,20,emergentes,Emergentes,avc,f,,pytrends,"2026-03-30 08:05:39.827249+00","2026-03-30 08:05:39.827249+00"
da41877f-9ad9-417a-a863-6594af5d6677,"candida auris sintomas na pele",9999,36,emergentes,Emergentes,"candida auris",f,,pytrends,"2026-03-30 08:05:50.381058+00","2026-03-30 08:05:50.381058+00"
da96ec6a-2176-4544-9615-ec51f85d31b2,"musica anti stress",1300,68,saude-mental,"Saúde Mental",stress,f,,pytrends,"2026-03-28 00:20:35.250674+00","2026-03-28 00:20:35.250674+00"
dac12a4a-b57a-41cd-99c9-5a456d91117e,"von mises stress",9950,84,saude-mental,"Saúde Mental",stress,f,,pytrends,"2026-03-30 08:09:19.495077+00","2026-03-30 08:09:19.495077+00"
dae011c8-6ae8-47e8-baf8-db921a3b931b,"demência frontotemporal",90,76,saude-mental,"Saúde Mental",demência,f,,pytrends,"2026-06-01 12:03:48.074533+00","2026-06-01 12:03:48.074533+00"
db6d21f4-554b-478b-bcb7-0fcb408f35c4,"terapia de casal",70,92,saude-mental,"Saúde Mental","terapia online",f,,pytrends,"2026-09-14 12:31:21.317357+00","2026-09-14 12:31:21.317357+00"
dbe9e589-eb57-4739-8866-97a6d187f67d,"o que significa burnout",3900,92,saude-mental,"Saúde Mental",burnout,t,,pytrends,"2026-09-14 12:27:01.237878+00","2026-09-14 12:27:01.237878+00"
dc057ae2-0fa2-4d03-b33e-ba29d7567f1f,"o que é candida auris",9999,76,emergentes,Emergentes,"candida auris",t,,pytrends,"2026-04-06 08:12:48.386574+00","2026-04-06 08:12:48.386574+00"
dccb5080-5e71-4058-b976-fbf3a37fdcea,"cardápio jejum intermitente 16h pdf",9999,92,alimentacao,Alimentação,"jejum intermitente",f,,pytrends,"2026-03-30 08:02:12.393982+00","2026-03-30 08:02:12.393982+00"
dcf936ac-54e4-4929-bc7d-93654b55927e,"toast avc",9999,92,emergentes,Emergentes,avc,f,,pytrends,"2026-06-22 12:30:03.994015+00","2026-06-22 12:30:03.994015+00"
dd366204-1544-40ba-8b5f-b3f9749fc96c,"avc fulminante",9999,68,emergentes,Emergentes,avc,f,,pytrends,"2026-09-14 12:30:38.946859+00","2026-09-14 12:30:38.946859+00"
dd378459-1954-400c-b6a6-ea552a6599ed,"como passar enxaqueca",40,12,saude-mental,"Saúde Mental",enxaqueca,t,,pytrends,"2026-06-08 11:18:28.519081+00","2026-06-08 11:18:28.519081+00"
dd65d1eb-02f2-45f5-9d13-1aebeea4fb6d,"demência e alzheimer",120,36,saude-mental,"Saúde Mental",alzheimer,f,,pytrends,"2026-09-09 16:26:53.010718+00","2026-09-09 16:26:53.010718+00"
ddb6b539-d183-44f9-8db9-2b2f75afb072,"adrenal stress support",2000,68,saude-mental,"Saúde Mental",stress,f,,pytrends,"2026-05-04 08:53:20.835465+00","2026-05-04 08:53:20.835465+00"
de01c87f-0b2b-443d-a47e-19add9a5c337,"lúpus discoide",9999,84,emergentes,Emergentes,lúpus,f,,pytrends,"2026-05-25 10:29:27.825991+00","2026-05-25 10:29:27.825991+00"
de0867d0-bed7-4c35-bf0e-1e18b0e73f82,"terapia cognitiva comportamental online",9999,100,saude-mental,"Saúde Mental","terapia online",f,,pytrends,"2026-03-30 08:01:39.997801+00","2026-03-30 08:01:39.997801+00"
de538dfc-4db2-47e4-ba19-7442a0a6e708,"tecnicas de relaxamento para ansiedade",1300,84,saude-mental,"Saúde Mental",ansiedade,f,,pytrends,"2026-08-17 07:06:10.156928+00","2026-08-17 07:06:10.156928+00"
de6e6583-16a0-48f8-8144-ecae0332b258,"joaquim monchique avc",9999,68,emergentes,Emergentes,avc,f,,pytrends,"2026-08-31 13:24:30.651463+00","2026-08-31 13:24:30.651463+00"
df04220c-ab03-438b-a5a0-5d4654ae9164,"100 anos de solidão resumo",9999,76,saude-mental,"Saúde Mental",solidão,f,,pytrends,"2026-09-14 12:30:16.587168+00","2026-09-14 12:30:16.587168+00"
df09d111-22c5-4513-a825-44fdade08106,"como acalmar a ansiedade",100,44,saude-mental,"Saúde Mental",ansiedade,t,,pytrends,"2026-08-24 07:08:35.691643+00","2026-08-24 07:08:35.691643+00"
df0b9d19-14cb-4adc-8c3a-a135864a026c,"terapia online brasil",9999,100,saude-mental,"Saúde Mental","terapia online",f,,pytrends,"2026-09-14 12:31:21.317357+00","2026-09-14 12:31:21.317357+00"
df0de221-ab16-456d-b35f-4e57d7260626,"virus candida auris",9999,52,emergentes,Emergentes,"candida auris",f,,pytrends,"2026-04-06 08:12:48.386574+00","2026-04-06 08:12:48.386574+00"
df3d3885-b734-4dd8-b548-4555075071f6,"depressão na gravidez",4050,52,saude-mental,"Saúde Mental",depressão,f,,pytrends,"2026-06-01 12:02:54.073026+00","2026-06-01 12:02:54.073026+00"
dfb2ffdd-f8a3-4e3c-8564-5de900cda067,"anemia ferropriva sintomas",9999,84,alimentacao,Alimentação,anemia,f,,pytrends,"2026-03-28 00:21:06.900923+00","2026-03-28 00:21:06.900923+00"
e0591914-3326-47bc-9d47-26a0593f398d,agorafobia,1150,44,saude-mental,"Saúde Mental",ansiedade,f,,pytrends,"2026-03-27 18:34:47.925931+00","2026-03-23 07:29:16.489625+00"
e102bd48-ac82-43b2-acf1-54f5f458eb3e,"incontinência urinária masculina",110,76,menopausa,Menopausa,"incontinência urinária",f,,pytrends,"2026-03-27 18:34:47.925931+00","2026-03-23 07:37:08.67347+00"
e13872ad-f23d-407c-b1b3-95f917c45ede,"o que é osteoporose",50,100,menopausa,Menopausa,osteoporose,t,,pytrends,"2026-06-01 11:59:41.739655+00","2026-06-01 11:59:41.739655+00"
e14c30e0-8fb8-4224-bb11-796f322124e9,"lidl near me",9999,100,saude-mental,"Saúde Mental",stress,f,,pytrends,"2026-03-27 18:34:47.925931+00","2026-03-23 07:41:28.797479+00"
e21fd877-044c-4482-9f80-cbeb59181074,"fungos candida auris",9999,92,emergentes,Emergentes,"candida auris",f,,pytrends,"2026-03-30 08:05:50.381058+00","2026-03-30 08:05:50.381058+00"
e23beca2-87d1-4249-9b45-7d27ed122ddf,"o que e endometriose",120,60,menopausa,Menopausa,endometriose,t,,pytrends,"2026-04-06 08:08:45.246752+00","2026-04-06 08:08:45.246752+00"
e2aecac3-63be-446b-ac16-9b063e40f15e,"teste burnout",190,52,saude-mental,"Saúde Mental",burnout,f,,pytrends,"2026-06-08 11:21:10.509932+00","2026-06-08 11:21:10.509932+00"
e30ea0aa-1e77-4de0-97c7-c238b1818658,"dia da incontinência urinária",9999,100,menopausa,Menopausa,"incontinência urinária",f,,pytrends,"2026-03-30 08:06:11.747346+00","2026-03-30 08:06:11.747346+00"
e3222414-b62c-49fa-bc16-14e8a92cca73,"candidíase cutânea tratamento",5000,44,menopausa,Menopausa,candidíase,f,,pytrends,"2026-04-06 08:09:49.492291+00","2026-04-06 08:09:49.492291+00"
e34f33ce-91f8-4ff3-9b11-ac5d7a611866,"from stress to happiness",600,36,saude-mental,"Saúde Mental",stress,f,,pytrends,"2026-05-04 08:53:20.835465+00","2026-05-04 08:53:20.835465+00"
e3a31092-e40b-47c5-bc55-08f4dcbe2e00,"demência de corpos de lewy",50,76,saude-mental,"Saúde Mental",demência,f,,pytrends,"2026-08-24 07:17:30.084372+00","2026-08-24 07:17:30.084372+00"
e41f4d49-8681-4f46-ae99-ee92c0cadd46,"sintomas de endometriose",40,68,menopausa,Menopausa,endometriose,t,,pytrends,"2026-09-07 12:06:20.969294+00","2026-09-07 12:06:20.969294+00"
e494e9a0-9ec5-4ec8-ac21-be0fda6280f0,"o que e um avc",70,36,emergentes,Emergentes,avc,t,,pytrends,"2026-09-14 12:30:38.946859+00","2026-09-14 12:30:38.946859+00"
e49fb0d6-02de-46e1-9606-4f6dfbf553d0,"causas da enxaqueca",250,10,saude-mental,"Saúde Mental",enxaqueca,t,,pytrends,"2026-03-30 08:08:36.559366+00","2026-03-30 08:08:36.559366+00"
e4c590e2-7251-44b8-9c52-e1d37498f290,"alzheimer tratamento",70,28,saude-mental,"Saúde Mental",alzheimer,f,,pytrends,"2026-05-18 10:33:46.325809+00","2026-05-18 10:33:46.325809+00"
e4e7a655-8e72-4a24-b4ec-f88836dc87dc,"candidíase vaginal sintomas",50,60,menopausa,Menopausa,candidíase,f,,pytrends,"2026-09-14 12:21:43.88562+00","2026-09-14 12:21:43.88562+00"
e54d39f1-4249-46a4-ada4-936a24f94f76,"grande depressão",100,10,saude-mental,"Saúde Mental",depressão,f,,pytrends,"2026-06-08 11:23:00.087635+00","2026-06-08 11:23:00.087635+00"
e57dad4d-8005-42ed-8aa3-eb307bb76903,"alzheimer fase terminal morte",3600,76,saude-mental,"Saúde Mental",alzheimer,f,,pytrends,"2026-06-01 12:03:04.636423+00","2026-06-01 12:03:04.636423+00"
e5b29428-9096-4842-849c-80e5594d3f2d,"cantor toy avc",9999,84,emergentes,Emergentes,avc,f,,pytrends,"2026-09-09 16:29:37.813115+00","2026-09-09 16:29:37.813115+00"
e61da8e4-8a69-473b-a12c-374c066776b6,"crises de ansiedade",50,12,saude-mental,"Saúde Mental",ansiedade,f,,pytrends,"2026-09-07 12:05:16.051264+00","2026-09-07 12:05:16.051264+00"
e634882a-0491-4d25-89b9-274a43772cc3,"alzheimer fase terminal sintomas",9999,84,saude-mental,"Saúde Mental",alzheimer,f,,pytrends,"2026-05-18 10:33:46.325809+00","2026-05-18 10:33:46.325809+00"
e65078c7-d7c2-4828-a990-0fb36bfafd08,"anemia sideroblastica",70,10,alimentacao,Alimentação,anemia,f,,pytrends,"2026-09-14 12:25:02.428334+00","2026-09-14 12:25:02.428334+00"
e66ed001-7bc2-4115-880a-0d3b04a33649,"enxaqueca retiniana",9999,84,saude-mental,"Saúde Mental",enxaqueca,f,,pytrends,"2026-08-17 07:09:05.740764+00","2026-08-17 07:09:05.740764+00"
e6a8596d-6b35-4b49-92ac-3b22f43651d7,"sintomas do avc",80,10,emergentes,Emergentes,avc,t,,pytrends,"2026-09-07 12:14:50.713035+00","2026-09-07 12:14:50.713035+00"
e6bff2e4-03d2-44a5-9222-9aa0dda6d73f,"vacina para enxaqueca",5600,68,saude-mental,"Saúde Mental",enxaqueca,f,,pytrends,"2026-05-18 10:28:18.261849+00","2026-05-18 10:28:18.261849+00"
e6cc3282-935e-4459-950b-dce4e1cc30e1,"sintomas de anemia grave",90,10,alimentacao,Alimentação,anemia,t,,pytrends,"2026-08-03 10:13:48.617137+00","2026-08-03 10:13:48.617137+00"
e6d87928-e02e-4d2a-84c9-5b531564a1ef,"bola antistress",8250,68,saude-mental,"Saúde Mental",stress,f,,pytrends,"2026-03-30 08:09:19.495077+00","2026-03-30 08:09:19.495077+00"
e717d0f8-8914-454c-9833-072bbf74cc72,"cancro da mama sintomas iniciais",6450,92,menopausa,Menopausa,"cancro da mama",f,,pytrends,"2026-08-10 08:08:15.232212+00","2026-08-10 08:08:15.232212+00"
e75f1cbd-a207-48a4-8b1a-1b2d2f179f4d,"piercing daith enxaqueca",4950,68,saude-mental,"Saúde Mental",enxaqueca,f,,pytrends,"2026-09-14 12:23:46.605277+00","2026-09-14 12:23:46.605277+00"
e7d0307a-b6c8-45f4-ae71-cd22142cd025,"signs of anemia",9999,92,alimentacao,Alimentação,anemia,f,,pytrends,"2026-04-06 08:09:28.02802+00","2026-04-06 08:09:28.02802+00"
e7db7d55-6c70-4a0b-be68-f679b510c3cc,"alimentos para quem tem anemia",2250,10,alimentacao,Alimentação,anemia,f,,pytrends,"2026-04-27 08:47:00.412814+00","2026-04-27 08:47:00.412814+00"
e831977b-07b4-4298-a6d5-b039ede8191e,"alzheimer fases",250,60,saude-mental,"Saúde Mental",alzheimer,f,,pytrends,"2026-08-10 08:12:17.441078+00","2026-08-10 08:12:17.441078+00"
e85af538-1532-40f3-917d-b7adc8417b48,"colesterol bom alto",60,84,alimentacao,Alimentação,"colesterol alto",f,,pytrends,"2026-04-06 08:08:23.966538+00","2026-04-06 08:08:23.966538+00"
e8affc12-09bb-454a-92b4-b81a80fcf9c6,"sintomas endometriose intestinal",2550,60,menopausa,Menopausa,endometriose,t,,pytrends,"2026-04-20 08:30:47.705551+00","2026-04-20 08:30:47.705551+00"
e94821c3-98e3-494b-8b96-dbda5190f6d6,"osteoporose tem cura",9999,100,menopausa,Menopausa,osteoporose,f,,pytrends,"2026-09-09 16:23:43.806668+00","2026-09-09 16:23:43.806668+00"
e9bf2fff-7b75-46fe-af7f-5c73428a5be7,"como tratar depressão",650,60,saude-mental,"Saúde Mental",depressão,t,,pytrends,"2026-08-24 07:15:57.295087+00","2026-08-24 07:15:57.295087+00"
e9cc4a82-98a9-457e-8b50-cbf1a0299a63,"ministro avc",9999,100,emergentes,Emergentes,avc,f,,pytrends,"2026-03-27 18:34:47.925931+00","2026-03-23 07:36:16.1136+00"
ea9b734b-5dc0-487e-978d-5e50817bae25,"avc tipos",60,20,emergentes,Emergentes,avc,f,,pytrends,"2026-08-31 13:24:30.651463+00","2026-08-31 13:24:30.651463+00"
eacec727-1d48-490e-a622-c2af298411d5,"vitamina b12",40,10,alimentacao,Alimentação,anemia,f,,pytrends,"2026-03-28 00:21:06.900923+00","2026-03-28 00:21:06.900923+00"
eb153f0c-ab90-4349-8201-c9c887f53425,"prolia osteoporose",9999,92,menopausa,Menopausa,osteoporose,f,,pytrends,"2026-03-30 08:03:49.636348+00","2026-03-30 08:03:49.636348+00"
eb1dc11e-1789-443a-8f4e-1beb5f32d1e9,"anemia perniciosa sintomas",9999,20,alimentacao,Alimentação,anemia,f,,pytrends,"2026-04-27 08:47:00.412814+00","2026-04-27 08:47:00.412814+00"
eb413686-39c4-4eff-9866-9b652aedaa0e,"endometriose intestinal",110,76,menopausa,Menopausa,endometriose,f,,pytrends,"2026-09-09 16:21:04.83949+00","2026-09-09 16:21:04.83949+00"
eb687a73-10c1-46df-94ed-18d95b0b60c6,hemograma,100,12,alimentacao,Alimentação,anemia,f,,pytrends,"2026-05-25 10:26:49.611587+00","2026-05-25 10:26:49.611587+00"
eb9bc52e-e0f5-41bf-b8c5-efba791ed280,"bruce willis",6050,92,saude-mental,"Saúde Mental",demência,f,,pytrends,"2026-08-24 07:17:30.084372+00","2026-08-24 07:17:30.084372+00"
eba54cb8-e772-4c50-aef7-ccca78be9dad,"teste caseiro para detectar alzheimer",2150,76,saude-mental,"Saúde Mental",alzheimer,f,,pytrends,"2026-05-25 10:36:02.900439+00","2026-05-25 10:36:02.900439+00"
ec075309-f44b-4c0d-b414-84a5f1abb8bf,"lúpus é transmissível",9999,84,emergentes,Emergentes,lúpus,f,,pytrends,"2026-06-08 11:16:50.843077+00","2026-06-08 11:16:50.843077+00"
ec78a712-8b4a-4f55-a09e-537afa132e12,"transtorno de ansiedade social",1350,44,saude-mental,"Saúde Mental",ansiedade,f,,pytrends,"2026-09-07 12:05:16.051264+00","2026-09-07 12:05:16.051264+00"
ec8d3d65-a367-4a72-bedd-e268d3365083,"homicídio seguido de suicídio",9999,92,saude-mental,"Saúde Mental",suicídio,f,,pytrends,"2026-06-01 11:54:45.526988+00","2026-06-01 11:54:45.526988+00"
ec9cb5f5-271a-43c3-b47a-2024fe102081,"doença de alzheimer",70,52,saude-mental,"Saúde Mental",alzheimer,f,,pytrends,"2026-09-14 12:27:54.20848+00","2026-09-14 12:27:54.20848+00"
ecd55b6b-f8fa-4c5c-a9ef-9804ce86ca88,laparoscopia,200,10,menopausa,Menopausa,endometriose,f,,pytrends,"2026-03-27 18:34:47.925931+00","2026-03-23 07:41:17.864311+00"
eceda230-4d92-491d-9276-ce6bbd252c75,escitalopram,160,10,saude-mental,"Saúde Mental",ansiedade,f,,pytrends,"2026-03-28 00:08:45.453336+00","2026-03-28 00:08:45.453336+00"
ed2334b6-8acf-4d6f-942b-003a5ac73980,"botox para enxaqueca",120,10,saude-mental,"Saúde Mental",enxaqueca,f,,pytrends,"2026-03-30 08:08:36.559366+00","2026-03-30 08:08:36.559366+00"
ed28e764-3edf-4feb-9dc1-5178851120ba,"anemia como tratar",200,28,alimentacao,Alimentação,anemia,f,,pytrends,"2026-09-07 12:09:24.325123+00","2026-09-07 12:09:24.325123+00"
ed9a63ac-c6c3-4d9a-b5d6-1bc7625f074f,"associação portuguesa de familiares e amigos dos doentes de alzheimer",9999,100,saude-mental,"Saúde Mental",alzheimer,f,,pytrends,"2026-09-14 12:27:54.20848+00","2026-09-14 12:27:54.20848+00"
ee393a85-bfa3-423c-ba06-8d3223bebd27,"sinais de anemia",9999,92,alimentacao,Alimentação,anemia,f,,pytrends,"2026-04-27 08:47:00.412814+00","2026-04-27 08:47:00.412814+00"
ef4e45d7-2080-43e4-949a-0a97b8e9ec90,"o que significa candidíase",7150,68,menopausa,Menopausa,candidíase,t,,pytrends,"2026-03-27 18:34:47.925931+00","2026-03-23 07:34:51.181439+00"
ef508c05-a919-4f9f-96e0-05a984f776ef,"refluxo gastroesofágico tratamento",90,100,alimentacao,Alimentação,"refluxo gastroesofágico",f,,pytrends,"2026-09-09 16:31:54.627139+00","2026-09-09 16:31:54.627139+00"
ef7affc0-ed38-4fb5-b195-c295b55fc145,"vichy stress resist 72h",1750,60,saude-mental,"Saúde Mental",stress,f,,pytrends,"2026-06-01 11:57:10.985395+00","2026-06-01 11:57:10.985395+00"
efc015e8-e57c-4894-9596-d80e723bff52,"iron deficiency anemia",70,10,alimentacao,Alimentação,anemia,f,,pytrends,"2026-05-25 10:26:49.611587+00","2026-05-25 10:26:49.611587+00"
eff4aa8c-b856-4a80-82c5-3c3e52cf4c83,"signs of burnout",450,84,saude-mental,"Saúde Mental",burnout,f,,pytrends,"2026-09-14 12:27:01.237878+00","2026-09-14 12:27:01.237878+00"
eff6895a-f1e6-449e-99ff-1ac647700c4b,"anemia hipoproliferativa",2050,10,alimentacao,Alimentação,anemia,f,,pytrends,"2026-04-27 08:47:00.412814+00","2026-04-27 08:47:00.412814+00"
effacebb-d364-49ac-8dd4-3a731449f6b4,"anemia hemolitica",40,10,alimentacao,Alimentação,anemia,f,,pytrends,"2026-04-06 08:09:28.02802+00","2026-04-06 08:09:28.02802+00"
f0070f6a-4547-4360-bf24-760a1a80843b,"demência vascular sintomas",4800,84,saude-mental,"Saúde Mental",demência,f,,pytrends,"2026-09-14 12:30:05.886234+00","2026-09-14 12:30:05.886234+00"
f069d358-76ad-44e5-87a0-595617963cbb,"dieta colesterol alto",80,92,alimentacao,Alimentação,"colesterol alto",f,,pytrends,"2026-08-17 07:19:23.472286+00","2026-08-17 07:19:23.472286+00"
f086fc4c-d86f-4fc4-9816-e376d7ce8b71,"como combater a anemia",1700,20,alimentacao,Alimentação,anemia,t,,pytrends,"2026-03-30 08:09:53.80659+00","2026-03-30 08:09:53.80659+00"
f0da2f40-83a2-4ad5-aad9-d5460a1112c4,"medicação para enxaqueca",110,76,saude-mental,"Saúde Mental",enxaqueca,f,,pytrends,"2026-09-09 16:22:51.103277+00","2026-09-09 16:22:51.103277+00"
f0ef9249-722c-4fd2-a731-1a6691a848da,"alzheimer é genetico",1900,60,saude-mental,"Saúde Mental",alzheimer,f,,pytrends,"2026-06-08 11:23:32.652835+00","2026-06-08 11:23:32.652835+00"
f0f23f64-d055-4fc8-97a5-4b1323e46a3c,"o que é a depressão",160,10,saude-mental,"Saúde Mental",depressão,t,,pytrends,"2026-06-08 11:23:00.087635+00","2026-06-08 11:23:00.087635+00"
f160aa2c-7896-4725-8a5a-d5939901ab5a,"endometriose pode engravidar",60,36,menopausa,Menopausa,endometriose,f,,pytrends,"2026-04-20 08:30:47.705551+00","2026-04-20 08:30:47.705551+00"
f1ad5f78-0bea-4325-807e-fb019820be15,"o'que é endometriose",2250,68,menopausa,Menopausa,endometriose,f,,pytrends,"2026-04-06 08:08:45.246752+00","2026-04-06 08:08:45.246752+00"
f1e65f1e-83c8-4362-bd17-3e15a7dd2d34,"fatores de risco avc",9999,84,emergentes,Emergentes,avc,f,,pytrends,"2026-03-30 08:05:39.827249+00","2026-03-30 08:05:39.827249+00"
f1e84b20-2d57-420b-9209-de8be3fe3ab7,"jejum intermitente como fazer",70,92,alimentacao,Alimentação,"jejum intermitente",f,,pytrends,"2026-06-08 11:24:28.805058+00","2026-06-08 11:24:28.805058+00"
f1f22636-83ff-41ca-b8c6-4f740a4a08bc,"o que é endometriose profunda",9999,84,menopausa,Menopausa,endometriose,t,,pytrends,"2026-03-30 08:09:08.445079+00","2026-03-30 08:09:08.445079+00"
f22b2091-affc-46aa-bd0d-76150ca8662a,"no stress just vibes letra",9999,84,saude-mental,"Saúde Mental",stress,f,,pytrends,"2026-06-01 11:57:10.985395+00","2026-06-01 11:57:10.985395+00"
f23e4534-25d2-4c27-9337-91621b8ba0e2,"a gente mira no amor e acerta na solidão",80,60,saude-mental,"Saúde Mental",solidão,f,,pytrends,"2026-09-09 16:29:15.927096+00","2026-09-09 16:29:15.927096+00"
f29311f1-4e9a-41d8-905c-e457f75e894b,"sequelas avc",50,10,emergentes,Emergentes,avc,f,,pytrends,"2026-06-08 11:21:55.134642+00","2026-06-08 11:21:55.134642+00"
f2a2fff0-8ef0-4db2-bda8-3bd75d3182d3,"sem stress",40,10,saude-mental,"Saúde Mental",stress,f,,pytrends,"2026-08-17 07:06:21.376046+00","2026-08-17 07:06:21.376046+00"
f2da0021-a6b3-4db4-8ce6-3ab0a8ceb169,"endometriose intestinal sintomas",9999,68,menopausa,Menopausa,endometriose,f,,pytrends,"2026-06-01 11:53:13.432621+00","2026-06-01 11:53:13.432621+00"
f2eb2e45-2da8-475a-9468-92c315e60306,"principio de avc",40,10,emergentes,Emergentes,avc,f,,pytrends,"2026-08-31 13:24:30.651463+00","2026-08-31 13:24:30.651463+00"
f2f94126-0906-4f4b-9f5d-6ea516a78984,sumatriptano,3400,20,saude-mental,"Saúde Mental",enxaqueca,f,,pytrends,"2026-05-04 08:53:54.915162+00","2026-05-04 08:53:54.915162+00"
f3388ced-fdd0-4365-ae86-c1e455cdebea,"botao de pânico",9999,100,saude-mental,"Saúde Mental",pânico,f,,pytrends,"2026-09-14 12:24:18.745704+00","2026-09-14 12:24:18.745704+00"
f35c9b61-1e57-443c-a6fb-4da35bfd3c34,"depressão funcional",9999,92,saude-mental,"Saúde Mental",depressão,f,,pytrends,"2026-09-14 12:28:27.350327+00","2026-09-14 12:28:27.350327+00"
f364ba26-e8b5-461e-a536-032c89edfe8b,"endometriose como diagnosticar",4450,52,menopausa,Menopausa,endometriose,f,,pytrends,"2026-05-18 10:23:42.357559+00","2026-05-18 10:23:42.357559+00"
f405e81d-6101-466a-a486-8ad740c12fb0,"solidão frases",9999,92,saude-mental,"Saúde Mental",solidão,f,,pytrends,"2026-04-06 08:05:57.102584+00","2026-04-06 08:05:57.102584+00"
f51aa79a-0e29-419e-be2b-b3634ec5127a,"como prevenir doenças cardiovasculares",9999,92,emergentes,Emergentes,"doenças cardiovasculares",t,,pytrends,"2026-03-30 08:07:16.582656+00","2026-03-30 08:07:16.582656+00"
f530e777-7ac1-40fa-852f-09fd748375de,"anemia hemolítica causas",4750,68,alimentacao,Alimentação,anemia,f,,pytrends,"2026-09-07 12:09:24.325123+00","2026-09-07 12:09:24.325123+00"
f54570bb-3ae9-4de9-aaac-0b777191bd50,"dia mundial do avc",9999,52,emergentes,Emergentes,avc,f,,pytrends,"2026-09-09 16:29:37.813115+00","2026-09-09 16:29:37.813115+00"
f54dc3e4-ed2e-4532-a674-516ba83ce14c,"a grande depressão",150,10,saude-mental,"Saúde Mental",depressão,f,,pytrends,"2026-05-25 10:35:52.266418+00","2026-05-25 10:35:52.266418+00"
f56dae16-0df9-49ef-b742-d1bbcd6c4722,"burnout legends",5650,100,saude-mental,"Saúde Mental",burnout,f,,pytrends,"2026-09-14 12:27:01.237878+00","2026-09-14 12:27:01.237878+00"
f58e0442-3ce7-4e0b-80df-f2016d265e99,"burnout o que é",90,68,saude-mental,"Saúde Mental",burnout,f,,pytrends,"2026-08-17 07:12:24.492091+00","2026-08-17 07:12:24.492091+00"
f5adb32f-b0f9-4c9c-927a-72ddb33cb684,"síndrome de burnout",60,10,saude-mental,"Saúde Mental",burnout,f,,pytrends,"2026-06-08 11:21:10.509932+00","2026-06-08 11:21:10.509932+00"
f5bdaee6-aa04-4446-9c60-6376f4c3bc4b,"crises de ansiedade sintomas",250,68,saude-mental,"Saúde Mental",ansiedade,f,,pytrends,"2026-08-24 07:08:35.691643+00","2026-08-24 07:08:35.691643+00"
f5f55adc-0ea7-4158-a307-a69c99a4a84a,"como tratar o refluxo gastroesofágico",9999,68,alimentacao,Alimentação,"refluxo gastroesofágico",t,,pytrends,"2026-03-28 00:20:56.393699+00","2026-03-28 00:20:56.393699+00"
f7632012-27ca-48c3-b7d1-0191005f630e,"nova depressão",250,10,saude-mental,"Saúde Mental",depressão,f,,pytrends,"2026-04-27 08:51:07.35017+00","2026-04-27 08:51:07.35017+00"
f8164125-5063-4346-a72b-c6bd3a1cc775,"anemia hemolítica",60,10,alimentacao,Alimentação,anemia,f,,pytrends,"2026-09-14 12:25:02.428334+00","2026-09-14 12:25:02.428334+00"
f84773cb-c187-4d1b-b67c-de29ae3cafe4,"sintomas de avc homem",9999,100,emergentes,Emergentes,avc,t,,pytrends,"2026-06-22 12:30:03.994015+00","2026-06-22 12:30:03.994015+00"
f87cf3d4-8031-45c2-ba54-a6aece876109,"alzheimer é hereditário",60,28,saude-mental,"Saúde Mental",alzheimer,f,,pytrends,"2026-09-14 12:27:54.20848+00","2026-09-14 12:27:54.20848+00"
f88b94a2-abaa-44ac-926a-ad7f9275b75d,"o que é a ansiedade",40,10,saude-mental,"Saúde Mental",ansiedade,t,,pytrends,"2026-08-17 07:06:10.156928+00","2026-08-17 07:06:10.156928+00"
f8b56fe5-d3df-4a6f-89cd-4cc41e0f2ff8,"sepsis guidelines 2026 pdf",9999,84,emergentes,Emergentes,sepsis,f,,pytrends,"2026-04-27 08:46:26.105086+00","2026-04-27 08:46:26.105086+00"
f8eb02e0-611c-4180-82c7-1807fe00d769,"burnout revenge",9999,92,saude-mental,"Saúde Mental",burnout,f,,pytrends,"2026-08-31 13:20:42.044995+00","2026-08-31 13:20:42.044995+00"
f915b8ba-0fa5-4e5d-8fa3-863a69e985a0,"endometriose na bexiga",3550,44,menopausa,Menopausa,endometriose,f,,pytrends,"2026-06-01 11:53:13.432621+00","2026-06-01 11:53:13.432621+00"
f93a0d10-516f-4f21-b741-2f197912fcb5,"o que é endometriose sintomas",70,10,menopausa,Menopausa,endometriose,t,,pytrends,"2026-03-27 18:34:47.925931+00","2026-03-23 07:41:17.864432+00"
f94c566b-a75e-4be3-80d7-a149e01cd71e,"alzheimer sintomas iniciais",60,36,saude-mental,"Saúde Mental",alzheimer,f,,pytrends,"2026-09-14 12:27:54.20848+00","2026-09-14 12:27:54.20848+00"
f9c36d96-b71e-412e-9491-e74c8c96c582,"lúpus o que é",90,92,emergentes,Emergentes,lúpus,f,,pytrends,"2026-08-17 07:07:25.152078+00","2026-08-17 07:07:25.152078+00"
f9d7b2d9-8288-4227-b2e7-96f293d17993,"candidíase feminina fotos",9999,84,menopausa,Menopausa,candidíase,f,,pytrends,"2026-09-09 16:20:54.165275+00","2026-09-09 16:20:54.165275+00"
f9f28101-41fd-429c-ad9a-0d17130986a1,"burnout paradise remastered",9500,92,saude-mental,"Saúde Mental",burnout,f,,pytrends,"2026-09-07 12:11:20.388203+00","2026-09-07 12:11:20.388203+00"
fa0fd799-0bf5-4717-a8bd-80fbc1028054,"dia prevenção suicídio",9999,100,saude-mental,"Saúde Mental","prevenção suicídio",f,,pytrends,"2026-09-14 12:29:44.612165+00","2026-09-14 12:29:44.612165+00"
fa340148-7068-40ff-b7e0-97b08e172c6b,"como ajudar alguém com depressão",2150,68,saude-mental,"Saúde Mental",depressão,t,,pytrends,"2026-08-17 07:13:55.134161+00","2026-08-17 07:13:55.134161+00"
fa52fad2-676b-4d2c-9149-e35c8b097906,"perturbação de ansiedade generalizada",250,60,saude-mental,"Saúde Mental",ansiedade,f,,pytrends,"2026-05-04 08:51:49.339065+00","2026-05-04 08:51:49.339065+00"
fa6dc7c8-17b3-4728-abb3-39c1dc1c449a,"sintomas da anemia",40,10,alimentacao,Alimentação,anemia,t,,pytrends,"2026-08-10 08:09:12.364933+00","2026-08-10 08:09:12.364933+00"
fabae791-59ca-482b-ad31-a682aa8d9f0f,"enxaqueca hemiplégica",110,12,saude-mental,"Saúde Mental",enxaqueca,f,,pytrends,"2026-03-27 18:34:47.925931+00","2026-03-23 07:40:03.267225+00"
fad7fd25-c5f7-4dcd-9c1a-f84fb16be033,"anemia da sono",3600,36,alimentacao,Alimentação,anemia,f,,pytrends,"2026-03-27 18:34:47.925931+00","2026-03-23 07:34:29.01384+00"
fb67ce7a-c8e8-4af0-9804-f05d292d2c89,"stress shielding",9750,76,saude-mental,"Saúde Mental",stress,f,,pytrends,"2026-03-30 08:09:19.495077+00","2026-03-30 08:09:19.495077+00"
fb774d18-86eb-4fdd-a5a4-566232f0b8a7,"how to reduce stress",650,52,saude-mental,"Saúde Mental",stress,f,,pytrends,"2026-09-14 12:20:58.303157+00","2026-09-14 12:20:58.303157+00"
fbf51699-b6ae-410f-b026-8a3b007d92dc,"jejum intermitente 16h emagrece quantos quilos por semana",9999,84,alimentacao,Alimentação,"jejum intermitente",f,,pytrends,"2026-03-28 00:11:52.776734+00","2026-03-28 00:11:52.776734+00"
fbfd2f03-dbeb-4ade-bbb8-fb52a63d4f61,"refluxo gastroesofágico o que é",70,100,alimentacao,Alimentação,"refluxo gastroesofágico",f,,pytrends,"2026-09-14 12:32:57.153496+00","2026-09-14 12:32:57.153496+00"
fcecec7b-0f54-4f9b-819e-9d747b304368,"teste de depressão online",9999,100,saude-mental,"Saúde Mental",depressão,f,,pytrends,"2026-08-24 07:15:57.295087+00","2026-08-24 07:15:57.295087+00"
fd10bea0-d91d-4c20-8446-923e859f5887,"adenomiose o que é",9999,100,menopausa,Menopausa,endometriose,f,,pytrends,"2026-03-28 00:20:14.303314+00","2026-03-28 00:20:14.303314+00"
fd6366a0-5f58-460c-8ce7-462a25ac2367,"anemia em gatos",5550,36,alimentacao,Alimentação,anemia,f,,pytrends,"2026-04-06 08:09:28.02802+00","2026-04-06 08:09:28.02802+00"
fe0371af-fa98-48e9-b8b3-9d01615b84ce,"como curar enxaqueca",9999,100,saude-mental,"Saúde Mental",enxaqueca,t,,pytrends,"2026-03-30 08:08:36.559366+00","2026-03-30 08:08:36.559366+00"
fe167cc0-4591-49f2-90a4-fc29097cc1a5,fluconazol,170,10,menopausa,Menopausa,candidíase,f,,pytrends,"2026-03-28 00:21:27.712069+00","2026-03-28 00:21:27.712069+00"
fe9413c7-364d-4d51-87f5-39cfda047443,"sintomas de ansiedade no corpo feminino",9999,76,saude-mental,"Saúde Mental",ansiedade,t,,pytrends,"2026-09-09 16:20:00.970958+00","2026-09-09 16:20:00.970958+00"
feae91d1-5484-43f7-a1f9-442db476932d,"avc isquêmico",70,10,emergentes,Emergentes,avc,f,,pytrends,"2026-05-18 10:32:20.314953+00","2026-05-18 10:32:20.314953+00"
feecbf24-2774-4969-ac98-b79d1599dbef,"o que causa ansiedade",100,28,saude-mental,"Saúde Mental",ansiedade,t,,pytrends,"2026-09-09 16:20:00.970958+00","2026-09-09 16:20:00.970958+00"
fef5e84e-5f81-42ec-93a3-7c3cfde48e20,"lúpus doença",90,100,emergentes,Emergentes,lúpus,f,,pytrends,"2026-09-14 12:22:07.852176+00","2026-09-14 12:22:07.852176+00"
ff8fcde3-3285-41b7-8d96-2c71b5d8a8e7,"what are the symptoms of stress",9999,100,saude-mental,"Saúde Mental",stress,f,,pytrends,"2026-09-14 12:20:58.303157+00","2026-09-14 12:20:58.303157+00"
ffb32973-e4b4-4b0f-bfc3-8cedd2c0c8b8,"touca enxaqueca",130,60,saude-mental,"Saúde Mental",enxaqueca,f,,pytrends,"2026-08-17 07:09:05.740764+00","2026-08-17 07:09:05.740764+00"
ffba2477-185c-47f3-9973-25220e9e6df2,"triptanos para enxaqueca",5450,84,saude-mental,"Saúde Mental",enxaqueca,f,,pytrends,"2026-08-24 07:11:28.252703+00","2026-08-24 07:11:28.252703+00"