id,title,outlet,date,url,related_term,source_type,keyword_id,created_at
0000f09d-8ddf-4bb4-b88e-5f0258449005,"5 Vinkkiä Jackpottien Valloittamiseen Rizk Casinolla","SP Enfermagem de Saúde Familiar",2026-03-19,https://spesf.pt/5-vinkkia-jackpottien-valloittamiseen-rizk-casinolla/,"síndrome de intestino irritável",institucional,b56e2613-a517-42c2-a312-442de5016385,"2026-04-10 06:00:57.104762+00"
014b1625-143e-49d7-b8ef-5720ee537207,"<![CDATA[""Obviamente"". Infantino recandidata-se à presidência da FIFA]]>","Notícias ao Minuto",2026-09-11,https://www.noticiasaominuto.com/desporto/3050156/obviamente-infantino-recandidata-se-a-presidencia-da-fifa#utm_source=rss-ultima-hora&amp;utm_medium=rss&amp;utm_campaign=rssfeed,candidíase,media,653f955d-b106-4faf-87c4-d51b64b2d7ce,"2026-09-14 12:34:03.626128+00"
03da0dae-6354-4fa7-a689-aab12294807b,"Long covid: novos estudos revelam danos cerebrais persistentes",Observador,2025-01-25,https://observador.pt/long-covid-cerebro,"long covid",media,a3cd6c3d-a5d6-4ace-aa9b-5c203a2991e2,"2026-03-08 12:35:50.177732+00"
0552b2b4-9223-4759-9db1-243bcf39fb93,"Mpox transmite-se pelo ar? Verificação de factos",Polígrafo,2025-03-04,https://poligrafo.sapo.pt/mpox-ar,"mpox portugal",factcheck,db9df232-e277-4390-a2c5-e2b6cd8dda38,"2026-03-08 12:35:50.177732+00"
05e25a36-3b0c-4bfa-ba43-e038270b914f,"<![CDATA[Novo medicamento pode ser a cura para a diabetes? Resultados surpreendem]]>","Notícias ao Minuto",2026-04-09,https://www.noticiasaominuto.com/lifestyle/2969601/novo-medicamento-pode-ser-a-cura-para-a-diabetes-resultados-surpreendem#utm_source=rss-ultima-hora&amp;utm_medium=rss&amp;utm_campaign=rssfeed,"diabetes tipo 2",media,6d9de8a8-6fbb-406f-bc4c-e5a443d312a0,"2026-04-10 06:00:11.391883+00"
06bebfdc-9fd1-4bf9-847c-99d344800f26,"15h Orgãos externos: alargdo prazo para listas candidatas",RTP,2026-04-02,https://www.rtp.pt/noticias/noticiario-antena1/15h-orgaos-externos-alargdo-prazo-para-listas-candidatas_a1_1731094,candidíase,media,653f955d-b106-4faf-87c4-d51b64b2d7ce,"2026-04-03 06:00:24.660175+00"
06cdd820-68c2-4866-9ad1-2e1704e9ffcf,"Michelle Bolsonaro apresentada como candidata ao Senado brasileiro",RTP,2026-08-03,https://www.rtp.pt/noticias/mundo/michelle-bolsonaro-apresentada-como-candidata-ao-senado-brasileiro_n1757355,candidíase,media,653f955d-b106-4faf-87c4-d51b64b2d7ce,"2026-08-03 10:31:07.341608+00"
08568f68-c03f-4a10-ad12-12906c74213a,"Ordem dos Médicos alerta para falta de psiquiatras no SNS","Ordem dos Médicos",2025-03-05,https://ordemdosmedicos.pt/falta-psiquiatras,depressão,institucional,c81e8a5e-b44a-4c5a-abd1-89f3ca814980,"2026-03-08 12:35:50.177732+00"
08d3a2d4-bcd6-405b-9dcd-ca3b2c436855,"Linha 1411 apoiou mais de 12 mil pessoas nos primeiros seis meses",SPMS,2026-03-19,https://www.spms.min-saude.pt/2026/03/linha-1411-apoiou-mais-de-12-mil-pessoas-nos-primeiros-seis-meses/,suicídio,institucional,75da0146-d3e2-4571-b2c3-8b81ec622ba2,"2026-03-20 16:31:24.475693+00"
098af0b1-42cb-4900-85b5-64513e7590ac,"Fase de Apresentação de Candidaturas do SAD 2026/176 – Cadeiras de rodas e outros equipamentos",SPMS,2026-03-26,https://www.spms.min-saude.pt/2026/03/fase-de-apresentacao-de-candidaturas-do-sad-2026-176-cadeiras-de-rodas-e-outros-equipamentos/,candidíase,institucional,653f955d-b106-4faf-87c4-d51b64b2d7ce,"2026-03-27 06:00:31.930523+00"
0af2bd25-464f-4a78-9eea-a7e96bfb386a,"Módulo 2","Sociedade Portuguesa de Cardiologia",2026-04-08,https://spc.pt/curso-atualizacao-2026/modulo-2-2/,"perturbações do espectro do autismo",institucional,fd0d0b4b-8173-4ec5-bf05-4ce9840d8624,"2026-04-11 06:00:43.798028+00"
0b7584e5-bffc-4b37-a3bd-2c6e54e9c177,"<![CDATA[Férias acabaram? 7 dicas para o ajudar a voltar ao trabalho (sem stress)]]>","Notícias ao Minuto",2026-09-06,https://www.noticiasaominuto.com/lifestyle/3045671/ferias-acabaram-7-dicas-para-o-ajudar-a-voltar-ao-trabalho-sem-stress#utm_source=rss-ultima-hora&amp;utm_medium=rss&amp;utm_campaign=rssfeed,stress,media,6a99f63f-e019-4df6-b7e9-1095e41d5c87,"2026-09-07 12:26:24.619494+00"
0b767795-d55c-456e-9a32-5df78985dcc2,"<![CDATA[FIFA vai mesmo a votos. Gianni Infantino recandidata-se à presidência]]>","Notícias ao Minuto",2026-09-06,https://www.noticiasaominuto.com/desporto/3047194/fifa-vai-mesmo-a-votos-gianni-infantino-recandidata-se-a-presidencia#utm_source=rss-ultima-hora&amp;utm_medium=rss&amp;utm_campaign=rssfeed,candidíase,media,653f955d-b106-4faf-87c4-d51b64b2d7ce,"2026-09-07 12:26:24.619494+00"
0b782faf-a6e5-4c9d-bb0d-914d81acd7a4,"<![CDATA[Anemia na gravidez pode afetar cérebro do bebé, alerta estudo]]>","Notícias ao Minuto",2026-09-14,https://www.noticiasaominuto.com/lifestyle/3050891/anemia-na-gravidez-pode-afetar-cerebro-do-bebe-alerta-estudo#utm_source=rss-ultima-hora&amp;utm_medium=rss&amp;utm_campaign=rssfeed,anemia,media,5d5a8581-2856-4594-bae6-a1bc0f795a38,"2026-09-14 12:34:03.626128+00"
0ba68976-e423-4abc-8b60-e425ef538e72,"<![CDATA[São Tomé: Rejeitada candidatura do MCI-PS/PUN em cinco ciclos eleitorais]]>","Notícias ao Minuto",2026-09-12,https://www.noticiasaominuto.com/mundo/3050462/sao-tome-rejeitada-candidatura-do-mci-pspun-em-cinco-ciclos-eleitorais#utm_source=rss-ultima-hora&amp;utm_medium=rss&amp;utm_campaign=rssfeed,candidíase,media,653f955d-b106-4faf-87c4-d51b64b2d7ce,"2026-09-14 12:34:03.626128+00"
0c320e33-10a3-450f-bc25-11f101a45911,"Reunião integrar + 2025","SP Acidente Vascular Cerebral",2025-11-13,https://spavc.org/reuniao-integrar-2025/,avc,institucional,ee35c6f5-46d7-4bb4-a141-80c869db9807,"2026-04-10 06:01:13.215451+00"
0ce314c4-b465-4d2d-ae00-a8044c1bdd9d,"Há 13 distritos em aviso amarelo devido à chuva e trovoada",Público,2026-08-24,https://www.publico.pt/2026/08/24/azul/noticia/ha-13-distritos-aviso-amarelo-devido-chuva-trovoada-2185880,depressão,media,c81e8a5e-b44a-4c5a-abd1-89f3ca814980,"2026-08-24 07:29:19.853248+00"
0d8a93e2-fdd9-4429-a396-b48c6b9be7b7,"<![CDATA[Lula oficializa candidatura à presidência do Brasil: ""Mudar muita coisa""]]>","Notícias ao Minuto",2026-08-02,https://www.noticiasaominuto.com/mundo/3031203/lula-oficializa-candidatura-a-presidencia-do-brasil-mudar-muita-coisa#utm_source=rss-ultima-hora&amp;utm_medium=rss&amp;utm_campaign=rssfeed,candidíase,media,653f955d-b106-4faf-87c4-d51b64b2d7ce,"2026-08-03 10:31:08.411021+00"
0e37bd8f-028a-401a-83e7-e71bf85b8359,"<![CDATA[Nacional encerra pré-época com vitória frente à AD Camacha]]>","Notícias ao Minuto",2026-08-02,https://www.noticiasaominuto.com/desporto/3031151/nacional-encerra-pre-epoca-com-vitoria-frente-a-ad-camacha#utm_source=rss-ultima-hora&amp;utm_medium=rss&amp;utm_campaign=rssfeed,"perturbação obsessivo-compulsiva",media,657c9a04-cb1b-4d82-b0f3-f4ec79487aea,"2026-08-03 10:31:08.411021+00"
10bb88b1-1489-47c9-a951-80d8469cff0c,"<![CDATA[Alimento barato ajuda a reduzir risco de Alzheimer, conclui estudo]]>","Notícias ao Minuto",2026-08-07,https://www.noticiasaominuto.com/lifestyle/3033413/alimento-barato-ajuda-a-reduzir-risco-de-alzheimer-conclui-estudo#utm_source=rss-ultima-hora&amp;utm_medium=rss&amp;utm_campaign=rssfeed,alzheimer,media,9ddfb501-c699-4bef-b22f-fa0bb5c15788,"2026-08-10 08:27:30.163307+00"
1238c89e-2303-4881-a95f-e88b35789043,"OMS monitoriza surto de gripe aviária na Europa",RTP,2026-02-05,https://rtp.pt/gripe-aviaria-europa-2026,"gripe aviária",media,182b5f68-1f50-4ffd-8013-db61fd005db2,"2026-03-08 11:22:47.09953+00"
12451acc-b8eb-4619-8976-09bb9927503d,"Dia Mundial da Obesidade: O impacto do excesso de peso na saúde da coluna","Sociedade Portuguesa Patologia Coluna Vertebral",2026-02-27,https://sppcv.org/artigos-de-opiniao/dia-mundial-da-obesidade-o-impacto-do-excesso-de-peso-na-saude-da-coluna/,"diabetes tipo 2",institucional,6d9de8a8-6fbb-406f-bc4c-e5a443d312a0,"2026-04-10 06:00:42.39863+00"
140bd9ce-e5bc-47d3-8cc6-78573a77e1fe,"<![CDATA[Equador. Sete pessoas acusadas por assassinato de candidato à presidência]]>","Notícias ao Minuto",2026-08-09,https://www.noticiasaominuto.com/mundo/3034109/equador-sete-pessoas-acusadas-por-assassinato-de-candidato-a-presidencia#utm_source=rss-ultima-hora&amp;utm_medium=rss&amp;utm_campaign=rssfeed,candidíase,media,653f955d-b106-4faf-87c4-d51b64b2d7ce,"2026-08-10 08:27:30.163307+00"
15f8a885-b18f-4821-b4ec-dbc28b59006c,"<![CDATA[Nova época, velhos hábitos. Begraoui empata e imita Cristiano Ronaldo]]>","Notícias ao Minuto",2026-08-07,https://www.noticiasaominuto.com/desporto/3033765/nova-epoca-velhos-habitos-begraoui-empata-e-imita-cristiano-ronaldo#utm_source=rss-ultima-hora&amp;utm_medium=rss&amp;utm_campaign=rssfeed,"perturbação obsessivo-compulsiva",media,657c9a04-cb1b-4d82-b0f3-f4ec79487aea,"2026-08-10 08:27:30.163307+00"
164e0f25-cd06-428f-8bf1-93633bba9334,"<![CDATA[Alerta em Braga. Niakaté tem rotura do tendão de Aquiles e falha época]]>","Notícias ao Minuto",2026-04-09,https://www.noticiasaominuto.com/desporto/2969813/alerta-em-braga-niakate-tem-rotura-do-tendao-de-aquiles-e-falha-epoca#utm_source=rss-ultima-hora&amp;utm_medium=rss&amp;utm_campaign=rssfeed,"perturbação obsessivo-compulsiva",media,657c9a04-cb1b-4d82-b0f3-f4ec79487aea,"2026-04-10 06:00:11.391883+00"
169390b1-3189-4259-9aac-c4555df3dba7,"<![CDATA[Líder do Partido Comunista Francês anuncia candidatura às presidenciais]]>","Notícias ao Minuto",2026-09-06,https://www.noticiasaominuto.com/mundo/3047297/lider-do-partido-comunista-frances-anuncia-candidatura-as-presidenciais#utm_source=rss-ultima-hora&amp;utm_medium=rss&amp;utm_campaign=rssfeed,candidíase,media,653f955d-b106-4faf-87c4-d51b64b2d7ce,"2026-09-07 12:26:24.619494+00"
17b4d7ae-901d-4b91-a939-9f7553fca5b0,"Líder da UEFA não vai concorrer à presidência da FIFA, mas pede demissão de Infantino",Público,2026-08-24,https://www.publico.pt/2026/08/24/desporto/noticia/lider-uefa-nao-vai-concorrer-presidencia-fifa-pede-demissao-infantino-2185882,candidíase,media,653f955d-b106-4faf-87c4-d51b64b2d7ce,"2026-08-24 07:29:19.853248+00"
189910be-42b7-4607-b50a-1a7334d6faa7,"Burnout: a epidemia global do século XXI chegou aos portugueses",EXPRESSO,2024-07-30,https://expresso.pt/longevidade/2024-07-30-video-burnout-a-epidemia-global-do-seculo-xxi-chegou-aos-locais-de-trabalho-dos-portugueses-75d034b1,burnout,media,e39430ea-a287-4d68-9848-3558a4a4ae30,"2026-03-08 11:08:46.761027+00"
1b654cc8-0846-403f-9763-47174e0c8410,"Obesidade infantil: Portugal entre os piores da Europa","CM Jornal",2025-02-05,https://www.cmjornal.pt/obesidade-infantil-europa,"obesidade infantil",media,1b5fc07f-58fb-4a83-83a1-50c11c7ceab9,"2026-03-08 12:35:50.177732+00"
1be17095-239f-4218-a08e-97b4b86f176d,"Dieta mediterrânica reduz risco de demência em 25%","Jornal de Notícias",2025-10-08,https://jn.pt/dieta-mediterranica-demencia,"jejum intermitente",media,fa3f2208-0d08-4ccb-ba47-ab2084989670,"2026-03-08 11:22:47.09953+00"
1bf3500b-0f15-4dd7-b0e6-ec12b8cefd26,"20º Congresso Português do AVC","SP Acidente Vascular Cerebral",2025-08-29,https://spavc.org/20o-congresso-portugues-do-avc/,avc,institucional,ee35c6f5-46d7-4bb4-a141-80c869db9807,"2026-04-10 06:01:13.215451+00"
1c7015f0-ea8b-4720-a209-385553817f32,"<![CDATA[O que diferencia os candidatos que conquistam posições de liderança?]]>","Notícias ao Minuto",2026-08-15,https://www.noticiasaominuto.com/economia/3034620/o-que-diferencia-os-candidatos-que-conquistam-posicoes-de-lideranca#utm_source=rss-ultima-hora&amp;utm_medium=rss&amp;utm_campaign=rssfeed,candidíase,media,653f955d-b106-4faf-87c4-d51b64b2d7ce,"2026-08-17 07:27:57.535257+00"
1cc298fa-c054-4a58-8fe0-e6731d7718a1,"Estudo detecta microplásticos em 90% das garrafas de água portuguesas",RTP,2025-07-22,https://rtp.pt/microplasticos-agua-portugal,microplásticos,media,6f66a12c-919b-458e-bbba-02e776839761,"2026-03-08 11:22:47.09953+00"
1da6b326-7161-40ef-9356-62e36f6c487d,"<![CDATA[Metade dos alunos faltou à época extraordinária dos exames nacionais]]>","Notícias ao Minuto",2026-09-09,https://www.noticiasaominuto.com/pais/3048676/metade-dos-alunos-inscritos-faltou-aos-exames-da-epoca-extraordinaria#utm_source=rss-ultima-hora&amp;utm_medium=rss&amp;utm_campaign=rssfeed,"perturbação obsessivo-compulsiva",media,657c9a04-cb1b-4d82-b0f3-f4ec79487aea,"2026-09-09 16:32:58.206771+00"
1e64360b-a149-4bff-bbbc-df4c38cf9b89,"Quatro ondas de calor de maio a julho. Copernicus regista temperaturas históricas na Europa Ocidental",RTP,2026-08-10,https://www.rtp.pt/noticias/mundo/quatro-ondas-de-calor-de-maio-a-julho-copernicus-regista-temperaturas-historicas-na-europa-ocidental_n1758185,"calor extremo e saúde",media,12d143f9-8662-4f43-98a4-8fdd989d8290,"2026-08-10 08:27:28.297809+00"
1e66b690-c40b-4ab2-9ee1-65bc85017fd5,"<![CDATA[PRR já desembolsou 14.721 milhões e candidaturas aprovadas dispararam]]>","Notícias ao Minuto",2026-09-09,https://www.noticiasaominuto.com/economia/3048734/prr-ja-desembolsou-14721-milhoes-e-candidaturas-aprovadas-dispararam#utm_source=rss-ultima-hora&amp;utm_medium=rss&amp;utm_campaign=rssfeed,candidíase,media,653f955d-b106-4faf-87c4-d51b64b2d7ce,"2026-09-09 16:32:58.206771+00"
1eb9896b-dd82-43e6-b534-ae375272d755,"Lançamento da Linha Nacional de Prevenção do Suicídio e Apoio Psicológico","Coord. Nacional Saúde Mental",2025-09-05,https://saudemental.min-saude.pt/lancamento-da-linha-nacional-de-prevencao-do-suicidio-e-apoio-psicologico-2/,suicídio,institucional,75da0146-d3e2-4571-b2c3-8b81ec622ba2,"2026-03-20 16:31:26.319376+00"
1f4e7547-dd0a-4d4d-9f9f-fe0ab71274d9,"MPLA mantém estatutos no congresso de dezembro",Observador,2026-03-22,https://observador.pt/2026/03/22/mpla-nao-vai-alterar-estatutos-no-congresso-de-dezembro-e-reduz-comite-central-em-145/,candidíase,media,653f955d-b106-4faf-87c4-d51b64b2d7ce,"2026-03-23 06:00:27.401017+00"
1f753d24-e56b-43a7-b75b-451427744b44,"Sophia de Mello Breyner defendeu na Constituinte a cultura e as pessoas com deficiência",RTP,2026-03-31,https://www.rtp.pt/noticias/cultura/sophia-de-mello-breyner-defendeu-na-constituinte-a-cultura-e-as-pessoas-com-deficiencia_n1730439,"síndrome do ovário poliquístico",media,cfbbe23d-429d-485e-a0a8-87449533b89e,"2026-03-31 06:00:28.514109+00"
1fa2eb66-e794-4b6d-a323-38c30cb31d3d,"O irregular funcionamento das instituições",Observador,2026-04-06,https://observador.pt/opiniao/o-irregular-funcionamento-das-instituicoes/,candidíase,media,653f955d-b106-4faf-87c4-d51b64b2d7ce,"2026-04-07 06:00:11.320377+00"
2035cadd-a7ad-4373-9006-1e085807189a,"SPC media &#8211; 2026","Sociedade Portuguesa de Cardiologia",2026-03-27,https://spc.pt/spc/spc-media-2026/,"perturbação obsessivo-compulsiva",institucional,657c9a04-cb1b-4d82-b0f3-f4ec79487aea,"2026-04-10 06:00:50.414301+00"
20599aa1-8016-4b39-be70-909b72a958ae,"Campanha que salvam luzes","SP Acidente Vascular Cerebral",2025-11-13,https://spavc.org/campanha-que-salvam-luzes/,avc,institucional,ee35c6f5-46d7-4bb4-a141-80c869db9807,"2026-04-10 06:01:13.215451+00"
238c8fb9-beab-496c-be04-44534fd6555b,"No Consensus Lisbon Spine Meeting 2026","Sociedade Portuguesa Patologia Coluna Vertebral",2025-12-05,https://sppcv.org/eventos/no-consensus-lisbon-spine-meeting-2026/,"perturbações do espectro do autismo",institucional,fd0d0b4b-8173-4ec5-bf05-4ce9840d8624,"2026-04-11 06:00:35.244465+00"
24f1607e-a99f-4d65-904b-c622eb1c822b,"União Africana recusa apoiar candidatura de Macky Sall à chefia da ONU",RTP,2026-03-27,https://www.rtp.pt/noticias/mundo/uniao-africana-recusa-apoiar-candidatura-de-macky-sall-a-chefia-da-onu_n1729771,candidíase,media,653f955d-b106-4faf-87c4-d51b64b2d7ce,"2026-03-28 00:30:19.777818+00"
25516776-6581-448a-9b38-297e6636de41,"Kamala Harris, ex-vice dos EUA, admite nova candidatura à presidência",Público,2026-04-10,https://www.publico.pt/2026/04/10/mundo/noticia/kamala-harris-exvice-eua-admite-nova-candidatura-presidencia-2170886,candidíase,media,653f955d-b106-4faf-87c4-d51b64b2d7ce,"2026-04-11 06:00:06.48968+00"
25791a74-047e-49f2-b5cc-9cfdb0bf0e09,"A hipocrisia nas relações com a Venezuela","Diário de Notícias",2026-04-10,https://www.dn.pt/opiniao-dn/a-hipocrisia-nas-relaes-com-a-venezuela,"perturbação obsessivo-compulsiva",media,657c9a04-cb1b-4d82-b0f3-f4ec79487aea,"2026-04-10 06:00:09.792445+00"
25ed1cd9-6247-430c-b1f1-4576ee41e4a3,"Aumentam os casos de Mpox: Portugal com 40 novas infeções",RTP,2025-03-03,https://www.rtp.pt/noticias/pais/aumentam-os-casos-de-mpox-portugal-com-40-novas-infecoes-nos-ultimos-dois-meses_n1709145,"mpox portugal",media,db9df232-e277-4390-a2c5-e2b6cd8dda38,"2026-03-08 11:08:46.761027+00"
26843524-af73-406b-80a5-f4a5532c97f3,"<![CDATA[Ondas de calor provocaram 301 mortos por afogamento em França]]>","Notícias ao Minuto",2026-08-23,https://www.noticiasaominuto.com/mundo/3040241/ondas-de-calor-provocaram-301-mortos-por-afogamento-em-franca#utm_source=rss-ultima-hora&amp;utm_medium=rss&amp;utm_campaign=rssfeed,"calor extremo e saúde",media,12d143f9-8662-4f43-98a4-8fdd989d8290,"2026-08-24 07:29:23.536486+00"
278201c7-6003-4b22-bc7e-38cad70964ac,"Preço do borrego produzido no Alentejo cai ligeiramente nesta Páscoa",RTP,2026-04-02,https://www.rtp.pt/noticias/economia/preco-do-borrego-produzido-no-alentejo-cai-ligeiramente-nesta-pascoa_n1731099,"perturbação obsessivo-compulsiva",media,657c9a04-cb1b-4d82-b0f3-f4ec79487aea,"2026-04-03 06:00:24.660175+00"
278de2fe-341b-45ab-90c7-d1980e8e6e64,"<![CDATA[""É a imagem da segunda parte que queremos levar para o resto da época""]]>","Notícias ao Minuto",2026-08-14,https://www.noticiasaominuto.com/desporto/3036838/e-a-imagem-da-segunda-parte-que-queremos-levar-para-o-resto-da-epoca#utm_source=rss-ultima-hora&amp;utm_medium=rss&amp;utm_campaign=rssfeed,"perturbação obsessivo-compulsiva",media,657c9a04-cb1b-4d82-b0f3-f4ec79487aea,"2026-08-17 07:27:57.535257+00"
27e99f31-c3fa-418f-9102-df2f25046dcc,"Candidata ao Miss Brasil Europa 2026 visita a APAV",APAV,2026-09-03,https://apav.pt/candidata-ao-miss-brasil-europa-2026-visita-a-apav/,candidíase,institucional,653f955d-b106-4faf-87c4-d51b64b2d7ce,"2026-09-07 12:27:29.189533+00"
283796c1-89ee-47a1-9503-2df15525e9a3,"Webinar &#8211; Zona Norte","SP Acidente Vascular Cerebral",2025-09-24,https://spavc.org/webinar-tenecteplase-no-tratamento-do-avc-uma-nova-era-em-portugal-zona-norte/,avc,institucional,ee35c6f5-46d7-4bb4-a141-80c869db9807,"2026-04-10 06:01:13.215451+00"
2a11c030-e8e0-43ea-b56f-681e77004af0,"<![CDATA[Em Portugal, marido de Kelly Key recebe alta hospitalar após AVC]]>","Notícias ao Minuto",2026-04-09,https://www.noticiasaominuto.com/fama/2970139/em-portugal-marido-de-kelly-key-recebe-alta-hospitalar-apos-avc#utm_source=rss-ultima-hora&amp;utm_medium=rss&amp;utm_campaign=rssfeed,avc,media,ee35c6f5-46d7-4bb4-a141-80c869db9807,"2026-04-10 06:00:11.391883+00"
2b4c1b4b-b282-4db1-ace1-35ca1644ca16,"<![CDATA[Académica goleia Chaves no duelo inaugural da época 2026/27]]>","Notícias ao Minuto",2026-08-08,https://www.noticiasaominuto.com/desporto/3033942/academica-goleia-chaves-no-duelo-inaugural-da-epoca-202627#utm_source=rss-ultima-hora&amp;utm_medium=rss&amp;utm_campaign=rssfeed,"perturbação obsessivo-compulsiva",media,657c9a04-cb1b-4d82-b0f3-f4ec79487aea,"2026-08-10 08:27:30.163307+00"
2ba5e3cb-731f-4077-9c36-4ed6341e99fb,"Filme &quot;Banzo&quot; lidera nomeados dos prémios Sophia e Rui Mendes é homenageado",RTP,2026-03-26,https://www.rtp.pt/noticias/cultura/filme-banzo-lidera-nomeados-dos-premios-sophia-e-rui-mendes-e-homenageado_n1729505,"síndrome do ovário poliquístico",media,cfbbe23d-429d-485e-a0a8-87449533b89e,"2026-03-27 06:00:19.049278+00"
2bb57368-aa77-481f-b9bb-03dd1f621586,"<![CDATA[Campanha eleitoral no Brasil começa hoje. Onde vão andar os candidatos?]]>","Notícias ao Minuto",2026-08-16,https://www.noticiasaominuto.com/mundo/3037198/campanha-eleitoral-no-brasil-comeca-hoje-onde-vao-andar-os-candidatos#utm_source=rss-ultima-hora&amp;utm_medium=rss&amp;utm_campaign=rssfeed,candidíase,media,653f955d-b106-4faf-87c4-d51b64b2d7ce,"2026-08-17 07:27:57.535257+00"
2c04fec2-49a2-4da9-bb34-53615ea3d5f4,"<![CDATA[Este sintoma (do olfato) pode diagnosticar Alzheimer precocemente]]>","Notícias ao Minuto",2026-04-08,https://www.noticiasaominuto.com/lifestyle/2969285/este-sintoma-do-olfato-pode-diagnosticar-alzheimer-precocemente#utm_source=rss-ultima-hora&amp;utm_medium=rss&amp;utm_campaign=rssfeed,alzheimer,media,9ddfb501-c699-4bef-b22f-fa0bb5c15788,"2026-04-10 06:00:11.391883+00"
2cf7be07-3693-43b8-ac99-63004a2c0c52,"<![CDATA[6 alimentos 'maus' que pode (e deve) comer para reduzir o stress]]>","Notícias ao Minuto",2026-09-05,https://www.noticiasaominuto.com/lifestyle/3045655/6-alimentos-maus-que-pode-e-deve-comer-para-reduzir-o-stress#utm_source=rss-ultima-hora&amp;utm_medium=rss&amp;utm_campaign=rssfeed,stress,media,6a99f63f-e019-4df6-b7e9-1095e41d5c87,"2026-09-07 12:26:24.619494+00"
2cf80637-e6c1-42bf-8e2c-4c4db6d8e4a3,"Universidade de Verão do PSD arranca em Castelo de Vide",Observador,2026-08-24,https://observador.pt/2026/08/24/universidade-de-verao-do-psd-arranca-em-castelo-de-vide-com-hugo-soares-na-abertura/,candidíase,media,653f955d-b106-4faf-87c4-d51b64b2d7ce,"2026-08-24 07:29:20.34174+00"
2d37c349-c84a-470e-a832-4f608e1a8233,"Vacina do sarampo causa autismo? É falso","Observador Fact Check",2025-02-22,https://observador.pt/factchecks/vacina-sarampo,"sarampo surto",factcheck,562f3ed1-3f6e-45fe-b175-7a10d9e86c4f,"2026-03-08 12:35:50.177732+00"
2d549d66-f4e4-4075-abe3-e02461aeefdc,"<![CDATA[Ocasio-Cortez admite candidatar-se à presidência dos EUA em 2028]]>","Notícias ao Minuto",2026-08-09,https://www.noticiasaominuto.com/mundo/3034266/ocasio-cortez-admite-candidatar-se-a-presidencia-dos-eua-em-2028#utm_source=rss-ultima-hora&amp;utm_medium=rss&amp;utm_campaign=rssfeed,candidíase,media,653f955d-b106-4faf-87c4-d51b64b2d7ce,"2026-08-10 08:27:30.163307+00"
2d7c8108-67ea-44f2-a7b4-f1dcef93520c,"<![CDATA[Coreia do Sul no último verão com sopa de carne de cão antes de proibição]]>","Notícias ao Minuto",2026-08-30,https://www.noticiasaominuto.com/mundo/3043525/coreia-do-sul-vive-ultimo-verao-com-sopa-de-carne-de-cao-antes-de-proibicao#utm_source=rss-ultima-hora&amp;utm_medium=rss&amp;utm_campaign=rssfeed,"síndrome do ovário poliquístico",media,cfbbe23d-429d-485e-a0a8-87449533b89e,"2026-08-31 13:36:14.174071+00"
2d7cbbf9-de95-4b2f-9dec-4fff9334a751,"<![CDATA[Ansiedade nos ""pets"": Aprenda a reconhecer os sinais e saiba o que fazer]]>","Notícias ao Minuto",2026-09-12,https://www.noticiasaominuto.com/lifestyle/3049900/ansiedade-nos-pets-aprenda-a-reconhecer-os-sinais-e-saiba-o-que-fazer#utm_source=rss-ultima-hora&amp;utm_medium=rss&amp;utm_campaign=rssfeed,ansiedade,media,91a7df8f-676d-4053-8e62-f97b5df4ba0f,"2026-09-14 12:34:03.626128+00"
2e436b1a-8979-42d3-bb70-e0c61a35ca08,"Encontro OneHealth &#8211; Primeira mesa-redonda confirmada","Sociedade Portuguesa de Saúde Pública",2025-11-12,https://spsp.pt/eventos/encontro-onehealth-primeira-mesa-redonda-confirmada/,"gripe aviária H5N1",institucional,182b5f68-1f50-4ffd-8013-db61fd005db2,"2026-08-03 10:31:56.065174+00"
2ebaa50a-a65b-40f1-96ee-e028e8e85da1,"<![CDATA[Vieira de Leiria: 3 feridos graves por inalação de hipoclorito de sódio]]>","Notícias ao Minuto",2026-08-07,https://www.noticiasaominuto.com/pais/3033491/vieira-de-leiria-3-feridos-graves-por-inalacao-de-hipoclorito-de-sodio#utm_source=rss-ultima-hora&amp;utm_medium=rss&amp;utm_campaign=rssfeed,"perturbação obsessivo-compulsiva",media,657c9a04-cb1b-4d82-b0f3-f4ec79487aea,"2026-08-10 08:27:30.163307+00"
2fd82451-d3a9-4bf0-8db5-070d7df4a8ae,"<![CDATA[Polícia russa detém candidato comunista às eleições de setembro]]>","Notícias ao Minuto",2026-08-21,https://www.noticiasaominuto.com/mundo/3039776/policia-russa-detem-candidato-comunista-as-eleicoes-de-setembro#utm_source=rss-ultima-hora&amp;utm_medium=rss&amp;utm_campaign=rssfeed,candidíase,media,653f955d-b106-4faf-87c4-d51b64b2d7ce,"2026-08-24 07:29:23.536486+00"
307b2133-e5ec-4813-84b2-fdbc183cd36a,"Líder da UEFA pede demissão de Infantino da FIFA",Observador,2026-08-24,https://observador.pt/2026/08/24/lider-da-uefa-nao-concorre-a-presidencia-da-fifa-mas-pede-demissao-de-infantino/,candidíase,media,653f955d-b106-4faf-87c4-d51b64b2d7ce,"2026-08-24 07:29:20.34174+00"
3103dc3b-dc01-4137-9225-98ba1915147d,"Prémio APAV para o Jornalismo Joana Marques Vidal 2026 &#124; Candidaturas Abertas",APAV,2026-03-26,https://apav.pt/premio-apav-para-o-jornalismo-joana-marques-vidal-2026-candidaturas-abertas/,candidíase,institucional,653f955d-b106-4faf-87c4-d51b64b2d7ce,"2026-04-10 06:01:22.80262+00"
3165d030-32ba-4ac2-9586-cc14d1475d09,"Quando o calor deixa de ser exceção",Observador,2026-08-31,https://observador.pt/opiniao/quando-o-calor-deixa-de-ser-excecao-precisamos-de-preparar-cidades-mais-resilientes/,"calor extremo e saúde",media,12d143f9-8662-4f43-98a4-8fdd989d8290,"2026-08-31 13:36:10.287139+00"
31758693-0736-4b38-a3a3-857a2c54e3c0,"<![CDATA[Colesterol alto? 3 coisas que os cardiologistas querem que pare de fazer]]>","Notícias ao Minuto",2026-08-22,https://www.noticiasaominuto.com/lifestyle/3037696/colesterol-alto-3-coisas-que-os-cardiologistas-querem-que-pare-de-fazer#utm_source=rss-ultima-hora&amp;utm_medium=rss&amp;utm_campaign=rssfeed,"colesterol alto",media,b87d8183-4232-4881-964e-51b6f1c69b55,"2026-08-24 07:29:23.536486+00"
32698e7c-f1ee-4203-bfa9-dd5a4700e39e,"<![CDATA[A sopa do alentejano Isaac Alfaiate para terminar o dia mais aconchegado]]>","Notícias ao Minuto",2026-09-06,https://www.noticiasaominuto.com/fama/3045295/a-sopa-do-alentejano-isaac-alfaiate-para-terminar-o-dia-mais-aconchegado#utm_source=rss-ultima-hora&amp;utm_medium=rss&amp;utm_campaign=rssfeed,"síndrome do ovário poliquístico",media,cfbbe23d-429d-485e-a0a8-87449533b89e,"2026-09-07 12:26:24.619494+00"
326f0d66-0a44-415e-962b-a77fe8b2e946,"José Maria Neves anuncia recandidatura a Cabo Verde",Observador,2026-09-14,https://observador.pt/2026/09/14/jose-maria-neves-anuncia-recandidatura-a-presidente-de-cabo-verde/,candidíase,media,653f955d-b106-4faf-87c4-d51b64b2d7ce,"2026-09-14 12:33:57.677152+00"
346dcf65-ca37-4719-9d97-38fbc2b57155,"Bolsa de investigação &#8211; prof. Castro lopes em doença vascular cerebral &#8211; 2025","SP Acidente Vascular Cerebral",2025-11-13,https://spavc.org/bolsa-de-investigacao-prof-castro-lopes-em-doenca-vascular-cerebral-2025/,candidíase,institucional,653f955d-b106-4faf-87c4-d51b64b2d7ce,"2026-04-10 06:01:13.215451+00"
3541b28c-ae9c-4248-b24b-3ccd5b538d46,"CathStart -Curso de Simulação em Coronariografia Diagnóstica","Sociedade Portuguesa de Cardiologia",2026-09-04,https://spc.pt/arquivo-mensal/cathstart-curso-de-simulacao-em-coronariografia-diagnostica/,"terapia hormonal",institucional,76c4b1bc-ae64-41ca-b57f-75b87c56b447,"2026-09-07 12:27:13.012149+00"
35c42493-44bd-4475-ac04-4ddee8524b1e,"Giovanni Stanghellini","SP Psiquiatria e Saúde Mental",2026-06-24,https://www.sppsm.org/giovanni-stanghellini/,"síndrome do ovário poliquístico",institucional,cfbbe23d-429d-485e-a0a8-87449533b89e,"2026-08-03 10:31:58.388761+00"
35f0a311-daa7-4bcc-b085-a441fcf1f787,"Menopausa precoce afecta 1 em cada 100 mulheres antes dos 40","Diário de Notícias",2026-01-10,https://dn.pt/menopausa-precoce-portugal,menopausa,media,aa13a813-d683-45ed-afb7-56f81baac397,"2026-03-08 11:22:47.09953+00"
35f5a0b9-c401-4a1d-9ce9-71982be4c6ef,"Terapia online cresce 200% em Portugal desde a pandemia",TSF,2025-01-20,https://www.tsf.pt/terapia-online-crescimento,"terapia online",media,9882601a-2bab-4aef-95a4-f21de647eb91,"2026-03-08 12:35:50.177732+00"
36f41e9c-fa8b-43ca-9113-3b8cefc66c98,"Ainda não Chega de hipocrisia?",Observador,2026-04-11,https://observador.pt/opiniao/ainda-nao-chega-de-hipocrisia/,"perturbação obsessivo-compulsiva",media,657c9a04-cb1b-4d82-b0f3-f4ec79487aea,"2026-04-12 06:00:05.962207+00"
3894ef6f-46ae-47e6-b7f8-a7b3ee4013ad,"<![CDATA[Leões da casa. Quem pode ter ganho pontos na pré-época do Sporting?]]>","Notícias ao Minuto",2026-08-03,https://www.noticiasaominuto.com/desporto/3030912/leoes-da-casa-quem-pode-ter-ganho-pontos-na-pre-epoca-do-sporting#utm_source=rss-ultima-hora&amp;utm_medium=rss&amp;utm_campaign=rssfeed,"perturbação obsessivo-compulsiva",media,657c9a04-cb1b-4d82-b0f3-f4ec79487aea,"2026-08-03 10:31:08.411021+00"
393a4bef-08c4-41cf-9a8b-1496bc50b9a8,"<![CDATA[Moçambique: Peace Parks Foundation oferece 19,9 milhões para 4 parques]]>","Notícias ao Minuto",2026-08-01,https://www.noticiasaominuto.com/mundo/3030970/mocambique-peace-parks-foundation-oferece-19-9-milhoes-para-4-parques#utm_source=rss-ultima-hora&amp;utm_medium=rss&amp;utm_campaign=rssfeed,"perturbações do espectro do autismo",media,fd0d0b4b-8173-4ec5-bf05-4ce9840d8624,"2026-08-03 10:31:08.411021+00"
3ae35853-f889-477e-8885-7885e71f54ec,"Primeiro workshop sobre promoção de atividade física em pessoas com DPOC realizado na SPMS",SPMS,2026-03-27,https://www.spms.min-saude.pt/2026/03/spms-recebe-o-primeiro-workshop-sobre-promocao-da-atividade-fisica-em-pessoas-com-dpoc/,"perturbação obsessivo-compulsiva",institucional,657c9a04-cb1b-4d82-b0f3-f4ec79487aea,"2026-03-28 06:00:31.452342+00"
3d0504c5-3731-4f6d-b9a6-9bd9761ce81b,"<![CDATA[Seguro exige notas dos exames ""a tempo"" da candidatura ao superior]]>","Notícias ao Minuto",2026-07-31,https://www.noticiasaominuto.com/pais/3030671/seguro-exige-notas-dos-exames-a-tempo-da-candidatura-ao-superior#utm_source=rss-ultima-hora&amp;utm_medium=rss&amp;utm_campaign=rssfeed,candidíase,media,653f955d-b106-4faf-87c4-d51b64b2d7ce,"2026-08-03 10:31:08.411021+00"
3e4a1a30-be4f-4543-b13f-bf9db7d29bec,"<![CDATA[Olivier Faure é candidato às primárias da esquerda para presidenciais francesas]]>","Notícias ao Minuto",2026-08-30,https://www.noticiasaominuto.com/mundo/3043557/olivier-faure-e-candidato-as-primarias-da-esquerda-para-presidenciais-francesas#utm_source=rss-ultima-hora&amp;utm_medium=rss&amp;utm_campaign=rssfeed,candidíase,media,653f955d-b106-4faf-87c4-d51b64b2d7ce,"2026-08-31 13:36:14.174071+00"
3edb932b-1daa-4f25-ba5f-ad2e287bdca8,"<![CDATA[Estudo. Eis os alimentos que ajudam a reduzir risco de cancro da mama]]>","Notícias ao Minuto",2026-08-08,https://www.noticiasaominuto.com/lifestyle/3031502/estudo-eis-os-alimentos-que-ajudam-a-reduzir-risco-de-cancro-da-mama#utm_source=rss-ultima-hora&amp;utm_medium=rss&amp;utm_campaign=rssfeed,"cancro da mama",media,01a3e6e5-61c3-4619-80a4-cf0896831aeb,"2026-08-10 08:27:30.163307+00"
3f982e76-2109-424e-b213-19bdf71b420e,"<![CDATA[João Félix imparável na nova época. Avançado volta a marcar pelo Al Nassr]]>","Notícias ao Minuto",2026-08-21,https://www.noticiasaominuto.com/desporto/3039810/joao-felix-imparavel-na-nova-epoca-avancado-volta-a-marcar-pelo-al-nassr#utm_source=rss-ultima-hora&amp;utm_medium=rss&amp;utm_campaign=rssfeed,"perturbação obsessivo-compulsiva",media,657c9a04-cb1b-4d82-b0f3-f4ec79487aea,"2026-08-24 07:29:23.536486+00"
3fd3573c-1bc1-4b35-bfa6-e3766469e667,"Calor na Páscoa. Temperaturas acima dos 25 graus",RTP,2026-04-04,https://www.rtp.pt/noticias/pais/calor-na-pascoa-temperaturas-acima-dos-25-graus_v1731455,"perturbação obsessivo-compulsiva",media,657c9a04-cb1b-4d82-b0f3-f4ec79487aea,"2026-04-05 06:00:14.83822+00"
400445e6-f3cb-4805-b9f3-3002b70dc7d2,"Suplementos: investimento na saúde… ou dinheiro mal gasto?",Observador,2026-04-07,https://observador.pt/programas/tratar-da-saude/suplementos-investimento-na-saude-ou-dinheiro-mal-gasto/,"suplementos alimentares",media,c7e49577-876b-4db0-8d52-40151efddfad,"2026-04-07 06:00:11.320377+00"
41733cd8-b35e-40ff-8021-0f0e2ade1133,"Estrutura de Missão. Candidaturas a apoios para reconstrução de casas são 34 mil",RTP,2026-04-08,https://www.rtp.pt/noticias/economia/estrutura-de-missao-candidaturas-a-apoios-para-reconstrucao-de-casas-sao-34-mil_n1732403,candidíase,media,653f955d-b106-4faf-87c4-d51b64b2d7ce,"2026-04-09 06:00:11.054389+00"
429d8fcf-a7fd-48b8-b4e3-c92c50ff0922,"Nós é que somos os adultos",Observador,2026-03-09,https://observador.pt/opiniao/nos-e-que-somos-os-adultos/,ansiedade,media,91a7df8f-676d-4053-8e62-f97b5df4ba0f,"2026-03-09 06:00:06.810973+00"
441d481b-6373-4093-bcdc-8fa70854d6fd,"Colesterol alto? Estatinas: perigosas ou essenciais?",Observador,2026-03-30,https://observador.pt/programas/tratar-da-saude/colesterol-alto-estatinas-perigosas-ou-essenciais/,"colesterol alto",media,b87d8183-4232-4881-964e-51b6f1c69b55,"2026-03-30 08:22:16.647698+00"
462226c3-6a49-4e94-8d7a-880f169721a4,"<![CDATA[Má qualidade do ar subsiste nas zonas de maior tráfego rodoviário]]>","Notícias ao Minuto",2026-09-07,https://www.noticiasaominuto.com/pais/3047370/ma-qualidade-do-ar-subsiste-nas-zonas-de-maior-trafego-rodoviario#utm_source=rss-ultima-hora&amp;utm_medium=rss&amp;utm_campaign=rssfeed,"poluição e saúde",media,d2672872-3289-40f5-b243-7ea5d86b538e,"2026-09-07 12:26:24.619494+00"
47673fe3-c890-4775-b55e-14bc9c23c0a6,"Inundação e danos em casa fazem um desalojado na Madeira",Observador,2026-03-23,https://observador.pt/2026/03/23/inundacao-e-danos-em-casa-fazem-um-desalojado-na-madeira/,depressão,media,c81e8a5e-b44a-4c5a-abd1-89f3ca814980,"2026-03-23 06:00:27.401017+00"
47ef4a29-1309-4c4a-ad55-345bf355025c,"Tratar a consequência e ignorar a causa: a falência do modelo de saúde",Público,2026-08-24,https://www.publico.pt/2026/08/24/opiniao/opiniao/tratar-consequencia-ignorar-causa-falencia-modelo-saude-2185296,"diabetes tipo 2",media,6d9de8a8-6fbb-406f-bc4c-e5a443d312a0,"2026-08-24 07:29:19.853248+00"
481162db-39f8-49f5-9330-87da084f6bd6,"Resistência a antibióticos: mais de 39 milhões de mortes até 2050",DN,2024-09-16,https://www.dn.pt/ciencia/estudo-estima-mais-de-39-milhoes-de-mortes-ate-2050-por-infecoes-resistentes-a-antibioticos,"resistência antibióticos",media,0fd64329-5c27-472b-8408-d6c3be1f58a7,"2026-03-08 11:08:46.761027+00"
48539c9e-7595-469a-85df-128e3c04a391,"Ansiedade afeta um terço da população em Portugal",PÚBLICO,2025-04-04,https://www.publico.pt/2025/04/04/sociedade/noticia/ansiedade-afecta-terco-populacao-portugal-mulheres-idosos-deempregados-sao-afectados-2128541,ansiedade,media,91a7df8f-676d-4053-8e62-f97b5df4ba0f,"2026-03-08 11:08:46.761027+00"
4935f075-9f82-40e8-aae5-b32f77d36085,"<![CDATA[Tiago Margarido promete equipa ""com ADN Vitória"" para a nova época]]>","Notícias ao Minuto",2026-08-07,https://www.noticiasaominuto.com/desporto/3033531/tiago-margarido-promete-equipa-com-adn-vitoria-para-a-nova-epoca#utm_source=rss-ultima-hora&amp;utm_medium=rss&amp;utm_campaign=rssfeed,"perturbação obsessivo-compulsiva",media,657c9a04-cb1b-4d82-b0f3-f4ec79487aea,"2026-08-10 08:27:30.163307+00"
4a7d597b-4695-4622-b478-6740764b7e2e,"DGS alerta para aumento de casos de dengue importados",Público,2025-03-10,https://www.publico.pt/dengue-importados,"dengue europa",media,9841bbff-93ed-4fcf-b96c-4d4b659e9912,"2026-03-08 12:35:50.177732+00"
4af87d96-4598-412f-9e74-ea26a0851871,"20.ª Reunião Anual do NEDM leva a Viseu novos desafios na abordagem da diabetes","SP Medicina Interna",2026-09-07,https://www.spmi.pt/20-a-reuniao-anual-do-nedm-leva-a-viseu-novos-desafios-na-abordagem-da-diabetes/,"diabetes tipo 2",institucional,6d9de8a8-6fbb-406f-bc4c-e5a443d312a0,"2026-09-09 16:33:54.235655+00"
4c4cf8fc-6bbd-4cc6-bfa2-cc9d66feded4,"<![CDATA[Projeto de reformulação reduz em 34% a capacidade da central solar Sophia]]>","Notícias ao Minuto",2026-09-14,https://www.noticiasaominuto.com/pais/3050889/projeto-de-reformulacao-reduz-em-34-a-capacidade-da-central-solar-sophia#utm_source=rss-ultima-hora&amp;utm_medium=rss&amp;utm_campaign=rssfeed,"síndrome do ovário poliquístico",media,cfbbe23d-429d-485e-a0a8-87449533b89e,"2026-09-14 12:34:03.626128+00"
4c6b737b-d125-4ba7-8fb7-6ef675b9a639,"<![CDATA[Amasso total. Bilbao dá primeira derrota da época ao Atlético de Madrid]]>","Notícias ao Minuto",2026-09-05,https://www.noticiasaominuto.com/desporto/3046933/athletic-bilbau-impoe-primeira-derrota-da-temporada-ao-atletico-de-madrid#utm_source=rss-ultima-hora&amp;utm_medium=rss&amp;utm_campaign=rssfeed,"perturbação obsessivo-compulsiva",media,657c9a04-cb1b-4d82-b0f3-f4ec79487aea,"2026-09-07 12:26:24.619494+00"
4c9b9530-0ac9-4adc-a1e4-e8b458a6c613,"<![CDATA[Ex-vice Kamala Harris admite nova candidatura à presidência]]>","Notícias ao Minuto",2026-04-10,https://www.noticiasaominuto.com/mundo/2970703/ex-vice-kamalaharrisadmite-nova-candidatura-a-presidencia#utm_source=rss-ultima-hora&amp;utm_medium=rss&amp;utm_campaign=rssfeed,candidíase,media,653f955d-b106-4faf-87c4-d51b64b2d7ce,"2026-04-11 06:00:08.687512+00"
4d5a4bb7-7730-4d35-9e0b-2627ee3f1d49,"Sarampo: surto em Lisboa preocupa autoridades de saúde","SIC Notícias",2025-02-20,https://sicnoticias.pt/sarampo-surto-lisboa,"sarampo surto",media,562f3ed1-3f6e-45fe-b175-7a10d9e86c4f,"2026-03-08 12:35:50.177732+00"
4d7524eb-4b93-4552-a59d-d5a8b65c4595,"Webinar &#8211; Zona Sul","SP Acidente Vascular Cerebral",2025-09-24,https://spavc.org/webinar-zona-sul/,avc,institucional,ee35c6f5-46d7-4bb4-a141-80c869db9807,"2026-04-10 06:01:13.215451+00"
4f44c066-0fbc-4a1d-8ac7-e84bbe371e8e,"<![CDATA[Moreirense vence Amarante em teste de pré-época]]>","Notícias ao Minuto",2026-08-01,https://www.noticiasaominuto.com/desporto/3030878/moreirense-vence-amarante-em-teste-de-pre-epoca#utm_source=rss-ultima-hora&amp;utm_medium=rss&amp;utm_campaign=rssfeed,"perturbação obsessivo-compulsiva",media,657c9a04-cb1b-4d82-b0f3-f4ec79487aea,"2026-08-03 10:31:08.411021+00"
4f559e97-dfaa-4a06-9d78-af967f0f0d58,"SPPCV abre candidaturas a bolsas para Internos e Jovens Especialistas em 2026","Sociedade Portuguesa Patologia Coluna Vertebral",2026-01-21,https://sppcv.org/noticias/sppcv-abre-candidaturas-a-bolsas-para-internos-e-jovens-especialistas-em-2026/,candidíase,institucional,653f955d-b106-4faf-87c4-d51b64b2d7ce,"2026-04-10 06:00:42.39863+00"
4fac888a-90b0-450b-8aef-5c1c32a56021,"Terapia online cresce 200% desde a pandemia","Diário de Notícias",2025-05-18,https://dn.pt/terapia-online-crescimento,ansiedade,media,91a7df8f-676d-4053-8e62-f97b5df4ba0f,"2026-03-08 11:22:47.09953+00"
51bbbfc0-f95a-4147-8134-b223f254c9e4,"Suores noturnos na menopausa: novas terapias disponíveis",Público,2025-01-18,https://www.publico.pt/suores-noturnos-terapias,"suores noturnos",media,3d135c81-3e65-4982-b3c3-3bd06d1637c7,"2026-03-08 12:35:50.177732+00"
54de4469-ce93-4118-9557-8025e070b8c0,"Diabetes e exercício físico","SP Medicina Interna",2026-04-06,https://www.spmi.pt/diabetes-e-exercicio-fisico/,"diabetes tipo 2",institucional,6d9de8a8-6fbb-406f-bc4c-e5a443d312a0,"2026-04-11 06:00:48.029187+00"
5628ad21-98a8-430c-8b7c-29f8661876d3,"Menopausa precoce antes dos 40 aumenta risco cardiovascular em 70%",JN,2025-02-25,https://www.jn.pt/delas/artigo/menopausa-precoce-antes-dos-40-anos-aumenta-o-risco-cardiovascular-em-70/18048896,"menopausa precoce",media,2142c6d1-c4d1-4fc3-87ab-b81dd47932ff,"2026-03-08 11:08:46.761027+00"
56833c01-01bf-4078-9f37-68ba9fc3005f,"Má qualidade do ar subsiste nas zonas de maior tráfego rodoviário",RTP,2026-09-07,https://www.rtp.pt/noticias/pais/ma-qualidade-do-ar-subsiste-nas-zonas-de-maior-trafego-rodoviario_n1763788,"poluição e saúde",media,d2672872-3289-40f5-b243-7ea5d86b538e,"2026-09-07 12:26:22.820939+00"
575d2c62-0872-4262-b4a7-1ac74929d458,"Xadrez: Sindarov domina o torneio de candidatos",Público,2026-04-05,https://www.publico.pt/2026/04/05/desporto/noticia/xadrez-sindarov-domina-torneio-candidatos-2170288,candidíase,media,653f955d-b106-4faf-87c4-d51b64b2d7ce,"2026-04-06 06:00:10.517776+00"
577e2b5f-336f-458f-a6fa-18570a6514af,"Estudo português revela impacto da menopausa na produtividade laboral",RTP,2025-12-03,https://rtp.pt/menopausa-trabalho-estudo,menopausa,media,aa13a813-d683-45ed-afb7-56f81baac397,"2026-03-08 11:22:47.09953+00"
58491797-3230-479e-9d05-b64603308443,"<![CDATA[Eurodeputado Raphael Glucksmann candidata-se às presidenciais francesas]]>","Notícias ao Minuto",2026-08-23,https://www.noticiasaominuto.com/mundo/3040377/eurodeputado-raphael-glucksmann-candidata-se-as-presidenciais-francesas#utm_source=rss-ultima-hora&amp;utm_medium=rss&amp;utm_campaign=rssfeed,candidíase,media,653f955d-b106-4faf-87c4-d51b64b2d7ce,"2026-08-24 07:29:23.536486+00"
585cf925-5e5f-482f-9c1e-68319c0715c2,"Plataforma que ajuda no combate a fogos em testes",Observador,2026-08-03,https://observador.pt/2026/08/03/plataforma-portuguesa-que-ajuda-a-tomada-de-decisao-no-combate-a-incendios-em-testes/,"síndrome de intestino irritável",media,b56e2613-a517-42c2-a312-442de5016385,"2026-08-03 10:31:05.662557+00"
5c73dd3c-3866-4089-8a63-d9c9c7a59b49,"O caso da depressão que escondia outra doença",Observador,2026-08-03,https://observador.pt/programas/o-doente-que-me-marcou/o-caso-da-depressao-que-escondia-outra-doenca/,depressão,media,c81e8a5e-b44a-4c5a-abd1-89f3ca814980,"2026-08-03 10:31:05.662557+00"
5dff7efd-626c-4d8e-909c-5c0635b6b32e,"<![CDATA[Macau quer ligar China e mercados hsipânicos onde é ""desconhecido""]]>","Notícias ao Minuto",2026-08-02,https://www.noticiasaominuto.com/economia/3031059/macau-quer-ligar-china-e-mercados-hsipanicos-onde-e-desconhecido#utm_source=rss-ultima-hora&amp;utm_medium=rss&amp;utm_campaign=rssfeed,pânico,media,46accf04-c6b3-40a4-9b3a-43dfcad075c9,"2026-08-03 10:31:08.411021+00"
5e0c9355-816b-4667-9482-6609a56599b0,"<![CDATA[Real Madrid fecha pré-época com vitória (e Bernardo Silva a titular)]]>","Notícias ao Minuto",2026-08-16,https://www.noticiasaominuto.com/desporto/3037312/real-madrid-fecha-pre-epoca-com-vitoria-e-bernardo-silva-a-titular#utm_source=rss-ultima-hora&amp;utm_medium=rss&amp;utm_campaign=rssfeed,"perturbação obsessivo-compulsiva",media,657c9a04-cb1b-4d82-b0f3-f4ec79487aea,"2026-08-17 07:27:57.535257+00"
5f162beb-e518-4699-90bd-6fc146bb819c,"Stress ou ansiedade: qual a diferença… e quando pedir ajuda?",Observador,2026-04-01,https://observador.pt/programas/tratar-da-saude/stress-ou-ansiedade-qual-a-diferenca-e-quando-pedir-ajuda/,ansiedade,media,91a7df8f-676d-4053-8e62-f97b5df4ba0f,"2026-04-01 06:00:43.515181+00"
601dc35c-e34e-4f85-ae79-fddd87cd4dbc,"PRR já desembolsou 14.721 milhões de euros e candidaturas aprovadas dispararam para 406.684","Diário de Notícias",2026-09-09,http://dinheirovivo.dn.pt/economia/prr-j-desembolsou-14721-milhes-de-euros-e-candidaturas-aprovadas-dispararam-para-406684,candidíase,media,653f955d-b106-4faf-87c4-d51b64b2d7ce,"2026-09-09 16:32:53.052596+00"
61253528-a0c2-4f62-a992-384c46f3532c,"<![CDATA[Candidaturas a líder do PSD até 18 de maio. Quem pode votar?]]>","Notícias ao Minuto",2026-04-08,https://www.noticiasaominuto.com/politica/2969417/candidaturas-a-lider-do-psd-ate-18-de-maio-quem-pode-votar#utm_source=rss-ultima-hora&amp;utm_medium=rss&amp;utm_campaign=rssfeed,candidíase,media,653f955d-b106-4faf-87c4-d51b64b2d7ce,"2026-04-10 06:00:11.391883+00"
61c5eb6e-8965-4cb7-9c1e-17ba088b8878,"<![CDATA[Sporting-Alverca: Leão em busca de dar a volta a início de época difícil]]>","Notícias ao Minuto",2026-08-22,https://www.noticiasaominuto.com/desporto/3039649/sporting-alverca-leao-em-busca-de-dar-a-volta-a-inicio-de-epoca-dificil#utm_source=rss-ultima-hora&amp;utm_medium=rss&amp;utm_campaign=rssfeed,"perturbação obsessivo-compulsiva",media,657c9a04-cb1b-4d82-b0f3-f4ec79487aea,"2026-08-24 07:29:23.536486+00"
622e2e57-c5f1-4094-bcbf-6e576f32641e,"Portugueses consomem 30% mais ultraprocessados que há 10 anos",Público,2025-06-12,https://publico.pt/ultraprocessados-consumo,ultraprocessados,media,45517adf-5e93-468b-9398-952f410e7eac,"2026-03-08 11:22:47.09953+00"
63191da4-0c62-4d0d-8745-c71bb212be2a,"<![CDATA[Benfica regressa como candidato, 'secundário' Torreense faz história]]>","Notícias ao Minuto",2026-09-13,https://www.noticiasaominuto.com/desporto/3050612/benfica-regressa-como-candidato-secundario-torreense-faz-historia#utm_source=rss-ultima-hora&amp;utm_medium=rss&amp;utm_campaign=rssfeed,candidíase,media,653f955d-b106-4faf-87c4-d51b64b2d7ce,"2026-09-14 12:34:03.626128+00"
632fe93a-7868-4a8d-8a93-cdc133ec67f0,"Raphael Glucksmann é candidato às presidenciais francesas",Observador,2026-08-23,https://observador.pt/2026/08/23/eurodeputado-raphael-glucksmann-anuncia-candidatura-as-eleicoes-presidenciais-de-franca/,candidíase,media,653f955d-b106-4faf-87c4-d51b64b2d7ce,"2026-08-24 07:29:20.34174+00"
651b2d00-83c4-4ad7-ae30-43d95ea7358b,"Presidente da Sérvia anuncia eleições antecipadas e prepara candidatura a primeiro-ministro",RTP,2026-09-09,https://www.rtp.pt/noticias/mundo/presidente-da-servia-anuncia-eleicoes-antecipadas-e-prepara-candidatura-a-primeiro-ministro_n1764432,candidíase,media,653f955d-b106-4faf-87c4-d51b64b2d7ce,"2026-09-09 16:32:55.420565+00"
66c8ce05-e4a1-479b-83ea-5a1807b32809,"Burnout: trabalhar demais pode sair caro. Atenção aos sinais",Observador,2026-04-03,https://observador.pt/programas/tratar-da-saude/burnout-trabalhar-demais-pode-sair-caro-atencao-aos-sinais/,burnout,media,e39430ea-a287-4d68-9848-3558a4a4ae30,"2026-04-03 06:00:18.813795+00"
674a6261-fb57-4167-9e20-408b916ab968,"<![CDATA[Liga Europa arranca com Benfica, AC Milan e Juventus entre os candidatos]]>","Notícias ao Minuto",2026-09-13,https://www.noticiasaominuto.com/desporto/3050613/le-prova-arranca-com-benfica-e-tubaroes-como-ac-milan-e-juventus-entre-os-candidatos#utm_source=rss-ultima-hora&amp;utm_medium=rss&amp;utm_campaign=rssfeed,candidíase,media,653f955d-b106-4faf-87c4-d51b64b2d7ce,"2026-09-14 12:34:03.626128+00"
68e92884-229b-4240-a8b5-70abdd6f26a2,"Identidade de género. Médicos e psicólogos alertam para possível aumento de casos de automutilação e suicídio",RTP,2026-03-22,https://www.rtp.pt/noticias/pais/identidade-de-genero-medicos-e-psicologos-alertam-para-possivel-aumento-de-casos-de-automutilacao-e-suicidio_v1728477,automutilação,media,ad37b323-95bf-4228-a839-190850b51ae2,"2026-03-23 06:00:33.085441+00"
69020c32-1a17-4fe6-af58-fee6a73c0c4f,"CNP’26: Call for Abstracts – Prazo de candidaturas prolongado até 1 de julho de 2026","SP Psiquiatria e Saúde Mental",2026-06-19,https://www.sppsm.org/cnp26-call-for-abstracts-prazo-de-candidaturas-prolongado-ate-1-de-julho-de-2026/,candidíase,institucional,653f955d-b106-4faf-87c4-d51b64b2d7ce,"2026-08-03 10:31:58.388761+00"
69959f00-6714-4cad-b7ef-28f89548e2e5,"Mulher de Jair Bolsonaro candidata ao Senado brasileiro",Observador,2026-08-03,https://observador.pt/2026/08/03/michelle-bolsonaro-apresentada-como-candidata-ao-senado-brasileiro/,candidíase,media,653f955d-b106-4faf-87c4-d51b64b2d7ce,"2026-08-03 10:31:05.662557+00"
6a9c3afc-9b09-4d3c-9307-6f97b8755ac0,"Módulo 5","Sociedade Portuguesa de Cardiologia",2026-04-08,https://spc.pt/curso-atualizacao-2026/modulo-5-2/,"perturbações do espectro do autismo",institucional,fd0d0b4b-8173-4ec5-bf05-4ce9840d8624,"2026-04-10 06:00:50.414301+00"
6b8a9a00-d640-4ea7-b1fe-eeaeddac2389,"<![CDATA[Chegar, ver e marcar. Eis o primeiro golo de Cristiano Ronaldo esta época]]>","Notícias ao Minuto",2026-08-21,https://www.noticiasaominuto.com/desporto/3039813/chegar-ver-e-marcar-eis-o-primeiro-golo-de-cristiano-ronaldo-esta-epoca#utm_source=rss-ultima-hora&amp;utm_medium=rss&amp;utm_campaign=rssfeed,"perturbação obsessivo-compulsiva",media,657c9a04-cb1b-4d82-b0f3-f4ec79487aea,"2026-08-24 07:29:23.536486+00"
6e40183f-9500-4916-a906-57fee77f52b0,"Michelle Bolsonaro apresentada como candidata ao Senado brasileiro",Público,2026-08-03,https://www.publico.pt/2026/08/03/mundo/noticia/michelle-bolsonaro-apresentada-candidata-senado-brasileiro-2183838,candidíase,media,653f955d-b106-4faf-87c4-d51b64b2d7ce,"2026-08-03 10:31:05.465202+00"
6f293694-ae5b-4f87-a04c-89c10a4c9f70,"O Santo nome de Deus",Observador,2026-04-07,https://observador.pt/opiniao/o-santo-nome-de-deus/,"perturbação obsessivo-compulsiva",media,657c9a04-cb1b-4d82-b0f3-f4ec79487aea,"2026-04-08 06:00:07.187188+00"
6f49df6a-d081-4c2f-8d17-4fb4edf2af4f,"Webinar &#8211; Ilhas","SP Acidente Vascular Cerebral",2025-10-17,https://spavc.org/webinar-ilhas/,avc,institucional,ee35c6f5-46d7-4bb4-a141-80c869db9807,"2026-04-10 06:01:13.215451+00"
7101c8c7-9171-4df8-af5c-8463676632cd,"13h Bruxelas propõe medidas mais duras para travar o alojamento local e as casas vazias",RTP,2026-09-09,https://www.rtp.pt/noticias/noticiario-antena1/13h-bruxelas-propoe-medidas-mais-duras-para-travar-o-alojamento-local-e-as-casas-vazias_a1_1764390,"refluxo gastroesofágico",media,df364765-ff00-46b1-834c-94010f936658,"2026-09-09 16:32:55.420565+00"
72aa9179-09a6-4fc6-b5fa-b98394775697,"DGS publica novas orientações sobre saúde mental",DGS,2025-02-01,https://www.dgs.pt/orientacoes-saude-mental,ansiedade,institucional,91a7df8f-676d-4053-8e62-f97b5df4ba0f,"2026-03-08 12:35:50.177732+00"
736c2e04-f636-494a-a462-56c00cd38539,"Hospitais públicos criam consultas especializadas em menopausa",Expresso,2026-01-25,https://expresso.pt/consultas-menopausa-sns,menopausa,media,aa13a813-d683-45ed-afb7-56f81baac397,"2026-03-08 11:22:47.09953+00"
73bcd052-d54a-4306-8c18-480108143e73,"Long COVID: Portugal integra estudo europeu de longo prazo",Público,2026-02-18,https://publico.pt/long-covid-estudo-europeu,"long covid",media,a3cd6c3d-a5d6-4ace-aa9b-5c203a2991e2,"2026-03-08 11:22:47.09953+00"
74403f64-c91f-4cec-8d16-7cfffd1d8e2b,"Resistência a antibióticos: Portugal entre os piores da UE","Jornal de Notícias",2026-02-28,https://jn.pt/resistencia-antibioticos-portugal,"resistência antibióticos",media,0fd64329-5c27-472b-8408-d6c3be1f58a7,"2026-03-08 11:22:47.09953+00"
76593f43-65cd-42d7-8977-288a4a11090d,"UE avisa que países candidatos não devem glorificar criminosos de guerra como Mladic",RTP,2026-09-07,https://www.rtp.pt/noticias/mundo/ue-avisa-que-paises-candidatos-nao-devem-glorificar-criminosos-de-guerra-como-mladic_n1763843,candidíase,media,653f955d-b106-4faf-87c4-d51b64b2d7ce,"2026-09-07 12:26:22.820939+00"
77024125-0c49-456f-9805-157dde09def1,"<![CDATA[Mãe em depressão matou três filhos. Nas redes sociais, há outra teoria]]>","Notícias ao Minuto",2026-08-14,https://www.noticiasaominuto.com/mundo/3036528/mae-em-depressao-matou-tres-filhos-nas-redes-sociais-ha-outra-teoria#utm_source=rss-ultima-hora&amp;utm_medium=rss&amp;utm_campaign=rssfeed,depressão,media,c81e8a5e-b44a-4c5a-abd1-89f3ca814980,"2026-08-17 07:27:57.535257+00"
7732b1fe-fd32-4b3b-a794-65d777526a2d,"Negócios da Vieira lutam para ficar à tona no pós Kristin",Observador,2026-04-03,https://observador.pt/especiais/a-vitrine-da-praia-da-vieira-e-um-bar-fantasma-da-tempestade-na-costa-os-negocios-lutam-para-ficar-a-tona-com-ou-sem-apoios/,"perturbação obsessivo-compulsiva",media,657c9a04-cb1b-4d82-b0f3-f4ec79487aea,"2026-04-04 06:00:25.196658+00"
7888438e-d146-43e1-bbd2-75a99a5ce9c7,"Osteoporose afeta 500 mil portugueses e é subdiagnosticada","Diário de Notícias",2025-01-30,https://www.dn.pt/osteoporose-portugal,osteoporose,media,171496a9-afe9-4080-ae52-cbf194a27a3a,"2026-03-08 12:35:50.177732+00"
78c3020c-4699-4283-9166-83bed72621f3,"Prisão preventiva para ex-candidato do Chega suspeito de pedofilia",RTP,2026-03-24,https://www.rtp.pt/noticias/politica/prisao-preventiva-para-ex-candidato-do-chega-suspeito-de-pedofilia_v1729014,candidíase,media,653f955d-b106-4faf-87c4-d51b64b2d7ce,"2026-03-25 06:00:22.274146+00"
79a80c20-441c-4133-b357-e9ea339097e8,"<![CDATA[Jantar ""Mar à Mesa"" promove candidatura de arte xávega à UNESCO]]>","Notícias ao Minuto",2026-09-06,https://www.noticiasaominuto.com/mundo/3047101/jantar-do-mar-a-mesa-na-caparica-promove-candidatura-de-arte-xavega-a-unesco#utm_source=rss-ultima-hora&amp;utm_medium=rss&amp;utm_campaign=rssfeed,candidíase,media,653f955d-b106-4faf-87c4-d51b64b2d7ce,"2026-09-07 12:26:24.619494+00"
79bcb839-ac55-40e3-8033-81cafd6a7033,"<![CDATA[Companhia de Teatro de Almada estreia ""Medida por Medida"" de Shakespeare]]>","Notícias ao Minuto",2026-08-22,https://www.noticiasaominuto.com/cultura/3039958/companhia-de-teatro-de-almada-estreia-medida-por-medida-de-shakespeare#utm_source=rss-ultima-hora&amp;utm_medium=rss&amp;utm_campaign=rssfeed,"perturbações do espectro do autismo",media,fd0d0b4b-8173-4ec5-bf05-4ce9840d8624,"2026-08-24 07:29:23.536486+00"
7aff493b-69d0-4125-8ba5-241f3115d79c,"Microplásticos encontrados no sangue de 80% dos portugueses testados",Expresso,2025-02-15,https://expresso.pt/microplasticos-sangue,"microplásticos sangue",media,6f66a12c-919b-458e-bbba-02e776839761,"2026-03-08 12:35:50.177732+00"
7b40f6b0-b179-4497-8dce-ba08768ed449,"<![CDATA[Ex-ministra Janine Lélis retira candidatura à presidência de Cabo Verde]]>","Notícias ao Minuto",2026-08-14,https://www.noticiasaominuto.com/mundo/3036658/ex-ministra-janine-lelis-retira-candidatura-a-presidencia-de-cabo-verde#utm_source=rss-ultima-hora&amp;utm_medium=rss&amp;utm_campaign=rssfeed,candidíase,media,653f955d-b106-4faf-87c4-d51b64b2d7ce,"2026-08-17 07:27:57.535257+00"
7c04e3ee-70fb-413a-a9bc-295840f6e15b,"<![CDATA[Hábito pode aumentar risco de demência em 43%, revela estudo]]>","Notícias ao Minuto",2026-09-05,https://www.noticiasaominuto.com/lifestyle/3045109/habito-pode-aumentar-risco-de-demencia-em-43-revela-estudo#utm_source=rss-ultima-hora&amp;utm_medium=rss&amp;utm_campaign=rssfeed,demência,media,f0e28c28-3a57-45df-b2ba-9b5aca061a86,"2026-09-07 12:26:24.619494+00"
7c1799aa-ad62-450b-95b7-e6eb568cc258,"<![CDATA[Pepa: ""Acabei o jogo com azia, senti que poderíamos ter virado o jogo""]]>","Notícias ao Minuto",2026-08-08,https://www.noticiasaominuto.com/desporto/3034084/pepa-acabei-o-jogo-com-azia-senti-que-poderiamos-ter-virado-o-jogo#utm_source=rss-ultima-hora&amp;utm_medium=rss&amp;utm_campaign=rssfeed,"refluxo gastroesofágico",media,df364765-ff00-46b1-834c-94010f936658,"2026-08-10 08:27:30.163307+00"
7cdd56bb-1193-42d6-bfa2-eefd16311c58,"<![CDATA[Nuno Espírito Santo conduz West Ham à goleada da época em Inglaterra]]>","Notícias ao Minuto",2026-09-11,https://www.noticiasaominuto.com/desporto/3050244/nuno-espirito-santo-conduz-west-ham-a-goleada-da-epoca-em-inglaterra#utm_source=rss-ultima-hora&amp;utm_medium=rss&amp;utm_campaign=rssfeed,"perturbação obsessivo-compulsiva",media,657c9a04-cb1b-4d82-b0f3-f4ec79487aea,"2026-09-14 12:34:03.626128+00"
7d448503-6433-4c1f-8821-31a0039a721e,"<![CDATA[Robbie Williams diagnosticado com autismo. ""Explica muita coisa""]]>","Notícias ao Minuto",2026-08-15,https://www.noticiasaominuto.com/fama/3036923/robbie-williams-diagnosticado-com-autismo-explica-muita-coisa#utm_source=rss-ultima-hora&amp;utm_medium=rss&amp;utm_campaign=rssfeed,"perturbações do espectro do autismo",media,fd0d0b4b-8173-4ec5-bf05-4ce9840d8624,"2026-08-17 07:27:57.535257+00"
7ea61d77-88fd-49ba-bdf0-35bef7ca49b2,"<![CDATA[Ópera portuguesa leva mito de Pigmalião a um futuro pós-apocalíptico]]>","Notícias ao Minuto",2026-08-31,https://www.noticiasaominuto.com/cultura/3043976/opera-portuguesa-leva-mito-de-pigmaliao-a-um-futuro-pos-apocaliptico#utm_source=rss-ultima-hora&amp;utm_medium=rss&amp;utm_campaign=rssfeed,"perturbação obsessivo-compulsiva",media,657c9a04-cb1b-4d82-b0f3-f4ec79487aea,"2026-08-31 13:36:14.174071+00"
80879fde-4add-47df-984c-072e5ad6da65,"<![CDATA[""Menopausa não é obstáculo"". Mulher argentina dá à luz aos 62 anos]]>","Notícias ao Minuto",2026-08-16,https://www.noticiasaominuto.com/mundo/3037293/menopausa-nao-e-obstaculo-mulher-argentina-da-a-luz-aos-62-anos#utm_source=rss-ultima-hora&amp;utm_medium=rss&amp;utm_campaign=rssfeed,"menopausa sintomas",media,aa13a813-d683-45ed-afb7-56f81baac397,"2026-08-17 07:27:57.535257+00"
80c14207-de40-4c9a-86da-13c64815bcfd,"Porque é que há quatro evangelhos se a história é a mesma?",Observador,2026-04-05,https://observador.pt/programas/as-historias-da-biblia/porque-e-que-ha-quatro-evangelhos-se-a-historia-e-a-mesma/,"perturbação obsessivo-compulsiva",media,657c9a04-cb1b-4d82-b0f3-f4ec79487aea,"2026-04-05 06:00:12.375311+00"
842cd1d8-3639-4085-8d4e-7fc017b96524,"O vício do turismo tem cura: o caso de Dubrovnik",Público,2026-04-04,https://www.publico.pt/2026/04/04/opiniao/opiniao/vicio-turismo-cura-caso-dubrovnik-2170195,dependências,media,915850ec-3e89-4ecc-b4be-ba309cf6ff9d,"2026-04-04 06:00:20.012362+00"
849f228a-53b6-4b3b-b6c3-c027082091b7,"A camisola não faz o líder",Observador,2026-08-09,https://observador.pt/opiniao/a-camisola-nao-faz-o-lider/,candidíase,media,653f955d-b106-4faf-87c4-d51b64b2d7ce,"2026-08-10 08:27:25.782339+00"
84a95909-62bf-459c-9e2e-503a473a2d10,"<![CDATA[Mau tempo. Há 34 mil candidaturas para apoios para reconstrução de casas]]>","Notícias ao Minuto",2026-04-08,https://www.noticiasaominuto.com/pais/2969327/mau-tempo-ha-34-mil-candidaturas-para-apoios-para-reconstrucao-de-casas#utm_source=rss-ultima-hora&amp;utm_medium=rss&amp;utm_campaign=rssfeed,candidíase,media,653f955d-b106-4faf-87c4-d51b64b2d7ce,"2026-04-10 06:00:11.391883+00"
866463ea-80bb-4b23-a9fe-aced0206a7f8,"<![CDATA[Eclipse do Sporting quase fazia 'dói-dói', mas ferida levou três pontos]]>","Notícias ao Minuto",2026-08-15,https://www.noticiasaominuto.com/desporto/3036848/eclipse-do-sporting-quase-fazia-doi-doi-mas-ferida-levou-tres-pontos#utm_source=rss-ultima-hora&amp;utm_medium=rss&amp;utm_campaign=rssfeed,"refluxo gastroesofágico",media,df364765-ff00-46b1-834c-94010f936658,"2026-08-17 07:27:57.535257+00"
87e802f0-4999-4c1b-a57d-56a512b24bd4,"A epidemia silenciosa das dores da coluna: um olhar de quem opera, mas prefere prevenir","Sociedade Portuguesa Patologia Coluna Vertebral",2026-04-02,https://sppcv.org/artigos-de-opiniao/a-epidemia-silenciosa-das-dores-da-coluna-um-olhar-de-quem-opera-mas-prefere-prevenir/,"doenças cardiovasculares",institucional,f4fa0023-4e4a-47fc-b244-141cb103a8b2,"2026-04-10 06:00:42.39863+00"
880d26f6-e388-4060-a715-4271fc68f5dd,"<![CDATA[Kristin: Leiria encerra análise das 10.807 candidaturas recebidas]]>","Notícias ao Minuto",2026-08-28,https://www.noticiasaominuto.com/pais/3043106/mau-tempo-municipio-de-leiria-encerra-analise-das-10807-candidaturas-recebidas#utm_source=rss-ultima-hora&amp;utm_medium=rss&amp;utm_campaign=rssfeed,candidíase,media,653f955d-b106-4faf-87c4-d51b64b2d7ce,"2026-08-31 13:36:14.174071+00"
8a8ece24-fadf-40ce-acb6-d90c94e0511c,"<![CDATA[AR ouve na sexta-feira Tiago Antunes, candidato a Provedor de Justiça]]>","Notícias ao Minuto",2026-04-08,https://www.noticiasaominuto.com/politica/2969014/ar-ouve-na-sexta-feira-tiago-antunes-candidato-a-provedor-de-justica#utm_source=rss-ultima-hora&amp;utm_medium=rss&amp;utm_campaign=rssfeed,candidíase,media,653f955d-b106-4faf-87c4-d51b64b2d7ce,"2026-04-10 06:00:11.391883+00"
8bc70e83-1ac1-4c50-ba53-e0895a3b9010,"<![CDATA[Ascensão à Torre começa a selecionar candidatos à Volta a Portugal]]>","Notícias ao Minuto",2026-08-09,https://www.noticiasaominuto.com/desporto/3034116/ascensao-a-torre-comeca-a-selecionar-candidatos-a-volta-a-portugal#utm_source=rss-ultima-hora&amp;utm_medium=rss&amp;utm_campaign=rssfeed,candidíase,media,653f955d-b106-4faf-87c4-d51b64b2d7ce,"2026-08-10 08:27:30.163307+00"
8ce6e569-f7f4-4b5f-97fd-2ffcb1f0af72,"<![CDATA[Mãe que matou filhos durante depressão pós-parto considerada inocente]]>","Notícias ao Minuto",2026-08-29,https://www.noticiasaominuto.com/mundo/3043330/mae-que-matou-filhos-durante-depressao-pos-parto-considerada-inocente#utm_source=rss-ultima-hora&amp;utm_medium=rss&amp;utm_campaign=rssfeed,depressão,media,c81e8a5e-b44a-4c5a-abd1-89f3ca814980,"2026-08-31 13:36:14.174071+00"
8cfc90c4-fe35-4cd5-be99-4e7c3fb238a7,"<![CDATA[Missão pré-época: Quem ganhou terreno entre os reforços do Sporting?]]>","Notícias ao Minuto",2026-08-02,https://www.noticiasaominuto.com/desporto/3030904/missao-pre-epoca-quem-ganhou-terreno-entre-os-reforcos-do-sporting#utm_source=rss-ultima-hora&amp;utm_medium=rss&amp;utm_campaign=rssfeed,"perturbação obsessivo-compulsiva",media,657c9a04-cb1b-4d82-b0f3-f4ec79487aea,"2026-08-03 10:31:08.411021+00"
8ebecdf5-479e-4e54-9802-cc8fd1e54a9b,"<![CDATA[Adeptos do Inter Miami declaram-se a Messi: ""Salvaste-me da depressão""]]>","Notícias ao Minuto",2026-08-02,https://www.noticiasaominuto.com/desporto/3031143/adeptos-do-inter-miami-declaram-se-a-messi-salvaste-me-da-depressao#utm_source=rss-ultima-hora&amp;utm_medium=rss&amp;utm_campaign=rssfeed,depressão,media,c81e8a5e-b44a-4c5a-abd1-89f3ca814980,"2026-08-03 10:31:08.411021+00"
93bfd17f-d690-4f76-8363-c24b383be7c5,"<![CDATA[Este alimento é um dos maiores aliados contra o colesterol, diz estudo]]>","Notícias ao Minuto",2026-04-11,https://www.noticiasaominuto.com/lifestyle/2968909/este-alimento-e-um-dos-maiores-aliados-contra-o-colesterol-diz-estudo#utm_source=rss-ultima-hora&amp;utm_medium=rss&amp;utm_campaign=rssfeed,"colesterol alto",media,b87d8183-4232-4881-964e-51b6f1c69b55,"2026-04-12 06:00:08.151266+00"
93eaa592-33b8-4031-be0b-f7399a498307,"Bolsa de Investigação “Vida após AVC”","SP Medicina Interna",2026-04-09,https://www.spmi.pt/bolsa-de-investigacao-vida-apos-avc/,avc,institucional,ee35c6f5-46d7-4bb4-a141-80c869db9807,"2026-04-11 06:00:48.029187+00"
940ef676-724c-4d1c-9f5f-93206d668401,"Petit quer Santa Clara com &quot;ambição&quot; frente ao Sporting",Observador,2026-04-02,https://observador.pt/2026/04/02/i-liga-petit-quer-santa-clara-com-personalidade-e-ambicao-frente-ao-sporting/,"perturbação obsessivo-compulsiva",media,657c9a04-cb1b-4d82-b0f3-f4ec79487aea,"2026-04-03 06:00:18.813795+00"
959f8864-9174-4462-bb08-dfd013e7c7fe,"<![CDATA[Navio naufragado da época romana descoberto em Itália]]>","Notícias ao Minuto",2026-08-08,https://www.noticiasaominuto.com/mundo/3033941/navio-naufragado-da-epoca-romana-descoberto-em-italia#utm_source=rss-ultima-hora&amp;utm_medium=rss&amp;utm_campaign=rssfeed,"perturbação obsessivo-compulsiva",media,657c9a04-cb1b-4d82-b0f3-f4ec79487aea,"2026-08-10 08:27:30.163307+00"
96145104-9506-4a22-8d4d-b4965a1bdf66,"Procurador-geral da Ucrânia abandona o país depois de suspeitas de corrupção no seu gabinete",Público,2026-09-14,https://www.publico.pt/2026/09/14/mundo/noticia/procuradorgeral-ucrania-abandona-pais-suspeitas-corrupcao-gabinete-2187958,avc,media,ee35c6f5-46d7-4bb4-a141-80c869db9807,"2026-09-14 12:33:56.949747+00"
9685e979-e97c-43a7-b99f-e55981bfeae2,"Diagnósticos de TDAH em adultos triplicam em Portugal",Expresso,2025-03-10,https://expresso.pt/tdah-adultos-portugal,TDAH,media,f882429f-2743-4121-bf34-c4d983fb31e5,"2026-03-08 11:22:47.09953+00"
96ec7f7a-ee73-41e2-b10c-7742955c6427,"<![CDATA[Chega insiste na descida dos impostos e acusa Montenegro de hipocrisia]]>","Notícias ao Minuto",2026-09-05,https://www.noticiasaominuto.com/pais/3046997/chega-insiste-na-descida-dos-impostos-sobre-os-combustiveis-e-acusa-montenegro-de-hipocrisia#utm_source=rss-ultima-hora&amp;utm_medium=rss&amp;utm_campaign=rssfeed,"perturbação obsessivo-compulsiva",media,657c9a04-cb1b-4d82-b0f3-f4ec79487aea,"2026-09-07 12:26:24.619494+00"
97682236-a273-490a-bf96-a2cb3231c38d,"<![CDATA[Partido dos Trabalhadores oficializa Lula como candidato presidencial]]>","Notícias ao Minuto",2026-08-02,https://www.noticiasaominuto.com/mundo/3031049/partido-dos-trabalhadores-oficializa-lula-como-candidato-presidencial#utm_source=rss-ultima-hora&amp;utm_medium=rss&amp;utm_campaign=rssfeed,candidíase,media,653f955d-b106-4faf-87c4-d51b64b2d7ce,"2026-08-03 10:31:08.411021+00"
97a56a2c-ffd7-41ea-be0c-137405b3bd72,"DGS lança campanha contra uso excessivo de antibióticos","Diário de Notícias",2026-03-08,https://dn.pt/campanha-antibioticos-dgs,"resistência antibióticos",media,0fd64329-5c27-472b-8408-d6c3be1f58a7,"2026-03-08 11:22:47.09953+00"
97a5ec29-a8e3-4100-b40d-3279598eefc7,"<![CDATA[Sépsis. ""Diagnóstico pode ser desafiante. Não existe um único sintoma""]]>","Notícias ao Minuto",2026-09-14,https://www.noticiasaominuto.com/lifestyle/3050950/sepsis-diagnostico-pode-ser-desafiante-nao-existe-um-unico-sintoma#utm_source=rss-ultima-hora&amp;utm_medium=rss&amp;utm_campaign=rssfeed,sepsis,media,49ba1353-1570-4370-8f48-f6f71c0680dc,"2026-09-14 12:34:03.626128+00"
98aa8b4b-7d14-4573-ac99-1665ef4a92e4,"<![CDATA[Quer reduzir o risco de AVC? Evite estas 5 coisas durante a tarde]]>","Notícias ao Minuto",2026-09-14,https://www.noticiasaominuto.com/lifestyle/3050041/quer-reduzir-o-risco-de-avc-evite-estas-5-coisas-durante-a-tarde#utm_source=rss-ultima-hora&amp;utm_medium=rss&amp;utm_campaign=rssfeed,avc,media,ee35c6f5-46d7-4bb4-a141-80c869db9807,"2026-09-14 12:34:03.626128+00"
99bdff60-88ea-462d-823a-3f7a094c6c64,"Inundações ameaçam cerca de 15 mil pessoas em Moçambique",Observador,2026-03-20,https://observador.pt/2026/03/20/inundacoes-ameacam-cerca-de-15-mil-pessoas-em-provincia-do-centro-de-mocambique/,"perturbação obsessivo-compulsiva",media,657c9a04-cb1b-4d82-b0f3-f4ec79487aea,"2026-03-21 06:00:12.467197+00"
99d87eb4-f725-4814-8f51-b61abe074b4a,"<![CDATA[Covid longa custa às economias da OCDE até 115.000 milhões anuais]]>","Notícias ao Minuto",2026-04-08,https://www.noticiasaominuto.com/economia/2969072/covid-longa-custa-as-economias-da-ocde-ate-115000-milhoes-anuais#utm_source=rss-ultima-hora&amp;utm_medium=rss&amp;utm_campaign=rssfeed,"long covid",media,a3cd6c3d-a5d6-4ace-aa9b-5c203a2991e2,"2026-04-10 06:00:11.391883+00"
9a6de9db-7515-4f67-8d1e-90a798d3c764,"Projecto Sophia",Observador,2026-04-11,https://observador.pt/opiniao/projecto-sophia/,"síndrome do ovário poliquístico",media,cfbbe23d-429d-485e-a0a8-87449533b89e,"2026-04-12 06:00:05.962207+00"
9aaa3bcc-ecd7-48a2-9cd2-cfce4810b0f2,"SPPSM lança 1.º Concurso de Expressão Artística","SP Psiquiatria e Saúde Mental",2026-06-12,https://www.sppsm.org/sppsm-lanca-1-o-concurso-de-expressao-artistica/,candidíase,institucional,653f955d-b106-4faf-87c4-d51b64b2d7ce,"2026-08-03 10:31:58.388761+00"
9b3029d1-f2e4-4cba-8f54-a12b575e4f44,"Má qualidade do ar subsiste nas zonas de maior tráfego rodoviário","Diário de Notícias",2026-09-07,https://www.dn.pt/sociedade/m-qualidade-do-ar-subsiste-nas-zonas-de-maior-trfego-rodovirio,"poluição e saúde",media,d2672872-3289-40f5-b243-7ea5d86b538e,"2026-09-07 12:26:20.431301+00"
9be355b1-bf73-43d1-bc4f-d4a264759b95,"<![CDATA[Gravidez. ""Descobri mutação genética. Fazia com que o sangue coagulasse""]]>","Notícias ao Minuto",2026-09-14,https://www.noticiasaominuto.com/fama/3050970/gravidez-descobri-mutacao-genetica-fazia-com-que-o-sangue-coagulasse#utm_source=rss-ultima-hora&amp;utm_medium=rss&amp;utm_campaign=rssfeed,"refluxo gastroesofágico",media,df364765-ff00-46b1-834c-94010f936658,"2026-09-14 12:34:03.626128+00"
9c7a021d-6cd1-4732-a395-7265cb40f2e2,"Esquerda ganha Paris e Marselha, direita vence 93 cidades",Observador,2026-03-22,https://observador.pt/2026/03/22/esquerda-francesa-vence-eleicoes-autarquicas-em-paris-lyon-e-marselha-direita-a-frente-em-93-cidades/,candidíase,media,653f955d-b106-4faf-87c4-d51b64b2d7ce,"2026-03-23 06:00:27.401017+00"
9d27d714-2820-47ef-83ba-600625c66cb7,"II Liga: Desportivo de Chaves vence Torreense e complica contas do play-off",RTP,2026-04-11,https://www.rtp.pt/noticias/futebol-nacional/ii-liga-desportivo-de-chaves-vence-torreense-e-complica-contas-do-play-off_d1733233,candidíase,media,653f955d-b106-4faf-87c4-d51b64b2d7ce,"2026-04-12 06:00:07.07666+00"
9fc0b5c0-f5a6-4948-b424-72e862ee6385,"<![CDATA[O hábito (gratuito) que ajuda a reduzir o colesterol e melhora a saúde]]>","Notícias ao Minuto",2026-09-09,https://www.noticiasaominuto.com/lifestyle/3048067/o-habito-gratuito-que-ajuda-a-reduzir-o-colesterol-e-melhora-a-saude#utm_source=rss-ultima-hora&amp;utm_medium=rss&amp;utm_campaign=rssfeed,"colesterol alto",media,b87d8183-4232-4881-964e-51b6f1c69b55,"2026-09-09 16:32:58.206771+00"
a0309dfb-5f3c-4996-b3b5-efbdb97c0688,"<![CDATA[Fretilin decide não apresentar candidato às presidenciais de Timor-Leste]]>","Notícias ao Minuto",2026-08-30,https://www.noticiasaominuto.com/mundo/3043505/fretilin-decide-nao-apresentar-candidato-as-presidenciais-de-timor-leste#utm_source=rss-ultima-hora&amp;utm_medium=rss&amp;utm_campaign=rssfeed,candidíase,media,653f955d-b106-4faf-87c4-d51b64b2d7ce,"2026-08-31 13:36:14.174071+00"
a2d9371f-4fae-479d-9ec6-173e8d93b896,"Cérebro e coluna: envelhecem juntos, protegem-se juntos","Sociedade Portuguesa Patologia Coluna Vertebral",2026-07-09,https://sppcv.org/artigos-de-opiniao/cerebro-e-coluna-envelhecem-juntos-protegem-se-juntos/,demência,institucional,f0e28c28-3a57-45df-b2ba-9b5aca061a86,"2026-08-03 10:31:40.305809+00"
a42bac34-d724-4975-a613-c475e7dc4f89,"<![CDATA[Nova época, o mesmo motor. Froholdt resolve em Coimbra e dispara alarmes]]>","Notícias ao Minuto",2026-08-02,https://www.noticiasaominuto.com/desporto/3030965/nova-epoca-o-mesmo-motor-froholdt-resolve-em-coimbra-e-dispara-alarmes#utm_source=rss-ultima-hora&amp;utm_medium=rss&amp;utm_campaign=rssfeed,"perturbação obsessivo-compulsiva",media,657c9a04-cb1b-4d82-b0f3-f4ec79487aea,"2026-08-03 10:31:08.411021+00"
a455dee0-e9f5-408e-bb41-80ddea3f1df0,"Primeiro caso humano de H5N1 detectado em Espanha","CM Jornal",2026-03-01,https://cmjornal.pt/h5n1-espanha-caso,"gripe aviária",media,182b5f68-1f50-4ffd-8013-db61fd005db2,"2026-03-08 11:22:47.09953+00"
a463da43-0b57-4a25-a51d-9b64a15b1921,"<![CDATA[Adeptos da Académica antecipam época difícil no regresso ao profissional]]>","Notícias ao Minuto",2026-08-08,https://www.noticiasaominuto.com/desporto/3033901/adeptos-da-academica-antecipam-epoca-dificil-no-regresso-ao-profissional#utm_source=rss-ultima-hora&amp;utm_medium=rss&amp;utm_campaign=rssfeed,"perturbação obsessivo-compulsiva",media,657c9a04-cb1b-4d82-b0f3-f4ec79487aea,"2026-08-10 08:27:30.163307+00"
a4deae04-6908-410c-b37f-a2f80243b64f,"Jejum intermitente cura diabetes? Fact-check",Polígrafo,2025-02-12,https://poligrafo.sapo.pt/jejum-diabetes,"jejum intermitente",factcheck,fa3f2208-0d08-4ccb-ba47-ab2084989670,"2026-03-08 12:35:50.177732+00"
a5c7d572-4cc5-4615-b92a-c4d9c5145590,"Módulo 8","Sociedade Portuguesa de Cardiologia",2026-04-08,https://spc.pt/curso-atualizacao-2026/modulo-8-2/,"perturbações do espectro do autismo",institucional,fd0d0b4b-8173-4ec5-bf05-4ce9840d8624,"2026-04-10 06:00:50.414301+00"
a6bf5272-1dbe-49e8-b291-803e0b0686de,"Burnout atinge níveis recorde entre profissionais de saúde",RTP,2025-02-20,https://rtp.pt/burnout-saude-2025,burnout,media,e39430ea-a287-4d68-9848-3558a4a4ae30,"2026-03-08 11:22:47.09953+00"
a799ca8e-1a1a-4fe1-921a-fd536869d5bc,"SPPSM apoia 2.ª edição da sessão formativa sobre Autismo e PHDA no Adulto","SP Psiquiatria e Saúde Mental",2026-06-01,https://www.sppsm.org/sppsm-apoia-2-a-edicao-da-sessao-formativa-sobre-autismo-e-phda-no-adulto/,"perturbações do espectro do autismo",institucional,fd0d0b4b-8173-4ec5-bf05-4ce9840d8624,"2026-08-10 08:28:24.114223+00"
a8a7b5f0-3d04-4d0d-a099-a71f41621319,"Módulo 7","Sociedade Portuguesa de Cardiologia",2026-04-08,https://spc.pt/curso-atualizacao-2026/modulo-7-2/,"perturbações do espectro do autismo",institucional,fd0d0b4b-8173-4ec5-bf05-4ce9840d8624,"2026-04-10 06:00:50.414301+00"
ac0b52d7-56aa-497c-8997-baa6de4501dc,"Perguntar para uma amiga",Público,2026-03-30,https://www.publico.pt/2026/03/31/opiniao/opiniao/perguntar-amiga-2169610,avc,media,ee35c6f5-46d7-4bb4-a141-80c869db9807,"2026-03-31 06:00:20.106092+00"
add37451-838f-4de2-92f4-43a644373bab,"Má qualidade do ar subsiste nas zonas de maior tráfego",Observador,2026-09-07,https://observador.pt/2026/09/07/ma-qualidade-do-ar-subsiste-nas-zonas-de-maior-trafego-rodoviario/,"poluição e saúde",media,d2672872-3289-40f5-b243-7ea5d86b538e,"2026-09-07 12:26:19.669469+00"
ae109aba-e33b-4847-8549-78146d597147,"<![CDATA[Demência. O sinal que pode aparecer muito antes da perda de memória]]>","Notícias ao Minuto",2026-09-07,https://www.noticiasaominuto.com/lifestyle/3047382/demencia-o-sinal-que-pode-aparecer-muito-antes-da-perda-de-memoria#utm_source=rss-ultima-hora&amp;utm_medium=rss&amp;utm_campaign=rssfeed,demência,media,f0e28c28-3a57-45df-b2ba-9b5aca061a86,"2026-09-07 12:26:24.619494+00"
aedd57a7-71e5-4118-ad40-8f289584ace9,"CathStart -Curso de Simulação em Coronariografia Diagnóstica","Sociedade Portuguesa de Cardiologia",2026-09-04,https://spc.pt/formacao/cathstart-curso-de-simulacao-em-coronariografia-diagnostica/,"terapia hormonal",institucional,76c4b1bc-ae64-41ca-b57f-75b87c56b447,"2026-09-14 12:34:55.716087+00"
affe4986-3735-4614-b0db-db2776019f6d,"PS quer saber efetivos das Forças Armadas desde 2022",Observador,2026-04-10,https://observador.pt/2026/04/11/ps-quer-saber-evolucao-detalhada-de-efetivos-nas-forcas-armadas-desde-2022/,candidíase,media,653f955d-b106-4faf-87c4-d51b64b2d7ce,"2026-04-11 06:00:06.664879+00"
b0282282-394f-4fc3-87b2-6d573ee20a31,"O Irão e as birras transatlânticas",Observador,2026-04-05,https://observador.pt/opiniao/o-irao-e-as-birras-transatlanticas/,"refluxo gastroesofágico",media,df364765-ff00-46b1-834c-94010f936658,"2026-04-06 06:00:11.172037+00"
b0501464-520a-4fac-8a4f-445a77a1176b,"Autismo: sinais precoces a que os pais devem estar atentos",Observador,2026-04-02,https://observador.pt/programas/tratar-da-saude/autismo-sinais-precoces-a-que-os-pais-devem-estar-atentos/,"perturbações do espectro do autismo",media,fd0d0b4b-8173-4ec5-bf05-4ce9840d8624,"2026-04-02 06:00:13.435662+00"
b0b5127e-eb5a-4e90-a7c9-7fe1087bdb07,"Abertura de concurso a financiamento público para projetos na área da alimentação escolar","Nutrimento (PNPAS)",2025-09-15,https://nutrimento.pt/noticias/concurso-projetos-alimentacao-escolar-pnpas/,candidíase,institucional,653f955d-b106-4faf-87c4-d51b64b2d7ce,"2026-04-10 06:00:24.011275+00"
b11785ec-5cd2-47b8-899b-db74983a1e2c,"TDAH em adultos: o diagnóstico que muitos portugueses desconhecem",Público,2025-03-01,https://www.publico.pt/tdah-adultos,"TDAH adulto",media,f882429f-2743-4121-bf34-c4d983fb31e5,"2026-03-08 12:35:50.177732+00"
b17eed80-b414-4421-869b-81679c204630,"<![CDATA[Dois candidatos do partido antiguerra Yabloko detidos em Moscovo]]>","Notícias ao Minuto",2026-09-04,https://www.noticiasaominuto.com/mundo/3046583/dois-candidatos-do-partido-antiguerra-yabloko-detidos-em-moscovo#utm_source=rss-ultima-hora&amp;utm_medium=rss&amp;utm_campaign=rssfeed,candidíase,media,653f955d-b106-4faf-87c4-d51b64b2d7ce,"2026-09-07 12:26:24.619494+00"
b182a1b7-0847-44b1-8df1-99943092b2ae,"Spot4Dis: nova aplicação promove mobilidade inclusiva através do mapeamento de lugares de estacionamento","Sociedade Portuguesa de Esclerose Múltipla",2026-07-07,https://spem.pt/blog/2026/07/07/spot4dis-nova-aplicacao-promove-mobilidade-inclusiva-atraves-do-mapeamento-de-lugares-de-estacionamento/,"perturbações do espectro do autismo",institucional,fd0d0b4b-8173-4ec5-bf05-4ce9840d8624,"2026-08-03 10:31:51.868081+00"
b2931960-e312-45bf-bbfc-45e380cf3aca,"Diplomata argentina Virginia Gamba abandona corrida a secretária-geral da ONU",RTP,2026-03-26,https://www.rtp.pt/noticias/mundo/diplomata-argentina-virginia-gamba-abandona-corrida-a-secretaria-geral-da-onu_n1729530,candidíase,media,653f955d-b106-4faf-87c4-d51b64b2d7ce,"2026-03-27 06:00:19.049278+00"
b4edea09-3a0e-4b87-8aa1-ebcd1c07c44e,"<![CDATA[Projeto detetou falta de qualidade do ar em 12 escolas do norte e centro]]>","Notícias ao Minuto",2026-09-07,https://www.noticiasaominuto.com/pais/3047456/projeto-piloto-detetou-falta-de-qualidade-do-ar-em-12-escolas-do-norte-e-centro#utm_source=rss-ultima-hora&amp;utm_medium=rss&amp;utm_campaign=rssfeed,"poluição e saúde",media,d2672872-3289-40f5-b243-7ea5d86b538e,"2026-09-07 12:26:24.619494+00"
b5cd1785-ade0-4a08-b122-8f1475fc66f5,"Ansiedade: técnicas simples para recuperar o controlo do ...",Observador,2026-04-10,https://observador.pt/programas/tratar-da-saude/ansiedade-tecnicas-simples-para-recuperar-o-controlo-do-seu-corpo/,ansiedade,media,91a7df8f-676d-4053-8e62-f97b5df4ba0f,"2026-04-10 06:00:09.613778+00"
b663d961-804e-4135-8a5a-1497b2d945d3,"Menopausa: novo tratamento hormonal aprovado pela EMA",Público,2025-11-15,https://publico.pt/menopausa-tratamento-ema,menopausa,media,aa13a813-d683-45ed-afb7-56f81baac397,"2026-03-08 11:22:47.09953+00"
b6a1f7e0-6cb2-45fa-8a12-3829c80091af,"PGR da Ucrânia deixa o país depois de acusações de corrupção",Observador,2026-09-14,https://observador.pt/2026/09/14/procurador-geral-ucraniano-deixa-o-pais-depois-de-acusacoes-de-corrupcao/,avc,media,ee35c6f5-46d7-4bb4-a141-80c869db9807,"2026-09-14 12:33:57.677152+00"
b717d87a-9d50-4163-a528-9dff5a388e07,"Entre o frio da solidão e os espinhos da proximidade",Observador,2026-03-29,https://observador.pt/opiniao/entre-o-frio-da-solidao-e-os-espinhos-da-proximidade/,solidão,media,b4c9aaaf-3e78-446c-984c-734fe6156d81,"2026-03-29 06:00:11.675477+00"
b82a930c-8274-44c0-9d51-d1d61d03ab6a,"Michelle Bolsonaro apresentada como candidata ao Senado brasileiro","Diário de Notícias",2026-08-03,https://www.dn.pt/internacional/michelle-bolsonaro-apresentada-como-candidata-ao-senado-brasileiro,candidíase,media,653f955d-b106-4faf-87c4-d51b64b2d7ce,"2026-08-03 10:31:05.941942+00"
b95bec27-b103-4c01-bb66-e99164a56148,"<![CDATA[Human Rigths Watch critica condenação de ativistas em Hong Kong]]>","Notícias ao Minuto",2026-08-22,https://www.noticiasaominuto.com/mundo/3039989/human-rigths-watch-critica-condenacao-de-ativistas-em-hong-kong#utm_source=rss-ultima-hora&amp;utm_medium=rss&amp;utm_campaign=rssfeed,"terapia hormonal",media,76c4b1bc-ae64-41ca-b57f-75b87c56b447,"2026-08-24 07:29:23.536486+00"
b95d64ec-f9a7-4b49-a529-cfa15ebb79e7,"Temperatura média da superfície do mar atinge novo recorde",Observador,2026-08-10,https://observador.pt/2026/08/10/temperatura-media-da-superficie-do-mar-atinge-novo-recorde-em-julho/,"calor extremo e saúde",media,12d143f9-8662-4f43-98a4-8fdd989d8290,"2026-08-10 08:27:25.782339+00"
ba46398c-10e3-4dd8-993c-4a8545bc6090,"<![CDATA[""Economia da solidão"" supera 866 mil milhões de euros na China]]>","Notícias ao Minuto",2026-09-14,https://www.noticiasaominuto.com/mundo/3050934/economia-da-solidao-supera-866-mil-milhoes-de-euros-na-china-relatorio#utm_source=rss-ultima-hora&amp;utm_medium=rss&amp;utm_campaign=rssfeed,solidão,media,b4c9aaaf-3e78-446c-984c-734fe6156d81,"2026-09-14 12:34:03.626128+00"
bbe118e3-3edc-4eb1-a0f8-6fc88131ba4a,"<![CDATA[Colesterol saudável: Saiba quais são os níveis recomendados]]>","Notícias ao Minuto",2026-08-17,https://www.noticiasaominuto.com/lifestyle/3036819/colesterol-saudavel-saiba-quais-sao-os-niveis-recomendados#utm_source=rss-ultima-hora&amp;utm_medium=rss&amp;utm_campaign=rssfeed,"colesterol alto",media,b87d8183-4232-4881-964e-51b6f1c69b55,"2026-08-17 07:27:57.535257+00"
bc1e9a36-52e7-4b90-8f2c-7f7d9771897c,"&quot;Dois golos chegavam se não sofrêssemos como sofremos&quot;",Observador,2026-08-09,https://observador.pt/2026/08/09/dois-golos-seriam-suficientes-para-ganhar-se-nao-sofressemos-golos-como-sofremos-marco-silva-admite-resultado-muito-negativo/,"perturbação obsessivo-compulsiva",media,657c9a04-cb1b-4d82-b0f3-f4ec79487aea,"2026-08-10 08:27:25.782339+00"
bd5a279a-cd74-4d9e-b690-7cba17e0f621,"A Tirania do Bem",Observador,2026-03-24,https://observador.pt/opiniao/a-tirania-do-bem/,"refluxo gastroesofágico",media,df364765-ff00-46b1-834c-94010f936658,"2026-03-24 06:00:12.188217+00"
bdbd52c6-979b-47ab-a340-47c024a54271,"SNS lança programa de apoio à saúde mental nas escolas","Jornal de Notícias",2025-04-05,https://jn.pt/saude-mental-escolas,ansiedade,media,91a7df8f-676d-4053-8e62-f97b5df4ba0f,"2026-03-08 11:22:47.09953+00"
be51e268-c607-410b-89ae-1ff7c01dba38,"<![CDATA[CNE pede revisão da lei eleitoral para eliminar ""candidatos fantasma""]]>","Notícias ao Minuto",2026-04-08,https://www.noticiasaominuto.com/politica/2969361/cne-pede-revisao-da-lei-eleitoral-para-eliminar-candidatos-fantasma#utm_source=rss-ultima-hora&amp;utm_medium=rss&amp;utm_campaign=rssfeed,candidíase,media,653f955d-b106-4faf-87c4-d51b64b2d7ce,"2026-04-10 06:00:11.391883+00"
bf3be332-8d81-456c-aaf8-09ab29262957,"DGS atualiza protocolo de vigilância da gripe aviária",DGS,2025-03-01,https://www.dgs.pt/protocolo-gripe-aviaria,"gripe aviária H5N1",institucional,182b5f68-1f50-4ffd-8013-db61fd005db2,"2026-03-08 12:35:50.177732+00"
c035da4b-52aa-41be-b2fd-bf76859addd8,"Compasso pascal. Mantém-se a tradição da visita do pároco às casas",RTP,2026-04-05,https://www.rtp.pt/noticias/cultura/compasso-pascal-mantem-se-a-tradicao-da-visita-do-paroco-as-casas_v1731583,dependências,media,915850ec-3e89-4ecc-b4be-ba309cf6ff9d,"2026-04-06 06:00:13.641821+00"
c11d8aa2-a6c1-423e-850f-25e79742166d,"<![CDATA[Tio e sobrinho pontapeados na cabeça por recusarem cigarro a agressores]]>","Notícias ao Minuto",2026-09-13,https://www.noticiasaominuto.com/pais/3050658/tio-e-sobrinho-pontapeados-na-cabeca-por-recusar-cigarro-a-agressores#utm_source=rss-ultima-hora&amp;utm_medium=rss&amp;utm_campaign=rssfeed,"perturbações do espectro do autismo",media,fd0d0b4b-8173-4ec5-bf05-4ce9840d8624,"2026-09-14 12:34:03.626128+00"
c1c36b37-4080-4f00-b7cc-be45075ca68e,"<![CDATA[José Maria Neves anuncia recandidatura a Presidente de Cabo Verde]]>","Notícias ao Minuto",2026-09-14,https://www.noticiasaominuto.com/mundo/3051036/jose-maria-neves-anuncia-recandidatura-a-presidente-de-cabo-verde#utm_source=rss-ultima-hora&amp;utm_medium=rss&amp;utm_campaign=rssfeed,candidíase,media,653f955d-b106-4faf-87c4-d51b64b2d7ce,"2026-09-14 12:34:03.626128+00"
c267e33c-8bb8-4547-a6f4-5debde79d451,"<![CDATA[Morreu Vincent Pastore, ator da série ""Os Sopranos"". Tinha 80 anos]]>","Notícias ao Minuto",2026-08-02,https://www.noticiasaominuto.com/fama/3031020/morreu-vincent-pastore-ator-da-serie-os-sopranos-tinha-80-anos#utm_source=rss-ultima-hora&amp;utm_medium=rss&amp;utm_campaign=rssfeed,"síndrome do ovário poliquístico",media,cfbbe23d-429d-485e-a0a8-87449533b89e,"2026-08-03 10:31:08.411021+00"
c434b56b-f708-4f04-91d3-dc821e895171,"Depressão em jovens atinge máximos históricos em Portugal","SIC Notícias",2025-01-15,https://sicnoticias.pt/depressao-jovens,depressão,media,c81e8a5e-b44a-4c5a-abd1-89f3ca814980,"2026-03-08 12:35:50.177732+00"
c539e8bd-beb9-430c-a235-d80fad98dfe4,"Cientistas portugueses desenvolvem teste rápido para long COVID",Expresso,2026-03-05,https://expresso.pt/teste-rapido-long-covid,"long covid",media,a3cd6c3d-a5d6-4ace-aa9b-5c203a2991e2,"2026-03-08 11:22:47.09953+00"
c589c15f-df3d-4426-8c7f-63ea906d5e55,"Candidato a Provedor de Justiça. Tiago Antunes defende a sua independência política",RTP,2026-04-10,https://www.rtp.pt/noticias/politica/candidato-a-provedor-de-justica-tiago-antunes-defende-a-sua-independencia-politica_n1732963,candidíase,media,653f955d-b106-4faf-87c4-d51b64b2d7ce,"2026-04-11 06:00:07.338655+00"
c6249871-4fe9-41f4-957b-627b9953d7de,"Os molhos picantes da madeirense Queima Beiças vão representar Portugal no Berlin Chili Fest",Público,2026-08-31,https://www.publico.pt/2026/08/31/fugas/noticia/molhos-picantes-madeirense-queima-beicas-vao-representar-portugal-berlin-chili-fest-2186561,"refluxo gastroesofágico",media,df364765-ff00-46b1-834c-94010f936658,"2026-08-31 13:36:09.786628+00"
c68a9f6b-ecad-4e29-b907-80c86a6f41ff,"Módulo 6","Sociedade Portuguesa de Cardiologia",2026-04-08,https://spc.pt/curso-atualizacao-2026/modulo-6-2/,"perturbações do espectro do autismo",institucional,fd0d0b4b-8173-4ec5-bf05-4ce9840d8624,"2026-04-10 06:00:50.414301+00"
c6c0eca5-5993-4f4a-9f03-a6cb8772b571,"<![CDATA[Ex-ministro acusado da morte de candidato à presidência extraditado]]>","Notícias ao Minuto",2026-08-29,https://www.noticiasaominuto.com/mundo/3043224/ex-ministro-acusado-da-morte-de-candidato-a-presidencia-extraditado#utm_source=rss-ultima-hora&amp;utm_medium=rss&amp;utm_campaign=rssfeed,candidíase,media,653f955d-b106-4faf-87c4-d51b64b2d7ce,"2026-08-31 13:36:14.174071+00"
c76aa411-45f4-4a91-af1b-9e3addbd32ec,"Dia Mundial do Sono. Apneia e insónia aumenta risco de doenças",RTP,2026-03-13,https://www.rtp.pt/noticias/pais/dia-mundial-do-sono-apneia-e-insonia-aumenta-risco-de-doencas_v1726192,insónia,media,fe9feeab-6157-438a-a7de-0961b4b3f722,"2026-03-14 06:00:13.221631+00"
c83464e5-ce2b-4bce-8063-0cb3ec7dc1c0,"Pedida &quot;licença médica imediata&quot; para tirar Nobel da prisão",Observador,2026-03-31,https://observador.pt/2026/03/31/irao-pedida-licenca-medica-imediata-para-retirar-nobel-da-paz-2023-da-prisao/,"doenças cardiovasculares",media,f4fa0023-4e4a-47fc-b244-141cb103a8b2,"2026-04-01 06:00:43.515181+00"
c995c782-084c-4799-b9bf-8fc98c14be9b,"Webinar &#8211; Tenecteplase no tratamento do AVC uma nova era em Portugal","SP Acidente Vascular Cerebral",2025-09-01,https://spavc.org/webinar-tenecteplase-no-tratamento-do-avc-uma-nova-era-em-portugal/,avc,institucional,ee35c6f5-46d7-4bb4-a141-80c869db9807,"2026-04-10 06:01:13.215451+00"
ca2c67b8-a2c7-46cd-bd3d-4e8d43352afd,"Instituto Ricardo Jorge assinala Dia Mundial das Doenças Raras 2026",INSA,2026-03-06,https://www.insa.min-saude.pt/instituto-ricardo-jorge-assinala-dia-mundial-das-doencas-raras-2026/,"perturbações do espectro do autismo",institucional,fd0d0b4b-8173-4ec5-bf05-4ce9840d8624,"2026-03-11 06:00:18.179114+00"
cac45f01-fa64-4ebc-a6b0-6f2f4f6a65b3,"Ex-vice-presidente dos EUA Kamala Harris admite nova candidatura à presidência",RTP,2026-04-10,https://www.rtp.pt/noticias/mundo/ex-vice-presidente-dos-eua-kamala-harris-admite-nova-candidatura-a-presidencia_n1732983,candidíase,media,653f955d-b106-4faf-87c4-d51b64b2d7ce,"2026-04-11 06:00:07.338655+00"
cae974bc-d0c3-42ec-80ac-12be755b30a4,"Metade dos alunos inscritos faltou aos exames da época extraordinária",RTP,2026-09-09,https://www.rtp.pt/noticias/pais/metade-dos-alunos-inscritos-faltou-aos-exames-da-epoca-extraordinaria_n1764377,"perturbação obsessivo-compulsiva",media,657c9a04-cb1b-4d82-b0f3-f4ec79487aea,"2026-09-09 16:32:55.420565+00"
cb25f821-44ee-4189-81df-178b4ba5fb7d,"<![CDATA[Harrison Ford revela a sua luta contra a depressão: ""Estava doente""]]>","Notícias ao Minuto",2026-04-10,https://www.noticiasaominuto.com/fama/2970328/harrison-ford-revela-a-sua-luta-contra-a-depressao-estava-doente#utm_source=rss-ultima-hora&amp;utm_medium=rss&amp;utm_campaign=rssfeed,depressão,media,c81e8a5e-b44a-4c5a-abd1-89f3ca814980,"2026-04-11 06:00:08.687512+00"
cbceaba6-324a-46de-ba9b-cb5b18c2328d,"Quando o acesso à saúde deixa de ser um direito",Observador,2026-04-10,https://observador.pt/opiniao/quando-o-acesso-a-saude-deixa-de-ser-um-direito/,"refluxo gastroesofágico",media,df364765-ff00-46b1-834c-94010f936658,"2026-04-11 06:00:06.664879+00"
ccf58dec-7968-4697-991f-18b8f7832da0,"Brasileiro lança livro que aborda “burnout” e incerteza na sociedade atual",Público,2026-03-21,https://www.publico.pt/2026/03/21/publico-brasil/noticia/brasileiro-lanca-livro-aborda-burnout-incerteza-sociedade-atual-2168724,burnout,media,e39430ea-a287-4d68-9848-3558a4a4ae30,"2026-03-22 06:00:13.340618+00"
cd2ab53f-dc73-45ee-894a-0da57f2e0b9c,"Ocasio-Cortez admite candidatar-se à presidência dos EUA",Observador,2026-08-10,https://observador.pt/2026/08/10/democrata-ocasio-cortez-admite-candidatar-se-a-presidencia-dos-eua-em-2028/,candidíase,media,653f955d-b106-4faf-87c4-d51b64b2d7ce,"2026-08-10 08:27:25.782339+00"
cd56b4fc-b811-4484-acdb-535e4e47ec30,"<![CDATA[""Só me apetece abraçar esta criança. Vai conhecer a rejeição e solidão""]]>","Notícias ao Minuto",2026-08-07,https://www.noticiasaominuto.com/fama/3033460/kiko-is-hot#utm_source=rss-ultima-hora&amp;utm_medium=rss&amp;utm_campaign=rssfeed,solidão,media,b4c9aaaf-3e78-446c-984c-734fe6156d81,"2026-08-10 08:27:30.163307+00"
cda20484-24d4-49b8-9324-de81d99bbff9,"Cientistas alertam para perfil de risco de demência: apatia é um dos sinais",Público,2026-08-24,https://www.publico.pt/2026/08/24/ciencia/noticia/cientistas-alertam-perfil-risco-demencia-apatia-sinais-2185561,demência,media,f0e28c28-3a57-45df-b2ba-9b5aca061a86,"2026-08-24 07:29:19.853248+00"
cf1dc59b-3853-47dd-b489-64e007964304,"Bipolaridade. Entre o estigma e o silêncio",Observador,2026-03-27,https://observador.pt/opiniao/bipolaridade-entre-o-estigma-e-o-silencio/,"perturbação bipolar",media,424c8be2-b785-4b3c-9f60-7bbf5f617be8,"2026-03-28 00:30:16.617694+00"
d2249bfb-761d-4322-b466-13b21639c97b,"15 minutos com a astronauta Sophie Adenot em direto da Estação Espacial Internacional","Diário de Notícias",2026-09-09,https://www.dn.pt/videos-dn/15-minutos-com-a-astronauta-sophie-adenot-em-direto-da-estao-espacial-internacional,"síndrome do ovário poliquístico",media,cfbbe23d-429d-485e-a0a8-87449533b89e,"2026-09-09 16:32:53.052596+00"
d2b6052b-1b6f-485e-b20b-ad051d7e54f6,"Módulo 4","Sociedade Portuguesa de Cardiologia",2026-04-08,https://spc.pt/curso-atualizacao-2026/modulo-4-2/,"perturbações do espectro do autismo",institucional,fd0d0b4b-8173-4ec5-bf05-4ce9840d8624,"2026-04-10 06:00:50.414301+00"
d2f93dec-c249-4bda-af55-5f4524115b7e,"<![CDATA[Bugalho aponta ""hipocrisia"" ao PS e garante: ""Neves não é um problema""]]>","Notícias ao Minuto",2026-08-22,https://www.noticiasaominuto.com/politica/3039913/bugalho-aponta-hipocrisia-ao-ps-e-garante-neves-nao-e-um-problema#utm_source=rss-ultima-hora&amp;utm_medium=rss&amp;utm_campaign=rssfeed,"perturbação obsessivo-compulsiva",media,657c9a04-cb1b-4d82-b0f3-f4ec79487aea,"2026-08-24 07:29:23.536486+00"
d32e1479-43ed-47b7-a4c9-85d2d956d470,"Iniciativa para combater a solidão de mulheres imigrantes promove piquenique","Diário de Notícias",2026-09-07,https://dnbrasil.dn.pt/entretenimento-dn-brasil/iniciativa-para-combater-a-solido-de-mulheres-imigrantes-promove-piquenique,solidão,media,b4c9aaaf-3e78-446c-984c-734fe6156d81,"2026-09-07 12:26:20.431301+00"
d34abf63-526e-44ed-b609-548b17475299,"Gripe das aves volta a ser detetada em Torres Vedras","CM JORNAL",2025-03-05,https://www.cmjornal.pt/sociedade/detalhe/gripe-das-aves-volta-a-ser-detetada-em-torres-vedras,"gripe aviária H5N1",media,182b5f68-1f50-4ffd-8013-db61fd005db2,"2026-03-08 11:08:46.761027+00"
d5d670cb-9459-4b66-89e2-8f7dca45cf1a,"Centro contra cancro da mama quer atender 10 mil mulheres",Observador,2026-03-16,https://observador.pt/2026/03/16/novo-centro-de-rastreio-contra-cancro-da-mama-em-lisboa-quer-atender-mais-10-mil-mulheres-por-ano/,"cancro da mama",media,01a3e6e5-61c3-4619-80a4-cf0896831aeb,"2026-03-16 11:00:50.092657+00"
d62d6d53-e3f4-455b-b077-7f8c593a7ede,"Da resposta-não-resposta a Mourinho ao cartão a Suárez",Observador,2026-03-22,https://observador.pt/2026/03/22/da-resposta-nao-resposta-a-mourinho-ao-cartao-a-suarez-pensei-que-lhe-ia-dar-o-cartao-branco-que-agora-e-usual/,"perturbação obsessivo-compulsiva",media,657c9a04-cb1b-4d82-b0f3-f4ec79487aea,"2026-03-23 06:00:27.401017+00"
d6c0ccdc-502e-4333-9e45-5aa4291cc4d0,"<![CDATA[Mais de 150 crianças morrem devido a surto de sarampo no Bangladesh]]>","Notícias ao Minuto",2026-04-08,https://www.noticiasaominuto.com/mundo/2969264/mais-de-150-criancas-morrem-devido-a-surto-de-sarampo-no-bangladesh#utm_source=rss-ultima-hora&amp;utm_medium=rss&amp;utm_campaign=rssfeed,"sarampo surto",media,562f3ed1-3f6e-45fe-b175-7a10d9e86c4f,"2026-04-10 06:00:11.391883+00"
d6ff1a9e-d681-4058-b47a-806fafe19d65,"<![CDATA[Tondela arranca época com vitória em casa frente ao Amarante]]>","Notícias ao Minuto",2026-08-08,https://www.noticiasaominuto.com/desporto/3034051/tondela-arranca-epoca-com-vitoria-em-casa-frente-ao-amarante#utm_source=rss-ultima-hora&amp;utm_medium=rss&amp;utm_campaign=rssfeed,"perturbação obsessivo-compulsiva",media,657c9a04-cb1b-4d82-b0f3-f4ec79487aea,"2026-08-10 08:27:30.163307+00"
d894295f-2e86-42d2-97a8-9c79e30be0dc,"Módulo 1","Sociedade Portuguesa de Cardiologia",2026-04-08,https://spc.pt/curso-atualizacao-2026/modulo-1-2/,"perturbações do espectro do autismo",institucional,fd0d0b4b-8173-4ec5-bf05-4ce9840d8624,"2026-04-10 06:00:50.414301+00"
d8e07eb5-a148-4771-941d-bff08b57b5a9,"<![CDATA[Muitos perguntaram a receita: ""Há quem não goste. Sopa tem sempre tomate""]]>","Notícias ao Minuto",2026-08-22,https://www.noticiasaominuto.com/fama/3039013/muitos-perguntaram-a-receita-ha-quem-nao-goste-sopa-tem-sempre-tomate#utm_source=rss-ultima-hora&amp;utm_medium=rss&amp;utm_campaign=rssfeed,"síndrome do ovário poliquístico",media,cfbbe23d-429d-485e-a0a8-87449533b89e,"2026-08-24 07:29:23.536486+00"
d91e2f54-24fb-425a-b4d3-6f8696e69a2f,"Da Espasticidade  à Função","SP Acidente Vascular Cerebral",2026-03-18,https://spavc.org/da-espasticidade-a-funcao/,avc,institucional,ee35c6f5-46d7-4bb4-a141-80c869db9807,"2026-04-10 06:01:13.215451+00"
dafa7179-128b-4ba7-8599-9f6009ad8818,"<![CDATA[Candidato a Provedor defende a sua independência política no parlamento]]>","Notícias ao Minuto",2026-04-10,https://www.noticiasaominuto.com/pais/2970640/candidato-a-provedor-defende-a-sua-independencia-politica-no-parlamento#utm_source=rss-ultima-hora&amp;utm_medium=rss&amp;utm_campaign=rssfeed,candidíase,media,653f955d-b106-4faf-87c4-d51b64b2d7ce,"2026-04-11 06:00:08.687512+00"
db33e434-de2a-428f-b907-54a827d9737c,"O enigma que a PIDE nunca descobriu nas cartas de Sophia e  Francisco Sousa Tavares",RTP,2026-03-31,https://www.rtp.pt/noticias/cultura/o-enigma-que-a-pide-nunca-descobriu-nas-cartas-de-sophia-e-francisco-sousa-tavares_n1730437,"síndrome do ovário poliquístico",media,cfbbe23d-429d-485e-a0a8-87449533b89e,"2026-03-31 06:00:28.514109+00"
dc8ac5d7-c28e-41a1-b143-e017f2a35253,"<![CDATA[Aprovadas 7 em cada dez candidaturas aos apoios ao regresso de emigrantes]]>","Notícias ao Minuto",2026-04-08,https://www.noticiasaominuto.com/pais/2969221/aprovadas-7-em-cada-dez-candidaturas-aos-apoios-ao-regresso-de-emigrantes#utm_source=rss-ultima-hora&amp;utm_medium=rss&amp;utm_campaign=rssfeed,candidíase,media,653f955d-b106-4faf-87c4-d51b64b2d7ce,"2026-04-10 06:00:11.391883+00"
de65c42b-e8c2-4a4e-a656-2dfa0bd53fa0,"<![CDATA[""Universidades Politécnicas"" contribuíram para aumento de candidatos]]>","Notícias ao Minuto",2026-08-22,https://www.noticiasaominuto.com/pais/3039996/universidades-politecnicas-contribuiram-para-aumento-de-candidatos#utm_source=rss-ultima-hora&amp;utm_medium=rss&amp;utm_campaign=rssfeed,candidíase,media,653f955d-b106-4faf-87c4-d51b64b2d7ce,"2026-08-24 07:29:23.536486+00"
de9444fe-9f6b-4868-b1b3-83a2d041f685,"<![CDATA[PS aponta Fernando Alexandre como candidato a pior ministro da Educação]]>","Notícias ao Minuto",2026-09-13,https://www.noticiasaominuto.com/pais/3050655/ps-aponta-fernando-alexandre-como-candidato-a-pior-ministro-da-educacao-desde-o-25-de-abril#utm_source=rss-ultima-hora&amp;utm_medium=rss&amp;utm_campaign=rssfeed,candidíase,media,653f955d-b106-4faf-87c4-d51b64b2d7ce,"2026-09-14 12:34:03.626128+00"
deb5bbd9-7d1f-4169-8d00-792fe0587743,"Filho do Presidente do Irão tem diário da guerra no Telegram",Observador,2026-03-20,https://observador.pt/2026/03/20/a-guerra-por-dentro-filho-do-presidente-do-irao-escreve-diario-online-e-expoe-bastidores-do-poder-em-teerao/,pânico,media,46accf04-c6b3-40a4-9b3a-43dfcad075c9,"2026-03-21 06:00:12.467197+00"
def45c76-029b-43bb-a647-b03cf0872381,"Presidenciais: Chega quer voto por carta para emigrantes. PS contra, PSD em silêncio",Público,2026-03-23,https://www.publico.pt/2026/03/23/politica/noticia/presidenciais-chega-quer-voto-carta-emigrantes-ps-psd-silencio-2168608,candidíase,media,653f955d-b106-4faf-87c4-d51b64b2d7ce,"2026-03-23 07:42:09.677438+00"
df0b2762-73e6-485b-a76a-f3df9d485bae,"Lançamento da Linha Nacional de Prevenção do Suicídio e Apoio Psicológico","Coord. Nacional Saúde Mental",2025-09-05,https://saudemental.min-saude.pt/lancamento-da-linha-nacional-de-prevencao-do-suicidio-e-apoio-psicologico/,suicídio,institucional,75da0146-d3e2-4571-b2c3-8b81ec622ba2,"2026-03-21 06:00:30.531871+00"
dfe265da-13ec-4361-b9ac-e73fa9e7cbfc,"<![CDATA[Família Bolsonaro 'semeia' candidatos para preservar capital político]]>","Notícias ao Minuto",2026-08-29,https://www.noticiasaominuto.com/mundo/3043245/familia-bolsonaro-semeia-candidatos-para-preservar-capital-politico-no-brasil-sociologa#utm_source=rss-ultima-hora&amp;utm_medium=rss&amp;utm_campaign=rssfeed,candidíase,media,653f955d-b106-4faf-87c4-d51b64b2d7ce,"2026-08-31 13:36:14.174071+00"
dffe3e23-bcbb-4d87-a897-06d2de251254,"O vício do imediato",Observador,2026-03-26,https://observador.pt/opiniao/o-vicio-do-imediato/,dependências,media,915850ec-3e89-4ecc-b4be-ba309cf6ff9d,"2026-03-26 06:00:13.066644+00"
e16c8438-4656-49f5-97ed-0817237dde94,"19h Rússia: Ultimatos de Trump atrapalhamregresso ao diálogo",RTP,2026-04-05,https://www.rtp.pt/noticias/noticiario-antena1/19h-russia-ultimatos-de-trump-atrapalhamregresso-ao-dialogo_a1_1731573,"resistência antibióticos",media,0fd64329-5c27-472b-8408-d6c3be1f58a7,"2026-04-06 06:00:13.641821+00"
e29a0695-a82e-4289-9f95-4a94c2c9ba8a,"Nova rotulagem nutricional obrigatória em 2026",Expresso,2025-09-30,https://expresso.pt/rotulagem-nutricional-2026,ultraprocessados,media,45517adf-5e93-468b-9398-952f410e7eac,"2026-03-08 11:22:47.09953+00"
e4785759-7421-4468-acef-08bfd3fb1aa0,"179 candidaturas a apoio de reconstrução de casas pagas",Observador,2026-04-08,https://observador.pt/2026/04/08/mau-tempo-179-de-mais-de-9-mil-candidaturas-a-apoios-a-reconstrucao-de-casas-em-leiria-foram-pagas/,candidíase,media,653f955d-b106-4faf-87c4-d51b64b2d7ce,"2026-04-08 06:00:07.187188+00"
e494adc8-a41c-4152-a8b8-0ef49f6c1ff9,"AVC: os três F que podem salvar uma vida",Observador,2026-03-31,https://observador.pt/programas/tratar-da-saude/avc-os-tres-f-que-podem-salvar-uma-vida/,avc,media,ee35c6f5-46d7-4bb4-a141-80c869db9807,"2026-03-31 06:00:20.219722+00"
e5faef78-de18-4025-8566-bc269aade1da,"“Vamos ficar de olhos abertos”: Comissão Europeia promove campanha pelos direitos das vítimas de crime",APAV,2026-08-12,https://apav.pt/vamos-ficar-de-olhos-abertos-comissao-europeia-promove-campanha-pelos-direitos-das-vitimas-de-crime/,"síndrome do ovário poliquístico",institucional,cfbbe23d-429d-485e-a0a8-87449533b89e,"2026-08-17 07:29:13.205564+00"
e6df155e-2621-47b9-9178-6a522f0102c7,"2.ª edição da Caminhada Nacional “Pare o AVC, Junte-se a Nós","SP Acidente Vascular Cerebral",2025-08-29,https://spavc.org/caminhada/,avc,institucional,ee35c6f5-46d7-4bb4-a141-80c869db9807,"2026-04-10 06:01:13.215451+00"
e8852f45-67b4-45b4-8a0e-118703728096,"<![CDATA[""Todos sabem que vai ser uma época difícil. Ainda não ganhámos nada""]]>","Notícias ao Minuto",2026-08-14,https://www.noticiasaominuto.com/desporto/3036683/todos-sabem-que-vai-ser-uma-epoca-dificil-ainda-nao-ganhamos-nada#utm_source=rss-ultima-hora&amp;utm_medium=rss&amp;utm_campaign=rssfeed,"perturbação obsessivo-compulsiva",media,657c9a04-cb1b-4d82-b0f3-f4ec79487aea,"2026-08-17 07:27:57.535257+00"
e9044df7-f884-4f9c-89e7-624b68b87980,"Um descapotável ao luar, &lt;em&gt;Pink moon&lt;/em&gt; no auto-rádio: chegava o dia de Nick Drake",Público,2026-08-10,https://www.publico.pt/2026/08/10/culturaipsilon/noticia/descapotavel-luar-pink-moon-autoradio-chegava-dia-nick-drake-2183191,"perturbação obsessivo-compulsiva",media,657c9a04-cb1b-4d82-b0f3-f4ec79487aea,"2026-08-10 08:27:25.573592+00"
e943d432-85ed-4a77-9639-ac7baa616be0,"Suicídio. Linha de prevenção atendeu mais chamadas no Natal",Observador,2026-03-10,https://observador.pt/2026/03/10/linha-nacional-de-prevencao-do-suicidio-atendeu-mais-chamadas-na-epoca-natalicia/,suicídio,media,75da0146-d3e2-4571-b2c3-8b81ec622ba2,"2026-03-11 06:00:05.186672+00"
ea6dd672-df4f-4e7e-b8c5-4da085e73551,"<![CDATA[Árbitros boicotam trabalhos de início de época após áudios de Proença]]>","Notícias ao Minuto",2026-07-31,https://www.noticiasaominuto.com/desporto/3030506/arbitros-boicotam-trabalhos-de-inicio-de-epoca-apos-audios-de-proenca#utm_source=rss-ultima-hora&amp;utm_medium=rss&amp;utm_campaign=rssfeed,"perturbação obsessivo-compulsiva",media,657c9a04-cb1b-4d82-b0f3-f4ec79487aea,"2026-08-03 10:31:08.411021+00"
ea72d02a-a156-4d0d-8ee0-2a2e2c05063c,"Vício do jogo. Pessoas tratadas em fevereiro são mais do que metade do ano passado",RTP,2026-04-11,https://www.rtp.pt/noticias/pais/vicio-do-jogo-pessoas-tratadas-em-fevereiro-sao-mais-do-que-metade-do-ano-passado_v1733220,dependências,media,915850ec-3e89-4ecc-b4be-ba309cf6ff9d,"2026-04-12 06:00:07.07666+00"
eae24dc9-19be-40a6-8ec0-f643ef9b9346,"21º Congresso Português do AVC","SP Acidente Vascular Cerebral",2026-04-29,https://spavc.org/21o-congresso-portugues-do-avc/,avc,institucional,ee35c6f5-46d7-4bb4-a141-80c869db9807,"2026-08-03 10:32:07.571747+00"
eb7bc20c-3952-46cf-a6c3-1b0cd437187f,"<![CDATA[Presidente convencido que até à época dos incêndios ""muito se fará""]]>","Notícias ao Minuto",2026-04-09,https://www.noticiasaominuto.com/pais/2970078/presidente-convencido-que-ate-a-epoca-dos-incendios-muito-se-fara#utm_source=rss-ultima-hora&amp;utm_medium=rss&amp;utm_campaign=rssfeed,"perturbação obsessivo-compulsiva",media,657c9a04-cb1b-4d82-b0f3-f4ec79487aea,"2026-04-10 06:00:11.391883+00"
ec065fc1-1d70-4691-8a39-d170b422e055,"CPSA contribui para declaração europeia que exige maior ação face a ondas de calor","Conselho Português para a Saúde e Ambiente",2026-07-24,https://cpsa.pt/noticias/cpsa-noticias/cpsa-declaracao-europeia-maior-acao-ondas-de-calor/,"calor extremo e saúde",institucional,12d143f9-8662-4f43-98a4-8fdd989d8290,"2026-08-03 10:32:10.957806+00"
ec2f0186-654e-4221-a0ad-20807bd352e4,"Bélgica rejeita apoio a recandidatura de Infantino à presidência da FIFA",RTP,2026-09-07,https://www.rtp.pt/noticias/futebol-internacional/belgica-rejeita-apoio-a-recandidatura-de-infantino-a-presidencia-da-fifa_d1763840,candidíase,media,653f955d-b106-4faf-87c4-d51b64b2d7ce,"2026-09-07 12:26:22.820939+00"
ecee223f-2474-476d-a63c-ffbc840d88a9,"Resumo do 1.º dia","Sociedade Portuguesa de Cardiologia",2026-09-10,https://spc.pt/esc-2026-highlights/resumo-do-1-o-dia/,"perturbações do espectro do autismo",institucional,fd0d0b4b-8173-4ec5-bf05-4ce9840d8624,"2026-09-14 12:34:55.716087+00"
eeda13e1-4748-4ed6-b840-b260cbbaddf0,"Instituto Ricardo Jorge volta a dinamizar sessões informativas sobre qualidade do ar interior",INSA,2026-03-04,https://www.insa.min-saude.pt/instituto-ricardo-jorge-volta-a-dinamizar-sessoes-informativas-sobre-qualidade-do-ar-interior/,"poluição e saúde",institucional,d2672872-3289-40f5-b243-7ea5d86b538e,"2026-03-09 06:00:20.68073+00"
ef54f903-6e63-47c9-96d5-d350536e1b9d,"DGS alerta para riscos dos adoçantes artificiais","CM Jornal",2025-08-14,https://cmjornal.pt/adocantes-dgs-alerta,ultraprocessados,media,45517adf-5e93-468b-9398-952f410e7eac,"2026-03-08 11:22:47.09953+00"
efab560e-4a67-47ab-b477-86fdf6c9b613,"<![CDATA[Porto de Antuérpia. Tráfego marítimo parado devido a derrame de petróleo]]>","Notícias ao Minuto",2026-04-10,https://www.noticiasaominuto.com/mundo/2970325/porto-de-antuerpia-trafego-maritimo-parado-devido-a-derrame-de-petroleo#utm_source=rss-ultima-hora&amp;utm_medium=rss&amp;utm_campaign=rssfeed,avc,media,ee35c6f5-46d7-4bb4-a141-80c869db9807,"2026-04-11 06:00:08.687512+00"
f0276d25-af40-4aac-bbd9-f54416872b55,"<![CDATA[Ex-toureiro espanhol morre subitamente no dia em que fazia 55 anos ]]>","Notícias ao Minuto",2026-08-28,https://www.noticiasaominuto.com/mundo/3042956/ex-toureiro-espanhol-morre-subitamente-no-dia-em-que-fazia-55-anos#utm_source=rss-ultima-hora&amp;utm_medium=rss&amp;utm_campaign=rssfeed,"refluxo gastroesofágico",media,df364765-ff00-46b1-834c-94010f936658,"2026-08-31 13:36:14.174071+00"
f03c5e6a-1f50-4a2e-832d-95f4f2a2d1a9,"&quot;Projeto tem pechas, é anacrónico e está desadequado&quot;",Observador,2026-09-09,https://observador.pt/2026/09/09/projeto-tem-pechas-e-anacronico-e-esta-desadequado-benfica-volta-a-visar-centralizacao-dos-direitos-e-da-exemplo-do-juventus-ac-milan/,"perturbação obsessivo-compulsiva",media,657c9a04-cb1b-4d82-b0f3-f4ec79487aea,"2026-09-09 16:32:52.706306+00"
f0b5b096-9c88-4ee2-b7b1-1ee82623d347,"Há sempre algo a mudar o que devia ser o caudal deste Río(s)",Observador,2026-04-06,https://observador.pt/2026/04/06/ha-sempre-algo-a-mudar-o-que-devia-ser-o-caudal-natural-deste-rios-a-cronica-do-casa-pia-benfica/,"perturbação obsessivo-compulsiva",media,657c9a04-cb1b-4d82-b0f3-f4ec79487aea,"2026-04-07 06:00:11.320377+00"
f0c19c4c-427c-486f-8ba9-6e0e4b8a3633,"Flávio Bolsonaro é oficialmente candidato à Presidência do Brasil","Diário de Notícias",2026-07-25,https://dnbrasil.dn.pt/politica-e-poder-dn-brasil/flvio-bolsonaro-oficialmente-candidato-a-presidente-do-brasil,candidíase,media,653f955d-b106-4faf-87c4-d51b64b2d7ce,"2026-08-03 10:31:05.941942+00"
f4849815-ee02-4347-98c8-5693f82d78c8,"Poluição do ar em Lisboa ultrapassa limites da OMS",TSF,2025-03-12,https://www.tsf.pt/poluicao-lisboa-oms,"poluição e saúde",media,d2672872-3289-40f5-b243-7ea5d86b538e,"2026-03-08 12:35:50.177732+00"
f4f620e5-284f-4129-b3a6-067fda0f709e,"Portugal continental com fraca qualidade do ar até quinta-feira diz a DGS",RTP,2026-04-06,https://www.rtp.pt/noticias/pais/portugal-continental-com-fraca-qualidade-do-ar-ate-quinta-feira-diz-a-dgs_n1731807,"poluição e saúde",media,d2672872-3289-40f5-b243-7ea5d86b538e,"2026-04-07 06:00:15.183768+00"
f535d143-c77c-49d3-bca1-dd007a170a75,"Onze alpinistas morrem em avalanche. Há seis desaparecidos",Observador,2026-09-07,https://observador.pt/2026/09/07/onze-alpinistas-morrem-em-avalanche-no-caucaso-russo-ha-seis-desaparecidos/,"refluxo gastroesofágico",media,df364765-ff00-46b1-834c-94010f936658,"2026-09-07 12:26:19.669469+00"
f5e081fd-0745-4325-8bdd-096f5200a700,"Módulo 3","Sociedade Portuguesa de Cardiologia",2026-04-08,https://spc.pt/curso-atualizacao-2026/modulo-3-2/,"perturbações do espectro do autismo",institucional,fd0d0b4b-8173-4ec5-bf05-4ce9840d8624,"2026-04-10 06:00:50.414301+00"
f5f8f278-d77e-4d5a-8de1-de4a93f695b4,"Tozé Brito. Maior arrependimento? “Não ter passado mais tempo com as minhas filhas enquanto cresciam”",Público,2026-08-03,https://www.publico.pt/2026/08/03/impar/noticia/toze-brito-maior-arrependimento-nao-passado-tempo-filhas-cresciam-2181643,ansiedade,media,91a7df8f-676d-4053-8e62-f97b5df4ba0f,"2026-08-03 10:31:05.465202+00"
f67792b7-9c62-4b36-a412-211b925e51cf,"Estudo revela aumento de 40% nos casos de ansiedade em jovens portugueses",Público,2025-01-15,https://publico.pt/ansiedade-jovens-2025,ansiedade,media,91a7df8f-676d-4053-8e62-f97b5df4ba0f,"2026-03-08 11:22:47.09953+00"
f7b8550a-8475-4c7b-a3f3-740a1d7bfcac,"<![CDATA[Ponta de lança francês Evans Maurin assina por três épocas com Casa Pia]]>","Notícias ao Minuto",2026-08-29,https://www.noticiasaominuto.com/desporto/3043287/ponta-de-lanca-frances-evans-maurin-assina-por-tres-epocas-com-casa-pia#utm_source=rss-ultima-hora&amp;utm_medium=rss&amp;utm_campaign=rssfeed,"perturbação obsessivo-compulsiva",media,657c9a04-cb1b-4d82-b0f3-f4ec79487aea,"2026-08-31 13:36:14.174071+00"
f7efda1b-215c-4a1c-a3a9-b57ec4aa4242,"Young Talents Contest 2027: Oportunidade Internacional para Internos","SP Medicina Interna",2026-09-12,https://www.spmi.pt/young-talents-contest-2027-oportunidade-internacional-para-internos/,candidíase,institucional,653f955d-b106-4faf-87c4-d51b64b2d7ce,"2026-09-14 12:35:02.71211+00"
f8137b74-7a66-4adb-bdf1-6f3b739558c8,"<![CDATA[Michelle Bolsonaro apresentada como candidata ao Senado brasileiro]]>","Notícias ao Minuto",2026-08-03,https://www.noticiasaominuto.com/mundo/3031242/michelle-bolsonaro-apresentada-como-candidata-ao-senado-brasileiro#utm_source=rss-ultima-hora&amp;utm_medium=rss&amp;utm_campaign=rssfeed,candidíase,media,653f955d-b106-4faf-87c4-d51b64b2d7ce,"2026-08-03 10:31:08.411021+00"
f8fc15f0-92b2-40b9-8641-b6eb2cf4c57b,"SPPCV lança Bolsa de Investigação 2026 com prémio de cinco mil euros","Sociedade Portuguesa Patologia Coluna Vertebral",2026-01-21,https://sppcv.org/noticias/sppcv-lanca-bolsa-de-investigacao-2026-com-premio-de-cinco-mil-euros/,candidíase,institucional,653f955d-b106-4faf-87c4-d51b64b2d7ce,"2026-04-10 06:00:42.39863+00"
faee2e87-8b03-40dc-b1a9-316b0e1cf897,"<![CDATA[Petrolífera mexicana tentar conter derrame de petróleo no Golfo do México]]>","Notícias ao Minuto",2026-09-12,https://www.noticiasaominuto.com/mundo/3050284/petrolifera-mexicana-tentar-conter-derrame-de-petroleo-no-golfo-do-mexico#utm_source=rss-ultima-hora&amp;utm_medium=rss&amp;utm_campaign=rssfeed,avc,media,ee35c6f5-46d7-4bb4-a141-80c869db9807,"2026-09-14 12:34:03.626128+00"
fb37c33a-d11d-4b52-b6c8-641889ba4b91,"Há decisões que salvam vidas. E atrasos que as comprometem",Observador,2026-03-25,https://observador.pt/opiniao/ha-decisoes-que-salvam-vidas-e-ha-atrasos-que-as-comprometem/,"perturbação obsessivo-compulsiva",media,657c9a04-cb1b-4d82-b0f3-f4ec79487aea,"2026-03-25 06:00:18.778161+00"
fb482ebf-0c8e-4e07-ac25-94bcecd44a28,"<![CDATA[DGS alerta para má qualidade do ar devido a poeiras do Norte de África]]>","Notícias ao Minuto",2026-08-07,https://www.noticiasaominuto.com/pais/3033721/dgs-alerta-para-ma-qualidade-do-ar-devido-a-poeiras-do-norte-de-africa#utm_source=rss-ultima-hora&amp;utm_medium=rss&amp;utm_campaign=rssfeed,"poluição e saúde",media,d2672872-3289-40f5-b243-7ea5d86b538e,"2026-08-10 08:27:30.163307+00"
fc5844c6-3f08-4176-85b6-5f79bd9cb4b2,"<![CDATA[Corte radical. Haaland arranca nova época com mudança... de visual]]>","Notícias ao Minuto",2026-08-23,https://www.noticiasaominuto.com/desporto/3040223/corte-radical-haaland-arranca-nova-epoca-com-mudanca-de-visual#utm_source=rss-ultima-hora&amp;utm_medium=rss&amp;utm_campaign=rssfeed,"perturbação obsessivo-compulsiva",media,657c9a04-cb1b-4d82-b0f3-f4ec79487aea,"2026-08-24 07:29:23.536486+00"
fd1fd76d-0ff0-4bcb-9d0f-0d4223d852d4,"O inspetor da PIDE que interrogou Sophia de Mello Breyner acabou interrogado por Miguel Sousa Tavares",RTP,2026-03-31,https://www.rtp.pt/noticias/cultura/o-inspetor-da-pide-que-interrogou-sophia-de-mello-breyner-acabou-interrogado-por-miguel-sousa-tavares_n1730438,"síndrome do ovário poliquístico",media,cfbbe23d-429d-485e-a0a8-87449533b89e,"2026-03-31 06:00:28.514109+00"
fd2dcddf-bb82-410c-a77b-9f55b0e78d80,"WEBINAR MITOS E REALIDADE NO USO DE ANTICOAGULANTES ORAIS DIRECTOS APÓS AVC","SP Acidente Vascular Cerebral",2026-04-29,https://spavc.org/webinar-mitos-e-realidade-no-uso-de-anticoagulantes-orais-directos-apos-avc/,avc,institucional,ee35c6f5-46d7-4bb4-a141-80c869db9807,"2026-08-03 10:32:07.571747+00"
fd61ae0f-9781-44b9-88e5-6ff119ac9d2f,"Jejum intermitente: especialistas alertam para riscos",Observador,2025-02-10,https://observador.pt/jejum-intermitente-riscos,"jejum intermitente",media,fa3f2208-0d08-4ccb-ba47-ab2084989670,"2026-03-08 12:35:50.177732+00"
fe532acb-6bcb-4e2d-8d2f-00c52e4181cd,"<![CDATA[Oposição cabo-verdiana apoia candidatura presidencial de ex-ministra]]>","Notícias ao Minuto",2026-08-29,https://www.noticiasaominuto.com/mundo/3043414/oposicao-cabo-verdiana-apoia-candidatura-presidencial-de-ex-ministra#utm_source=rss-ultima-hora&amp;utm_medium=rss&amp;utm_campaign=rssfeed,candidíase,media,653f955d-b106-4faf-87c4-d51b64b2d7ce,"2026-08-31 13:36:14.174071+00"